feature_set,sequence_id,change_points,num_change_points,true_change_point,precision,recall,f1,time_to_detection
scalars,"('01_nq_closed_book', np.int64(0), np.int64(0))",[5],1,,,,,
scalars,"('01_nq_closed_book', np.int64(0), np.int64(3))",[],0,,,,,
scalars,"('01_nq_closed_book', np.int64(0), np.int64(4))",[],0,,,,,
scalars,"('01_nq_closed_book', np.int64(0), np.int64(5))",[],0,,,,,
scalars,"('01_nq_closed_book', np.int64(0), np.int64(6))",[5],1,,,,,
scalars,"('01_nq_closed_book', np.int64(0), np.int64(7))",[],0,,,,,
scalars,"('01_nq_closed_book', np.int64(0), np.int64(8))",[],0,,,,,
scalars,"('01_nq_closed_book', np.int64(0), np.int64(9))",[5],1,,,,,
scalars,"('01_nq_closed_book', np.int64(0), np.int64(12))",[],0,,,,,
scalars,"('01_nq_closed_book', np.int64(0), np.int64(13))",[5],1,,,,,
scalars,"('01_nq_closed_book', np.int64(0), np.int64(14))",[],0,,,,,
scalars,"('01_nq_closed_book', np.int64(0), np.int64(15))",[5],1,,,,,
scalars,"('01_nq_closed_book', np.int64(0), np.int64(16))",[5],1,,,,,
scalars,"('01_nq_closed_book', np.int64(0), np.int64(17))",[],0,,,,,
scalars,"('01_nq_closed_book', np.int64(0), np.int64(18))",[],0,,,,,
scalars,"('01_nq_closed_book', np.int64(0), np.int64(19))",[],0,,,,,
scalars,"('01_nq_closed_book', np.int64(0), np.int64(20))",[],0,,,,,
scalars,"('01_nq_closed_book', np.int64(0), np.int64(21))",[],0,,,,,
scalars,"('01_nq_closed_book', np.int64(0), np.int64(22))",[],0,,,,,
scalars,"('01_nq_closed_book', np.int64(0), np.int64(23))",[],0,,,,,
scalars,"('01_nq_closed_book', np.int64(0), np.int64(24))",[],0,,,,,
scalars,"('01_nq_closed_book', np.int64(0), np.int64(25))",[],0,,,,,
scalars,"('01_nq_closed_book', np.int64(0), np.int64(26))",[],0,,,,,
scalars,"('01_nq_closed_book', np.int64(1), np.int64(7))",[5],1,,,,,
scalars,"('01_nq_closed_book', np.int64(1), np.int64(8))",[],0,,,,,
scalars,"('01_nq_closed_book', np.int64(1), np.int64(15))",[],0,,,,,
scalars,"('01_nq_closed_book', np.int64(1), np.int64(16))",[],0,,,,,
scalars,"('01_nq_closed_book', np.int64(1), np.int64(18))",[],0,,,,,
scalars,"('01_nq_closed_book', np.int64(1), np.int64(21))",[],0,,,,,
scalars,"('01_nq_closed_book', np.int64(1), np.int64(22))",[],0,,,,,
scalars,"('01_nq_closed_book', np.int64(1), np.int64(23))",[],0,,,,,
scalars,"('01_nq_closed_book', np.int64(1), np.int64(24))",[],0,0.0,0.0,0.0,0.0,inf
scalars,"('01_nq_closed_book', np.int64(1), np.int64(25))",[],0,,,,,
scalars,"('01_nq_closed_book', np.int64(1), np.int64(26))",[5],1,,,,,
scalars,"('01_nq_closed_book', np.int64(2), np.int64(0))",[],0,,,,,
scalars,"('01_nq_closed_book', np.int64(2), np.int64(1))",[],0,,,,,
scalars,"('01_nq_closed_book', np.int64(2), np.int64(2))",[],0,,,,,
scalars,"('01_nq_closed_book', np.int64(2), np.int64(3))",[5],1,,,,,
scalars,"('01_nq_closed_book', np.int64(2), np.int64(4))",[],0,,,,,
scalars,"('01_nq_closed_book', np.int64(2), np.int64(5))",[],0,,,,,
scalars,"('01_nq_closed_book', np.int64(2), np.int64(6))",[],0,,,,,
scalars,"('01_nq_closed_book', np.int64(2), np.int64(7))",[5],1,,,,,
scalars,"('01_nq_closed_book', np.int64(2), np.int64(8))",[],0,,,,,
scalars,"('01_nq_closed_book', np.int64(2), np.int64(9))",[],0,,,,,
scalars,"('01_nq_closed_book', np.int64(2), np.int64(10))",[],0,,,,,
scalars,"('01_nq_closed_book', np.int64(2), np.int64(11))",[],0,,,,,
scalars,"('01_nq_closed_book', np.int64(2), np.int64(12))",[],0,,,,,
scalars,"('01_nq_closed_book', np.int64(2), np.int64(13))",[],0,,,,,
scalars,"('01_nq_closed_book', np.int64(2), np.int64(14))",[],0,,,,,
scalars,"('01_nq_closed_book', np.int64(2), np.int64(15))",[5],1,,,,,
scalars,"('01_nq_closed_book', np.int64(2), np.int64(16))",[5],1,,,,,
scalars,"('01_nq_closed_book', np.int64(2), np.int64(17))",[5],1,,,,,
scalars,"('01_nq_closed_book', np.int64(2), np.int64(18))",[],0,,,,,
scalars,"('01_nq_closed_book', np.int64(2), np.int64(19))",[],0,,,,,
scalars,"('01_nq_closed_book', np.int64(2), np.int64(20))",[],0,,,,,
scalars,"('01_nq_closed_book', np.int64(2), np.int64(21))",[],0,,,,,
scalars,"('01_nq_closed_book', np.int64(2), np.int64(22))",[5],1,,,,,
scalars,"('01_nq_closed_book', np.int64(2), np.int64(23))",[],0,,,,,
scalars,"('01_nq_closed_book', np.int64(2), np.int64(24))",[5],1,,,,,
scalars,"('01_nq_closed_book', np.int64(2), np.int64(25))",[],0,,,,,
scalars,"('01_nq_closed_book', np.int64(2), np.int64(26))",[5],1,,,,,
scalars,"('01_nq_closed_book', np.int64(3), np.int64(0))",[5],1,,,,,
scalars,"('01_nq_closed_book', np.int64(3), np.int64(1))",[5],1,,,,,
scalars,"('01_nq_closed_book', np.int64(3), np.int64(2))",[],0,,,,,
scalars,"('01_nq_closed_book', np.int64(3), np.int64(3))",[5],1,,,,,
scalars,"('01_nq_closed_book', np.int64(3), np.int64(4))",[],0,,,,,
scalars,"('01_nq_closed_book', np.int64(3), np.int64(5))",[],0,,,,,
scalars,"('01_nq_closed_book', np.int64(3), np.int64(6))",[],0,,,,,
scalars,"('01_nq_closed_book', np.int64(3), np.int64(7))",[],0,,,,,
scalars,"('01_nq_closed_book', np.int64(3), np.int64(8))",[],0,,,,,
scalars,"('01_nq_closed_book', np.int64(3), np.int64(9))",[5],1,,,,,
scalars,"('01_nq_closed_book', np.int64(3), np.int64(10))",[],0,,,,,
scalars,"('01_nq_closed_book', np.int64(3), np.int64(11))",[],0,,,,,
scalars,"('01_nq_closed_book', np.int64(3), np.int64(12))",[5],1,,,,,
scalars,"('01_nq_closed_book', np.int64(3), np.int64(13))",[],0,,,,,
scalars,"('01_nq_closed_book', np.int64(3), np.int64(14))",[],0,,,,,
scalars,"('01_nq_closed_book', np.int64(3), np.int64(15))",[5],1,,,,,
scalars,"('01_nq_closed_book', np.int64(3), np.int64(16))",[5],1,,,,,
scalars,"('01_nq_closed_book', np.int64(3), np.int64(17))",[],0,,,,,
scalars,"('01_nq_closed_book', np.int64(3), np.int64(18))",[],0,,,,,
scalars,"('01_nq_closed_book', np.int64(3), np.int64(19))",[],0,,,,,
scalars,"('01_nq_closed_book', np.int64(3), np.int64(20))",[],0,,,,,
scalars,"('01_nq_closed_book', np.int64(3), np.int64(21))",[5],1,,,,,
scalars,"('01_nq_closed_book', np.int64(3), np.int64(22))",[5],1,,,,,
scalars,"('01_nq_closed_book', np.int64(3), np.int64(23))",[],0,,,,,
scalars,"('01_nq_closed_book', np.int64(3), np.int64(24))",[],0,,,,,
scalars,"('01_nq_closed_book', np.int64(3), np.int64(25))",[],0,,,,,
scalars,"('01_nq_closed_book', np.int64(3), np.int64(26))",[],0,,,,,
scalars,"('01_nq_closed_book', np.int64(4), np.int64(0))",[],0,,,,,
scalars,"('01_nq_closed_book', np.int64(4), np.int64(1))",[5],1,,,,,
scalars,"('01_nq_closed_book', np.int64(4), np.int64(2))",[],0,,,,,
scalars,"('01_nq_closed_book', np.int64(4), np.int64(3))",[],0,,,,,
scalars,"('01_nq_closed_book', np.int64(4), np.int64(4))",[],0,,,,,
scalars,"('01_nq_closed_book', np.int64(4), np.int64(5))",[],0,,,,,
scalars,"('01_nq_closed_book', np.int64(4), np.int64(6))",[],0,,,,,
scalars,"('01_nq_closed_book', np.int64(4), np.int64(7))",[5],1,,,,,
scalars,"('01_nq_closed_book', np.int64(4), np.int64(8))",[5],1,,,,,
scalars,"('01_nq_closed_book', np.int64(4), np.int64(9))",[],0,,,,,
scalars,"('01_nq_closed_book', np.int64(4), np.int64(10))",[],0,,,,,
scalars,"('01_nq_closed_book', np.int64(4), np.int64(11))",[],0,,,,,
scalars,"('01_nq_closed_book', np.int64(4), np.int64(12))",[],0,,,,,
scalars,"('01_nq_closed_book', np.int64(4), np.int64(13))",[],0,,,,,
scalars,"('01_nq_closed_book', np.int64(4), np.int64(14))",[],0,,,,,
scalars,"('01_nq_closed_book', np.int64(4), np.int64(15))",[],0,,,,,
scalars,"('01_nq_closed_book', np.int64(4), np.int64(16))",[5],1,,,,,
scalars,"('01_nq_closed_book', np.int64(4), np.int64(17))",[5],1,,,,,
scalars,"('01_nq_closed_book', np.int64(4), np.int64(18))",[],0,,,,,
scalars,"('01_nq_closed_book', np.int64(4), np.int64(19))",[],0,,,,,
scalars,"('01_nq_closed_book', np.int64(4), np.int64(20))",[],0,,,,,
scalars,"('01_nq_closed_book', np.int64(4), np.int64(21))",[],0,,,,,
scalars,"('01_nq_closed_book', np.int64(4), np.int64(22))",[],0,,,,,
scalars,"('01_nq_closed_book', np.int64(4), np.int64(23))",[],0,,,,,
scalars,"('01_nq_closed_book', np.int64(4), np.int64(24))",[],0,,,,,
scalars,"('01_nq_closed_book', np.int64(4), np.int64(25))",[],0,,,,,
scalars,"('01_nq_closed_book', np.int64(4), np.int64(26))",[5],1,,,,,
scalars,"('01_nq_closed_book', np.int64(5), np.int64(7))",[5],1,,,,,
scalars,"('01_nq_closed_book', np.int64(5), np.int64(18))",[],0,,,,,
scalars,"('01_nq_closed_book', np.int64(5), np.int64(19))",[],0,,,,,
scalars,"('01_nq_closed_book', np.int64(5), np.int64(20))",[],0,,,,,
scalars,"('01_nq_closed_book', np.int64(5), np.int64(24))",[],0,,,,,
scalars,"('01_nq_closed_book', np.int64(5), np.int64(26))",[],0,,,,,
scalars,"('01_nq_closed_book', np.int64(6), np.int64(0))",[],0,,,,,
scalars,"('01_nq_closed_book', np.int64(6), np.int64(1))",[],0,,,,,
scalars,"('01_nq_closed_book', np.int64(6), np.int64(2))",[],0,,,,,
scalars,"('01_nq_closed_book', np.int64(6), np.int64(3))",[],0,,,,,
scalars,"('01_nq_closed_book', np.int64(6), np.int64(4))",[],0,,,,,
scalars,"('01_nq_closed_book', np.int64(6), np.int64(5))",[5],1,,,,,
scalars,"('01_nq_closed_book', np.int64(6), np.int64(6))",[5],1,,,,,
scalars,"('01_nq_closed_book', np.int64(6), np.int64(7))",[],0,,,,,
scalars,"('01_nq_closed_book', np.int64(6), np.int64(8))",[],0,,,,,
scalars,"('01_nq_closed_book', np.int64(6), np.int64(9))",[],0,,,,,
scalars,"('01_nq_closed_book', np.int64(6), np.int64(10))",[],0,,,,,
scalars,"('01_nq_closed_book', np.int64(6), np.int64(11))",[],0,,,,,
scalars,"('01_nq_closed_book', np.int64(6), np.int64(12))",[5],1,,,,,
scalars,"('01_nq_closed_book', np.int64(6), np.int64(13))",[5],1,,,,,
scalars,"('01_nq_closed_book', np.int64(6), np.int64(14))",[],0,,,,,
scalars,"('01_nq_closed_book', np.int64(6), np.int64(15))",[],0,,,,,
scalars,"('01_nq_closed_book', np.int64(6), np.int64(16))",[],0,,,,,
scalars,"('01_nq_closed_book', np.int64(6), np.int64(17))",[],0,,,,,
scalars,"('01_nq_closed_book', np.int64(6), np.int64(18))",[5],1,,,,,
scalars,"('01_nq_closed_book', np.int64(6), np.int64(19))",[],0,,,,,
scalars,"('01_nq_closed_book', np.int64(6), np.int64(20))",[],0,,,,,
scalars,"('01_nq_closed_book', np.int64(6), np.int64(21))",[5],1,,,,,
scalars,"('01_nq_closed_book', np.int64(6), np.int64(22))",[5],1,,,,,
scalars,"('01_nq_closed_book', np.int64(6), np.int64(23))",[5],1,,,,,
scalars,"('01_nq_closed_book', np.int64(6), np.int64(24))",[],0,,,,,
scalars,"('01_nq_closed_book', np.int64(6), np.int64(25))",[],0,,,,,
scalars,"('01_nq_closed_book', np.int64(6), np.int64(26))",[],0,,,,,
scalars,"('01_nq_closed_book', np.int64(7), np.int64(0))",[5],1,,,,,
scalars,"('01_nq_closed_book', np.int64(7), np.int64(1))",[],0,,,,,
scalars,"('01_nq_closed_book', np.int64(7), np.int64(2))",[],0,,,,,
scalars,"('01_nq_closed_book', np.int64(7), np.int64(3))",[],0,,,,,
scalars,"('01_nq_closed_book', np.int64(7), np.int64(4))",[5],1,,,,,
scalars,"('01_nq_closed_book', np.int64(7), np.int64(5))",[],0,,,,,
scalars,"('01_nq_closed_book', np.int64(7), np.int64(6))",[],0,,,,,
scalars,"('01_nq_closed_book', np.int64(7), np.int64(7))",[],0,,,,,
scalars,"('01_nq_closed_book', np.int64(7), np.int64(8))",[],0,,,,,
scalars,"('01_nq_closed_book', np.int64(7), np.int64(9))",[5],1,,,,,
scalars,"('01_nq_closed_book', np.int64(7), np.int64(10))",[],0,,,,,
scalars,"('01_nq_closed_book', np.int64(7), np.int64(11))",[5],1,,,,,
scalars,"('01_nq_closed_book', np.int64(7), np.int64(12))",[5],1,,,,,
scalars,"('01_nq_closed_book', np.int64(7), np.int64(13))",[],0,0.0,0.0,0.0,0.0,inf
scalars,"('01_nq_closed_book', np.int64(7), np.int64(14))",[],0,,,,,
scalars,"('01_nq_closed_book', np.int64(7), np.int64(15))",[],0,,,,,
scalars,"('01_nq_closed_book', np.int64(7), np.int64(17))",[],0,,,,,
scalars,"('01_nq_closed_book', np.int64(7), np.int64(18))",[],0,0.0,0.0,0.0,0.0,inf
scalars,"('01_nq_closed_book', np.int64(7), np.int64(19))",[],0,,,,,
scalars,"('01_nq_closed_book', np.int64(7), np.int64(20))",[],0,,,,,
scalars,"('01_nq_closed_book', np.int64(7), np.int64(21))",[],0,,,,,
scalars,"('01_nq_closed_book', np.int64(7), np.int64(22))",[5],1,,,,,
scalars,"('01_nq_closed_book', np.int64(7), np.int64(23))",[5],1,,,,,
scalars,"('01_nq_closed_book', np.int64(7), np.int64(25))",[],0,,,,,
scalars,"('01_nq_closed_book', np.int64(7), np.int64(26))",[],0,,,,,
scalars,"('01_nq_closed_book', np.int64(8), np.int64(0))",[],0,,,,,
scalars,"('01_nq_closed_book', np.int64(8), np.int64(1))",[],0,,,,,
scalars,"('01_nq_closed_book', np.int64(8), np.int64(2))",[],0,,,,,
scalars,"('01_nq_closed_book', np.int64(8), np.int64(3))",[],0,,,,,
scalars,"('01_nq_closed_book', np.int64(8), np.int64(4))",[],0,,,,,
scalars,"('01_nq_closed_book', np.int64(8), np.int64(5))",[],0,,,,,
scalars,"('01_nq_closed_book', np.int64(8), np.int64(6))",[],0,,,,,
scalars,"('01_nq_closed_book', np.int64(8), np.int64(7))",[5],1,,,,,
scalars,"('01_nq_closed_book', np.int64(8), np.int64(8))",[5],1,,,,,
scalars,"('01_nq_closed_book', np.int64(8), np.int64(9))",[],0,,,,,
scalars,"('01_nq_closed_book', np.int64(8), np.int64(10))",[],0,,,,,
scalars,"('01_nq_closed_book', np.int64(8), np.int64(11))",[],0,,,,,
scalars,"('01_nq_closed_book', np.int64(8), np.int64(12))",[],0,,,,,
scalars,"('01_nq_closed_book', np.int64(8), np.int64(13))",[],0,,,,,
scalars,"('01_nq_closed_book', np.int64(8), np.int64(14))",[],0,,,,,
scalars,"('01_nq_closed_book', np.int64(8), np.int64(15))",[],0,,,,,
scalars,"('01_nq_closed_book', np.int64(8), np.int64(16))",[5],1,,,,,
scalars,"('01_nq_closed_book', np.int64(8), np.int64(17))",[],0,,,,,
scalars,"('01_nq_closed_book', np.int64(8), np.int64(18))",[],0,,,,,
scalars,"('01_nq_closed_book', np.int64(8), np.int64(19))",[],0,,,,,
scalars,"('01_nq_closed_book', np.int64(8), np.int64(20))",[],0,,,,,
scalars,"('01_nq_closed_book', np.int64(8), np.int64(21))",[],0,,,,,
scalars,"('01_nq_closed_book', np.int64(8), np.int64(22))",[],0,,,,,
scalars,"('01_nq_closed_book', np.int64(8), np.int64(23))",[5],1,,,,,
scalars,"('01_nq_closed_book', np.int64(8), np.int64(24))",[5],1,,,,,
scalars,"('01_nq_closed_book', np.int64(8), np.int64(25))",[],0,,,,,
scalars,"('01_nq_closed_book', np.int64(8), np.int64(26))",[5],1,,,,,
scalars,"('01_nq_closed_book', np.int64(9), np.int64(1))",[],0,,,,,
scalars,"('01_nq_closed_book', np.int64(9), np.int64(2))",[],0,,,,,
scalars,"('01_nq_closed_book', np.int64(9), np.int64(7))",[5],1,,,,,
scalars,"('01_nq_closed_book', np.int64(9), np.int64(10))",[],0,,,,,
scalars,"('01_nq_closed_book', np.int64(9), np.int64(11))",[],0,,,,,
scalars,"('01_nq_closed_book', np.int64(10), np.int64(0))",[5],1,,,,,
scalars,"('01_nq_closed_book', np.int64(10), np.int64(1))",[],0,,,,,
scalars,"('01_nq_closed_book', np.int64(10), np.int64(2))",[],0,,,,,
scalars,"('01_nq_closed_book', np.int64(10), np.int64(3))",[],0,,,,,
scalars,"('01_nq_closed_book', np.int64(10), np.int64(4))",[5],1,,,,,
scalars,"('01_nq_closed_book', np.int64(10), np.int64(5))",[],0,,,,,
scalars,"('01_nq_closed_book', np.int64(10), np.int64(6))",[],0,,,,,
scalars,"('01_nq_closed_book', np.int64(10), np.int64(7))",[],0,,,,,
scalars,"('01_nq_closed_book', np.int64(10), np.int64(8))",[],0,,,,,
scalars,"('01_nq_closed_book', np.int64(10), np.int64(9))",[],0,,,,,
scalars,"('01_nq_closed_book', np.int64(10), np.int64(10))",[],0,,,,,
scalars,"('01_nq_closed_book', np.int64(10), np.int64(11))",[],0,,,,,
scalars,"('01_nq_closed_book', np.int64(10), np.int64(12))",[],0,,,,,
scalars,"('01_nq_closed_book', np.int64(10), np.int64(13))",[5],1,,,,,
scalars,"('01_nq_closed_book', np.int64(10), np.int64(14))",[5],1,,,,,
scalars,"('01_nq_closed_book', np.int64(10), np.int64(15))",[],0,,,,,
scalars,"('01_nq_closed_book', np.int64(10), np.int64(16))",[],0,,,,,
scalars,"('01_nq_closed_book', np.int64(10), np.int64(17))",[],0,,,,,
scalars,"('01_nq_closed_book', np.int64(10), np.int64(18))",[],0,,,,,
scalars,"('01_nq_closed_book', np.int64(10), np.int64(19))",[],0,,,,,
scalars,"('01_nq_closed_book', np.int64(10), np.int64(20))",[],0,,,,,
scalars,"('01_nq_closed_book', np.int64(10), np.int64(21))",[],0,,,,,
scalars,"('01_nq_closed_book', np.int64(10), np.int64(22))",[],0,,,,,
scalars,"('01_nq_closed_book', np.int64(10), np.int64(23))",[],0,,,,,
scalars,"('01_nq_closed_book', np.int64(10), np.int64(24))",[],0,,,,,
scalars,"('01_nq_closed_book', np.int64(10), np.int64(25))",[5],1,,,,,
scalars,"('01_nq_closed_book', np.int64(10), np.int64(26))",[],0,,,,,
scalars,"('01_nq_closed_book', np.int64(11), np.int64(0))",[],0,,,,,
scalars,"('01_nq_closed_book', np.int64(11), np.int64(1))",[],0,,,,,
scalars,"('01_nq_closed_book', np.int64(11), np.int64(2))",[],0,,,,,
scalars,"('01_nq_closed_book', np.int64(11), np.int64(3))",[],0,,,,,
scalars,"('01_nq_closed_book', np.int64(11), np.int64(4))",[],0,,,,,
scalars,"('01_nq_closed_book', np.int64(11), np.int64(5))",[],0,,,,,
scalars,"('01_nq_closed_book', np.int64(11), np.int64(6))",[],0,,,,,
scalars,"('01_nq_closed_book', np.int64(11), np.int64(8))",[],0,,,,,
scalars,"('01_nq_closed_book', np.int64(11), np.int64(9))",[],0,,,,,
scalars,"('01_nq_closed_book', np.int64(11), np.int64(10))",[],0,,,,,
scalars,"('01_nq_closed_book', np.int64(11), np.int64(11))",[],0,,,,,
scalars,"('01_nq_closed_book', np.int64(11), np.int64(12))",[],0,,,,,
scalars,"('01_nq_closed_book', np.int64(11), np.int64(13))",[],0,,,,,
scalars,"('01_nq_closed_book', np.int64(11), np.int64(14))",[],0,,,,,
scalars,"('01_nq_closed_book', np.int64(11), np.int64(15))",[],0,,,,,
scalars,"('01_nq_closed_book', np.int64(11), np.int64(17))",[],0,,,,,
scalars,"('01_nq_closed_book', np.int64(11), np.int64(18))",[],0,,,,,
scalars,"('01_nq_closed_book', np.int64(11), np.int64(19))",[],0,,,,,
scalars,"('01_nq_closed_book', np.int64(11), np.int64(20))",[],0,,,,,
scalars,"('01_nq_closed_book', np.int64(11), np.int64(21))",[],0,,,,,
scalars,"('01_nq_closed_book', np.int64(11), np.int64(22))",[],0,,,,,
scalars,"('01_nq_closed_book', np.int64(11), np.int64(23))",[],0,,,,,
scalars,"('01_nq_closed_book', np.int64(11), np.int64(24))",[],0,,,,,
scalars,"('01_nq_closed_book', np.int64(11), np.int64(26))",[],0,,,,,
scalars,"('01_nq_closed_book', np.int64(12), np.int64(0))",[],0,,,,,
scalars,"('01_nq_closed_book', np.int64(12), np.int64(1))",[],0,,,,,
scalars,"('01_nq_closed_book', np.int64(12), np.int64(2))",[],0,,,,,
scalars,"('01_nq_closed_book', np.int64(12), np.int64(3))",[],0,,,,,
scalars,"('01_nq_closed_book', np.int64(12), np.int64(4))",[],0,,,,,
scalars,"('01_nq_closed_book', np.int64(12), np.int64(5))",[],0,,,,,
scalars,"('01_nq_closed_book', np.int64(12), np.int64(6))",[5],1,,,,,
scalars,"('01_nq_closed_book', np.int64(12), np.int64(7))",[],0,,,,,
scalars,"('01_nq_closed_book', np.int64(12), np.int64(9))",[],0,,,,,
scalars,"('01_nq_closed_book', np.int64(12), np.int64(10))",[],0,,,,,
scalars,"('01_nq_closed_book', np.int64(12), np.int64(11))",[],0,,,,,
scalars,"('02_hotpot_citation', np.int64(0), np.int64(0))",[],0,,,,,
scalars,"('02_hotpot_citation', np.int64(0), np.int64(2))",[],0,,,,,
scalars,"('02_hotpot_citation', np.int64(0), np.int64(3))",[5],1,,,,,
scalars,"('02_hotpot_citation', np.int64(0), np.int64(4))",[],0,,,,,
scalars,"('02_hotpot_citation', np.int64(0), np.int64(5))",[5],1,,,,,
scalars,"('02_hotpot_citation', np.int64(0), np.int64(6))",[5],1,,,,,
scalars,"('02_hotpot_citation', np.int64(0), np.int64(7))",[5],1,,,,,
scalars,"('02_hotpot_citation', np.int64(0), np.int64(8))",[5],1,,,,,
scalars,"('02_hotpot_citation', np.int64(0), np.int64(9))",[],0,,,,,
scalars,"('02_hotpot_citation', np.int64(0), np.int64(11))",[5],1,,,,,
scalars,"('02_hotpot_citation', np.int64(0), np.int64(12))",[],0,,,,,
scalars,"('02_hotpot_citation', np.int64(0), np.int64(13))",[],0,,,,,
scalars,"('02_hotpot_citation', np.int64(0), np.int64(14))",[],0,,,,,
scalars,"('02_hotpot_citation', np.int64(0), np.int64(15))",[],0,,,,,
scalars,"('02_hotpot_citation', np.int64(0), np.int64(16))",[5],1,,,,,
scalars,"('02_hotpot_citation', np.int64(0), np.int64(17))","[5, 10]",2,,,,,
scalars,"('02_hotpot_citation', np.int64(0), np.int64(20))",[],0,,,,,
scalars,"('02_hotpot_citation', np.int64(0), np.int64(21))",[],0,,,,,
scalars,"('02_hotpot_citation', np.int64(0), np.int64(22))",[5],1,,,,,
scalars,"('02_hotpot_citation', np.int64(0), np.int64(23))",[5],1,,,,,
scalars,"('02_hotpot_citation', np.int64(0), np.int64(24))",[5],1,,,,,
scalars,"('02_hotpot_citation', np.int64(0), np.int64(25))",[5],1,,,,,
scalars,"('02_hotpot_citation', np.int64(0), np.int64(26))",[5],1,,,,,
scalars,"('02_hotpot_citation', np.int64(1), np.int64(0))",[],0,,,,,
scalars,"('02_hotpot_citation', np.int64(1), np.int64(4))",[],0,,,,,
scalars,"('02_hotpot_citation', np.int64(1), np.int64(6))",[],0,,,,,
scalars,"('02_hotpot_citation', np.int64(1), np.int64(7))",[],0,,,,,
scalars,"('02_hotpot_citation', np.int64(1), np.int64(8))",[],0,,,,,
scalars,"('02_hotpot_citation', np.int64(1), np.int64(9))",[],0,,,,,
scalars,"('02_hotpot_citation', np.int64(1), np.int64(10))",[],0,,,,,
scalars,"('02_hotpot_citation', np.int64(1), np.int64(12))",[],0,,,,,
scalars,"('02_hotpot_citation', np.int64(1), np.int64(13))",[],0,,,,,
scalars,"('02_hotpot_citation', np.int64(1), np.int64(15))",[],0,,,,,
scalars,"('02_hotpot_citation', np.int64(1), np.int64(16))",[],0,,,,,
scalars,"('02_hotpot_citation', np.int64(1), np.int64(17))",[],0,,,,,
scalars,"('02_hotpot_citation', np.int64(1), np.int64(18))",[],0,,,,,
scalars,"('02_hotpot_citation', np.int64(1), np.int64(19))",[],0,,,,,
scalars,"('02_hotpot_citation', np.int64(1), np.int64(21))",[5],1,,,,,
scalars,"('02_hotpot_citation', np.int64(1), np.int64(22))","[5, 10]",2,,,,,
scalars,"('02_hotpot_citation', np.int64(1), np.int64(23))","[5, 10]",2,,,,,
scalars,"('02_hotpot_citation', np.int64(1), np.int64(24))",[],0,,,,,
scalars,"('02_hotpot_citation', np.int64(1), np.int64(25))",[],0,,,,,
scalars,"('02_hotpot_citation', np.int64(1), np.int64(26))",[],0,,,,,
scalars,"('02_hotpot_citation', np.int64(2), np.int64(0))",[],0,,,,,
scalars,"('02_hotpot_citation', np.int64(2), np.int64(1))",[],0,,,,,
scalars,"('02_hotpot_citation', np.int64(2), np.int64(2))",[],0,,,,,
scalars,"('02_hotpot_citation', np.int64(2), np.int64(3))",[],0,,,,,
scalars,"('02_hotpot_citation', np.int64(2), np.int64(4))",[],0,,,,,
scalars,"('02_hotpot_citation', np.int64(2), np.int64(5))",[],0,,,,,
scalars,"('02_hotpot_citation', np.int64(2), np.int64(6))",[],0,,,,,
scalars,"('02_hotpot_citation', np.int64(2), np.int64(7))",[],0,,,,,
scalars,"('02_hotpot_citation', np.int64(2), np.int64(8))",[],0,,,,,
scalars,"('02_hotpot_citation', np.int64(2), np.int64(9))",[],0,,,,,
scalars,"('02_hotpot_citation', np.int64(2), np.int64(10))",[],0,,,,,
scalars,"('02_hotpot_citation', np.int64(2), np.int64(11))",[],0,,,,,
scalars,"('02_hotpot_citation', np.int64(2), np.int64(12))",[],0,,,,,
scalars,"('02_hotpot_citation', np.int64(2), np.int64(13))",[],0,,,,,
scalars,"('02_hotpot_citation', np.int64(2), np.int64(14))",[],0,,,,,
scalars,"('02_hotpot_citation', np.int64(2), np.int64(15))",[],0,,,,,
scalars,"('02_hotpot_citation', np.int64(2), np.int64(16))",[5],1,,,,,
scalars,"('02_hotpot_citation', np.int64(2), np.int64(17))",[],0,,,,,
scalars,"('02_hotpot_citation', np.int64(2), np.int64(18))",[],0,,,,,
scalars,"('02_hotpot_citation', np.int64(2), np.int64(19))",[],0,,,,,
scalars,"('02_hotpot_citation', np.int64(2), np.int64(20))",[],0,,,,,
scalars,"('02_hotpot_citation', np.int64(2), np.int64(21))",[],0,,,,,
scalars,"('02_hotpot_citation', np.int64(2), np.int64(22))",[],0,,,,,
scalars,"('02_hotpot_citation', np.int64(2), np.int64(23))",[],0,,,,,
scalars,"('02_hotpot_citation', np.int64(2), np.int64(24))",[],0,,,,,
scalars,"('02_hotpot_citation', np.int64(2), np.int64(25))",[5],1,,,,,
scalars,"('02_hotpot_citation', np.int64(2), np.int64(26))",[],0,,,,,
scalars,"('02_hotpot_citation', np.int64(3), np.int64(0))",[],0,,,,,
scalars,"('02_hotpot_citation', np.int64(3), np.int64(1))",[],0,,,,,
scalars,"('02_hotpot_citation', np.int64(3), np.int64(2))",[],0,,,,,
scalars,"('02_hotpot_citation', np.int64(3), np.int64(3))",[],0,,,,,
scalars,"('02_hotpot_citation', np.int64(3), np.int64(4))",[],0,,,,,
scalars,"('02_hotpot_citation', np.int64(3), np.int64(5))",[],0,,,,,
scalars,"('02_hotpot_citation', np.int64(3), np.int64(6))",[],0,,,,,
scalars,"('02_hotpot_citation', np.int64(3), np.int64(7))",[],0,,,,,
scalars,"('02_hotpot_citation', np.int64(3), np.int64(8))",[],0,,,,,
scalars,"('02_hotpot_citation', np.int64(3), np.int64(9))",[],0,,,,,
scalars,"('02_hotpot_citation', np.int64(3), np.int64(10))",[],0,,,,,
scalars,"('02_hotpot_citation', np.int64(3), np.int64(11))",[],0,,,,,
scalars,"('02_hotpot_citation', np.int64(3), np.int64(12))",[],0,,,,,
scalars,"('02_hotpot_citation', np.int64(3), np.int64(13))",[],0,,,,,
scalars,"('02_hotpot_citation', np.int64(3), np.int64(14))",[],0,,,,,
scalars,"('02_hotpot_citation', np.int64(3), np.int64(15))",[],0,,,,,
scalars,"('02_hotpot_citation', np.int64(3), np.int64(16))",[],0,,,,,
scalars,"('02_hotpot_citation', np.int64(3), np.int64(17))",[],0,,,,,
scalars,"('02_hotpot_citation', np.int64(3), np.int64(18))",[],0,,,,,
scalars,"('02_hotpot_citation', np.int64(3), np.int64(19))",[],0,,,,,
scalars,"('02_hotpot_citation', np.int64(3), np.int64(20))",[],0,,,,,
scalars,"('02_hotpot_citation', np.int64(3), np.int64(21))",[5],1,,,,,
scalars,"('02_hotpot_citation', np.int64(3), np.int64(22))",[5],1,,,,,
scalars,"('02_hotpot_citation', np.int64(3), np.int64(23))",[],0,,,,,
scalars,"('02_hotpot_citation', np.int64(3), np.int64(24))",[5],1,,,,,
scalars,"('02_hotpot_citation', np.int64(3), np.int64(25))",[5],1,,,,,
scalars,"('02_hotpot_citation', np.int64(3), np.int64(26))",[5],1,,,,,
scalars,"('02_hotpot_citation', np.int64(4), np.int64(0))",[],0,,,,,
scalars,"('02_hotpot_citation', np.int64(4), np.int64(1))",[],0,,,,,
scalars,"('02_hotpot_citation', np.int64(4), np.int64(2))",[],0,,,,,
scalars,"('02_hotpot_citation', np.int64(4), np.int64(3))",[],0,,,,,
scalars,"('02_hotpot_citation', np.int64(4), np.int64(4))",[5],1,,,,,
scalars,"('02_hotpot_citation', np.int64(4), np.int64(5))",[],0,,,,,
scalars,"('02_hotpot_citation', np.int64(4), np.int64(6))",[5],1,,,,,
scalars,"('02_hotpot_citation', np.int64(4), np.int64(7))",[5],1,,,,,
scalars,"('02_hotpot_citation', np.int64(4), np.int64(8))",[5],1,,,,,
scalars,"('02_hotpot_citation', np.int64(4), np.int64(9))",[],0,,,,,
scalars,"('02_hotpot_citation', np.int64(4), np.int64(11))",[5],1,,,,,
scalars,"('02_hotpot_citation', np.int64(4), np.int64(12))",[],0,,,,,
scalars,"('02_hotpot_citation', np.int64(4), np.int64(13))",[],0,,,,,
scalars,"('02_hotpot_citation', np.int64(4), np.int64(14))",[5],1,,,,,
scalars,"('02_hotpot_citation', np.int64(4), np.int64(15))","[5, 10, 15]",3,,,,,
scalars,"('02_hotpot_citation', np.int64(4), np.int64(16))",[5],1,,,,,
scalars,"('02_hotpot_citation', np.int64(4), np.int64(17))",[5],1,,,,,
scalars,"('02_hotpot_citation', np.int64(4), np.int64(18))",[],0,,,,,
scalars,"('02_hotpot_citation', np.int64(4), np.int64(19))",[],0,,,,,
scalars,"('02_hotpot_citation', np.int64(4), np.int64(20))",[],0,,,,,
scalars,"('02_hotpot_citation', np.int64(4), np.int64(21))",[5],1,,,,,
scalars,"('02_hotpot_citation', np.int64(4), np.int64(22))",[],0,,,,,
scalars,"('02_hotpot_citation', np.int64(4), np.int64(23))",[5],1,,,,,
scalars,"('02_hotpot_citation', np.int64(4), np.int64(24))",[5],1,,,,,
scalars,"('02_hotpot_citation', np.int64(4), np.int64(25))","[5, 10]",2,,,,,
scalars,"('02_hotpot_citation', np.int64(4), np.int64(26))",[5],1,,,,,
scalars,"('02_hotpot_citation', np.int64(5), np.int64(1))",[],0,,,,,
scalars,"('02_hotpot_citation', np.int64(5), np.int64(2))",[],0,,,,,
scalars,"('02_hotpot_citation', np.int64(5), np.int64(3))",[],0,,,,,
scalars,"('02_hotpot_citation', np.int64(5), np.int64(4))",[],0,,,,,
scalars,"('02_hotpot_citation', np.int64(5), np.int64(5))",[],0,,,,,
scalars,"('02_hotpot_citation', np.int64(5), np.int64(6))",[],0,,,,,
scalars,"('02_hotpot_citation', np.int64(5), np.int64(7))",[],0,,,,,
scalars,"('02_hotpot_citation', np.int64(5), np.int64(9))",[],0,,,,,
scalars,"('02_hotpot_citation', np.int64(5), np.int64(10))",[],0,,,,,
scalars,"('02_hotpot_citation', np.int64(5), np.int64(11))",[],0,,,,,
scalars,"('02_hotpot_citation', np.int64(5), np.int64(12))",[],0,,,,,
scalars,"('02_hotpot_citation', np.int64(5), np.int64(13))",[],0,,,,,
scalars,"('02_hotpot_citation', np.int64(5), np.int64(14))",[],0,,,,,
scalars,"('02_hotpot_citation', np.int64(5), np.int64(15))",[],0,,,,,
scalars,"('02_hotpot_citation', np.int64(5), np.int64(16))",[],0,,,,,
scalars,"('02_hotpot_citation', np.int64(5), np.int64(17))",[],0,,,,,
scalars,"('02_hotpot_citation', np.int64(5), np.int64(18))",[],0,,,,,
scalars,"('02_hotpot_citation', np.int64(5), np.int64(19))",[],0,,,,,
scalars,"('02_hotpot_citation', np.int64(5), np.int64(20))",[],0,,,,,
scalars,"('02_hotpot_citation', np.int64(5), np.int64(21))",[5],1,,,,,
scalars,"('02_hotpot_citation', np.int64(5), np.int64(22))",[5],1,,,,,
scalars,"('02_hotpot_citation', np.int64(5), np.int64(23))",[],0,,,,,
scalars,"('02_hotpot_citation', np.int64(5), np.int64(24))",[],0,,,,,
scalars,"('02_hotpot_citation', np.int64(5), np.int64(25))",[],0,,,,,
scalars,"('02_hotpot_citation', np.int64(5), np.int64(26))",[],0,,,,,
scalars,"('02_hotpot_citation', np.int64(6), np.int64(0))",[],0,,,,,
scalars,"('02_hotpot_citation', np.int64(6), np.int64(1))",[],0,,,,,
scalars,"('02_hotpot_citation', np.int64(6), np.int64(2))",[],0,,,,,
scalars,"('02_hotpot_citation', np.int64(6), np.int64(3))",[],0,,,,,
scalars,"('02_hotpot_citation', np.int64(6), np.int64(4))",[5],1,,,,,
scalars,"('02_hotpot_citation', np.int64(6), np.int64(5))",[],0,,,,,
scalars,"('02_hotpot_citation', np.int64(6), np.int64(6))",[5],1,,,,,
scalars,"('02_hotpot_citation', np.int64(6), np.int64(7))",[],0,,,,,
scalars,"('02_hotpot_citation', np.int64(6), np.int64(8))",[],0,,,,,
scalars,"('02_hotpot_citation', np.int64(6), np.int64(10))",[],0,,,,,
scalars,"('02_hotpot_citation', np.int64(6), np.int64(11))",[],0,,,,,
scalars,"('02_hotpot_citation', np.int64(6), np.int64(12))",[],0,,,,,
scalars,"('02_hotpot_citation', np.int64(6), np.int64(13))",[5],1,,,,,
scalars,"('02_hotpot_citation', np.int64(6), np.int64(14))",[5],1,,,,,
scalars,"('02_hotpot_citation', np.int64(6), np.int64(15))",[5],1,,,,,
scalars,"('02_hotpot_citation', np.int64(6), np.int64(16))",[5],1,,,,,
scalars,"('02_hotpot_citation', np.int64(6), np.int64(17))",[],0,,,,,
scalars,"('02_hotpot_citation', np.int64(6), np.int64(18))",[],0,,,,,
scalars,"('02_hotpot_citation', np.int64(6), np.int64(19))",[],0,,,,,
scalars,"('02_hotpot_citation', np.int64(6), np.int64(20))",[],0,,,,,
scalars,"('02_hotpot_citation', np.int64(6), np.int64(21))",[],0,,,,,
scalars,"('02_hotpot_citation', np.int64(6), np.int64(22))",[],0,,,,,
scalars,"('02_hotpot_citation', np.int64(6), np.int64(23))",[],0,,,,,
scalars,"('02_hotpot_citation', np.int64(6), np.int64(24))",[],0,,,,,
scalars,"('02_hotpot_citation', np.int64(6), np.int64(25))",[],0,,,,,
scalars,"('02_hotpot_citation', np.int64(6), np.int64(26))",[],0,,,,,
scalars,"('02_hotpot_citation', np.int64(7), np.int64(0))",[],0,,,,,
scalars,"('02_hotpot_citation', np.int64(7), np.int64(1))",[],0,,,,,
scalars,"('02_hotpot_citation', np.int64(7), np.int64(2))",[],0,,,,,
scalars,"('02_hotpot_citation', np.int64(7), np.int64(3))",[5],1,,,,,
scalars,"('02_hotpot_citation', np.int64(7), np.int64(4))",[5],1,,,,,
scalars,"('02_hotpot_citation', np.int64(7), np.int64(5))",[],0,,,,,
scalars,"('02_hotpot_citation', np.int64(7), np.int64(6))",[5],1,,,,,
scalars,"('02_hotpot_citation', np.int64(7), np.int64(7))",[5],1,,,,,
scalars,"('02_hotpot_citation', np.int64(7), np.int64(8))",[],0,,,,,
scalars,"('02_hotpot_citation', np.int64(7), np.int64(9))",[],0,,,,,
scalars,"('02_hotpot_citation', np.int64(7), np.int64(10))",[5],1,,,,,
scalars,"('02_hotpot_citation', np.int64(7), np.int64(11))",[],0,,,,,
scalars,"('02_hotpot_citation', np.int64(7), np.int64(12))",[5],1,,,,,
scalars,"('02_hotpot_citation', np.int64(7), np.int64(13))",[],0,,,,,
scalars,"('02_hotpot_citation', np.int64(7), np.int64(14))",[],0,,,,,
scalars,"('02_hotpot_citation', np.int64(7), np.int64(15))",[],0,,,,,
scalars,"('02_hotpot_citation', np.int64(7), np.int64(16))",[],0,,,,,
scalars,"('02_hotpot_citation', np.int64(7), np.int64(17))",[],0,,,,,
scalars,"('02_hotpot_citation', np.int64(7), np.int64(18))",[],0,,,,,
scalars,"('02_hotpot_citation', np.int64(7), np.int64(19))",[],0,,,,,
scalars,"('02_hotpot_citation', np.int64(7), np.int64(20))",[],0,,,,,
scalars,"('02_hotpot_citation', np.int64(7), np.int64(21))",[5],1,,,,,
scalars,"('02_hotpot_citation', np.int64(7), np.int64(22))",[5],1,,,,,
scalars,"('02_hotpot_citation', np.int64(7), np.int64(23))",[5],1,,,,,
scalars,"('02_hotpot_citation', np.int64(7), np.int64(24))",[5],1,,,,,
scalars,"('02_hotpot_citation', np.int64(7), np.int64(25))",[5],1,,,,,
scalars,"('02_hotpot_citation', np.int64(7), np.int64(26))",[],0,,,,,
scalars,"('02_hotpot_citation', np.int64(8), np.int64(0))",[],0,,,,,
scalars,"('02_hotpot_citation', np.int64(8), np.int64(2))",[],0,,,,,
scalars,"('02_hotpot_citation', np.int64(8), np.int64(6))",[],0,,,,,
scalars,"('02_hotpot_citation', np.int64(8), np.int64(7))",[],0,,,,,
scalars,"('02_hotpot_citation', np.int64(8), np.int64(8))",[],0,,,,,
scalars,"('02_hotpot_citation', np.int64(8), np.int64(9))",[],0,,,,,
scalars,"('02_hotpot_citation', np.int64(8), np.int64(10))",[],0,,,,,
scalars,"('02_hotpot_citation', np.int64(8), np.int64(11))",[],0,,,,,
scalars,"('02_hotpot_citation', np.int64(8), np.int64(12))",[],0,,,,,
scalars,"('02_hotpot_citation', np.int64(8), np.int64(16))",[5],1,,,,,
scalars,"('02_hotpot_citation', np.int64(8), np.int64(17))",[],0,,,,,
scalars,"('02_hotpot_citation', np.int64(8), np.int64(18))",[],0,,,,,
scalars,"('02_hotpot_citation', np.int64(8), np.int64(19))",[],0,,,,,
scalars,"('02_hotpot_citation', np.int64(8), np.int64(20))",[],0,,,,,
scalars,"('02_hotpot_citation', np.int64(8), np.int64(23))",[5],1,,,,,
scalars,"('02_hotpot_citation', np.int64(8), np.int64(24))",[],0,,,,,
scalars,"('02_hotpot_citation', np.int64(8), np.int64(25))",[],0,,,,,
scalars,"('02_hotpot_citation', np.int64(8), np.int64(26))",[5],1,,,,,
scalars,"('02_hotpot_citation', np.int64(9), np.int64(0))",[],0,,,,,
scalars,"('02_hotpot_citation', np.int64(9), np.int64(1))",[],0,,,,,
scalars,"('02_hotpot_citation', np.int64(9), np.int64(2))",[],0,,,,,
scalars,"('02_hotpot_citation', np.int64(9), np.int64(3))",[],0,,,,,
scalars,"('02_hotpot_citation', np.int64(9), np.int64(4))",[],0,,,,,
scalars,"('02_hotpot_citation', np.int64(9), np.int64(5))",[],0,,,,,
scalars,"('02_hotpot_citation', np.int64(9), np.int64(6))",[5],1,,,,,
scalars,"('02_hotpot_citation', np.int64(9), np.int64(7))",[],0,,,,,
scalars,"('02_hotpot_citation', np.int64(9), np.int64(8))",[],0,,,,,
scalars,"('02_hotpot_citation', np.int64(9), np.int64(9))",[],0,,,,,
scalars,"('02_hotpot_citation', np.int64(9), np.int64(10))",[],0,,,,,
scalars,"('02_hotpot_citation', np.int64(9), np.int64(11))",[],0,,,,,
scalars,"('02_hotpot_citation', np.int64(9), np.int64(12))",[5],1,,,,,
scalars,"('02_hotpot_citation', np.int64(9), np.int64(13))",[],0,,,,,
scalars,"('02_hotpot_citation', np.int64(9), np.int64(14))",[],0,,,,,
scalars,"('02_hotpot_citation', np.int64(9), np.int64(15))",[],0,,,,,
scalars,"('02_hotpot_citation', np.int64(9), np.int64(16))",[5],1,,,,,
scalars,"('02_hotpot_citation', np.int64(9), np.int64(17))",[5],1,,,,,
scalars,"('02_hotpot_citation', np.int64(9), np.int64(19))",[],0,,,,,
scalars,"('02_hotpot_citation', np.int64(9), np.int64(20))",[],0,,,,,
scalars,"('02_hotpot_citation', np.int64(9), np.int64(21))",[5],1,,,,,
scalars,"('02_hotpot_citation', np.int64(9), np.int64(22))",[],0,,,,,
scalars,"('02_hotpot_citation', np.int64(9), np.int64(23))",[],0,,,,,
scalars,"('02_hotpot_citation', np.int64(9), np.int64(24))",[],0,,,,,
scalars,"('02_hotpot_citation', np.int64(9), np.int64(25))",[],0,,,,,
scalars,"('02_hotpot_citation', np.int64(9), np.int64(26))",[],0,,,,,
scalars,"('02_hotpot_citation', np.int64(10), np.int64(1))",[],0,,,,,
scalars,"('02_hotpot_citation', np.int64(10), np.int64(9))",[],0,,,,,
scalars,"('02_hotpot_citation', np.int64(10), np.int64(11))",[],0,,,,,
scalars,"('02_hotpot_citation', np.int64(10), np.int64(12))",[],0,,,,,
scalars,"('02_hotpot_citation', np.int64(10), np.int64(14))",[],0,,,,,
scalars,"('02_hotpot_citation', np.int64(10), np.int64(19))",[],0,,,,,
scalars,"('02_hotpot_citation', np.int64(10), np.int64(20))",[],0,,,,,
scalars,"('02_hotpot_citation', np.int64(10), np.int64(21))",[5],1,,,,,
scalars,"('02_hotpot_citation', np.int64(10), np.int64(24))",[5],1,,,,,
scalars,"('02_hotpot_citation', np.int64(10), np.int64(25))",[5],1,,,,,
scalars,"('02_hotpot_citation', np.int64(10), np.int64(26))",[5],1,,,,,
scalars,"('02_hotpot_citation', np.int64(11), np.int64(3))",[],0,,,,,
scalars,"('02_hotpot_citation', np.int64(11), np.int64(4))",[],0,,,,,
scalars,"('02_hotpot_citation', np.int64(11), np.int64(16))",[5],1,,,,,
scalars,"('02_hotpot_citation', np.int64(11), np.int64(18))",[],0,,,,,
scalars,"('02_hotpot_citation', np.int64(11), np.int64(19))",[],0,,,,,
scalars,"('02_hotpot_citation', np.int64(11), np.int64(20))",[5],1,,,,,
scalars,"('02_hotpot_citation', np.int64(11), np.int64(21))",[],0,,,,,
scalars,"('02_hotpot_citation', np.int64(11), np.int64(22))",[],0,,,,,
scalars,"('02_hotpot_citation', np.int64(11), np.int64(23))",[],0,,,,,
scalars,"('02_hotpot_citation', np.int64(12), np.int64(0))",[],0,,,,,
scalars,"('02_hotpot_citation', np.int64(12), np.int64(1))",[],0,,,,,
scalars,"('02_hotpot_citation', np.int64(12), np.int64(2))",[],0,,,,,
scalars,"('02_hotpot_citation', np.int64(12), np.int64(3))",[],0,,,,,
scalars,"('02_hotpot_citation', np.int64(12), np.int64(4))",[],0,,,,,
scalars,"('02_hotpot_citation', np.int64(12), np.int64(5))",[],0,,,,,
scalars,"('02_hotpot_citation', np.int64(12), np.int64(6))",[],0,,,,,
scalars,"('02_hotpot_citation', np.int64(12), np.int64(7))",[5],1,,,,,
scalars,"('02_hotpot_citation', np.int64(12), np.int64(8))",[],0,,,,,
scalars,"('02_hotpot_citation', np.int64(12), np.int64(9))",[],0,,,,,
scalars,"('02_hotpot_citation', np.int64(12), np.int64(10))",[],0,,,,,
scalars,"('02_hotpot_citation', np.int64(12), np.int64(11))",[],0,,,,,
scalars,"('02_hotpot_citation', np.int64(12), np.int64(12))",[],0,,,,,
scalars,"('02_hotpot_citation', np.int64(12), np.int64(13))",[],0,,,,,
scalars,"('02_hotpot_citation', np.int64(12), np.int64(14))",[],0,,,,,
scalars,"('02_hotpot_citation', np.int64(12), np.int64(15))",[],0,,,,,
scalars,"('02_hotpot_citation', np.int64(12), np.int64(16))",[],0,,,,,
scalars,"('02_hotpot_citation', np.int64(12), np.int64(17))",[],0,,,,,
scalars,"('02_hotpot_citation', np.int64(12), np.int64(19))",[],0,,,,,
scalars,"('02_hotpot_citation', np.int64(12), np.int64(20))",[],0,,,,,
scalars,"('02_hotpot_citation', np.int64(12), np.int64(21))",[],0,,,,,
scalars,"('02_hotpot_citation', np.int64(12), np.int64(22))",[],0,,,,,
scalars,"('02_hotpot_citation', np.int64(12), np.int64(23))",[],0,,,,,
scalars,"('02_hotpot_citation', np.int64(12), np.int64(24))",[5],1,,,,,
scalars,"('02_hotpot_citation', np.int64(12), np.int64(25))",[5],1,,,,,
scalars,"('02_hotpot_citation', np.int64(12), np.int64(26))",[],0,,,,,
scalars,"('02_hotpot_citation', np.int64(13), np.int64(2))",[],0,,,,,
scalars,"('02_hotpot_citation', np.int64(13), np.int64(3))",[],0,,,,,
scalars,"('02_hotpot_citation', np.int64(13), np.int64(4))",[],0,,,,,
scalars,"('02_hotpot_citation', np.int64(13), np.int64(5))",[],0,,,,,
scalars,"('02_hotpot_citation', np.int64(13), np.int64(6))",[],0,,,,,
scalars,"('02_hotpot_citation', np.int64(13), np.int64(7))",[5],1,,,,,
scalars,"('02_hotpot_citation', np.int64(13), np.int64(9))",[],0,,,,,
scalars,"('02_hotpot_citation', np.int64(13), np.int64(10))",[],0,,,,,
scalars,"('02_hotpot_citation', np.int64(13), np.int64(11))",[],0,,,,,
scalars,"('02_hotpot_citation', np.int64(13), np.int64(12))",[],0,,,,,
scalars,"('02_hotpot_citation', np.int64(13), np.int64(13))",[],0,,,,,
scalars,"('02_hotpot_citation', np.int64(13), np.int64(14))",[],0,,,,,
scalars,"('02_hotpot_citation', np.int64(13), np.int64(16))",[5],1,,,,,
scalars,"('02_hotpot_citation', np.int64(13), np.int64(17))",[5],1,,,,,
scalars,"('02_hotpot_citation', np.int64(13), np.int64(18))",[5],1,,,,,
scalars,"('02_hotpot_citation', np.int64(13), np.int64(19))",[],0,,,,,
scalars,"('02_hotpot_citation', np.int64(13), np.int64(20))",[],0,,,,,
scalars,"('02_hotpot_citation', np.int64(13), np.int64(21))",[],0,,,,,
scalars,"('02_hotpot_citation', np.int64(13), np.int64(22))",[],0,,,,,
scalars,"('02_hotpot_citation', np.int64(13), np.int64(23))",[],0,,,,,
scalars,"('02_hotpot_citation', np.int64(13), np.int64(24))",[],0,,,,,
scalars,"('02_hotpot_citation', np.int64(13), np.int64(25))",[],0,,,,,
scalars,"('02_hotpot_citation', np.int64(13), np.int64(26))",[],0,,,,,
scalars,"('02_hotpot_citation', np.int64(14), np.int64(0))",[],0,,,,,
scalars,"('02_hotpot_citation', np.int64(14), np.int64(1))",[],0,,,,,
scalars,"('02_hotpot_citation', np.int64(14), np.int64(2))",[],0,,,,,
scalars,"('02_hotpot_citation', np.int64(14), np.int64(4))",[],0,,,,,
scalars,"('02_hotpot_citation', np.int64(14), np.int64(5))",[],0,,,,,
scalars,"('02_hotpot_citation', np.int64(14), np.int64(6))",[5],1,,,,,
scalars,"('02_hotpot_citation', np.int64(14), np.int64(7))",[],0,,,,,
scalars,"('02_hotpot_citation', np.int64(14), np.int64(8))",[],0,,,,,
scalars,"('02_hotpot_citation', np.int64(14), np.int64(9))",[],0,,,,,
scalars,"('02_hotpot_citation', np.int64(14), np.int64(10))",[],0,,,,,
scalars,"('02_hotpot_citation', np.int64(14), np.int64(11))",[],0,,,,,
scalars,"('02_hotpot_citation', np.int64(14), np.int64(12))",[5],1,,,,,
scalars,"('02_hotpot_citation', np.int64(14), np.int64(14))",[],0,,,,,
scalars,"('02_hotpot_citation', np.int64(14), np.int64(15))",[],0,,,,,
scalars,"('02_hotpot_citation', np.int64(14), np.int64(16))",[],0,,,,,
scalars,"('02_hotpot_citation', np.int64(14), np.int64(17))",[5],1,,,,,
scalars,"('02_hotpot_citation', np.int64(14), np.int64(18))",[],0,,,,,
scalars,"('02_hotpot_citation', np.int64(14), np.int64(19))",[],0,,,,,
scalars,"('02_hotpot_citation', np.int64(14), np.int64(20))",[],0,,,,,
scalars,"('02_hotpot_citation', np.int64(14), np.int64(21))",[5],1,,,,,
scalars,"('02_hotpot_citation', np.int64(14), np.int64(22))",[5],1,,,,,
scalars,"('02_hotpot_citation', np.int64(14), np.int64(23))",[],0,,,,,
scalars,"('02_hotpot_citation', np.int64(14), np.int64(24))",[],0,,,,,
scalars,"('02_hotpot_citation', np.int64(14), np.int64(25))",[],0,,,,,
scalars,"('02_hotpot_citation', np.int64(14), np.int64(26))",[],0,,,,,
scalars,"('02_hotpot_citation', np.int64(15), np.int64(0))",[],0,,,,,
scalars,"('02_hotpot_citation', np.int64(15), np.int64(1))",[],0,,,,,
scalars,"('02_hotpot_citation', np.int64(15), np.int64(2))",[],0,,,,,
scalars,"('02_hotpot_citation', np.int64(15), np.int64(3))",[],0,,,,,
scalars,"('02_hotpot_citation', np.int64(15), np.int64(4))",[],0,,,,,
scalars,"('02_hotpot_citation', np.int64(15), np.int64(5))",[],0,,,,,
scalars,"('02_hotpot_citation', np.int64(15), np.int64(6))",[],0,,,,,
scalars,"('02_hotpot_citation', np.int64(15), np.int64(7))",[],0,,,,,
scalars,"('02_hotpot_citation', np.int64(15), np.int64(8))",[5],1,,,,,
scalars,"('02_hotpot_citation', np.int64(15), np.int64(9))",[],0,,,,,
scalars,"('02_hotpot_citation', np.int64(15), np.int64(10))",[],0,,,,,
scalars,"('02_hotpot_citation', np.int64(15), np.int64(11))",[],0,,,,,
scalars,"('02_hotpot_citation', np.int64(15), np.int64(12))",[],0,,,,,
scalars,"('02_hotpot_citation', np.int64(15), np.int64(13))",[],0,,,,,
scalars,"('02_hotpot_citation', np.int64(15), np.int64(14))",[],0,,,,,
scalars,"('02_hotpot_citation', np.int64(15), np.int64(15))",[5],1,,,,,
scalars,"('02_hotpot_citation', np.int64(15), np.int64(16))",[],0,,,,,
scalars,"('02_hotpot_citation', np.int64(15), np.int64(17))",[],0,,,,,
scalars,"('02_hotpot_citation', np.int64(15), np.int64(18))",[],0,,,,,
scalars,"('02_hotpot_citation', np.int64(15), np.int64(19))",[],0,,,,,
scalars,"('02_hotpot_citation', np.int64(15), np.int64(20))",[],0,,,,,
scalars,"('02_hotpot_citation', np.int64(15), np.int64(21))",[],0,,,,,
scalars,"('02_hotpot_citation', np.int64(15), np.int64(22))",[],0,,,,,
scalars,"('02_hotpot_citation', np.int64(15), np.int64(23))",[],0,,,,,
scalars,"('02_hotpot_citation', np.int64(15), np.int64(24))",[],0,,,,,
scalars,"('02_hotpot_citation', np.int64(15), np.int64(25))",[],0,,,,,
scalars,"('02_hotpot_citation', np.int64(15), np.int64(26))",[],0,,,,,
scalars,"('02_hotpot_citation', np.int64(16), np.int64(0))",[],0,,,,,
scalars,"('02_hotpot_citation', np.int64(16), np.int64(1))",[],0,,,,,
scalars,"('02_hotpot_citation', np.int64(16), np.int64(2))",[],0,,,,,
scalars,"('02_hotpot_citation', np.int64(16), np.int64(3))",[5],1,,,,,
scalars,"('02_hotpot_citation', np.int64(16), np.int64(4))",[],0,,,,,
scalars,"('02_hotpot_citation', np.int64(16), np.int64(5))",[],0,,,,,
scalars,"('02_hotpot_citation', np.int64(16), np.int64(6))",[],0,,,,,
scalars,"('02_hotpot_citation', np.int64(16), np.int64(7))",[5],1,,,,,
scalars,"('02_hotpot_citation', np.int64(16), np.int64(8))",[5],1,,,,,
scalars,"('02_hotpot_citation', np.int64(16), np.int64(9))",[],0,,,,,
scalars,"('02_hotpot_citation', np.int64(16), np.int64(10))",[5],1,,,,,
scalars,"('02_hotpot_citation', np.int64(16), np.int64(11))",[],0,,,,,
scalars,"('02_hotpot_citation', np.int64(16), np.int64(12))",[],0,,,,,
scalars,"('02_hotpot_citation', np.int64(16), np.int64(13))",[],0,,,,,
scalars,"('02_hotpot_citation', np.int64(16), np.int64(14))",[],0,,,,,
scalars,"('02_hotpot_citation', np.int64(16), np.int64(15))",[],0,,,,,
scalars,"('02_hotpot_citation', np.int64(16), np.int64(16))",[],0,,,,,
scalars,"('02_hotpot_citation', np.int64(16), np.int64(18))",[],0,,,,,
scalars,"('02_hotpot_citation', np.int64(16), np.int64(19))",[],0,,,,,
scalars,"('02_hotpot_citation', np.int64(16), np.int64(20))",[],0,,,,,
scalars,"('02_hotpot_citation', np.int64(16), np.int64(21))",[],0,,,,,
scalars,"('02_hotpot_citation', np.int64(16), np.int64(22))",[],0,,,,,
scalars,"('02_hotpot_citation', np.int64(16), np.int64(23))",[],0,,,,,
scalars,"('02_hotpot_citation', np.int64(16), np.int64(24))",[],0,,,,,
scalars,"('02_hotpot_citation', np.int64(16), np.int64(25))",[5],1,,,,,
scalars,"('02_hotpot_citation', np.int64(16), np.int64(26))",[],0,,,,,
scalars,"('02_hotpot_citation', np.int64(17), np.int64(0))",[],0,,,,,
scalars,"('02_hotpot_citation', np.int64(17), np.int64(1))",[],0,,,,,
scalars,"('02_hotpot_citation', np.int64(17), np.int64(2))",[],0,,,,,
scalars,"('02_hotpot_citation', np.int64(17), np.int64(3))",[5],1,,,,,
scalars,"('02_hotpot_citation', np.int64(17), np.int64(4))",[],0,,,,,
scalars,"('02_hotpot_citation', np.int64(17), np.int64(5))",[],0,,,,,
scalars,"('02_hotpot_citation', np.int64(17), np.int64(6))",[5],1,,,,,
scalars,"('02_hotpot_citation', np.int64(17), np.int64(9))",[],0,,,,,
scalars,"('02_hotpot_citation', np.int64(17), np.int64(10))",[],0,,,,,
scalars,"('02_hotpot_citation', np.int64(17), np.int64(12))",[],0,,,,,
scalars,"('02_hotpot_citation', np.int64(17), np.int64(13))",[],0,,,,,
scalars,"('02_hotpot_citation', np.int64(17), np.int64(14))",[],0,,,,,
scalars,"('02_hotpot_citation', np.int64(17), np.int64(18))",[],0,,,,,
scalars,"('02_hotpot_citation', np.int64(17), np.int64(19))",[],0,,,,,
scalars,"('02_hotpot_citation', np.int64(17), np.int64(20))",[],0,,,,,
scalars,"('02_hotpot_citation', np.int64(17), np.int64(22))",[],0,,,,,
scalars,"('02_hotpot_citation', np.int64(17), np.int64(23))",[],0,,,,,
scalars,"('02_hotpot_citation', np.int64(18), np.int64(0))",[],0,,,,,
scalars,"('02_hotpot_citation', np.int64(18), np.int64(1))",[],0,,,,,
scalars,"('02_hotpot_citation', np.int64(18), np.int64(2))",[],0,,,,,
scalars,"('02_hotpot_citation', np.int64(18), np.int64(3))",[],0,,,,,
scalars,"('02_hotpot_citation', np.int64(18), np.int64(4))",[],0,,,,,
scalars,"('02_hotpot_citation', np.int64(18), np.int64(5))",[5],1,,,,,
scalars,"('02_hotpot_citation', np.int64(18), np.int64(6))",[5],1,,,,,
scalars,"('02_hotpot_citation', np.int64(18), np.int64(7))",[],0,,,,,
scalars,"('02_hotpot_citation', np.int64(18), np.int64(8))",[],0,,,,,
scalars,"('02_hotpot_citation', np.int64(18), np.int64(9))",[],0,,,,,
scalars,"('02_hotpot_citation', np.int64(18), np.int64(10))",[],0,,,,,
scalars,"('02_hotpot_citation', np.int64(18), np.int64(11))",[],0,,,,,
scalars,"('02_hotpot_citation', np.int64(18), np.int64(12))",[5],1,,,,,
scalars,"('02_hotpot_citation', np.int64(18), np.int64(13))",[],0,,,,,
scalars,"('02_hotpot_citation', np.int64(18), np.int64(14))",[],0,,,,,
scalars,"('02_hotpot_citation', np.int64(18), np.int64(15))",[],0,,,,,
scalars,"('02_hotpot_citation', np.int64(18), np.int64(16))",[5],1,,,,,
scalars,"('02_hotpot_citation', np.int64(18), np.int64(17))",[5],1,,,,,
scalars,"('02_hotpot_citation', np.int64(18), np.int64(18))",[],0,,,,,
scalars,"('02_hotpot_citation', np.int64(18), np.int64(19))",[],0,,,,,
scalars,"('02_hotpot_citation', np.int64(18), np.int64(20))",[],0,,,,,
scalars,"('02_hotpot_citation', np.int64(18), np.int64(21))",[],0,,,,,
scalars,"('02_hotpot_citation', np.int64(18), np.int64(22))",[],0,,,,,
scalars,"('02_hotpot_citation', np.int64(18), np.int64(23))",[],0,,,,,
scalars,"('02_hotpot_citation', np.int64(18), np.int64(24))",[],0,,,,,
scalars,"('02_hotpot_citation', np.int64(19), np.int64(0))",[],0,,,,,
scalars,"('02_hotpot_citation', np.int64(19), np.int64(1))",[],0,,,,,
scalars,"('02_hotpot_citation', np.int64(19), np.int64(2))",[],0,,,,,
scalars,"('02_hotpot_citation', np.int64(19), np.int64(3))",[],0,,,,,
scalars,"('02_hotpot_citation', np.int64(19), np.int64(4))",[],0,,,,,
scalars,"('02_hotpot_citation', np.int64(19), np.int64(5))",[],0,,,,,
scalars,"('02_hotpot_citation', np.int64(19), np.int64(7))",[5],1,,,,,
scalars,"('02_hotpot_citation', np.int64(19), np.int64(8))",[5],1,,,,,
scalars,"('02_hotpot_citation', np.int64(19), np.int64(9))",[],0,,,,,
scalars,"('02_hotpot_citation', np.int64(19), np.int64(10))",[],0,,,,,
scalars,"('02_hotpot_citation', np.int64(19), np.int64(11))",[],0,,,,,
scalars,"('02_hotpot_citation', np.int64(19), np.int64(12))",[],0,,,,,
scalars,"('02_hotpot_citation', np.int64(19), np.int64(13))",[5],1,,,,,
scalars,"('02_hotpot_citation', np.int64(19), np.int64(14))",[],0,,,,,
scalars,"('02_hotpot_citation', np.int64(19), np.int64(15))",[5],1,,,,,
scalars,"('02_hotpot_citation', np.int64(19), np.int64(16))",[],0,,,,,
scalars,"('02_hotpot_citation', np.int64(19), np.int64(18))",[],0,,,,,
scalars,"('02_hotpot_citation', np.int64(19), np.int64(19))",[],0,,,,,
scalars,"('02_hotpot_citation', np.int64(19), np.int64(20))",[],0,,,,,
scalars,"('02_hotpot_citation', np.int64(19), np.int64(21))",[],0,,,,,
scalars,"('02_hotpot_citation', np.int64(19), np.int64(22))",[],0,,,,,
scalars,"('02_hotpot_citation', np.int64(19), np.int64(23))",[],0,,,,,
scalars,"('02_hotpot_citation', np.int64(19), np.int64(24))",[5],1,,,,,
scalars,"('02_hotpot_citation', np.int64(19), np.int64(25))",[5],1,,,,,
scalars,"('02_hotpot_citation', np.int64(19), np.int64(26))",[],0,,,,,
scalars,"('03_novelhop_multihop', np.int64(0), np.int64(0))",[],0,,,,,
scalars,"('03_novelhop_multihop', np.int64(0), np.int64(1))",[],0,,,,,
scalars,"('03_novelhop_multihop', np.int64(0), np.int64(2))",[5],1,,,,,
scalars,"('03_novelhop_multihop', np.int64(0), np.int64(3))",[5],1,,,,,
scalars,"('03_novelhop_multihop', np.int64(0), np.int64(4))",[5],1,,,,,
scalars,"('03_novelhop_multihop', np.int64(0), np.int64(5))",[5],1,,,,,
scalars,"('03_novelhop_multihop', np.int64(0), np.int64(6))",[5],1,,,,,
scalars,"('03_novelhop_multihop', np.int64(0), np.int64(7))","[5, 10]",2,,,,,
scalars,"('03_novelhop_multihop', np.int64(0), np.int64(8))","[5, 10]",2,,,,,
scalars,"('03_novelhop_multihop', np.int64(0), np.int64(9))",[5],1,,,,,
scalars,"('03_novelhop_multihop', np.int64(0), np.int64(10))",[],0,,,,,
scalars,"('03_novelhop_multihop', np.int64(0), np.int64(11))",[5],1,,,,,
scalars,"('03_novelhop_multihop', np.int64(0), np.int64(12))",[5],1,,,,,
scalars,"('03_novelhop_multihop', np.int64(0), np.int64(13))",[5],1,,,,,
scalars,"('03_novelhop_multihop', np.int64(0), np.int64(14))",[5],1,,,,,
scalars,"('03_novelhop_multihop', np.int64(0), np.int64(15))",[],0,,,,,
scalars,"('03_novelhop_multihop', np.int64(0), np.int64(16))",[5],1,,,,,
scalars,"('03_novelhop_multihop', np.int64(0), np.int64(17))",[5],1,,,,,
scalars,"('03_novelhop_multihop', np.int64(0), np.int64(18))",[5],1,,,,,
scalars,"('03_novelhop_multihop', np.int64(0), np.int64(19))",[],0,,,,,
scalars,"('03_novelhop_multihop', np.int64(0), np.int64(20))",[],0,,,,,
scalars,"('03_novelhop_multihop', np.int64(0), np.int64(21))",[5],1,,,,,
scalars,"('03_novelhop_multihop', np.int64(0), np.int64(22))",[5],1,,,,,
scalars,"('03_novelhop_multihop', np.int64(0), np.int64(23))",[],0,,,,,
scalars,"('03_novelhop_multihop', np.int64(0), np.int64(24))",[5],1,,,,,
scalars,"('03_novelhop_multihop', np.int64(0), np.int64(25))","[5, 10]",2,,,,,
scalars,"('03_novelhop_multihop', np.int64(0), np.int64(26))","[5, 10]",2,,,,,
scalars,"('03_novelhop_multihop', np.int64(1), np.int64(0))",[],0,,,,,
scalars,"('03_novelhop_multihop', np.int64(1), np.int64(1))",[],0,,,,,
scalars,"('03_novelhop_multihop', np.int64(1), np.int64(2))",[],0,,,,,
scalars,"('03_novelhop_multihop', np.int64(1), np.int64(3))",[],0,,,,,
scalars,"('03_novelhop_multihop', np.int64(1), np.int64(4))",[],0,,,,,
scalars,"('03_novelhop_multihop', np.int64(1), np.int64(5))",[],0,,,,,
scalars,"('03_novelhop_multihop', np.int64(1), np.int64(6))",[],0,,,,,
scalars,"('03_novelhop_multihop', np.int64(1), np.int64(7))",[],0,,,,,
scalars,"('03_novelhop_multihop', np.int64(1), np.int64(8))",[],0,,,,,
scalars,"('03_novelhop_multihop', np.int64(1), np.int64(9))",[],0,,,,,
scalars,"('03_novelhop_multihop', np.int64(1), np.int64(10))",[],0,,,,,
scalars,"('03_novelhop_multihop', np.int64(1), np.int64(11))",[],0,,,,,
scalars,"('03_novelhop_multihop', np.int64(1), np.int64(12))",[],0,,,,,
scalars,"('03_novelhop_multihop', np.int64(1), np.int64(13))",[],0,,,,,
scalars,"('03_novelhop_multihop', np.int64(1), np.int64(14))",[],0,,,,,
scalars,"('03_novelhop_multihop', np.int64(1), np.int64(15))",[],0,,,,,
scalars,"('03_novelhop_multihop', np.int64(1), np.int64(16))",[],0,,,,,
scalars,"('03_novelhop_multihop', np.int64(1), np.int64(17))",[],0,,,,,
scalars,"('03_novelhop_multihop', np.int64(1), np.int64(18))",[],0,,,,,
scalars,"('03_novelhop_multihop', np.int64(1), np.int64(19))",[],0,,,,,
scalars,"('03_novelhop_multihop', np.int64(1), np.int64(20))",[],0,,,,,
scalars,"('03_novelhop_multihop', np.int64(1), np.int64(21))",[],0,,,,,
scalars,"('03_novelhop_multihop', np.int64(1), np.int64(22))",[],0,,,,,
scalars,"('03_novelhop_multihop', np.int64(1), np.int64(23))",[],0,,,,,
scalars,"('03_novelhop_multihop', np.int64(1), np.int64(24))",[],0,,,,,
scalars,"('03_novelhop_multihop', np.int64(1), np.int64(25))",[],0,,,,,
scalars,"('03_novelhop_multihop', np.int64(1), np.int64(26))",[],0,,,,,
scalars,"('03_novelhop_multihop', np.int64(2), np.int64(0))",[5],1,,,,,
scalars,"('03_novelhop_multihop', np.int64(2), np.int64(1))",[],0,,,,,
scalars,"('03_novelhop_multihop', np.int64(2), np.int64(2))",[],0,,,,,
scalars,"('03_novelhop_multihop', np.int64(2), np.int64(3))",[],0,,,,,
scalars,"('03_novelhop_multihop', np.int64(2), np.int64(4))",[],0,,,,,
scalars,"('03_novelhop_multihop', np.int64(2), np.int64(5))",[],0,,,,,
scalars,"('03_novelhop_multihop', np.int64(2), np.int64(6))",[5],1,,,,,
scalars,"('03_novelhop_multihop', np.int64(2), np.int64(7))",[],0,,,,,
scalars,"('03_novelhop_multihop', np.int64(2), np.int64(8))",[5],1,,,,,
scalars,"('03_novelhop_multihop', np.int64(2), np.int64(9))",[5],1,,,,,
scalars,"('03_novelhop_multihop', np.int64(2), np.int64(10))",[],0,,,,,
scalars,"('03_novelhop_multihop', np.int64(2), np.int64(11))",[5],1,,,,,
scalars,"('03_novelhop_multihop', np.int64(2), np.int64(12))",[5],1,,,,,
scalars,"('03_novelhop_multihop', np.int64(2), np.int64(13))",[],0,,,,,
scalars,"('03_novelhop_multihop', np.int64(2), np.int64(14))",[5],1,,,,,
scalars,"('03_novelhop_multihop', np.int64(2), np.int64(15))",[5],1,,,,,
scalars,"('03_novelhop_multihop', np.int64(2), np.int64(16))",[5],1,,,,,
scalars,"('03_novelhop_multihop', np.int64(2), np.int64(17))",[5],1,,,,,
scalars,"('03_novelhop_multihop', np.int64(2), np.int64(18))",[5],1,,,,,
scalars,"('03_novelhop_multihop', np.int64(2), np.int64(19))",[5],1,,,,,
scalars,"('03_novelhop_multihop', np.int64(2), np.int64(20))",[5],1,,,,,
scalars,"('03_novelhop_multihop', np.int64(2), np.int64(21))",[],0,,,,,
scalars,"('03_novelhop_multihop', np.int64(2), np.int64(22))",[],0,,,,,
scalars,"('03_novelhop_multihop', np.int64(2), np.int64(23))",[5],1,,,,,
scalars,"('03_novelhop_multihop', np.int64(2), np.int64(24))",[5],1,,,,,
scalars,"('03_novelhop_multihop', np.int64(2), np.int64(25))",[5],1,,,,,
scalars,"('03_novelhop_multihop', np.int64(2), np.int64(26))",[],0,,,,,
scalars,"('03_novelhop_multihop', np.int64(3), np.int64(0))",[],0,,,,,
scalars,"('03_novelhop_multihop', np.int64(3), np.int64(1))",[],0,,,,,
scalars,"('03_novelhop_multihop', np.int64(3), np.int64(2))",[],0,,,,,
scalars,"('03_novelhop_multihop', np.int64(3), np.int64(3))",[],0,,,,,
scalars,"('03_novelhop_multihop', np.int64(3), np.int64(4))",[5],1,,,,,
scalars,"('03_novelhop_multihop', np.int64(3), np.int64(5))",[],0,,,,,
scalars,"('03_novelhop_multihop', np.int64(3), np.int64(6))",[5],1,,,,,
scalars,"('03_novelhop_multihop', np.int64(3), np.int64(7))",[5],1,,,,,
scalars,"('03_novelhop_multihop', np.int64(3), np.int64(8))",[5],1,,,,,
scalars,"('03_novelhop_multihop', np.int64(3), np.int64(9))",[5],1,,,,,
scalars,"('03_novelhop_multihop', np.int64(3), np.int64(10))",[],0,,,,,
scalars,"('03_novelhop_multihop', np.int64(3), np.int64(11))",[],0,,,,,
scalars,"('03_novelhop_multihop', np.int64(3), np.int64(12))",[],0,,,,,
scalars,"('03_novelhop_multihop', np.int64(3), np.int64(13))",[],0,,,,,
scalars,"('03_novelhop_multihop', np.int64(3), np.int64(14))","[5, 10]",2,,,,,
scalars,"('03_novelhop_multihop', np.int64(3), np.int64(15))",[5],1,,,,,
scalars,"('03_novelhop_multihop', np.int64(3), np.int64(16))",[5],1,,,,,
scalars,"('03_novelhop_multihop', np.int64(3), np.int64(17))",[5],1,,,,,
scalars,"('03_novelhop_multihop', np.int64(3), np.int64(18))","[5, 10]",2,,,,,
scalars,"('03_novelhop_multihop', np.int64(3), np.int64(19))",[],0,,,,,
scalars,"('03_novelhop_multihop', np.int64(3), np.int64(20))",[5],1,,,,,
scalars,"('03_novelhop_multihop', np.int64(3), np.int64(21))",[],0,,,,,
scalars,"('03_novelhop_multihop', np.int64(3), np.int64(22))",[5],1,,,,,
scalars,"('03_novelhop_multihop', np.int64(3), np.int64(23))",[5],1,,,,,
scalars,"('03_novelhop_multihop', np.int64(3), np.int64(24))","[5, 10]",2,,,,,
scalars,"('03_novelhop_multihop', np.int64(3), np.int64(25))",[5],1,,,,,
scalars,"('03_novelhop_multihop', np.int64(3), np.int64(26))",[5],1,,,,,
scalars,"('03_novelhop_multihop', np.int64(4), np.int64(0))",[],0,,,,,
scalars,"('03_novelhop_multihop', np.int64(4), np.int64(1))",[],0,,,,,
scalars,"('03_novelhop_multihop', np.int64(4), np.int64(2))",[],0,,,,,
scalars,"('03_novelhop_multihop', np.int64(4), np.int64(3))",[],0,,,,,
scalars,"('03_novelhop_multihop', np.int64(4), np.int64(4))",[],0,,,,,
scalars,"('03_novelhop_multihop', np.int64(4), np.int64(5))",[],0,,,,,
scalars,"('03_novelhop_multihop', np.int64(4), np.int64(6))",[],0,,,,,
scalars,"('03_novelhop_multihop', np.int64(4), np.int64(7))",[5],1,,,,,
scalars,"('03_novelhop_multihop', np.int64(4), np.int64(8))",[],0,,,,,
scalars,"('03_novelhop_multihop', np.int64(4), np.int64(9))",[],0,,,,,
scalars,"('03_novelhop_multihop', np.int64(4), np.int64(10))",[],0,,,,,
scalars,"('03_novelhop_multihop', np.int64(4), np.int64(11))",[],0,,,,,
scalars,"('03_novelhop_multihop', np.int64(4), np.int64(12))",[],0,,,,,
scalars,"('03_novelhop_multihop', np.int64(4), np.int64(13))",[],0,,,,,
scalars,"('03_novelhop_multihop', np.int64(4), np.int64(14))",[],0,,,,,
scalars,"('03_novelhop_multihop', np.int64(4), np.int64(15))",[5],1,,,,,
scalars,"('03_novelhop_multihop', np.int64(4), np.int64(16))",[5],1,,,,,
scalars,"('03_novelhop_multihop', np.int64(4), np.int64(17))",[],0,,,,,
scalars,"('03_novelhop_multihop', np.int64(4), np.int64(18))",[5],1,,,,,
scalars,"('03_novelhop_multihop', np.int64(4), np.int64(19))",[],0,,,,,
scalars,"('03_novelhop_multihop', np.int64(4), np.int64(20))",[5],1,,,,,
scalars,"('03_novelhop_multihop', np.int64(4), np.int64(21))",[],0,,,,,
scalars,"('03_novelhop_multihop', np.int64(4), np.int64(22))",[],0,,,,,
scalars,"('03_novelhop_multihop', np.int64(4), np.int64(23))",[],0,,,,,
scalars,"('03_novelhop_multihop', np.int64(4), np.int64(24))",[],0,,,,,
scalars,"('03_novelhop_multihop', np.int64(4), np.int64(25))",[],0,,,,,
scalars,"('03_novelhop_multihop', np.int64(4), np.int64(26))",[5],1,,,,,
scalars,"('03_novelhop_multihop', np.int64(5), np.int64(0))",[],0,,,,,
scalars,"('03_novelhop_multihop', np.int64(5), np.int64(1))",[],0,,,,,
scalars,"('03_novelhop_multihop', np.int64(5), np.int64(2))",[],0,,,,,
scalars,"('03_novelhop_multihop', np.int64(5), np.int64(3))",[],0,,,,,
scalars,"('03_novelhop_multihop', np.int64(5), np.int64(4))",[],0,,,,,
scalars,"('03_novelhop_multihop', np.int64(5), np.int64(5))",[],0,,,,,
scalars,"('03_novelhop_multihop', np.int64(5), np.int64(6))",[],0,,,,,
scalars,"('03_novelhop_multihop', np.int64(5), np.int64(7))",[],0,,,,,
scalars,"('03_novelhop_multihop', np.int64(5), np.int64(8))",[5],1,,,,,
scalars,"('03_novelhop_multihop', np.int64(5), np.int64(9))",[5],1,,,,,
scalars,"('03_novelhop_multihop', np.int64(5), np.int64(10))",[],0,,,,,
scalars,"('03_novelhop_multihop', np.int64(5), np.int64(11))",[],0,,,,,
scalars,"('03_novelhop_multihop', np.int64(5), np.int64(12))",[5],1,,,,,
scalars,"('03_novelhop_multihop', np.int64(5), np.int64(13))",[5],1,,,,,
scalars,"('03_novelhop_multihop', np.int64(5), np.int64(14))",[],0,,,,,
scalars,"('03_novelhop_multihop', np.int64(5), np.int64(15))",[],0,,,,,
scalars,"('03_novelhop_multihop', np.int64(5), np.int64(16))",[5],1,,,,,
scalars,"('03_novelhop_multihop', np.int64(5), np.int64(17))",[],0,,,,,
scalars,"('03_novelhop_multihop', np.int64(5), np.int64(18))",[5],1,,,,,
scalars,"('03_novelhop_multihop', np.int64(5), np.int64(19))",[5],1,,,,,
scalars,"('03_novelhop_multihop', np.int64(5), np.int64(20))",[],0,,,,,
scalars,"('03_novelhop_multihop', np.int64(5), np.int64(21))",[],0,,,,,
scalars,"('03_novelhop_multihop', np.int64(5), np.int64(22))",[],0,,,,,
scalars,"('03_novelhop_multihop', np.int64(5), np.int64(23))",[5],1,,,,,
scalars,"('03_novelhop_multihop', np.int64(5), np.int64(24))",[],0,,,,,
scalars,"('03_novelhop_multihop', np.int64(5), np.int64(25))",[],0,,,,,
scalars,"('03_novelhop_multihop', np.int64(5), np.int64(26))",[],0,,,,,
scalars,"('03_novelhop_multihop', np.int64(6), np.int64(0))",[],0,,,,,
scalars,"('03_novelhop_multihop', np.int64(6), np.int64(1))",[],0,,,,,
scalars,"('03_novelhop_multihop', np.int64(6), np.int64(2))",[],0,,,,,
scalars,"('03_novelhop_multihop', np.int64(6), np.int64(3))",[],0,,,,,
scalars,"('03_novelhop_multihop', np.int64(6), np.int64(4))",[],0,,,,,
scalars,"('03_novelhop_multihop', np.int64(6), np.int64(5))",[],0,,,,,
scalars,"('03_novelhop_multihop', np.int64(6), np.int64(6))",[5],1,,,,,
scalars,"('03_novelhop_multihop', np.int64(6), np.int64(7))",[],0,,,,,
scalars,"('03_novelhop_multihop', np.int64(6), np.int64(8))",[],0,,,,,
scalars,"('03_novelhop_multihop', np.int64(6), np.int64(9))","[5, 10]",2,,,,,
scalars,"('03_novelhop_multihop', np.int64(6), np.int64(10))",[],0,,,,,
scalars,"('03_novelhop_multihop', np.int64(6), np.int64(11))",[],0,,,,,
scalars,"('03_novelhop_multihop', np.int64(6), np.int64(12))",[5],1,,,,,
scalars,"('03_novelhop_multihop', np.int64(6), np.int64(13))",[],0,,,,,
scalars,"('03_novelhop_multihop', np.int64(6), np.int64(14))",[],0,,,,,
scalars,"('03_novelhop_multihop', np.int64(6), np.int64(15))",[5],1,,,,,
scalars,"('03_novelhop_multihop', np.int64(6), np.int64(16))",[],0,,,,,
scalars,"('03_novelhop_multihop', np.int64(6), np.int64(17))",[],0,,,,,
scalars,"('03_novelhop_multihop', np.int64(6), np.int64(18))","[5, 10, 15]",3,,,,,
scalars,"('03_novelhop_multihop', np.int64(6), np.int64(19))","[5, 10]",2,,,,,
scalars,"('03_novelhop_multihop', np.int64(6), np.int64(20))",[5],1,,,,,
scalars,"('03_novelhop_multihop', np.int64(6), np.int64(21))",[5],1,,,,,
scalars,"('03_novelhop_multihop', np.int64(6), np.int64(22))",[5],1,,,,,
scalars,"('03_novelhop_multihop', np.int64(6), np.int64(23))",[5],1,,,,,
scalars,"('03_novelhop_multihop', np.int64(6), np.int64(24))","[5, 10]",2,,,,,
scalars,"('03_novelhop_multihop', np.int64(6), np.int64(25))",[],0,,,,,
scalars,"('03_novelhop_multihop', np.int64(6), np.int64(26))",[],0,,,,,
scalars,"('03_novelhop_multihop', np.int64(7), np.int64(0))",[],0,,,,,
scalars,"('03_novelhop_multihop', np.int64(7), np.int64(1))",[5],1,,,,,
scalars,"('03_novelhop_multihop', np.int64(7), np.int64(2))",[5],1,,,,,
scalars,"('03_novelhop_multihop', np.int64(7), np.int64(3))",[5],1,,,,,
scalars,"('03_novelhop_multihop', np.int64(7), np.int64(4))",[],0,,,,,
scalars,"('03_novelhop_multihop', np.int64(7), np.int64(5))",[],0,,,,,
scalars,"('03_novelhop_multihop', np.int64(7), np.int64(6))",[5],1,,,,,
scalars,"('03_novelhop_multihop', np.int64(7), np.int64(7))",[5],1,,,,,
scalars,"('03_novelhop_multihop', np.int64(7), np.int64(8))",[],0,,,,,
scalars,"('03_novelhop_multihop', np.int64(7), np.int64(9))",[],0,,,,,
scalars,"('03_novelhop_multihop', np.int64(7), np.int64(10))",[],0,,,,,
scalars,"('03_novelhop_multihop', np.int64(7), np.int64(11))",[],0,,,,,
scalars,"('03_novelhop_multihop', np.int64(7), np.int64(12))",[5],1,,,,,
scalars,"('03_novelhop_multihop', np.int64(7), np.int64(13))",[],0,,,,,
scalars,"('03_novelhop_multihop', np.int64(7), np.int64(14))",[],0,,,,,
scalars,"('03_novelhop_multihop', np.int64(7), np.int64(15))",[5],1,,,,,
scalars,"('03_novelhop_multihop', np.int64(7), np.int64(16))",[5],1,,,,,
scalars,"('03_novelhop_multihop', np.int64(7), np.int64(17))",[5],1,,,,,
scalars,"('03_novelhop_multihop', np.int64(7), np.int64(18))",[5],1,,,,,
scalars,"('03_novelhop_multihop', np.int64(7), np.int64(19))",[5],1,,,,,
scalars,"('03_novelhop_multihop', np.int64(7), np.int64(20))",[],0,,,,,
scalars,"('03_novelhop_multihop', np.int64(7), np.int64(21))",[],0,,,,,
scalars,"('03_novelhop_multihop', np.int64(7), np.int64(22))",[5],1,,,,,
scalars,"('03_novelhop_multihop', np.int64(7), np.int64(23))",[],0,,,,,
scalars,"('03_novelhop_multihop', np.int64(7), np.int64(24))",[5],1,,,,,
scalars,"('03_novelhop_multihop', np.int64(7), np.int64(25))",[5],1,,,,,
scalars,"('03_novelhop_multihop', np.int64(7), np.int64(26))",[5],1,,,,,
scalars,"('03_novelhop_multihop', np.int64(8), np.int64(0))",[],0,,,,,
scalars,"('03_novelhop_multihop', np.int64(8), np.int64(1))",[],0,,,,,
scalars,"('03_novelhop_multihop', np.int64(8), np.int64(2))",[],0,,,,,
scalars,"('03_novelhop_multihop', np.int64(8), np.int64(3))",[],0,,,,,
scalars,"('03_novelhop_multihop', np.int64(8), np.int64(4))",[],0,,,,,
scalars,"('03_novelhop_multihop', np.int64(8), np.int64(5))",[],0,,,,,
scalars,"('03_novelhop_multihop', np.int64(8), np.int64(6))",[],0,,,,,
scalars,"('03_novelhop_multihop', np.int64(8), np.int64(7))",[],0,,,,,
scalars,"('03_novelhop_multihop', np.int64(8), np.int64(8))",[],0,,,,,
scalars,"('03_novelhop_multihop', np.int64(8), np.int64(9))",[],0,,,,,
scalars,"('03_novelhop_multihop', np.int64(8), np.int64(10))",[],0,,,,,
scalars,"('03_novelhop_multihop', np.int64(8), np.int64(11))",[],0,,,,,
scalars,"('03_novelhop_multihop', np.int64(8), np.int64(12))",[],0,,,,,
scalars,"('03_novelhop_multihop', np.int64(8), np.int64(13))",[],0,,,,,
scalars,"('03_novelhop_multihop', np.int64(8), np.int64(14))",[5],1,,,,,
scalars,"('03_novelhop_multihop', np.int64(8), np.int64(15))",[],0,,,,,
scalars,"('03_novelhop_multihop', np.int64(8), np.int64(16))",[],0,,,,,
scalars,"('03_novelhop_multihop', np.int64(8), np.int64(17))",[],0,,,,,
scalars,"('03_novelhop_multihop', np.int64(8), np.int64(18))","[5, 10]",2,,,,,
scalars,"('03_novelhop_multihop', np.int64(8), np.int64(19))",[],0,,,,,
scalars,"('03_novelhop_multihop', np.int64(8), np.int64(20))",[],0,,,,,
scalars,"('03_novelhop_multihop', np.int64(8), np.int64(21))","[5, 10]",2,,,,,
scalars,"('03_novelhop_multihop', np.int64(8), np.int64(22))",[5],1,,,,,
scalars,"('03_novelhop_multihop', np.int64(8), np.int64(23))",[5],1,,,,,
scalars,"('03_novelhop_multihop', np.int64(8), np.int64(24))",[5],1,,,,,
scalars,"('03_novelhop_multihop', np.int64(8), np.int64(25))",[],0,,,,,
scalars,"('03_novelhop_multihop', np.int64(8), np.int64(26))",[5],1,,,,,
scalars,"('03_novelhop_multihop', np.int64(9), np.int64(0))",[5],1,,,,,
scalars,"('03_novelhop_multihop', np.int64(9), np.int64(1))",[5],1,,,,,
scalars,"('03_novelhop_multihop', np.int64(9), np.int64(2))",[5],1,,,,,
scalars,"('03_novelhop_multihop', np.int64(9), np.int64(3))",[],0,,,,,
scalars,"('03_novelhop_multihop', np.int64(9), np.int64(4))",[],0,,,,,
scalars,"('03_novelhop_multihop', np.int64(9), np.int64(5))",[5],1,,,,,
scalars,"('03_novelhop_multihop', np.int64(9), np.int64(6))",[],0,,,,,
scalars,"('03_novelhop_multihop', np.int64(9), np.int64(7))",[5],1,,,,,
scalars,"('03_novelhop_multihop', np.int64(9), np.int64(8))",[5],1,,,,,
scalars,"('03_novelhop_multihop', np.int64(9), np.int64(9))",[],0,,,,,
scalars,"('03_novelhop_multihop', np.int64(9), np.int64(10))",[5],1,,,,,
scalars,"('03_novelhop_multihop', np.int64(9), np.int64(11))",[],0,,,,,
scalars,"('03_novelhop_multihop', np.int64(9), np.int64(12))",[5],1,,,,,
scalars,"('03_novelhop_multihop', np.int64(9), np.int64(13))",[5],1,,,,,
scalars,"('03_novelhop_multihop', np.int64(9), np.int64(14))",[],0,,,,,
scalars,"('03_novelhop_multihop', np.int64(9), np.int64(15))",[],0,,,,,
scalars,"('03_novelhop_multihop', np.int64(9), np.int64(16))",[5],1,,,,,
scalars,"('03_novelhop_multihop', np.int64(9), np.int64(17))",[5],1,,,,,
scalars,"('03_novelhop_multihop', np.int64(9), np.int64(18))",[5],1,,,,,
scalars,"('03_novelhop_multihop', np.int64(9), np.int64(19))",[],0,,,,,
scalars,"('03_novelhop_multihop', np.int64(9), np.int64(20))",[],0,,,,,
scalars,"('03_novelhop_multihop', np.int64(9), np.int64(21))",[],0,,,,,
scalars,"('03_novelhop_multihop', np.int64(9), np.int64(22))",[],0,,,,,
scalars,"('03_novelhop_multihop', np.int64(9), np.int64(23))",[5],1,,,,,
scalars,"('03_novelhop_multihop', np.int64(9), np.int64(24))",[5],1,,,,,
scalars,"('03_novelhop_multihop', np.int64(9), np.int64(25))",[5],1,,,,,
scalars,"('03_novelhop_multihop', np.int64(9), np.int64(26))",[],0,,,,,
scalars,"('03_novelhop_multihop', np.int64(10), np.int64(0))",[],0,,,,,
scalars,"('03_novelhop_multihop', np.int64(10), np.int64(1))",[],0,,,,,
scalars,"('03_novelhop_multihop', np.int64(10), np.int64(2))",[],0,,,,,
scalars,"('03_novelhop_multihop', np.int64(10), np.int64(3))",[],0,,,,,
scalars,"('03_novelhop_multihop', np.int64(10), np.int64(4))",[],0,,,,,
scalars,"('03_novelhop_multihop', np.int64(10), np.int64(5))",[5],1,,,,,
scalars,"('03_novelhop_multihop', np.int64(10), np.int64(6))",[],0,,,,,
scalars,"('03_novelhop_multihop', np.int64(10), np.int64(7))",[],0,,,,,
scalars,"('03_novelhop_multihop', np.int64(10), np.int64(8))",[],0,,,,,
scalars,"('03_novelhop_multihop', np.int64(10), np.int64(9))",[],0,,,,,
scalars,"('03_novelhop_multihop', np.int64(10), np.int64(10))",[],0,,,,,
scalars,"('03_novelhop_multihop', np.int64(10), np.int64(11))",[],0,,,,,
scalars,"('03_novelhop_multihop', np.int64(10), np.int64(12))",[],0,,,,,
scalars,"('03_novelhop_multihop', np.int64(10), np.int64(13))",[5],1,,,,,
scalars,"('03_novelhop_multihop', np.int64(10), np.int64(14))",[],0,,,,,
scalars,"('03_novelhop_multihop', np.int64(10), np.int64(15))",[],0,,,,,
scalars,"('03_novelhop_multihop', np.int64(10), np.int64(16))","[5, 10, 15, 20]",4,,,,,
scalars,"('03_novelhop_multihop', np.int64(10), np.int64(17))",[],0,,,,,
scalars,"('03_novelhop_multihop', np.int64(10), np.int64(18))",[5],1,,,,,
scalars,"('03_novelhop_multihop', np.int64(10), np.int64(19))",[],0,,,,,
scalars,"('03_novelhop_multihop', np.int64(10), np.int64(20))",[],0,,,,,
scalars,"('03_novelhop_multihop', np.int64(10), np.int64(21))",[],0,,,,,
scalars,"('03_novelhop_multihop', np.int64(10), np.int64(22))",[],0,,,,,
scalars,"('03_novelhop_multihop', np.int64(10), np.int64(23))",[],0,,,,,
scalars,"('03_novelhop_multihop', np.int64(10), np.int64(24))",[],0,,,,,
scalars,"('03_novelhop_multihop', np.int64(10), np.int64(25))",[5],1,,,,,
scalars,"('03_novelhop_multihop', np.int64(10), np.int64(26))",[],0,,,,,
scalars,"('03_novelhop_multihop', np.int64(11), np.int64(0))",[],0,,,,,
scalars,"('03_novelhop_multihop', np.int64(11), np.int64(1))",[],0,,,,,
scalars,"('03_novelhop_multihop', np.int64(11), np.int64(2))",[5],1,,,,,
scalars,"('03_novelhop_multihop', np.int64(11), np.int64(3))",[],0,,,,,
scalars,"('03_novelhop_multihop', np.int64(11), np.int64(4))",[],0,,,,,
scalars,"('03_novelhop_multihop', np.int64(11), np.int64(5))",[],0,,,,,
scalars,"('03_novelhop_multihop', np.int64(11), np.int64(6))",[],0,,,,,
scalars,"('03_novelhop_multihop', np.int64(11), np.int64(7))",[],0,,,,,
scalars,"('03_novelhop_multihop', np.int64(11), np.int64(8))",[5],1,,,,,
scalars,"('03_novelhop_multihop', np.int64(11), np.int64(9))",[],0,,,,,
scalars,"('03_novelhop_multihop', np.int64(11), np.int64(10))",[],0,,,,,
scalars,"('03_novelhop_multihop', np.int64(11), np.int64(11))",[],0,,,,,
scalars,"('03_novelhop_multihop', np.int64(11), np.int64(12))",[],0,,,,,
scalars,"('03_novelhop_multihop', np.int64(11), np.int64(13))",[5],1,,,,,
scalars,"('03_novelhop_multihop', np.int64(11), np.int64(14))",[],0,,,,,
scalars,"('03_novelhop_multihop', np.int64(11), np.int64(15))",[],0,,,,,
scalars,"('03_novelhop_multihop', np.int64(11), np.int64(16))",[],0,,,,,
scalars,"('03_novelhop_multihop', np.int64(11), np.int64(17))",[5],1,,,,,
scalars,"('03_novelhop_multihop', np.int64(11), np.int64(18))",[],0,,,,,
scalars,"('03_novelhop_multihop', np.int64(11), np.int64(19))",[5],1,,,,,
scalars,"('03_novelhop_multihop', np.int64(11), np.int64(20))",[],0,,,,,
scalars,"('03_novelhop_multihop', np.int64(11), np.int64(21))",[5],1,,,,,
scalars,"('03_novelhop_multihop', np.int64(11), np.int64(22))",[],0,,,,,
scalars,"('03_novelhop_multihop', np.int64(11), np.int64(23))",[],0,,,,,
scalars,"('03_novelhop_multihop', np.int64(11), np.int64(24))",[5],1,,,,,
scalars,"('03_novelhop_multihop', np.int64(11), np.int64(25))",[5],1,,,,,
scalars,"('03_novelhop_multihop', np.int64(11), np.int64(26))",[5],1,,,,,
scalars,"('03_novelhop_multihop', np.int64(12), np.int64(0))",[5],1,,,,,
scalars,"('03_novelhop_multihop', np.int64(12), np.int64(1))",[],0,,,,,
scalars,"('03_novelhop_multihop', np.int64(12), np.int64(2))",[],0,,,,,
scalars,"('03_novelhop_multihop', np.int64(12), np.int64(3))",[],0,,,,,
scalars,"('03_novelhop_multihop', np.int64(12), np.int64(4))","[5, 10]",2,,,,,
scalars,"('03_novelhop_multihop', np.int64(12), np.int64(5))","[5, 10]",2,,,,,
scalars,"('03_novelhop_multihop', np.int64(12), np.int64(6))",[5],1,,,,,
scalars,"('03_novelhop_multihop', np.int64(12), np.int64(7))",[5],1,,,,,
scalars,"('03_novelhop_multihop', np.int64(12), np.int64(8))",[5],1,,,,,
scalars,"('03_novelhop_multihop', np.int64(12), np.int64(9))",[5],1,,,,,
scalars,"('03_novelhop_multihop', np.int64(12), np.int64(10))",[],0,,,,,
scalars,"('03_novelhop_multihop', np.int64(12), np.int64(11))",[],0,,,,,
scalars,"('03_novelhop_multihop', np.int64(12), np.int64(12))",[],0,,,,,
scalars,"('03_novelhop_multihop', np.int64(12), np.int64(13))",[5],1,,,,,
scalars,"('03_novelhop_multihop', np.int64(12), np.int64(14))",[5],1,,,,,
scalars,"('03_novelhop_multihop', np.int64(12), np.int64(15))",[5],1,,,,,
scalars,"('03_novelhop_multihop', np.int64(12), np.int64(16))",[5],1,,,,,
scalars,"('03_novelhop_multihop', np.int64(12), np.int64(17))",[5],1,,,,,
scalars,"('03_novelhop_multihop', np.int64(12), np.int64(18))","[5, 10]",2,,,,,
scalars,"('03_novelhop_multihop', np.int64(12), np.int64(19))",[],0,,,,,
scalars,"('03_novelhop_multihop', np.int64(12), np.int64(20))",[5],1,,,,,
scalars,"('03_novelhop_multihop', np.int64(12), np.int64(21))",[],0,,,,,
scalars,"('03_novelhop_multihop', np.int64(12), np.int64(22))",[5],1,,,,,
scalars,"('03_novelhop_multihop', np.int64(12), np.int64(23))",[5],1,,,,,
scalars,"('03_novelhop_multihop', np.int64(12), np.int64(24))",[5],1,,,,,
scalars,"('03_novelhop_multihop', np.int64(12), np.int64(25))",[5],1,,,,,
scalars,"('03_novelhop_multihop', np.int64(12), np.int64(26))",[5],1,,,,,
scalars,"('03_novelhop_multihop', np.int64(13), np.int64(0))",[],0,,,,,
scalars,"('03_novelhop_multihop', np.int64(13), np.int64(1))",[5],1,,,,,
scalars,"('03_novelhop_multihop', np.int64(13), np.int64(2))",[],0,,,,,
scalars,"('03_novelhop_multihop', np.int64(13), np.int64(3))",[],0,,,,,
scalars,"('03_novelhop_multihop', np.int64(13), np.int64(4))",[],0,,,,,
scalars,"('03_novelhop_multihop', np.int64(13), np.int64(5))",[],0,,,,,
scalars,"('03_novelhop_multihop', np.int64(13), np.int64(6))",[],0,,,,,
scalars,"('03_novelhop_multihop', np.int64(13), np.int64(7))",[5],1,,,,,
scalars,"('03_novelhop_multihop', np.int64(13), np.int64(8))",[5],1,,,,,
scalars,"('03_novelhop_multihop', np.int64(13), np.int64(9))",[],0,,,,,
scalars,"('03_novelhop_multihop', np.int64(13), np.int64(10))",[],0,,,,,
scalars,"('03_novelhop_multihop', np.int64(13), np.int64(11))",[],0,,,,,
scalars,"('03_novelhop_multihop', np.int64(13), np.int64(12))",[],0,,,,,
scalars,"('03_novelhop_multihop', np.int64(13), np.int64(13))",[5],1,,,,,
scalars,"('03_novelhop_multihop', np.int64(13), np.int64(14))",[],0,,,,,
scalars,"('03_novelhop_multihop', np.int64(13), np.int64(15))",[],0,,,,,
scalars,"('03_novelhop_multihop', np.int64(13), np.int64(16))",[],0,,,,,
scalars,"('03_novelhop_multihop', np.int64(13), np.int64(17))",[5],1,,,,,
scalars,"('03_novelhop_multihop', np.int64(13), np.int64(18))",[5],1,,,,,
scalars,"('03_novelhop_multihop', np.int64(13), np.int64(19))",[5],1,,,,,
scalars,"('03_novelhop_multihop', np.int64(13), np.int64(20))",[],0,,,,,
scalars,"('03_novelhop_multihop', np.int64(13), np.int64(21))",[],0,,,,,
scalars,"('03_novelhop_multihop', np.int64(13), np.int64(22))",[],0,,,,,
scalars,"('03_novelhop_multihop', np.int64(13), np.int64(23))",[],0,,,,,
scalars,"('03_novelhop_multihop', np.int64(13), np.int64(24))",[5],1,,,,,
scalars,"('03_novelhop_multihop', np.int64(13), np.int64(25))",[],0,,,,,
scalars,"('03_novelhop_multihop', np.int64(13), np.int64(26))",[5],1,,,,,
scalars,"('03_novelhop_multihop', np.int64(14), np.int64(0))",[],0,,,,,
scalars,"('03_novelhop_multihop', np.int64(14), np.int64(1))",[],0,,,,,
scalars,"('03_novelhop_multihop', np.int64(14), np.int64(2))",[],0,,,,,
scalars,"('03_novelhop_multihop', np.int64(14), np.int64(3))",[],0,,,,,
scalars,"('03_novelhop_multihop', np.int64(14), np.int64(4))",[],0,,,,,
scalars,"('03_novelhop_multihop', np.int64(14), np.int64(5))",[],0,,,,,
scalars,"('03_novelhop_multihop', np.int64(14), np.int64(6))",[],0,,,,,
scalars,"('03_novelhop_multihop', np.int64(14), np.int64(7))",[],0,,,,,
scalars,"('03_novelhop_multihop', np.int64(14), np.int64(8))",[],0,,,,,
scalars,"('03_novelhop_multihop', np.int64(14), np.int64(9))",[],0,,,,,
scalars,"('03_novelhop_multihop', np.int64(14), np.int64(10))",[],0,,,,,
scalars,"('03_novelhop_multihop', np.int64(14), np.int64(11))",[],0,,,,,
scalars,"('03_novelhop_multihop', np.int64(14), np.int64(12))",[],0,,,,,
scalars,"('03_novelhop_multihop', np.int64(14), np.int64(13))",[],0,,,,,
scalars,"('03_novelhop_multihop', np.int64(14), np.int64(14))",[],0,,,,,
scalars,"('03_novelhop_multihop', np.int64(14), np.int64(15))",[],0,,,,,
scalars,"('03_novelhop_multihop', np.int64(14), np.int64(16))",[],0,,,,,
scalars,"('03_novelhop_multihop', np.int64(14), np.int64(17))",[],0,,,,,
scalars,"('03_novelhop_multihop', np.int64(14), np.int64(18))",[5],1,,,,,
scalars,"('03_novelhop_multihop', np.int64(14), np.int64(19))",[5],1,,,,,
scalars,"('03_novelhop_multihop', np.int64(14), np.int64(20))",[5],1,,,,,
scalars,"('03_novelhop_multihop', np.int64(14), np.int64(21))",[],0,,,,,
scalars,"('03_novelhop_multihop', np.int64(14), np.int64(22))",[],0,,,,,
scalars,"('03_novelhop_multihop', np.int64(14), np.int64(23))",[],0,,,,,
scalars,"('03_novelhop_multihop', np.int64(14), np.int64(24))",[5],1,,,,,
scalars,"('03_novelhop_multihop', np.int64(14), np.int64(25))",[],0,,,,,
scalars,"('03_novelhop_multihop', np.int64(14), np.int64(26))",[],0,,,,,
scalars,"('03_novelhop_multihop', np.int64(15), np.int64(0))",[5],1,,,,,
scalars,"('03_novelhop_multihop', np.int64(15), np.int64(1))",[],0,,,,,
scalars,"('03_novelhop_multihop', np.int64(15), np.int64(2))",[5],1,,,,,
scalars,"('03_novelhop_multihop', np.int64(15), np.int64(3))",[5],1,,,,,
scalars,"('03_novelhop_multihop', np.int64(15), np.int64(4))",[5],1,,,,,
scalars,"('03_novelhop_multihop', np.int64(15), np.int64(5))",[],0,,,,,
scalars,"('03_novelhop_multihop', np.int64(15), np.int64(6))",[5],1,,,,,
scalars,"('03_novelhop_multihop', np.int64(15), np.int64(7))",[],0,,,,,
scalars,"('03_novelhop_multihop', np.int64(15), np.int64(8))",[],0,,,,,
scalars,"('03_novelhop_multihop', np.int64(15), np.int64(9))",[],0,,,,,
scalars,"('03_novelhop_multihop', np.int64(15), np.int64(10))",[],0,,,,,
scalars,"('03_novelhop_multihop', np.int64(15), np.int64(11))",[],0,,,,,
scalars,"('03_novelhop_multihop', np.int64(15), np.int64(12))",[],0,,,,,
scalars,"('03_novelhop_multihop', np.int64(15), np.int64(13))",[],0,,,,,
scalars,"('03_novelhop_multihop', np.int64(15), np.int64(14))",[5],1,,,,,
scalars,"('03_novelhop_multihop', np.int64(15), np.int64(15))",[5],1,,,,,
scalars,"('03_novelhop_multihop', np.int64(15), np.int64(16))",[],0,,,,,
scalars,"('03_novelhop_multihop', np.int64(15), np.int64(17))",[5],1,,,,,
scalars,"('03_novelhop_multihop', np.int64(15), np.int64(18))",[5],1,,,,,
scalars,"('03_novelhop_multihop', np.int64(15), np.int64(19))",[5],1,,,,,
scalars,"('03_novelhop_multihop', np.int64(15), np.int64(20))",[],0,,,,,
scalars,"('03_novelhop_multihop', np.int64(15), np.int64(21))",[5],1,,,,,
scalars,"('03_novelhop_multihop', np.int64(15), np.int64(22))",[5],1,,,,,
scalars,"('03_novelhop_multihop', np.int64(15), np.int64(23))",[5],1,,,,,
scalars,"('03_novelhop_multihop', np.int64(15), np.int64(24))",[5],1,,,,,
scalars,"('03_novelhop_multihop', np.int64(15), np.int64(25))",[],0,,,,,
scalars,"('03_novelhop_multihop', np.int64(15), np.int64(26))",[5],1,,,,,
scalars,"('03_novelhop_multihop', np.int64(16), np.int64(0))",[],0,,,,,
scalars,"('03_novelhop_multihop', np.int64(16), np.int64(1))",[],0,,,,,
scalars,"('03_novelhop_multihop', np.int64(16), np.int64(2))",[],0,,,,,
scalars,"('03_novelhop_multihop', np.int64(16), np.int64(3))",[],0,,,,,
scalars,"('03_novelhop_multihop', np.int64(16), np.int64(4))",[],0,,,,,
scalars,"('03_novelhop_multihop', np.int64(16), np.int64(5))",[5],1,,,,,
scalars,"('03_novelhop_multihop', np.int64(16), np.int64(6))",[5],1,,,,,
scalars,"('03_novelhop_multihop', np.int64(16), np.int64(7))",[],0,,,,,
scalars,"('03_novelhop_multihop', np.int64(16), np.int64(8))",[],0,,,,,
scalars,"('03_novelhop_multihop', np.int64(16), np.int64(9))",[],0,,,,,
scalars,"('03_novelhop_multihop', np.int64(16), np.int64(10))",[],0,,,,,
scalars,"('03_novelhop_multihop', np.int64(16), np.int64(11))",[],0,,,,,
scalars,"('03_novelhop_multihop', np.int64(16), np.int64(12))",[],0,,,,,
scalars,"('03_novelhop_multihop', np.int64(16), np.int64(13))",[],0,,,,,
scalars,"('03_novelhop_multihop', np.int64(16), np.int64(14))",[],0,,,,,
scalars,"('03_novelhop_multihop', np.int64(16), np.int64(15))",[],0,,,,,
scalars,"('03_novelhop_multihop', np.int64(16), np.int64(16))",[5],1,,,,,
scalars,"('03_novelhop_multihop', np.int64(16), np.int64(17))",[],0,,,,,
scalars,"('03_novelhop_multihop', np.int64(16), np.int64(18))",[],0,,,,,
scalars,"('03_novelhop_multihop', np.int64(16), np.int64(19))",[],0,,,,,
scalars,"('03_novelhop_multihop', np.int64(16), np.int64(20))",[],0,,,,,
scalars,"('03_novelhop_multihop', np.int64(16), np.int64(21))",[],0,,,,,
scalars,"('03_novelhop_multihop', np.int64(16), np.int64(22))",[],0,,,,,
scalars,"('03_novelhop_multihop', np.int64(16), np.int64(23))",[5],1,,,,,
scalars,"('03_novelhop_multihop', np.int64(16), np.int64(24))",[],0,,,,,
scalars,"('03_novelhop_multihop', np.int64(16), np.int64(25))",[],0,,,,,
scalars,"('03_novelhop_multihop', np.int64(16), np.int64(26))",[],0,,,,,
scalars,"('03_novelhop_multihop', np.int64(17), np.int64(0))",[],0,,,,,
scalars,"('03_novelhop_multihop', np.int64(17), np.int64(1))",[],0,,,,,
scalars,"('03_novelhop_multihop', np.int64(17), np.int64(2))",[],0,,,,,
scalars,"('03_novelhop_multihop', np.int64(17), np.int64(3))",[],0,,,,,
scalars,"('03_novelhop_multihop', np.int64(17), np.int64(4))",[],0,,,,,
scalars,"('03_novelhop_multihop', np.int64(17), np.int64(5))",[],0,,,,,
scalars,"('03_novelhop_multihop', np.int64(17), np.int64(6))",[],0,,,,,
scalars,"('03_novelhop_multihop', np.int64(17), np.int64(7))",[],0,,,,,
scalars,"('03_novelhop_multihop', np.int64(17), np.int64(8))",[],0,,,,,
scalars,"('03_novelhop_multihop', np.int64(17), np.int64(9))",[],0,,,,,
scalars,"('03_novelhop_multihop', np.int64(17), np.int64(10))",[],0,,,,,
scalars,"('03_novelhop_multihop', np.int64(17), np.int64(11))",[],0,,,,,
scalars,"('03_novelhop_multihop', np.int64(17), np.int64(12))",[],0,,,,,
scalars,"('03_novelhop_multihop', np.int64(17), np.int64(13))",[],0,,,,,
scalars,"('03_novelhop_multihop', np.int64(17), np.int64(14))",[],0,,,,,
scalars,"('03_novelhop_multihop', np.int64(17), np.int64(15))",[],0,,,,,
scalars,"('03_novelhop_multihop', np.int64(17), np.int64(16))",[],0,,,,,
scalars,"('03_novelhop_multihop', np.int64(17), np.int64(17))",[],0,,,,,
scalars,"('03_novelhop_multihop', np.int64(17), np.int64(18))",[5],1,,,,,
scalars,"('03_novelhop_multihop', np.int64(17), np.int64(19))",[5],1,,,,,
scalars,"('03_novelhop_multihop', np.int64(17), np.int64(20))",[],0,,,,,
scalars,"('03_novelhop_multihop', np.int64(17), np.int64(21))",[5],1,,,,,
scalars,"('03_novelhop_multihop', np.int64(17), np.int64(22))",[5],1,,,,,
scalars,"('03_novelhop_multihop', np.int64(17), np.int64(23))",[],0,,,,,
scalars,"('03_novelhop_multihop', np.int64(17), np.int64(24))",[5],1,,,,,
scalars,"('03_novelhop_multihop', np.int64(17), np.int64(25))",[],0,,,,,
scalars,"('03_novelhop_multihop', np.int64(17), np.int64(26))",[5],1,,,,,
scalars,"('03_novelhop_multihop', np.int64(18), np.int64(0))",[],0,,,,,
scalars,"('03_novelhop_multihop', np.int64(18), np.int64(1))",[5],1,,,,,
scalars,"('03_novelhop_multihop', np.int64(18), np.int64(2))",[],0,,,,,
scalars,"('03_novelhop_multihop', np.int64(18), np.int64(3))","[5, 10]",2,,,,,
scalars,"('03_novelhop_multihop', np.int64(18), np.int64(4))",[5],1,,,,,
scalars,"('03_novelhop_multihop', np.int64(18), np.int64(5))",[],0,,,,,
scalars,"('03_novelhop_multihop', np.int64(18), np.int64(6))",[5],1,,,,,
scalars,"('03_novelhop_multihop', np.int64(18), np.int64(7))",[5],1,,,,,
scalars,"('03_novelhop_multihop', np.int64(18), np.int64(8))",[],0,,,,,
scalars,"('03_novelhop_multihop', np.int64(18), np.int64(9))",[],0,,,,,
scalars,"('03_novelhop_multihop', np.int64(18), np.int64(10))",[],0,,,,,
scalars,"('03_novelhop_multihop', np.int64(18), np.int64(11))",[],0,,,,,
scalars,"('03_novelhop_multihop', np.int64(18), np.int64(12))",[],0,,,,,
scalars,"('03_novelhop_multihop', np.int64(18), np.int64(13))",[5],1,,,,,
scalars,"('03_novelhop_multihop', np.int64(18), np.int64(14))",[5],1,,,,,
scalars,"('03_novelhop_multihop', np.int64(18), np.int64(15))",[5],1,,,,,
scalars,"('03_novelhop_multihop', np.int64(18), np.int64(16))",[5],1,,,,,
scalars,"('03_novelhop_multihop', np.int64(18), np.int64(17))",[5],1,,,,,
scalars,"('03_novelhop_multihop', np.int64(18), np.int64(18))",[5],1,,,,,
scalars,"('03_novelhop_multihop', np.int64(18), np.int64(19))",[5],1,,,,,
scalars,"('03_novelhop_multihop', np.int64(18), np.int64(20))",[5],1,,,,,
scalars,"('03_novelhop_multihop', np.int64(18), np.int64(21))",[5],1,,,,,
scalars,"('03_novelhop_multihop', np.int64(18), np.int64(22))",[5],1,,,,,
scalars,"('03_novelhop_multihop', np.int64(18), np.int64(23))",[5],1,,,,,
scalars,"('03_novelhop_multihop', np.int64(18), np.int64(24))",[],0,,,,,
scalars,"('03_novelhop_multihop', np.int64(18), np.int64(25))",[5],1,,,,,
scalars,"('03_novelhop_multihop', np.int64(18), np.int64(26))",[5],1,,,,,
scalars,"('03_novelhop_multihop', np.int64(19), np.int64(0))",[],0,,,,,
scalars,"('03_novelhop_multihop', np.int64(19), np.int64(1))",[],0,,,,,
scalars,"('03_novelhop_multihop', np.int64(19), np.int64(2))",[],0,,,,,
scalars,"('03_novelhop_multihop', np.int64(19), np.int64(3))",[],0,,,,,
scalars,"('03_novelhop_multihop', np.int64(19), np.int64(4))",[],0,,,,,
scalars,"('03_novelhop_multihop', np.int64(19), np.int64(5))",[],0,,,,,
scalars,"('03_novelhop_multihop', np.int64(19), np.int64(6))",[],0,,,,,
scalars,"('03_novelhop_multihop', np.int64(19), np.int64(7))",[5],1,,,,,
scalars,"('03_novelhop_multihop', np.int64(19), np.int64(8))",[],0,,,,,
scalars,"('03_novelhop_multihop', np.int64(19), np.int64(9))",[],0,,,,,
scalars,"('03_novelhop_multihop', np.int64(19), np.int64(10))",[],0,,,,,
scalars,"('03_novelhop_multihop', np.int64(19), np.int64(11))",[],0,,,,,
scalars,"('03_novelhop_multihop', np.int64(19), np.int64(12))",[],0,,,,,
scalars,"('03_novelhop_multihop', np.int64(19), np.int64(13))",[],0,,,,,
scalars,"('03_novelhop_multihop', np.int64(19), np.int64(14))",[],0,,,,,
scalars,"('03_novelhop_multihop', np.int64(19), np.int64(15))",[],0,,,,,
scalars,"('03_novelhop_multihop', np.int64(19), np.int64(16))",[],0,,,,,
scalars,"('03_novelhop_multihop', np.int64(19), np.int64(17))",[5],1,,,,,
scalars,"('03_novelhop_multihop', np.int64(19), np.int64(18))",[5],1,,,,,
scalars,"('03_novelhop_multihop', np.int64(19), np.int64(19))",[5],1,,,,,
scalars,"('03_novelhop_multihop', np.int64(19), np.int64(20))",[],0,,,,,
scalars,"('03_novelhop_multihop', np.int64(19), np.int64(21))",[],0,,,,,
scalars,"('03_novelhop_multihop', np.int64(19), np.int64(22))",[],0,,,,,
scalars,"('03_novelhop_multihop', np.int64(19), np.int64(23))",[],0,,,,,
scalars,"('03_novelhop_multihop', np.int64(19), np.int64(24))",[5],1,,,,,
scalars,"('03_novelhop_multihop', np.int64(19), np.int64(25))",[],0,,,,,
scalars,"('03_novelhop_multihop', np.int64(19), np.int64(26))",[],0,,,,,
scalars,"('04_temporal_recency', np.int64(0), np.int64(8))",[5],1,,,,,
scalars,"('04_temporal_recency', np.int64(0), np.int64(16))",[],0,,,,,
scalars,"('04_temporal_recency', np.int64(0), np.int64(17))",[5],1,,,,,
scalars,"('04_temporal_recency', np.int64(0), np.int64(21))",[],0,,,,,
scalars,"('04_temporal_recency', np.int64(0), np.int64(22))",[],0,,,,,
scalars,"('04_temporal_recency', np.int64(0), np.int64(24))","[5, 10]",2,,,,,
scalars,"('04_temporal_recency', np.int64(0), np.int64(25))","[5, 10]",2,,,,,
scalars,"('04_temporal_recency', np.int64(0), np.int64(26))",[],0,,,,,
scalars,"('04_temporal_recency', np.int64(1), np.int64(0))",[],0,,,,,
scalars,"('04_temporal_recency', np.int64(1), np.int64(1))",[],0,,,,,
scalars,"('04_temporal_recency', np.int64(1), np.int64(2))",[],0,,,,,
scalars,"('04_temporal_recency', np.int64(1), np.int64(3))",[],0,,,,,
scalars,"('04_temporal_recency', np.int64(1), np.int64(4))",[],0,,,,,
scalars,"('04_temporal_recency', np.int64(1), np.int64(5))",[],0,,,,,
scalars,"('04_temporal_recency', np.int64(1), np.int64(6))",[],0,,,,,
scalars,"('04_temporal_recency', np.int64(1), np.int64(7))",[],0,,,,,
scalars,"('04_temporal_recency', np.int64(1), np.int64(8))",[],0,,,,,
scalars,"('04_temporal_recency', np.int64(1), np.int64(9))",[],0,,,,,
scalars,"('04_temporal_recency', np.int64(1), np.int64(10))",[],0,,,,,
scalars,"('04_temporal_recency', np.int64(1), np.int64(11))",[],0,,,,,
scalars,"('04_temporal_recency', np.int64(1), np.int64(13))",[],0,,,,,
scalars,"('04_temporal_recency', np.int64(1), np.int64(15))",[],0,,,,,
scalars,"('04_temporal_recency', np.int64(1), np.int64(16))",[],0,,,,,
scalars,"('04_temporal_recency', np.int64(1), np.int64(17))",[],0,,,,,
scalars,"('04_temporal_recency', np.int64(1), np.int64(18))",[5],1,,,,,
scalars,"('04_temporal_recency', np.int64(1), np.int64(19))",[],0,,,,,
scalars,"('04_temporal_recency', np.int64(1), np.int64(20))",[],0,,,,,
scalars,"('04_temporal_recency', np.int64(1), np.int64(21))",[],0,,,,,
scalars,"('04_temporal_recency', np.int64(1), np.int64(22))",[],0,,,,,
scalars,"('04_temporal_recency', np.int64(1), np.int64(23))",[],0,,,,,
scalars,"('04_temporal_recency', np.int64(1), np.int64(24))","[5, 10]",2,,,,,
scalars,"('04_temporal_recency', np.int64(1), np.int64(25))","[5, 10]",2,,,,,
scalars,"('04_temporal_recency', np.int64(1), np.int64(26))",[5],1,,,,,
scalars,"('04_temporal_recency', np.int64(2), np.int64(0))",[],0,,,,,
scalars,"('04_temporal_recency', np.int64(2), np.int64(1))",[],0,,,,,
scalars,"('04_temporal_recency', np.int64(2), np.int64(2))",[],0,,,,,
scalars,"('04_temporal_recency', np.int64(2), np.int64(3))",[],0,,,,,
scalars,"('04_temporal_recency', np.int64(2), np.int64(4))",[],0,,,,,
scalars,"('04_temporal_recency', np.int64(2), np.int64(5))",[5],1,,,,,
scalars,"('04_temporal_recency', np.int64(2), np.int64(6))",[],0,,,,,
scalars,"('04_temporal_recency', np.int64(2), np.int64(7))",[],0,,,,,
scalars,"('04_temporal_recency', np.int64(2), np.int64(8))",[],0,,,,,
scalars,"('04_temporal_recency', np.int64(2), np.int64(9))",[],0,,,,,
scalars,"('04_temporal_recency', np.int64(2), np.int64(10))",[],0,,,,,
scalars,"('04_temporal_recency', np.int64(2), np.int64(11))",[],0,,,,,
scalars,"('04_temporal_recency', np.int64(2), np.int64(12))",[5],1,,,,,
scalars,"('04_temporal_recency', np.int64(2), np.int64(13))",[],0,,,,,
scalars,"('04_temporal_recency', np.int64(2), np.int64(14))",[],0,,,,,
scalars,"('04_temporal_recency', np.int64(2), np.int64(15))",[],0,,,,,
scalars,"('04_temporal_recency', np.int64(2), np.int64(16))",[5],1,,,,,
scalars,"('04_temporal_recency', np.int64(2), np.int64(17))",[],0,,,,,
scalars,"('04_temporal_recency', np.int64(2), np.int64(18))",[],0,,,,,
scalars,"('04_temporal_recency', np.int64(2), np.int64(19))",[],0,,,,,
scalars,"('04_temporal_recency', np.int64(2), np.int64(20))",[],0,,,,,
scalars,"('04_temporal_recency', np.int64(2), np.int64(21))",[5],1,,,,,
scalars,"('04_temporal_recency', np.int64(2), np.int64(22))",[],0,,,,,
scalars,"('04_temporal_recency', np.int64(2), np.int64(23))",[],0,,,,,
scalars,"('04_temporal_recency', np.int64(2), np.int64(24))",[5],1,,,,,
scalars,"('04_temporal_recency', np.int64(2), np.int64(25))",[5],1,,,,,
scalars,"('04_temporal_recency', np.int64(2), np.int64(26))",[],0,,,,,
scalars,"('04_temporal_recency', np.int64(3), np.int64(1))",[],0,,,,,
scalars,"('04_temporal_recency', np.int64(3), np.int64(2))",[],0,,,,,
scalars,"('04_temporal_recency', np.int64(3), np.int64(4))",[],0,,,,,
scalars,"('04_temporal_recency', np.int64(3), np.int64(5))",[],0,,,,,
scalars,"('04_temporal_recency', np.int64(3), np.int64(6))",[],0,,,,,
scalars,"('04_temporal_recency', np.int64(3), np.int64(7))",[5],1,,,,,
scalars,"('04_temporal_recency', np.int64(3), np.int64(8))",[5],1,,,,,
scalars,"('04_temporal_recency', np.int64(3), np.int64(10))",[],0,,,,,
scalars,"('04_temporal_recency', np.int64(3), np.int64(11))",[],0,,,,,
scalars,"('04_temporal_recency', np.int64(3), np.int64(12))",[],0,,,,,
scalars,"('04_temporal_recency', np.int64(3), np.int64(13))",[],0,,,,,
scalars,"('04_temporal_recency', np.int64(3), np.int64(14))",[],0,,,,,
scalars,"('04_temporal_recency', np.int64(3), np.int64(16))",[],0,,,,,
scalars,"('04_temporal_recency', np.int64(3), np.int64(17))",[5],1,,,,,
scalars,"('04_temporal_recency', np.int64(3), np.int64(18))",[5],1,,,,,
scalars,"('04_temporal_recency', np.int64(3), np.int64(19))",[],0,,,,,
scalars,"('04_temporal_recency', np.int64(3), np.int64(20))",[],0,,,,,
scalars,"('04_temporal_recency', np.int64(3), np.int64(21))",[],0,,,,,
scalars,"('04_temporal_recency', np.int64(3), np.int64(22))",[],0,,,,,
scalars,"('04_temporal_recency', np.int64(3), np.int64(23))",[],0,,,,,
scalars,"('04_temporal_recency', np.int64(3), np.int64(25))",[],0,,,,,
scalars,"('04_temporal_recency', np.int64(3), np.int64(26))",[5],1,,,,,
scalars,"('04_temporal_recency', np.int64(4), np.int64(0))",[],0,,,,,
scalars,"('04_temporal_recency', np.int64(4), np.int64(1))",[],0,,,,,
scalars,"('04_temporal_recency', np.int64(4), np.int64(2))",[],0,,,,,
scalars,"('04_temporal_recency', np.int64(4), np.int64(3))",[],0,,,,,
scalars,"('04_temporal_recency', np.int64(4), np.int64(4))",[],0,,,,,
scalars,"('04_temporal_recency', np.int64(4), np.int64(5))",[],0,,,,,
scalars,"('04_temporal_recency', np.int64(4), np.int64(6))",[],0,,,,,
scalars,"('04_temporal_recency', np.int64(4), np.int64(7))",[5],1,,,,,
scalars,"('04_temporal_recency', np.int64(4), np.int64(8))",[],0,,,,,
scalars,"('04_temporal_recency', np.int64(4), np.int64(9))",[],0,,,,,
scalars,"('04_temporal_recency', np.int64(4), np.int64(10))",[],0,,,,,
scalars,"('04_temporal_recency', np.int64(4), np.int64(11))",[],0,,,,,
scalars,"('04_temporal_recency', np.int64(4), np.int64(12))",[],0,,,,,
scalars,"('04_temporal_recency', np.int64(4), np.int64(13))",[],0,,,,,
scalars,"('04_temporal_recency', np.int64(4), np.int64(14))",[],0,,,,,
scalars,"('04_temporal_recency', np.int64(4), np.int64(15))",[5],1,,,,,
scalars,"('04_temporal_recency', np.int64(4), np.int64(16))",[5],1,,,,,
scalars,"('04_temporal_recency', np.int64(4), np.int64(17))",[],0,,,,,
scalars,"('04_temporal_recency', np.int64(4), np.int64(18))",[],0,,,,,
scalars,"('04_temporal_recency', np.int64(4), np.int64(19))",[],0,,,,,
scalars,"('04_temporal_recency', np.int64(4), np.int64(20))",[],0,,,,,
scalars,"('04_temporal_recency', np.int64(4), np.int64(21))",[5],1,,,,,
scalars,"('04_temporal_recency', np.int64(4), np.int64(22))",[],0,,,,,
scalars,"('04_temporal_recency', np.int64(4), np.int64(23))",[],0,,,,,
scalars,"('04_temporal_recency', np.int64(4), np.int64(24))",[],0,,,,,
scalars,"('04_temporal_recency', np.int64(4), np.int64(25))",[],0,,,,,
scalars,"('04_temporal_recency', np.int64(4), np.int64(26))",[],0,,,,,
scalars,"('04_temporal_recency', np.int64(5), np.int64(0))",[],0,,,,,
scalars,"('04_temporal_recency', np.int64(5), np.int64(1))",[],0,,,,,
scalars,"('04_temporal_recency', np.int64(5), np.int64(2))",[],0,,,,,
scalars,"('04_temporal_recency', np.int64(5), np.int64(3))",[],0,,,,,
scalars,"('04_temporal_recency', np.int64(5), np.int64(4))",[],0,,,,,
scalars,"('04_temporal_recency', np.int64(5), np.int64(5))",[5],1,,,,,
scalars,"('04_temporal_recency', np.int64(5), np.int64(6))","[5, 10, 15]",3,,,,,
scalars,"('04_temporal_recency', np.int64(5), np.int64(7))",[],0,,,,,
scalars,"('04_temporal_recency', np.int64(5), np.int64(8))",[],0,,,,,
scalars,"('04_temporal_recency', np.int64(5), np.int64(9))",[5],1,,,,,
scalars,"('04_temporal_recency', np.int64(5), np.int64(10))",[],0,,,,,
scalars,"('04_temporal_recency', np.int64(5), np.int64(11))",[],0,,,,,
scalars,"('04_temporal_recency', np.int64(5), np.int64(12))",[5],1,,,,,
scalars,"('04_temporal_recency', np.int64(5), np.int64(13))","[5, 10]",2,,,,,
scalars,"('04_temporal_recency', np.int64(5), np.int64(14))","[5, 10]",2,,,,,
scalars,"('04_temporal_recency', np.int64(5), np.int64(15))",[],0,,,,,
scalars,"('04_temporal_recency', np.int64(5), np.int64(16))",[],0,,,,,
scalars,"('04_temporal_recency', np.int64(5), np.int64(17))",[5],1,,,,,
scalars,"('04_temporal_recency', np.int64(5), np.int64(18))",[5],1,,,,,
scalars,"('04_temporal_recency', np.int64(5), np.int64(19))",[],0,,,,,
scalars,"('04_temporal_recency', np.int64(5), np.int64(20))",[],0,,,,,
scalars,"('04_temporal_recency', np.int64(5), np.int64(21))",[5],1,,,,,
scalars,"('04_temporal_recency', np.int64(5), np.int64(22))","[5, 10]",2,,,,,
scalars,"('04_temporal_recency', np.int64(5), np.int64(23))",[5],1,,,,,
scalars,"('04_temporal_recency', np.int64(5), np.int64(24))",[5],1,,,,,
scalars,"('04_temporal_recency', np.int64(5), np.int64(25))",[5],1,,,,,
scalars,"('04_temporal_recency', np.int64(5), np.int64(26))","[5, 10]",2,,,,,
scalars,"('04_temporal_recency', np.int64(6), np.int64(0))",[],0,,,,,
scalars,"('04_temporal_recency', np.int64(6), np.int64(1))",[],0,,,,,
scalars,"('04_temporal_recency', np.int64(6), np.int64(2))",[],0,,,,,
scalars,"('04_temporal_recency', np.int64(6), np.int64(3))",[],0,,,,,
scalars,"('04_temporal_recency', np.int64(6), np.int64(4))",[],0,,,,,
scalars,"('04_temporal_recency', np.int64(6), np.int64(5))",[],0,,,,,
scalars,"('04_temporal_recency', np.int64(6), np.int64(7))",[],0,,,,,
scalars,"('04_temporal_recency', np.int64(6), np.int64(8))",[],0,,,,,
scalars,"('04_temporal_recency', np.int64(6), np.int64(9))",[],0,,,,,
scalars,"('04_temporal_recency', np.int64(6), np.int64(10))",[],0,,,,,
scalars,"('04_temporal_recency', np.int64(6), np.int64(11))",[],0,,,,,
scalars,"('04_temporal_recency', np.int64(6), np.int64(12))",[],0,,,,,
scalars,"('04_temporal_recency', np.int64(6), np.int64(13))",[],0,,,,,
scalars,"('04_temporal_recency', np.int64(6), np.int64(16))",[],0,,,,,
scalars,"('04_temporal_recency', np.int64(6), np.int64(18))",[],0,,,,,
scalars,"('04_temporal_recency', np.int64(6), np.int64(19))",[],0,,,,,
scalars,"('04_temporal_recency', np.int64(6), np.int64(20))",[],0,,,,,
scalars,"('04_temporal_recency', np.int64(6), np.int64(24))",[],0,,,,,
scalars,"('04_temporal_recency', np.int64(6), np.int64(25))",[],0,,,,,
scalars,"('04_temporal_recency', np.int64(7), np.int64(0))",[],0,,,,,
scalars,"('04_temporal_recency', np.int64(7), np.int64(1))",[],0,,,,,
scalars,"('04_temporal_recency', np.int64(7), np.int64(2))",[],0,,,,,
scalars,"('04_temporal_recency', np.int64(7), np.int64(3))",[],0,,,,,
scalars,"('04_temporal_recency', np.int64(7), np.int64(4))",[],0,,,,,
scalars,"('04_temporal_recency', np.int64(7), np.int64(5))",[],0,,,,,
scalars,"('04_temporal_recency', np.int64(7), np.int64(6))",[],0,,,,,
scalars,"('04_temporal_recency', np.int64(7), np.int64(7))",[],0,,,,,
scalars,"('04_temporal_recency', np.int64(7), np.int64(8))",[5],1,,,,,
scalars,"('04_temporal_recency', np.int64(7), np.int64(9))",[],0,,,,,
scalars,"('04_temporal_recency', np.int64(7), np.int64(10))",[],0,,,,,
scalars,"('04_temporal_recency', np.int64(7), np.int64(11))",[],0,,,,,
scalars,"('04_temporal_recency', np.int64(7), np.int64(12))",[],0,,,,,
scalars,"('04_temporal_recency', np.int64(7), np.int64(13))",[],0,,,,,
scalars,"('04_temporal_recency', np.int64(7), np.int64(14))",[],0,,,,,
scalars,"('04_temporal_recency', np.int64(7), np.int64(17))",[5],1,,,,,
scalars,"('04_temporal_recency', np.int64(7), np.int64(18))",[],0,,,,,
scalars,"('04_temporal_recency', np.int64(7), np.int64(19))",[],0,,,,,
scalars,"('04_temporal_recency', np.int64(7), np.int64(20))",[],0,,,,,
scalars,"('04_temporal_recency', np.int64(7), np.int64(21))",[],0,,,,,
scalars,"('04_temporal_recency', np.int64(7), np.int64(22))",[],0,,,,,
scalars,"('04_temporal_recency', np.int64(7), np.int64(23))",[],0,,,,,
scalars,"('04_temporal_recency', np.int64(7), np.int64(24))",[5],1,,,,,
scalars,"('04_temporal_recency', np.int64(7), np.int64(26))",[],0,,,,,
scalars,"('04_temporal_recency', np.int64(8), np.int64(5))",[],0,,,,,
scalars,"('04_temporal_recency', np.int64(8), np.int64(6))",[],0,,,,,
scalars,"('04_temporal_recency', np.int64(8), np.int64(7))",[],0,,,,,
scalars,"('04_temporal_recency', np.int64(8), np.int64(10))",[],0,,,,,
scalars,"('04_temporal_recency', np.int64(8), np.int64(15))",[],0,,,,,
scalars,"('04_temporal_recency', np.int64(8), np.int64(16))",[],0,,,,,
scalars,"('04_temporal_recency', np.int64(8), np.int64(19))",[],0,,,,,
scalars,"('04_temporal_recency', np.int64(8), np.int64(20))",[],0,0.0,0.0,0.0,0.0,inf
scalars,"('04_temporal_recency', np.int64(8), np.int64(23))",[],0,,,,,
scalars,"('04_temporal_recency', np.int64(8), np.int64(24))",[5],1,,,,,
scalars,"('04_temporal_recency', np.int64(8), np.int64(25))",[5],1,,,,,
scalars,"('04_temporal_recency', np.int64(8), np.int64(26))",[],0,,,,,
scalars,"('04_temporal_recency', np.int64(9), np.int64(5))",[],0,,,,,
scalars,"('04_temporal_recency', np.int64(9), np.int64(6))",[],0,,,,,
scalars,"('04_temporal_recency', np.int64(9), np.int64(7))",[5],1,,,,,
scalars,"('04_temporal_recency', np.int64(9), np.int64(8))",[],0,,,,,
scalars,"('04_temporal_recency', np.int64(9), np.int64(10))",[],0,,,,,
scalars,"('04_temporal_recency', np.int64(9), np.int64(14))",[5],1,,,,,
scalars,"('04_temporal_recency', np.int64(9), np.int64(15))",[],0,,,,,
scalars,"('04_temporal_recency', np.int64(9), np.int64(16))",[],0,,,,,
scalars,"('04_temporal_recency', np.int64(9), np.int64(17))",[],0,,,,,
scalars,"('04_temporal_recency', np.int64(9), np.int64(19))",[],0,,,,,
scalars,"('04_temporal_recency', np.int64(9), np.int64(20))",[],0,,,,,
scalars,"('04_temporal_recency', np.int64(9), np.int64(21))",[],0,,,,,
scalars,"('04_temporal_recency', np.int64(9), np.int64(22))",[],0,,,,,
scalars,"('04_temporal_recency', np.int64(9), np.int64(23))",[],0,,,,,
scalars,"('04_temporal_recency', np.int64(9), np.int64(24))",[],0,,,,,
scalars,"('04_temporal_recency', np.int64(9), np.int64(25))",[],0,,,,,
scalars,"('04_temporal_recency', np.int64(9), np.int64(26))",[],0,,,,,
scalars,"('04_temporal_recency', np.int64(10), np.int64(0))",[],0,,,,,
scalars,"('04_temporal_recency', np.int64(10), np.int64(1))",[],0,,,,,
scalars,"('04_temporal_recency', np.int64(10), np.int64(2))",[],0,,,,,
scalars,"('04_temporal_recency', np.int64(10), np.int64(3))",[],0,,,,,
scalars,"('04_temporal_recency', np.int64(10), np.int64(4))",[],0,,,,,
scalars,"('04_temporal_recency', np.int64(10), np.int64(5))",[],0,,,,,
scalars,"('04_temporal_recency', np.int64(10), np.int64(6))",[],0,,,,,
scalars,"('04_temporal_recency', np.int64(10), np.int64(7))",[5],1,,,,,
scalars,"('04_temporal_recency', np.int64(10), np.int64(8))",[],0,,,,,
scalars,"('04_temporal_recency', np.int64(10), np.int64(9))",[],0,,,,,
scalars,"('04_temporal_recency', np.int64(10), np.int64(10))",[],0,,,,,
scalars,"('04_temporal_recency', np.int64(10), np.int64(11))",[],0,,,,,
scalars,"('04_temporal_recency', np.int64(10), np.int64(12))",[],0,,,,,
scalars,"('04_temporal_recency', np.int64(10), np.int64(13))",[],0,,,,,
scalars,"('04_temporal_recency', np.int64(10), np.int64(14))",[],0,,,,,
scalars,"('04_temporal_recency', np.int64(10), np.int64(15))",[],0,,,,,
scalars,"('04_temporal_recency', np.int64(10), np.int64(16))",[5],1,,,,,
scalars,"('04_temporal_recency', np.int64(10), np.int64(17))",[],0,,,,,
scalars,"('04_temporal_recency', np.int64(10), np.int64(18))",[],0,,,,,
scalars,"('04_temporal_recency', np.int64(10), np.int64(19))",[],0,,,,,
scalars,"('04_temporal_recency', np.int64(10), np.int64(21))",[],0,,,,,
scalars,"('04_temporal_recency', np.int64(10), np.int64(22))",[],0,,,,,
scalars,"('04_temporal_recency', np.int64(10), np.int64(24))",[],0,,,,,
scalars,"('04_temporal_recency', np.int64(10), np.int64(25))",[],0,,,,,
scalars,"('04_temporal_recency', np.int64(10), np.int64(26))",[],0,,,,,
scalars,"('04_temporal_recency', np.int64(11), np.int64(0))",[],0,,,,,
scalars,"('04_temporal_recency', np.int64(11), np.int64(1))",[],0,,,,,
scalars,"('04_temporal_recency', np.int64(11), np.int64(2))",[],0,,,,,
scalars,"('04_temporal_recency', np.int64(11), np.int64(3))",[],0,,,,,
scalars,"('04_temporal_recency', np.int64(11), np.int64(4))",[],0,,,,,
scalars,"('04_temporal_recency', np.int64(11), np.int64(5))",[],0,,,,,
scalars,"('04_temporal_recency', np.int64(11), np.int64(7))",[5],1,,,,,
scalars,"('04_temporal_recency', np.int64(11), np.int64(8))",[],0,,,,,
scalars,"('04_temporal_recency', np.int64(11), np.int64(9))",[],0,,,,,
scalars,"('04_temporal_recency', np.int64(11), np.int64(10))",[],0,,,,,
scalars,"('04_temporal_recency', np.int64(11), np.int64(11))",[],0,,,,,
scalars,"('04_temporal_recency', np.int64(11), np.int64(12))",[],0,,,,,
scalars,"('04_temporal_recency', np.int64(11), np.int64(13))",[],0,,,,,
scalars,"('04_temporal_recency', np.int64(11), np.int64(14))",[],0,,,,,
scalars,"('04_temporal_recency', np.int64(11), np.int64(18))",[],0,,,,,
scalars,"('04_temporal_recency', np.int64(11), np.int64(19))",[],0,,,,,
scalars,"('04_temporal_recency', np.int64(11), np.int64(20))",[],0,,,,,
scalars,"('04_temporal_recency', np.int64(11), np.int64(21))",[],0,,,,,
scalars,"('04_temporal_recency', np.int64(11), np.int64(22))",[],0,,,,,
scalars,"('04_temporal_recency', np.int64(11), np.int64(23))",[],0,,,,,
scalars,"('04_temporal_recency', np.int64(11), np.int64(24))",[5],1,,,,,
scalars,"('04_temporal_recency', np.int64(11), np.int64(26))",[5],1,,,,,
scalars,"('04_temporal_recency', np.int64(12), np.int64(10))",[],0,,,,,
scalars,"('04_temporal_recency', np.int64(12), np.int64(11))",[],0,,,,,
scalars,"('04_temporal_recency', np.int64(12), np.int64(15))",[],0,,,,,
scalars,"('04_temporal_recency', np.int64(12), np.int64(18))",[],0,,,,,
scalars,"('04_temporal_recency', np.int64(12), np.int64(19))",[],0,,,,,
scalars,"('04_temporal_recency', np.int64(12), np.int64(20))",[],0,,,,,
scalars,"('04_temporal_recency', np.int64(12), np.int64(22))",[],0,,,,,
scalars,"('04_temporal_recency', np.int64(12), np.int64(23))",[],0,,,,,
scalars,"('04_temporal_recency', np.int64(12), np.int64(24))",[],0,,,,,
scalars,"('04_temporal_recency', np.int64(12), np.int64(25))",[],0,,,,,
scalars,"('04_temporal_recency', np.int64(12), np.int64(26))",[],0,,,,,
scalars,"('04_temporal_recency', np.int64(13), np.int64(0))",[],0,,,,,
scalars,"('04_temporal_recency', np.int64(13), np.int64(1))",[],0,,,,,
scalars,"('04_temporal_recency', np.int64(13), np.int64(2))",[],0,,,,,
scalars,"('04_temporal_recency', np.int64(13), np.int64(5))",[],0,,,,,
scalars,"('04_temporal_recency', np.int64(13), np.int64(6))",[5],1,,,,,
scalars,"('04_temporal_recency', np.int64(13), np.int64(7))",[],0,,,,,
scalars,"('04_temporal_recency', np.int64(13), np.int64(8))",[],0,,,,,
scalars,"('04_temporal_recency', np.int64(13), np.int64(9))",[],0,,,,,
scalars,"('04_temporal_recency', np.int64(13), np.int64(10))",[],0,,,,,
scalars,"('04_temporal_recency', np.int64(13), np.int64(11))",[],0,,,,,
scalars,"('04_temporal_recency', np.int64(13), np.int64(13))",[],0,,,,,
scalars,"('04_temporal_recency', np.int64(13), np.int64(14))",[],0,,,,,
scalars,"('04_temporal_recency', np.int64(13), np.int64(15))",[],0,,,,,
scalars,"('04_temporal_recency', np.int64(13), np.int64(16))",[],0,,,,,
scalars,"('04_temporal_recency', np.int64(13), np.int64(17))",[],0,,,,,
scalars,"('04_temporal_recency', np.int64(13), np.int64(18))",[],0,,,,,
scalars,"('04_temporal_recency', np.int64(13), np.int64(19))",[],0,,,,,
scalars,"('04_temporal_recency', np.int64(13), np.int64(20))",[],0,,,,,
scalars,"('04_temporal_recency', np.int64(13), np.int64(21))",[],0,,,,,
scalars,"('04_temporal_recency', np.int64(13), np.int64(22))",[],0,,,,,
scalars,"('04_temporal_recency', np.int64(13), np.int64(23))",[],0,,,,,
scalars,"('04_temporal_recency', np.int64(13), np.int64(24))",[],0,,,,,
scalars,"('04_temporal_recency', np.int64(13), np.int64(25))",[5],1,,,,,
scalars,"('04_temporal_recency', np.int64(13), np.int64(26))",[],0,,,,,
scalars,"('04_temporal_recency', np.int64(14), np.int64(7))",[],0,,,,,
scalars,"('04_temporal_recency', np.int64(14), np.int64(8))",[],0,,,,,
scalars,"('04_temporal_recency', np.int64(14), np.int64(14))",[],0,,,,,
scalars,"('04_temporal_recency', np.int64(14), np.int64(15))",[],0,,,,,
scalars,"('04_temporal_recency', np.int64(14), np.int64(17))",[5],1,,,,,
scalars,"('04_temporal_recency', np.int64(14), np.int64(25))",[],0,,,,,
scalars,"('04_temporal_recency', np.int64(14), np.int64(26))",[],0,,,,,
scalars,"('04_temporal_recency', np.int64(15), np.int64(0))",[],0,,,,,
scalars,"('04_temporal_recency', np.int64(15), np.int64(1))",[],0,,,,,
scalars,"('04_temporal_recency', np.int64(15), np.int64(2))",[],0,,,,,
scalars,"('04_temporal_recency', np.int64(15), np.int64(3))",[],0,,,,,
scalars,"('04_temporal_recency', np.int64(15), np.int64(4))",[],0,,,,,
scalars,"('04_temporal_recency', np.int64(15), np.int64(5))",[],0,,,,,
scalars,"('04_temporal_recency', np.int64(15), np.int64(6))",[],0,,,,,
scalars,"('04_temporal_recency', np.int64(15), np.int64(7))",[],0,,,,,
scalars,"('04_temporal_recency', np.int64(15), np.int64(8))",[],0,,,,,
scalars,"('04_temporal_recency', np.int64(15), np.int64(9))",[],0,,,,,
scalars,"('04_temporal_recency', np.int64(15), np.int64(10))",[],0,,,,,
scalars,"('04_temporal_recency', np.int64(15), np.int64(11))",[],0,,,,,
scalars,"('04_temporal_recency', np.int64(15), np.int64(12))",[],0,,,,,
scalars,"('04_temporal_recency', np.int64(15), np.int64(13))",[],0,,,,,
scalars,"('04_temporal_recency', np.int64(15), np.int64(14))",[],0,,,,,
scalars,"('04_temporal_recency', np.int64(15), np.int64(16))",[],0,,,,,
scalars,"('04_temporal_recency', np.int64(15), np.int64(17))",[],0,,,,,
scalars,"('04_temporal_recency', np.int64(15), np.int64(18))",[],0,,,,,
scalars,"('04_temporal_recency', np.int64(15), np.int64(19))",[],0,,,,,
scalars,"('04_temporal_recency', np.int64(15), np.int64(20))",[],0,,,,,
scalars,"('04_temporal_recency', np.int64(15), np.int64(21))",[],0,,,,,
scalars,"('04_temporal_recency', np.int64(15), np.int64(22))",[],0,,,,,
scalars,"('04_temporal_recency', np.int64(15), np.int64(23))",[],0,,,,,
scalars,"('04_temporal_recency', np.int64(15), np.int64(24))",[],0,,,,,
scalars,"('04_temporal_recency', np.int64(15), np.int64(25))",[5],1,,,,,
scalars,"('04_temporal_recency', np.int64(15), np.int64(26))",[5],1,,,,,
scalars,"('04_temporal_recency', np.int64(16), np.int64(0))",[],0,,,,,
scalars,"('04_temporal_recency', np.int64(16), np.int64(1))",[],0,,,,,
scalars,"('04_temporal_recency', np.int64(16), np.int64(2))",[],0,,,,,
scalars,"('04_temporal_recency', np.int64(16), np.int64(3))",[],0,,,,,
scalars,"('04_temporal_recency', np.int64(16), np.int64(4))",[],0,,,,,
scalars,"('04_temporal_recency', np.int64(16), np.int64(5))",[],0,,,,,
scalars,"('04_temporal_recency', np.int64(16), np.int64(6))",[],0,0.0,0.0,0.0,0.0,inf
scalars,"('04_temporal_recency', np.int64(16), np.int64(7))",[],0,,,,,
scalars,"('04_temporal_recency', np.int64(16), np.int64(8))",[],0,,,,,
scalars,"('04_temporal_recency', np.int64(16), np.int64(9))",[],0,,,,,
scalars,"('04_temporal_recency', np.int64(16), np.int64(10))",[5],1,,,,,
scalars,"('04_temporal_recency', np.int64(16), np.int64(11))",[5],1,,,,,
scalars,"('04_temporal_recency', np.int64(16), np.int64(12))",[],0,,,,,
scalars,"('04_temporal_recency', np.int64(16), np.int64(13))",[],0,,,,,
scalars,"('04_temporal_recency', np.int64(16), np.int64(14))",[],0,,,,,
scalars,"('04_temporal_recency', np.int64(16), np.int64(15))",[],0,,,,,
scalars,"('04_temporal_recency', np.int64(16), np.int64(16))",[],0,,,,,
scalars,"('04_temporal_recency', np.int64(16), np.int64(17))",[],0,,,,,
scalars,"('04_temporal_recency', np.int64(16), np.int64(18))",[5],1,,,,,
scalars,"('04_temporal_recency', np.int64(16), np.int64(19))",[],0,,,,,
scalars,"('04_temporal_recency', np.int64(16), np.int64(20))",[],0,,,,,
scalars,"('04_temporal_recency', np.int64(16), np.int64(21))",[],0,,,,,
scalars,"('04_temporal_recency', np.int64(16), np.int64(22))",[],0,,,,,
scalars,"('04_temporal_recency', np.int64(16), np.int64(23))",[5],1,,,,,
scalars,"('04_temporal_recency', np.int64(16), np.int64(24))",[],0,,,,,
scalars,"('04_temporal_recency', np.int64(16), np.int64(25))",[],0,,,,,
scalars,"('04_temporal_recency', np.int64(16), np.int64(26))",[5],1,,,,,
scalars,"('04_temporal_recency', np.int64(17), np.int64(0))",[5],1,,,,,
scalars,"('04_temporal_recency', np.int64(17), np.int64(1))",[5],1,,,,,
scalars,"('04_temporal_recency', np.int64(17), np.int64(2))",[5],1,,,,,
scalars,"('04_temporal_recency', np.int64(17), np.int64(3))","[5, 10]",2,,,,,
scalars,"('04_temporal_recency', np.int64(17), np.int64(4))",[5],1,,,,,
scalars,"('04_temporal_recency', np.int64(17), np.int64(5))",[5],1,,,,,
scalars,"('04_temporal_recency', np.int64(17), np.int64(6))","[5, 10]",2,,,,,
scalars,"('04_temporal_recency', np.int64(17), np.int64(7))",[],0,,,,,
scalars,"('04_temporal_recency', np.int64(17), np.int64(8))",[5],1,,,,,
scalars,"('04_temporal_recency', np.int64(17), np.int64(9))","[5, 10]",2,,,,,
scalars,"('04_temporal_recency', np.int64(17), np.int64(10))",[5],1,,,,,
scalars,"('04_temporal_recency', np.int64(17), np.int64(11))",[5],1,,,,,
scalars,"('04_temporal_recency', np.int64(17), np.int64(12))","[5, 10]",2,,,,,
scalars,"('04_temporal_recency', np.int64(17), np.int64(13))",[5],1,,,,,
scalars,"('04_temporal_recency', np.int64(17), np.int64(14))","[5, 10]",2,,,,,
scalars,"('04_temporal_recency', np.int64(17), np.int64(15))",[5],1,,,,,
scalars,"('04_temporal_recency', np.int64(17), np.int64(16))",[5],1,,,,,
scalars,"('04_temporal_recency', np.int64(17), np.int64(17))",[5],1,,,,,
scalars,"('04_temporal_recency', np.int64(17), np.int64(18))",[5],1,,,,,
scalars,"('04_temporal_recency', np.int64(17), np.int64(19))",[5],1,,,,,
scalars,"('04_temporal_recency', np.int64(17), np.int64(20))",[5],1,,,,,
scalars,"('04_temporal_recency', np.int64(17), np.int64(21))","[5, 10]",2,,,,,
scalars,"('04_temporal_recency', np.int64(17), np.int64(22))","[5, 10]",2,,,,,
scalars,"('04_temporal_recency', np.int64(17), np.int64(23))","[5, 10]",2,,,,,
scalars,"('04_temporal_recency', np.int64(17), np.int64(24))",[],0,,,,,
scalars,"('04_temporal_recency', np.int64(17), np.int64(25))","[5, 10]",2,,,,,
scalars,"('04_temporal_recency', np.int64(17), np.int64(26))","[5, 10]",2,,,,,
scalars,"('04_temporal_recency', np.int64(18), np.int64(0))",[5],1,0.0,0.0,0.0,0.0,5.0
scalars,"('04_temporal_recency', np.int64(18), np.int64(1))",[5],1,,,,,
scalars,"('04_temporal_recency', np.int64(18), np.int64(2))",[5],1,,,,,
scalars,"('04_temporal_recency', np.int64(18), np.int64(3))",[5],1,,,,,
scalars,"('04_temporal_recency', np.int64(18), np.int64(4))",[5],1,,,,,
scalars,"('04_temporal_recency', np.int64(18), np.int64(5))",[5],1,,,,,
scalars,"('04_temporal_recency', np.int64(18), np.int64(6))",[],0,,,,,
scalars,"('04_temporal_recency', np.int64(18), np.int64(7))",[5],1,,,,,
scalars,"('04_temporal_recency', np.int64(18), np.int64(8))",[5],1,,,,,
scalars,"('04_temporal_recency', np.int64(18), np.int64(9))",[],0,0.0,0.0,0.0,0.0,inf
scalars,"('04_temporal_recency', np.int64(18), np.int64(10))",[5],1,0.0,0.0,0.0,0.0,5.0
scalars,"('04_temporal_recency', np.int64(18), np.int64(11))",[5],1,,,,,
scalars,"('04_temporal_recency', np.int64(18), np.int64(12))",[5],1,,,,,
scalars,"('04_temporal_recency', np.int64(18), np.int64(13))",[5],1,,,,,
scalars,"('04_temporal_recency', np.int64(18), np.int64(14))",[5],1,,,,,
scalars,"('04_temporal_recency', np.int64(18), np.int64(15))",[],0,,,,,
scalars,"('04_temporal_recency', np.int64(18), np.int64(16))",[5],1,,,,,
scalars,"('04_temporal_recency', np.int64(18), np.int64(17))",[5],1,,,,,
scalars,"('04_temporal_recency', np.int64(18), np.int64(18))",[5],1,,,,,
scalars,"('04_temporal_recency', np.int64(18), np.int64(19))",[5],1,,,,,
scalars,"('04_temporal_recency', np.int64(18), np.int64(20))",[],0,,,,,
scalars,"('04_temporal_recency', np.int64(18), np.int64(21))",[5],1,,,,,
scalars,"('04_temporal_recency', np.int64(18), np.int64(22))",[5],1,,,,,
scalars,"('04_temporal_recency', np.int64(18), np.int64(23))",[5],1,0.0,0.0,0.0,0.0,5.0
scalars,"('04_temporal_recency', np.int64(18), np.int64(24))",[],0,,,,,
scalars,"('04_temporal_recency', np.int64(18), np.int64(25))",[],0,,,,,
scalars,"('04_temporal_recency', np.int64(18), np.int64(26))",[5],1,,,,,
scalars,"('04_temporal_recency', np.int64(19), np.int64(0))",[5],1,,,,,
scalars,"('04_temporal_recency', np.int64(19), np.int64(1))",[5],1,,,,,
scalars,"('04_temporal_recency', np.int64(19), np.int64(2))",[5],1,,,,,
scalars,"('04_temporal_recency', np.int64(19), np.int64(3))",[5],1,,,,,
scalars,"('04_temporal_recency', np.int64(19), np.int64(4))",[5],1,,,,,
scalars,"('04_temporal_recency', np.int64(19), np.int64(5))",[5],1,,,,,
scalars,"('04_temporal_recency', np.int64(19), np.int64(6))",[5],1,,,,,
scalars,"('04_temporal_recency', np.int64(19), np.int64(7))",[5],1,,,,,
scalars,"('04_temporal_recency', np.int64(19), np.int64(8))",[5],1,,,,,
scalars,"('04_temporal_recency', np.int64(19), np.int64(9))",[5],1,,,,,
scalars,"('04_temporal_recency', np.int64(19), np.int64(10))",[5],1,,,,,
scalars,"('04_temporal_recency', np.int64(19), np.int64(11))",[5],1,,,,,
scalars,"('04_temporal_recency', np.int64(19), np.int64(12))",[5],1,,,,,
scalars,"('04_temporal_recency', np.int64(19), np.int64(13))",[5],1,,,,,
scalars,"('04_temporal_recency', np.int64(19), np.int64(14))",[5],1,,,,,
scalars,"('04_temporal_recency', np.int64(19), np.int64(15))",[5],1,,,,,
scalars,"('04_temporal_recency', np.int64(19), np.int64(16))",[5],1,,,,,
scalars,"('04_temporal_recency', np.int64(19), np.int64(17))",[5],1,,,,,
scalars,"('04_temporal_recency', np.int64(19), np.int64(18))",[],0,,,,,
scalars,"('04_temporal_recency', np.int64(19), np.int64(19))",[5],1,,,,,
scalars,"('04_temporal_recency', np.int64(19), np.int64(21))",[5],1,,,,,
scalars,"('04_temporal_recency', np.int64(19), np.int64(22))",[5],1,,,,,
scalars,"('04_temporal_recency', np.int64(19), np.int64(23))",[5],1,,,,,
scalars,"('04_temporal_recency', np.int64(19), np.int64(24))",[5],1,,,,,
scalars,"('04_temporal_recency', np.int64(19), np.int64(25))",[5],1,,,,,
scalars,"('04_temporal_recency', np.int64(19), np.int64(26))",[5],1,,,,,
scalars,"('05_stackmath_numerical', np.int64(0), np.int64(0))","[5, 10]",2,,,,,
scalars,"('05_stackmath_numerical', np.int64(0), np.int64(1))","[5, 10, 15]",3,,,,,
scalars,"('05_stackmath_numerical', np.int64(0), np.int64(2))",[5],1,,,,,
scalars,"('05_stackmath_numerical', np.int64(0), np.int64(3))","[5, 10]",2,,,,,
scalars,"('05_stackmath_numerical', np.int64(0), np.int64(4))","[5, 10]",2,,,,,
scalars,"('05_stackmath_numerical', np.int64(0), np.int64(5))",[5],1,,,,,
scalars,"('05_stackmath_numerical', np.int64(0), np.int64(6))","[5, 10]",2,,,,,
scalars,"('05_stackmath_numerical', np.int64(0), np.int64(7))","[5, 10, 20]",3,,,,,
scalars,"('05_stackmath_numerical', np.int64(0), np.int64(8))",[5],1,,,,,
scalars,"('05_stackmath_numerical', np.int64(0), np.int64(9))","[5, 10]",2,,,,,
scalars,"('05_stackmath_numerical', np.int64(0), np.int64(10))","[5, 10, 15, 20]",4,,,,,
scalars,"('05_stackmath_numerical', np.int64(0), np.int64(11))",[5],1,,,,,
scalars,"('05_stackmath_numerical', np.int64(0), np.int64(12))","[5, 10, 15]",3,,,,,
scalars,"('05_stackmath_numerical', np.int64(0), np.int64(13))","[5, 10]",2,,,,,
scalars,"('05_stackmath_numerical', np.int64(0), np.int64(14))","[5, 10, 15, 20]",4,,,,,
scalars,"('05_stackmath_numerical', np.int64(0), np.int64(15))",[5],1,,,,,
scalars,"('05_stackmath_numerical', np.int64(0), np.int64(16))",[5],1,,,,,
scalars,"('05_stackmath_numerical', np.int64(0), np.int64(17))","[5, 10]",2,,,,,
scalars,"('05_stackmath_numerical', np.int64(0), np.int64(18))",[],0,,,,,
scalars,"('05_stackmath_numerical', np.int64(0), np.int64(19))",[5],1,,,,,
scalars,"('05_stackmath_numerical', np.int64(0), np.int64(20))",[5],1,,,,,
scalars,"('05_stackmath_numerical', np.int64(0), np.int64(21))",[5],1,,,,,
scalars,"('05_stackmath_numerical', np.int64(0), np.int64(22))",[5],1,,,,,
scalars,"('05_stackmath_numerical', np.int64(0), np.int64(23))",[5],1,,,,,
scalars,"('05_stackmath_numerical', np.int64(0), np.int64(24))","[5, 10]",2,,,,,
scalars,"('05_stackmath_numerical', np.int64(0), np.int64(25))",[5],1,,,,,
scalars,"('05_stackmath_numerical', np.int64(0), np.int64(26))","[5, 10, 15]",3,,,,,
scalars,"('05_stackmath_numerical', np.int64(1), np.int64(0))",[],0,,,,,
scalars,"('05_stackmath_numerical', np.int64(1), np.int64(1))",[],0,,,,,
scalars,"('05_stackmath_numerical', np.int64(1), np.int64(2))",[5],1,,,,,
scalars,"('05_stackmath_numerical', np.int64(1), np.int64(3))",[],0,,,,,
scalars,"('05_stackmath_numerical', np.int64(1), np.int64(4))",[5],1,,,,,
scalars,"('05_stackmath_numerical', np.int64(1), np.int64(5))",[],0,,,,,
scalars,"('05_stackmath_numerical', np.int64(1), np.int64(6))",[5],1,,,,,
scalars,"('05_stackmath_numerical', np.int64(1), np.int64(7))",[],0,,,,,
scalars,"('05_stackmath_numerical', np.int64(1), np.int64(8))",[],0,,,,,
scalars,"('05_stackmath_numerical', np.int64(1), np.int64(9))",[5],1,,,,,
scalars,"('05_stackmath_numerical', np.int64(1), np.int64(10))",[5],1,,,,,
scalars,"('05_stackmath_numerical', np.int64(1), np.int64(11))",[5],1,,,,,
scalars,"('05_stackmath_numerical', np.int64(1), np.int64(12))",[5],1,,,,,
scalars,"('05_stackmath_numerical', np.int64(1), np.int64(13))",[],0,,,,,
scalars,"('05_stackmath_numerical', np.int64(1), np.int64(14))",[5],1,,,,,
scalars,"('05_stackmath_numerical', np.int64(1), np.int64(15))",[5],1,,,,,
scalars,"('05_stackmath_numerical', np.int64(1), np.int64(16))",[],0,,,,,
scalars,"('05_stackmath_numerical', np.int64(1), np.int64(17))",[5],1,,,,,
scalars,"('05_stackmath_numerical', np.int64(1), np.int64(18))",[],0,,,,,
scalars,"('05_stackmath_numerical', np.int64(1), np.int64(19))",[5],1,,,,,
scalars,"('05_stackmath_numerical', np.int64(1), np.int64(20))",[5],1,,,,,
scalars,"('05_stackmath_numerical', np.int64(1), np.int64(21))",[],0,,,,,
scalars,"('05_stackmath_numerical', np.int64(1), np.int64(22))","[5, 10]",2,,,,,
scalars,"('05_stackmath_numerical', np.int64(1), np.int64(23))",[5],1,,,,,
scalars,"('05_stackmath_numerical', np.int64(1), np.int64(24))",[],0,,,,,
scalars,"('05_stackmath_numerical', np.int64(1), np.int64(25))","[5, 10, 15]",3,,,,,
scalars,"('05_stackmath_numerical', np.int64(1), np.int64(26))","[5, 10]",2,,,,,
scalars,"('05_stackmath_numerical', np.int64(2), np.int64(0))",[],0,,,,,
scalars,"('05_stackmath_numerical', np.int64(2), np.int64(1))",[],0,,,,,
scalars,"('05_stackmath_numerical', np.int64(2), np.int64(2))",[],0,,,,,
scalars,"('05_stackmath_numerical', np.int64(2), np.int64(3))",[5],1,,,,,
scalars,"('05_stackmath_numerical', np.int64(2), np.int64(4))","[5, 10]",2,,,,,
scalars,"('05_stackmath_numerical', np.int64(2), np.int64(5))",[5],1,,,,,
scalars,"('05_stackmath_numerical', np.int64(2), np.int64(6))",[],0,,,,,
scalars,"('05_stackmath_numerical', np.int64(2), np.int64(7))","[5, 10]",2,,,,,
scalars,"('05_stackmath_numerical', np.int64(2), np.int64(8))",[],0,,,,,
scalars,"('05_stackmath_numerical', np.int64(2), np.int64(9))",[],0,,,,,
scalars,"('05_stackmath_numerical', np.int64(2), np.int64(10))",[5],1,,,,,
scalars,"('05_stackmath_numerical', np.int64(2), np.int64(11))",[],0,,,,,
scalars,"('05_stackmath_numerical', np.int64(2), np.int64(12))",[],0,,,,,
scalars,"('05_stackmath_numerical', np.int64(2), np.int64(13))",[5],1,,,,,
scalars,"('05_stackmath_numerical', np.int64(2), np.int64(16))",[],0,,,,,
scalars,"('05_stackmath_numerical', np.int64(2), np.int64(17))",[5],1,,,,,
scalars,"('05_stackmath_numerical', np.int64(2), np.int64(18))",[],0,,,,,
scalars,"('05_stackmath_numerical', np.int64(2), np.int64(19))",[],0,,,,,
scalars,"('05_stackmath_numerical', np.int64(2), np.int64(20))",[],0,,,,,
scalars,"('05_stackmath_numerical', np.int64(2), np.int64(21))","[5, 10]",2,,,,,
scalars,"('05_stackmath_numerical', np.int64(2), np.int64(22))",[5],1,,,,,
scalars,"('05_stackmath_numerical', np.int64(2), np.int64(23))",[5],1,,,,,
scalars,"('05_stackmath_numerical', np.int64(2), np.int64(24))",[],0,,,,,
scalars,"('05_stackmath_numerical', np.int64(2), np.int64(25))",[],0,,,,,
scalars,"('05_stackmath_numerical', np.int64(3), np.int64(0))",[5],1,,,,,
scalars,"('05_stackmath_numerical', np.int64(3), np.int64(1))",[5],1,,,,,
scalars,"('05_stackmath_numerical', np.int64(3), np.int64(2))",[5],1,,,,,
scalars,"('05_stackmath_numerical', np.int64(3), np.int64(3))",[5],1,,,,,
scalars,"('05_stackmath_numerical', np.int64(3), np.int64(4))",[5],1,,,,,
scalars,"('05_stackmath_numerical', np.int64(3), np.int64(5))",[5],1,,,,,
scalars,"('05_stackmath_numerical', np.int64(3), np.int64(6))",[],0,,,,,
scalars,"('05_stackmath_numerical', np.int64(3), np.int64(7))",[],0,,,,,
scalars,"('05_stackmath_numerical', np.int64(3), np.int64(8))",[5],1,,,,,
scalars,"('05_stackmath_numerical', np.int64(3), np.int64(9))",[5],1,,,,,
scalars,"('05_stackmath_numerical', np.int64(3), np.int64(10))",[5],1,,,,,
scalars,"('05_stackmath_numerical', np.int64(3), np.int64(11))",[],0,,,,,
scalars,"('05_stackmath_numerical', np.int64(3), np.int64(12))",[],0,,,,,
scalars,"('05_stackmath_numerical', np.int64(3), np.int64(13))",[5],1,,,,,
scalars,"('05_stackmath_numerical', np.int64(3), np.int64(14))",[5],1,,,,,
scalars,"('05_stackmath_numerical', np.int64(3), np.int64(15))",[],0,,,,,
scalars,"('05_stackmath_numerical', np.int64(3), np.int64(16))",[5],1,,,,,
scalars,"('05_stackmath_numerical', np.int64(3), np.int64(17))",[],0,,,,,
scalars,"('05_stackmath_numerical', np.int64(3), np.int64(18))",[],0,,,,,
scalars,"('05_stackmath_numerical', np.int64(3), np.int64(19))",[],0,,,,,
scalars,"('05_stackmath_numerical', np.int64(3), np.int64(20))",[],0,,,,,
scalars,"('05_stackmath_numerical', np.int64(3), np.int64(21))",[5],1,,,,,
scalars,"('05_stackmath_numerical', np.int64(3), np.int64(22))",[],0,,,,,
scalars,"('05_stackmath_numerical', np.int64(3), np.int64(23))",[],0,,,,,
scalars,"('05_stackmath_numerical', np.int64(3), np.int64(24))",[],0,,,,,
scalars,"('05_stackmath_numerical', np.int64(3), np.int64(25))",[],0,0.0,0.0,0.0,0.0,inf
scalars,"('05_stackmath_numerical', np.int64(3), np.int64(26))","[5, 10]",2,,,,,
scalars,"('05_stackmath_numerical', np.int64(4), np.int64(0))",[],0,,,,,
scalars,"('05_stackmath_numerical', np.int64(4), np.int64(1))",[],0,0.0,0.0,0.0,0.0,inf
scalars,"('05_stackmath_numerical', np.int64(4), np.int64(2))",[],0,0.0,0.0,0.0,0.0,inf
scalars,"('05_stackmath_numerical', np.int64(4), np.int64(3))",[],0,,,,,
scalars,"('05_stackmath_numerical', np.int64(4), np.int64(4))",[5],1,,,,,
scalars,"('05_stackmath_numerical', np.int64(4), np.int64(5))",[],0,,,,,
scalars,"('05_stackmath_numerical', np.int64(4), np.int64(6))",[],0,,,,,
scalars,"('05_stackmath_numerical', np.int64(4), np.int64(7))","[5, 10]",2,,,,,
scalars,"('05_stackmath_numerical', np.int64(4), np.int64(8))",[],0,,,,,
scalars,"('05_stackmath_numerical', np.int64(4), np.int64(9))",[],0,,,,,
scalars,"('05_stackmath_numerical', np.int64(4), np.int64(10))",[],0,0.0,0.0,0.0,0.0,inf
scalars,"('05_stackmath_numerical', np.int64(4), np.int64(11))",[],0,0.0,0.0,0.0,0.0,inf
scalars,"('05_stackmath_numerical', np.int64(4), np.int64(12))",[],0,,,,,
scalars,"('05_stackmath_numerical', np.int64(4), np.int64(13))",[],0,,,,,
scalars,"('05_stackmath_numerical', np.int64(4), np.int64(14))",[5],1,,,,,
scalars,"('05_stackmath_numerical', np.int64(4), np.int64(15))",[],0,,,,,
scalars,"('05_stackmath_numerical', np.int64(4), np.int64(16))",[5],1,,,,,
scalars,"('05_stackmath_numerical', np.int64(4), np.int64(17))",[5],1,,,,,
scalars,"('05_stackmath_numerical', np.int64(4), np.int64(18))",[5],1,,,,,
scalars,"('05_stackmath_numerical', np.int64(4), np.int64(19))",[5],1,,,,,
scalars,"('05_stackmath_numerical', np.int64(4), np.int64(20))",[],0,,,,,
scalars,"('05_stackmath_numerical', np.int64(4), np.int64(21))",[],0,,,,,
scalars,"('05_stackmath_numerical', np.int64(4), np.int64(22))",[],0,,,,,
scalars,"('05_stackmath_numerical', np.int64(4), np.int64(23))",[],0,,,,,
scalars,"('05_stackmath_numerical', np.int64(4), np.int64(24))","[5, 10]",2,,,,,
scalars,"('05_stackmath_numerical', np.int64(4), np.int64(25))",[5],1,,,,,
scalars,"('05_stackmath_numerical', np.int64(4), np.int64(26))",[],0,0.0,0.0,0.0,0.0,inf
scalars,"('05_stackmath_numerical', np.int64(5), np.int64(0))",[5],1,,,,,
scalars,"('05_stackmath_numerical', np.int64(5), np.int64(1))",[5],1,,,,,
scalars,"('05_stackmath_numerical', np.int64(5), np.int64(2))",[5],1,,,,,
scalars,"('05_stackmath_numerical', np.int64(5), np.int64(3))","[5, 10]",2,,,,,
scalars,"('05_stackmath_numerical', np.int64(5), np.int64(4))",[5],1,,,,,
scalars,"('05_stackmath_numerical', np.int64(5), np.int64(5))","[5, 10]",2,,,,,
scalars,"('05_stackmath_numerical', np.int64(5), np.int64(6))",[5],1,,,,,
scalars,"('05_stackmath_numerical', np.int64(5), np.int64(7))",[],0,,,,,
scalars,"('05_stackmath_numerical', np.int64(5), np.int64(8))","[5, 10, 15]",3,,,,,
scalars,"('05_stackmath_numerical', np.int64(5), np.int64(9))","[5, 10, 15, 20]",4,,,,,
scalars,"('05_stackmath_numerical', np.int64(5), np.int64(10))","[5, 10]",2,,,,,
scalars,"('05_stackmath_numerical', np.int64(5), np.int64(11))",[],0,,,,,
scalars,"('05_stackmath_numerical', np.int64(5), np.int64(12))","[5, 10]",2,,,,,
scalars,"('05_stackmath_numerical', np.int64(5), np.int64(13))",[5],1,,,,,
scalars,"('05_stackmath_numerical', np.int64(5), np.int64(14))","[5, 10]",2,,,,,
scalars,"('05_stackmath_numerical', np.int64(5), np.int64(15))","[5, 10]",2,,,,,
scalars,"('05_stackmath_numerical', np.int64(5), np.int64(16))","[5, 10, 15, 20]",4,,,,,
scalars,"('05_stackmath_numerical', np.int64(5), np.int64(17))",[],0,,,,,
scalars,"('05_stackmath_numerical', np.int64(5), np.int64(18))",[],0,,,,,
scalars,"('05_stackmath_numerical', np.int64(5), np.int64(19))",[5],1,,,,,
scalars,"('05_stackmath_numerical', np.int64(5), np.int64(20))",[5],1,,,,,
scalars,"('05_stackmath_numerical', np.int64(5), np.int64(21))",[5],1,,,,,
scalars,"('05_stackmath_numerical', np.int64(5), np.int64(22))","[5, 10, 15]",3,,,,,
scalars,"('05_stackmath_numerical', np.int64(5), np.int64(23))","[5, 10]",2,,,,,
scalars,"('05_stackmath_numerical', np.int64(5), np.int64(24))",[5],1,,,,,
scalars,"('05_stackmath_numerical', np.int64(5), np.int64(25))",[],0,,,,,
scalars,"('05_stackmath_numerical', np.int64(5), np.int64(26))",[5],1,,,,,
scalars,"('05_stackmath_numerical', np.int64(6), np.int64(0))",[],0,,,,,
scalars,"('05_stackmath_numerical', np.int64(6), np.int64(1))",[],0,,,,,
scalars,"('05_stackmath_numerical', np.int64(6), np.int64(2))",[],0,,,,,
scalars,"('05_stackmath_numerical', np.int64(6), np.int64(3))",[],0,,,,,
scalars,"('05_stackmath_numerical', np.int64(6), np.int64(4))",[5],1,,,,,
scalars,"('05_stackmath_numerical', np.int64(6), np.int64(5))","[5, 10]",2,,,,,
scalars,"('05_stackmath_numerical', np.int64(6), np.int64(6))",[],0,,,,,
scalars,"('05_stackmath_numerical', np.int64(6), np.int64(7))",[],0,,,,,
scalars,"('05_stackmath_numerical', np.int64(6), np.int64(8))",[],0,,,,,
scalars,"('05_stackmath_numerical', np.int64(6), np.int64(9))",[],0,,,,,
scalars,"('05_stackmath_numerical', np.int64(6), np.int64(10))",[],0,,,,,
scalars,"('05_stackmath_numerical', np.int64(6), np.int64(11))",[],0,,,,,
scalars,"('05_stackmath_numerical', np.int64(6), np.int64(12))",[5],1,,,,,
scalars,"('05_stackmath_numerical', np.int64(6), np.int64(13))",[5],1,,,,,
scalars,"('05_stackmath_numerical', np.int64(6), np.int64(14))",[],0,,,,,
scalars,"('05_stackmath_numerical', np.int64(6), np.int64(15))",[],0,,,,,
scalars,"('05_stackmath_numerical', np.int64(6), np.int64(16))",[],0,,,,,
scalars,"('05_stackmath_numerical', np.int64(6), np.int64(17))",[],0,,,,,
scalars,"('05_stackmath_numerical', np.int64(6), np.int64(18))",[],0,,,,,
scalars,"('05_stackmath_numerical', np.int64(6), np.int64(19))",[],0,,,,,
scalars,"('05_stackmath_numerical', np.int64(6), np.int64(20))",[],0,,,,,
scalars,"('05_stackmath_numerical', np.int64(6), np.int64(21))",[5],1,,,,,
scalars,"('05_stackmath_numerical', np.int64(6), np.int64(22))",[5],1,,,,,
scalars,"('05_stackmath_numerical', np.int64(6), np.int64(23))",[],0,,,,,
scalars,"('05_stackmath_numerical', np.int64(6), np.int64(24))",[],0,,,,,
scalars,"('05_stackmath_numerical', np.int64(6), np.int64(25))",[],0,,,,,
scalars,"('05_stackmath_numerical', np.int64(6), np.int64(26))",[5],1,,,,,
scalars,"('05_stackmath_numerical', np.int64(7), np.int64(0))","[5, 10]",2,,,,,
scalars,"('05_stackmath_numerical', np.int64(7), np.int64(1))","[5, 10]",2,,,,,
scalars,"('05_stackmath_numerical', np.int64(7), np.int64(2))",[],0,,,,,
scalars,"('05_stackmath_numerical', np.int64(7), np.int64(3))","[5, 10, 15]",3,,,,,
scalars,"('05_stackmath_numerical', np.int64(7), np.int64(4))","[5, 10]",2,,,,,
scalars,"('05_stackmath_numerical', np.int64(7), np.int64(5))",[5],1,,,,,
scalars,"('05_stackmath_numerical', np.int64(7), np.int64(6))","[5, 10]",2,,,,,
scalars,"('05_stackmath_numerical', np.int64(7), np.int64(7))",[],0,,,,,
scalars,"('05_stackmath_numerical', np.int64(7), np.int64(8))",[5],1,,,,,
scalars,"('05_stackmath_numerical', np.int64(7), np.int64(9))","[5, 10]",2,,,,,
scalars,"('05_stackmath_numerical', np.int64(7), np.int64(10))",[],0,,,,,
scalars,"('05_stackmath_numerical', np.int64(7), np.int64(11))","[5, 10]",2,,,,,
scalars,"('05_stackmath_numerical', np.int64(7), np.int64(12))",[5],1,,,,,
scalars,"('05_stackmath_numerical', np.int64(7), np.int64(13))",[],0,,,,,
scalars,"('05_stackmath_numerical', np.int64(7), np.int64(14))",[],0,,,,,
scalars,"('05_stackmath_numerical', np.int64(7), np.int64(15))",[5],1,,,,,
scalars,"('05_stackmath_numerical', np.int64(7), np.int64(16))",[5],1,,,,,
scalars,"('05_stackmath_numerical', np.int64(7), np.int64(17))",[],0,,,,,
scalars,"('05_stackmath_numerical', np.int64(7), np.int64(18))",[5],1,,,,,
scalars,"('05_stackmath_numerical', np.int64(7), np.int64(19))",[5],1,,,,,
scalars,"('05_stackmath_numerical', np.int64(7), np.int64(20))",[],0,,,,,
scalars,"('05_stackmath_numerical', np.int64(7), np.int64(21))",[5],1,,,,,
scalars,"('05_stackmath_numerical', np.int64(7), np.int64(22))",[],0,,,,,
scalars,"('05_stackmath_numerical', np.int64(7), np.int64(23))",[5],1,,,,,
scalars,"('05_stackmath_numerical', np.int64(7), np.int64(24))","[5, 10]",2,,,,,
scalars,"('05_stackmath_numerical', np.int64(7), np.int64(25))",[5],1,,,,,
scalars,"('05_stackmath_numerical', np.int64(7), np.int64(26))",[5],1,,,,,
scalars,"('05_stackmath_numerical', np.int64(8), np.int64(0))","[5, 10, 15]",3,,,,,
scalars,"('05_stackmath_numerical', np.int64(8), np.int64(1))","[5, 10]",2,,,,,
scalars,"('05_stackmath_numerical', np.int64(8), np.int64(2))",[5],1,,,,,
scalars,"('05_stackmath_numerical', np.int64(8), np.int64(3))",[5],1,,,,,
scalars,"('05_stackmath_numerical', np.int64(8), np.int64(4))",[5],1,,,,,
scalars,"('05_stackmath_numerical', np.int64(8), np.int64(5))",[5],1,,,,,
scalars,"('05_stackmath_numerical', np.int64(8), np.int64(6))","[5, 10]",2,,,,,
scalars,"('05_stackmath_numerical', np.int64(8), np.int64(7))","[5, 10]",2,,,,,
scalars,"('05_stackmath_numerical', np.int64(8), np.int64(8))",[5],1,,,,,
scalars,"('05_stackmath_numerical', np.int64(8), np.int64(9))",[5],1,,,,,
scalars,"('05_stackmath_numerical', np.int64(8), np.int64(10))","[5, 10, 15, 20]",4,,,,,
scalars,"('05_stackmath_numerical', np.int64(8), np.int64(11))",[5],1,,,,,
scalars,"('05_stackmath_numerical', np.int64(8), np.int64(12))",[5],1,,,,,
scalars,"('05_stackmath_numerical', np.int64(8), np.int64(13))",[],0,,,,,
scalars,"('05_stackmath_numerical', np.int64(8), np.int64(14))","[5, 10, 15]",3,,,,,
scalars,"('05_stackmath_numerical', np.int64(8), np.int64(15))",[5],1,,,,,
scalars,"('05_stackmath_numerical', np.int64(8), np.int64(16))",[],0,,,,,
scalars,"('05_stackmath_numerical', np.int64(8), np.int64(17))",[5],1,,,,,
scalars,"('05_stackmath_numerical', np.int64(8), np.int64(18))","[5, 10]",2,,,,,
scalars,"('05_stackmath_numerical', np.int64(8), np.int64(19))","[5, 10]",2,,,,,
scalars,"('05_stackmath_numerical', np.int64(8), np.int64(20))","[5, 10]",2,,,,,
scalars,"('05_stackmath_numerical', np.int64(8), np.int64(21))","[5, 10]",2,,,,,
scalars,"('05_stackmath_numerical', np.int64(8), np.int64(22))",[5],1,,,,,
scalars,"('05_stackmath_numerical', np.int64(8), np.int64(23))",[5],1,,,,,
scalars,"('05_stackmath_numerical', np.int64(8), np.int64(24))",[5],1,,,,,
scalars,"('05_stackmath_numerical', np.int64(8), np.int64(25))",[],0,,,,,
scalars,"('05_stackmath_numerical', np.int64(8), np.int64(26))",[5],1,,,,,
scalars,"('05_stackmath_numerical', np.int64(9), np.int64(0))",[5],1,,,,,
scalars,"('05_stackmath_numerical', np.int64(9), np.int64(1))",[5],1,,,,,
scalars,"('05_stackmath_numerical', np.int64(9), np.int64(2))",[],0,,,,,
scalars,"('05_stackmath_numerical', np.int64(9), np.int64(3))",[5],1,,,,,
scalars,"('05_stackmath_numerical', np.int64(9), np.int64(4))",[5],1,,,,,
scalars,"('05_stackmath_numerical', np.int64(9), np.int64(5))",[],0,,,,,
scalars,"('05_stackmath_numerical', np.int64(9), np.int64(6))",[5],1,,,,,
scalars,"('05_stackmath_numerical', np.int64(9), np.int64(7))","[5, 10]",2,,,,,
scalars,"('05_stackmath_numerical', np.int64(9), np.int64(8))","[5, 10]",2,,,,,
scalars,"('05_stackmath_numerical', np.int64(9), np.int64(9))",[5],1,,,,,
scalars,"('05_stackmath_numerical', np.int64(9), np.int64(10))",[5],1,,,,,
scalars,"('05_stackmath_numerical', np.int64(9), np.int64(11))",[5],1,,,,,
scalars,"('05_stackmath_numerical', np.int64(9), np.int64(12))",[5],1,,,,,
scalars,"('05_stackmath_numerical', np.int64(9), np.int64(13))",[5],1,,,,,
scalars,"('05_stackmath_numerical', np.int64(9), np.int64(14))",[5],1,,,,,
scalars,"('05_stackmath_numerical', np.int64(9), np.int64(15))",[5],1,,,,,
scalars,"('05_stackmath_numerical', np.int64(9), np.int64(16))",[5],1,,,,,
scalars,"('05_stackmath_numerical', np.int64(9), np.int64(17))","[5, 10]",2,,,,,
scalars,"('05_stackmath_numerical', np.int64(9), np.int64(18))",[5],1,,,,,
scalars,"('05_stackmath_numerical', np.int64(9), np.int64(19))","[5, 10]",2,,,,,
scalars,"('05_stackmath_numerical', np.int64(9), np.int64(20))",[5],1,,,,,
scalars,"('05_stackmath_numerical', np.int64(9), np.int64(21))",[5],1,,,,,
scalars,"('05_stackmath_numerical', np.int64(9), np.int64(22))",[5],1,,,,,
scalars,"('05_stackmath_numerical', np.int64(9), np.int64(23))",[5],1,,,,,
scalars,"('05_stackmath_numerical', np.int64(9), np.int64(24))",[],0,,,,,
scalars,"('05_stackmath_numerical', np.int64(9), np.int64(25))",[5],1,,,,,
scalars,"('05_stackmath_numerical', np.int64(9), np.int64(26))",[5],1,,,,,
scalars,"('05_stackmath_numerical', np.int64(10), np.int64(0))",[],0,,,,,
scalars,"('05_stackmath_numerical', np.int64(10), np.int64(1))","[5, 10]",2,,,,,
scalars,"('05_stackmath_numerical', np.int64(10), np.int64(2))","[5, 10, 15]",3,,,,,
scalars,"('05_stackmath_numerical', np.int64(10), np.int64(3))","[5, 10]",2,,,,,
scalars,"('05_stackmath_numerical', np.int64(10), np.int64(4))",[5],1,,,,,
scalars,"('05_stackmath_numerical', np.int64(10), np.int64(5))","[5, 10]",2,,,,,
scalars,"('05_stackmath_numerical', np.int64(10), np.int64(6))",[5],1,,,,,
scalars,"('05_stackmath_numerical', np.int64(10), np.int64(7))",[5],1,,,,,
scalars,"('05_stackmath_numerical', np.int64(10), np.int64(8))","[5, 10]",2,,,,,
scalars,"('05_stackmath_numerical', np.int64(10), np.int64(9))",[5],1,,,,,
scalars,"('05_stackmath_numerical', np.int64(10), np.int64(10))",[5],1,,,,,
scalars,"('05_stackmath_numerical', np.int64(10), np.int64(11))",[5],1,,,,,
scalars,"('05_stackmath_numerical', np.int64(10), np.int64(12))","[5, 10]",2,,,,,
scalars,"('05_stackmath_numerical', np.int64(10), np.int64(13))",[5],1,,,,,
scalars,"('05_stackmath_numerical', np.int64(10), np.int64(14))","[5, 10]",2,,,,,
scalars,"('05_stackmath_numerical', np.int64(10), np.int64(15))",[5],1,,,,,
scalars,"('05_stackmath_numerical', np.int64(10), np.int64(16))",[5],1,,,,,
scalars,"('05_stackmath_numerical', np.int64(10), np.int64(17))","[5, 10]",2,,,,,
scalars,"('05_stackmath_numerical', np.int64(10), np.int64(18))",[5],1,,,,,
scalars,"('05_stackmath_numerical', np.int64(10), np.int64(19))","[5, 10]",2,,,,,
scalars,"('05_stackmath_numerical', np.int64(10), np.int64(20))","[5, 10]",2,,,,,
scalars,"('05_stackmath_numerical', np.int64(10), np.int64(21))",[5],1,,,,,
scalars,"('05_stackmath_numerical', np.int64(10), np.int64(22))",[],0,,,,,
scalars,"('05_stackmath_numerical', np.int64(10), np.int64(23))",[5],1,,,,,
scalars,"('05_stackmath_numerical', np.int64(10), np.int64(24))",[],0,,,,,
scalars,"('05_stackmath_numerical', np.int64(10), np.int64(25))",[],0,,,,,
scalars,"('05_stackmath_numerical', np.int64(10), np.int64(26))","[5, 10]",2,,,,,
scalars,"('05_stackmath_numerical', np.int64(11), np.int64(0))","[5, 10]",2,,,,,
scalars,"('05_stackmath_numerical', np.int64(11), np.int64(1))","[5, 10]",2,,,,,
scalars,"('05_stackmath_numerical', np.int64(11), np.int64(2))","[5, 10]",2,,,,,
scalars,"('05_stackmath_numerical', np.int64(11), np.int64(3))",[5],1,,,,,
scalars,"('05_stackmath_numerical', np.int64(11), np.int64(4))",[],0,,,,,
scalars,"('05_stackmath_numerical', np.int64(11), np.int64(5))","[5, 10, 15]",3,,,,,
scalars,"('05_stackmath_numerical', np.int64(11), np.int64(6))",[],0,,,,,
scalars,"('05_stackmath_numerical', np.int64(11), np.int64(7))",[5],1,,,,,
scalars,"('05_stackmath_numerical', np.int64(11), np.int64(8))",[],0,,,,,
scalars,"('05_stackmath_numerical', np.int64(11), np.int64(9))",[],0,,,,,
scalars,"('05_stackmath_numerical', np.int64(11), np.int64(10))",[],0,,,,,
scalars,"('05_stackmath_numerical', np.int64(11), np.int64(11))",[],0,,,,,
scalars,"('05_stackmath_numerical', np.int64(11), np.int64(12))",[5],1,,,,,
scalars,"('05_stackmath_numerical', np.int64(11), np.int64(13))",[],0,,,,,
scalars,"('05_stackmath_numerical', np.int64(11), np.int64(14))",[5],1,,,,,
scalars,"('05_stackmath_numerical', np.int64(11), np.int64(15))",[5],1,,,,,
scalars,"('05_stackmath_numerical', np.int64(11), np.int64(16))",[],0,,,,,
scalars,"('05_stackmath_numerical', np.int64(11), np.int64(17))",[],0,,,,,
scalars,"('05_stackmath_numerical', np.int64(11), np.int64(18))","[5, 10, 15, 25]",4,,,,,
scalars,"('05_stackmath_numerical', np.int64(11), np.int64(19))",[5],1,,,,,
scalars,"('05_stackmath_numerical', np.int64(11), np.int64(20))",[],0,,,,,
scalars,"('05_stackmath_numerical', np.int64(11), np.int64(21))",[5],1,,,,,
scalars,"('05_stackmath_numerical', np.int64(11), np.int64(22))",[5],1,,,,,
scalars,"('05_stackmath_numerical', np.int64(11), np.int64(23))","[5, 10]",2,,,,,
scalars,"('05_stackmath_numerical', np.int64(11), np.int64(24))",[],0,,,,,
scalars,"('05_stackmath_numerical', np.int64(11), np.int64(25))",[5],1,,,,,
scalars,"('05_stackmath_numerical', np.int64(11), np.int64(26))","[5, 10]",2,,,,,
scalars,"('05_stackmath_numerical', np.int64(12), np.int64(0))",[],0,,,,,
scalars,"('05_stackmath_numerical', np.int64(12), np.int64(1))",[],0,,,,,
scalars,"('05_stackmath_numerical', np.int64(12), np.int64(2))",[],0,,,,,
scalars,"('05_stackmath_numerical', np.int64(12), np.int64(3))",[5],1,,,,,
scalars,"('05_stackmath_numerical', np.int64(12), np.int64(4))",[5],1,,,,,
scalars,"('05_stackmath_numerical', np.int64(12), np.int64(5))",[5],1,,,,,
scalars,"('05_stackmath_numerical', np.int64(12), np.int64(6))",[5],1,,,,,
scalars,"('05_stackmath_numerical', np.int64(12), np.int64(7))",[],0,,,,,
scalars,"('05_stackmath_numerical', np.int64(12), np.int64(8))",[],0,,,,,
scalars,"('05_stackmath_numerical', np.int64(12), np.int64(9))",[],0,,,,,
scalars,"('05_stackmath_numerical', np.int64(12), np.int64(10))",[],0,,,,,
scalars,"('05_stackmath_numerical', np.int64(12), np.int64(11))",[],0,,,,,
scalars,"('05_stackmath_numerical', np.int64(12), np.int64(12))",[],0,,,,,
scalars,"('05_stackmath_numerical', np.int64(12), np.int64(13))",[],0,,,,,
scalars,"('05_stackmath_numerical', np.int64(12), np.int64(14))",[],0,,,,,
scalars,"('05_stackmath_numerical', np.int64(12), np.int64(15))",[5],1,,,,,
scalars,"('05_stackmath_numerical', np.int64(12), np.int64(16))",[5],1,,,,,
scalars,"('05_stackmath_numerical', np.int64(12), np.int64(17))",[],0,,,,,
scalars,"('05_stackmath_numerical', np.int64(12), np.int64(18))",[],0,,,,,
scalars,"('05_stackmath_numerical', np.int64(12), np.int64(19))",[],0,,,,,
scalars,"('05_stackmath_numerical', np.int64(12), np.int64(20))",[],0,,,,,
scalars,"('05_stackmath_numerical', np.int64(12), np.int64(21))",[],0,,,,,
scalars,"('05_stackmath_numerical', np.int64(12), np.int64(22))",[],0,,,,,
scalars,"('05_stackmath_numerical', np.int64(12), np.int64(23))",[],0,,,,,
scalars,"('05_stackmath_numerical', np.int64(12), np.int64(24))",[5],1,,,,,
scalars,"('05_stackmath_numerical', np.int64(12), np.int64(25))",[5],1,,,,,
scalars,"('05_stackmath_numerical', np.int64(12), np.int64(26))",[],0,,,,,
scalars,"('05_stackmath_numerical', np.int64(13), np.int64(0))",[],0,,,,,
scalars,"('05_stackmath_numerical', np.int64(13), np.int64(1))",[5],1,,,,,
scalars,"('05_stackmath_numerical', np.int64(13), np.int64(2))",[5],1,,,,,
scalars,"('05_stackmath_numerical', np.int64(13), np.int64(3))",[],0,,,,,
scalars,"('05_stackmath_numerical', np.int64(13), np.int64(4))",[5],1,,,,,
scalars,"('05_stackmath_numerical', np.int64(13), np.int64(5))",[5],1,,,,,
scalars,"('05_stackmath_numerical', np.int64(13), np.int64(6))",[5],1,,,,,
scalars,"('05_stackmath_numerical', np.int64(13), np.int64(7))",[],0,,,,,
scalars,"('05_stackmath_numerical', np.int64(13), np.int64(8))",[5],1,,,,,
scalars,"('05_stackmath_numerical', np.int64(13), np.int64(9))",[],0,,,,,
scalars,"('05_stackmath_numerical', np.int64(13), np.int64(10))",[],0,,,,,
scalars,"('05_stackmath_numerical', np.int64(13), np.int64(11))",[],0,,,,,
scalars,"('05_stackmath_numerical', np.int64(13), np.int64(12))",[5],1,,,,,
scalars,"('05_stackmath_numerical', np.int64(13), np.int64(13))",[],0,,,,,
scalars,"('05_stackmath_numerical', np.int64(13), np.int64(14))",[],0,,,,,
scalars,"('05_stackmath_numerical', np.int64(13), np.int64(15))",[],0,,,,,
scalars,"('05_stackmath_numerical', np.int64(13), np.int64(16))",[],0,,,,,
scalars,"('05_stackmath_numerical', np.int64(13), np.int64(17))",[5],1,,,,,
scalars,"('05_stackmath_numerical', np.int64(13), np.int64(18))",[5],1,,,,,
scalars,"('05_stackmath_numerical', np.int64(13), np.int64(19))",[5],1,,,,,
scalars,"('05_stackmath_numerical', np.int64(13), np.int64(20))",[],0,,,,,
scalars,"('05_stackmath_numerical', np.int64(13), np.int64(21))",[],0,,,,,
scalars,"('05_stackmath_numerical', np.int64(13), np.int64(22))",[],0,,,,,
scalars,"('05_stackmath_numerical', np.int64(13), np.int64(23))",[],0,,,,,
scalars,"('05_stackmath_numerical', np.int64(13), np.int64(24))",[5],1,,,,,
scalars,"('05_stackmath_numerical', np.int64(13), np.int64(25))",[],0,,,,,
scalars,"('05_stackmath_numerical', np.int64(13), np.int64(26))",[],0,,,,,
scalars,"('05_stackmath_numerical', np.int64(14), np.int64(0))",[5],1,,,,,
scalars,"('05_stackmath_numerical', np.int64(14), np.int64(1))","[5, 10]",2,,,,,
scalars,"('05_stackmath_numerical', np.int64(14), np.int64(2))","[5, 10, 15]",3,,,,,
scalars,"('05_stackmath_numerical', np.int64(14), np.int64(3))","[5, 10]",2,,,,,
scalars,"('05_stackmath_numerical', np.int64(14), np.int64(4))","[5, 10]",2,,,,,
scalars,"('05_stackmath_numerical', np.int64(14), np.int64(5))",[5],1,,,,,
scalars,"('05_stackmath_numerical', np.int64(14), np.int64(6))","[5, 10]",2,,,,,
scalars,"('05_stackmath_numerical', np.int64(14), np.int64(7))",[5],1,,,,,
scalars,"('05_stackmath_numerical', np.int64(14), np.int64(8))","[5, 10]",2,,,,,
scalars,"('05_stackmath_numerical', np.int64(14), np.int64(9))","[5, 10]",2,,,,,
scalars,"('05_stackmath_numerical', np.int64(14), np.int64(10))","[5, 10, 15]",3,,,,,
scalars,"('05_stackmath_numerical', np.int64(14), np.int64(11))","[5, 10]",2,,,,,
scalars,"('05_stackmath_numerical', np.int64(14), np.int64(12))","[5, 10]",2,,,,,
scalars,"('05_stackmath_numerical', np.int64(14), np.int64(13))","[5, 10]",2,,,,,
scalars,"('05_stackmath_numerical', np.int64(14), np.int64(14))",[5],1,,,,,
scalars,"('05_stackmath_numerical', np.int64(14), np.int64(15))","[5, 10]",2,,,,,
scalars,"('05_stackmath_numerical', np.int64(14), np.int64(16))","[5, 10]",2,,,,,
scalars,"('05_stackmath_numerical', np.int64(14), np.int64(17))",[5],1,,,,,
scalars,"('05_stackmath_numerical', np.int64(14), np.int64(18))","[5, 10]",2,,,,,
scalars,"('05_stackmath_numerical', np.int64(14), np.int64(19))","[5, 10, 15]",3,,,,,
scalars,"('05_stackmath_numerical', np.int64(14), np.int64(20))","[5, 10]",2,,,,,
scalars,"('05_stackmath_numerical', np.int64(14), np.int64(21))",[5],1,,,,,
scalars,"('05_stackmath_numerical', np.int64(14), np.int64(22))",[5],1,,,,,
scalars,"('05_stackmath_numerical', np.int64(14), np.int64(23))",[5],1,,,,,
scalars,"('05_stackmath_numerical', np.int64(14), np.int64(24))","[5, 10]",2,,,,,
scalars,"('05_stackmath_numerical', np.int64(14), np.int64(25))",[5],1,,,,,
scalars,"('05_stackmath_numerical', np.int64(14), np.int64(26))","[5, 10]",2,,,,,
scalars,"('05_stackmath_numerical', np.int64(15), np.int64(0))",[],0,,,,,
scalars,"('05_stackmath_numerical', np.int64(15), np.int64(1))",[],0,,,,,
scalars,"('05_stackmath_numerical', np.int64(15), np.int64(2))",[5],1,,,,,
scalars,"('05_stackmath_numerical', np.int64(15), np.int64(3))",[],0,,,,,
scalars,"('05_stackmath_numerical', np.int64(15), np.int64(4))",[],0,,,,,
scalars,"('05_stackmath_numerical', np.int64(15), np.int64(5))",[],0,,,,,
scalars,"('05_stackmath_numerical', np.int64(15), np.int64(6))",[5],1,,,,,
scalars,"('05_stackmath_numerical', np.int64(15), np.int64(7))",[],0,,,,,
scalars,"('05_stackmath_numerical', np.int64(15), np.int64(8))",[5],1,,,,,
scalars,"('05_stackmath_numerical', np.int64(15), np.int64(9))",[],0,,,,,
scalars,"('05_stackmath_numerical', np.int64(15), np.int64(10))",[],0,,,,,
scalars,"('05_stackmath_numerical', np.int64(15), np.int64(11))",[],0,,,,,
scalars,"('05_stackmath_numerical', np.int64(15), np.int64(12))",[],0,,,,,
scalars,"('05_stackmath_numerical', np.int64(15), np.int64(13))",[],0,,,,,
scalars,"('05_stackmath_numerical', np.int64(15), np.int64(14))",[],0,,,,,
scalars,"('05_stackmath_numerical', np.int64(15), np.int64(15))",[5],1,,,,,
scalars,"('05_stackmath_numerical', np.int64(15), np.int64(16))",[5],1,,,,,
scalars,"('05_stackmath_numerical', np.int64(15), np.int64(17))",[],0,,,,,
scalars,"('05_stackmath_numerical', np.int64(15), np.int64(18))",[],0,,,,,
scalars,"('05_stackmath_numerical', np.int64(15), np.int64(19))",[],0,,,,,
scalars,"('05_stackmath_numerical', np.int64(15), np.int64(20))",[5],1,,,,,
scalars,"('05_stackmath_numerical', np.int64(15), np.int64(21))",[5],1,,,,,
scalars,"('05_stackmath_numerical', np.int64(15), np.int64(22))",[],0,,,,,
scalars,"('05_stackmath_numerical', np.int64(15), np.int64(23))",[],0,,,,,
scalars,"('05_stackmath_numerical', np.int64(15), np.int64(24))",[],0,,,,,
scalars,"('05_stackmath_numerical', np.int64(15), np.int64(25))",[],0,,,,,
scalars,"('05_stackmath_numerical', np.int64(15), np.int64(26))",[],0,,,,,
scalars,"('05_stackmath_numerical', np.int64(16), np.int64(0))",[5],1,,,,,
scalars,"('05_stackmath_numerical', np.int64(16), np.int64(1))",[],0,,,,,
scalars,"('05_stackmath_numerical', np.int64(16), np.int64(2))",[5],1,,,,,
scalars,"('05_stackmath_numerical', np.int64(16), np.int64(3))",[],0,,,,,
scalars,"('05_stackmath_numerical', np.int64(16), np.int64(4))",[5],1,,,,,
scalars,"('05_stackmath_numerical', np.int64(16), np.int64(5))",[],0,,,,,
scalars,"('05_stackmath_numerical', np.int64(16), np.int64(6))",[],0,,,,,
scalars,"('05_stackmath_numerical', np.int64(16), np.int64(7))",[5],1,,,,,
scalars,"('05_stackmath_numerical', np.int64(16), np.int64(8))",[5],1,,,,,
scalars,"('05_stackmath_numerical', np.int64(16), np.int64(9))",[5],1,,,,,
scalars,"('05_stackmath_numerical', np.int64(16), np.int64(10))",[],0,,,,,
scalars,"('05_stackmath_numerical', np.int64(16), np.int64(11))",[5],1,,,,,
scalars,"('05_stackmath_numerical', np.int64(16), np.int64(12))",[],0,,,,,
scalars,"('05_stackmath_numerical', np.int64(16), np.int64(13))",[],0,,,,,
scalars,"('05_stackmath_numerical', np.int64(16), np.int64(14))",[5],1,,,,,
scalars,"('05_stackmath_numerical', np.int64(16), np.int64(15))",[],0,,,,,
scalars,"('05_stackmath_numerical', np.int64(16), np.int64(16))",[],0,,,,,
scalars,"('05_stackmath_numerical', np.int64(16), np.int64(17))",[5],1,,,,,
scalars,"('05_stackmath_numerical', np.int64(16), np.int64(18))",[5],1,,,,,
scalars,"('05_stackmath_numerical', np.int64(16), np.int64(19))",[],0,,,,,
scalars,"('05_stackmath_numerical', np.int64(16), np.int64(20))",[5],1,,,,,
scalars,"('05_stackmath_numerical', np.int64(16), np.int64(21))",[5],1,,,,,
scalars,"('05_stackmath_numerical', np.int64(16), np.int64(22))",[5],1,,,,,
scalars,"('05_stackmath_numerical', np.int64(16), np.int64(23))",[],0,,,,,
scalars,"('05_stackmath_numerical', np.int64(16), np.int64(24))",[5],1,,,,,
scalars,"('05_stackmath_numerical', np.int64(16), np.int64(25))",[5],1,,,,,
scalars,"('05_stackmath_numerical', np.int64(16), np.int64(26))",[],0,,,,,
scalars,"('05_stackmath_numerical', np.int64(17), np.int64(0))",[],0,,,,,
scalars,"('05_stackmath_numerical', np.int64(17), np.int64(1))",[],0,,,,,
scalars,"('05_stackmath_numerical', np.int64(17), np.int64(2))",[],0,,,,,
scalars,"('05_stackmath_numerical', np.int64(17), np.int64(3))",[],0,,,,,
scalars,"('05_stackmath_numerical', np.int64(17), np.int64(4))",[5],1,0.0,0.0,0.0,0.0,5.0
scalars,"('05_stackmath_numerical', np.int64(17), np.int64(5))",[5],1,,,,,
scalars,"('05_stackmath_numerical', np.int64(17), np.int64(6))",[],0,,,,,
scalars,"('05_stackmath_numerical', np.int64(17), np.int64(7))",[],0,,,,,
scalars,"('05_stackmath_numerical', np.int64(17), np.int64(8))",[5],1,,,,,
scalars,"('05_stackmath_numerical', np.int64(17), np.int64(9))",[],0,,,,,
scalars,"('05_stackmath_numerical', np.int64(17), np.int64(10))",[],0,,,,,
scalars,"('05_stackmath_numerical', np.int64(17), np.int64(11))",[5],1,,,,,
scalars,"('05_stackmath_numerical', np.int64(17), np.int64(12))",[],0,,,,,
scalars,"('05_stackmath_numerical', np.int64(17), np.int64(13))",[],0,,,,,
scalars,"('05_stackmath_numerical', np.int64(17), np.int64(14))",[],0,,,,,
scalars,"('05_stackmath_numerical', np.int64(17), np.int64(15))",[],0,,,,,
scalars,"('05_stackmath_numerical', np.int64(17), np.int64(16))",[],0,,,,,
scalars,"('05_stackmath_numerical', np.int64(17), np.int64(17))","[5, 10]",2,,,,,
scalars,"('05_stackmath_numerical', np.int64(17), np.int64(18))",[5],1,,,,,
scalars,"('05_stackmath_numerical', np.int64(17), np.int64(19))",[],0,,,,,
scalars,"('05_stackmath_numerical', np.int64(17), np.int64(20))",[],0,,,,,
scalars,"('05_stackmath_numerical', np.int64(17), np.int64(21))",[],0,,,,,
scalars,"('05_stackmath_numerical', np.int64(17), np.int64(22))",[],0,,,,,
scalars,"('05_stackmath_numerical', np.int64(17), np.int64(23))",[],0,,,,,
scalars,"('05_stackmath_numerical', np.int64(17), np.int64(24))","[5, 10, 15, 20]",4,,,,,
scalars,"('05_stackmath_numerical', np.int64(17), np.int64(25))",[],0,,,,,
scalars,"('05_stackmath_numerical', np.int64(17), np.int64(26))",[5],1,,,,,
scalars,"('05_stackmath_numerical', np.int64(18), np.int64(0))",[],0,,,,,
scalars,"('05_stackmath_numerical', np.int64(18), np.int64(1))",[],0,,,,,
scalars,"('05_stackmath_numerical', np.int64(18), np.int64(2))",[],0,,,,,
scalars,"('05_stackmath_numerical', np.int64(18), np.int64(3))",[],0,,,,,
scalars,"('05_stackmath_numerical', np.int64(18), np.int64(4))","[5, 10]",2,,,,,
scalars,"('05_stackmath_numerical', np.int64(18), np.int64(5))",[],0,,,,,
scalars,"('05_stackmath_numerical', np.int64(18), np.int64(6))",[],0,,,,,
scalars,"('05_stackmath_numerical', np.int64(18), np.int64(7))",[],0,,,,,
scalars,"('05_stackmath_numerical', np.int64(18), np.int64(8))",[],0,,,,,
scalars,"('05_stackmath_numerical', np.int64(18), np.int64(9))",[],0,,,,,
scalars,"('05_stackmath_numerical', np.int64(18), np.int64(10))",[],0,,,,,
scalars,"('05_stackmath_numerical', np.int64(18), np.int64(11))",[],0,,,,,
scalars,"('05_stackmath_numerical', np.int64(18), np.int64(12))","[5, 10]",2,,,,,
scalars,"('05_stackmath_numerical', np.int64(18), np.int64(13))",[],0,,,,,
scalars,"('05_stackmath_numerical', np.int64(18), np.int64(14))",[5],1,,,,,
scalars,"('05_stackmath_numerical', np.int64(18), np.int64(15))",[],0,,,,,
scalars,"('05_stackmath_numerical', np.int64(18), np.int64(16))",[5],1,,,,,
scalars,"('05_stackmath_numerical', np.int64(18), np.int64(17))",[],0,,,,,
scalars,"('05_stackmath_numerical', np.int64(18), np.int64(18))",[5],1,,,,,
scalars,"('05_stackmath_numerical', np.int64(18), np.int64(19))","[5, 10]",2,,,,,
scalars,"('05_stackmath_numerical', np.int64(18), np.int64(20))",[],0,,,,,
scalars,"('05_stackmath_numerical', np.int64(18), np.int64(21))","[5, 10]",2,,,,,
scalars,"('05_stackmath_numerical', np.int64(18), np.int64(22))","[5, 10, 15]",3,,,,,
scalars,"('05_stackmath_numerical', np.int64(18), np.int64(23))",[],0,,,,,
scalars,"('05_stackmath_numerical', np.int64(18), np.int64(24))",[],0,,,,,
scalars,"('05_stackmath_numerical', np.int64(18), np.int64(25))",[],0,,,,,
scalars,"('05_stackmath_numerical', np.int64(18), np.int64(26))",[5],1,,,,,
scalars,"('05_stackmath_numerical', np.int64(19), np.int64(0))",[],0,,,,,
scalars,"('05_stackmath_numerical', np.int64(19), np.int64(1))",[5],1,,,,,
scalars,"('05_stackmath_numerical', np.int64(19), np.int64(2))",[5],1,,,,,
scalars,"('05_stackmath_numerical', np.int64(19), np.int64(3))",[5],1,,,,,
scalars,"('05_stackmath_numerical', np.int64(19), np.int64(4))",[5],1,,,,,
scalars,"('05_stackmath_numerical', np.int64(19), np.int64(5))",[],0,,,,,
scalars,"('05_stackmath_numerical', np.int64(19), np.int64(6))",[5],1,,,,,
scalars,"('05_stackmath_numerical', np.int64(19), np.int64(7))",[5],1,,,,,
scalars,"('05_stackmath_numerical', np.int64(19), np.int64(8))",[5],1,,,,,
scalars,"('05_stackmath_numerical', np.int64(19), np.int64(9))",[5],1,,,,,
scalars,"('05_stackmath_numerical', np.int64(19), np.int64(10))",[5],1,,,,,
scalars,"('05_stackmath_numerical', np.int64(19), np.int64(11))",[],0,,,,,
scalars,"('05_stackmath_numerical', np.int64(19), np.int64(12))",[5],1,,,,,
scalars,"('05_stackmath_numerical', np.int64(19), np.int64(13))",[5],1,,,,,
scalars,"('05_stackmath_numerical', np.int64(19), np.int64(14))",[5],1,,,,,
scalars,"('05_stackmath_numerical', np.int64(19), np.int64(15))",[],0,,,,,
scalars,"('05_stackmath_numerical', np.int64(19), np.int64(16))",[],0,,,,,
scalars,"('05_stackmath_numerical', np.int64(19), np.int64(17))",[5],1,,,,,
scalars,"('05_stackmath_numerical', np.int64(19), np.int64(18))","[5, 10]",2,,,,,
scalars,"('05_stackmath_numerical', np.int64(19), np.int64(19))",[],0,,,,,
scalars,"('05_stackmath_numerical', np.int64(19), np.int64(20))",[],0,,,,,
scalars,"('05_stackmath_numerical', np.int64(19), np.int64(21))",[5],1,,,,,
scalars,"('05_stackmath_numerical', np.int64(19), np.int64(22))",[],0,,,,,
scalars,"('05_stackmath_numerical', np.int64(19), np.int64(23))",[5],1,,,,,
scalars,"('05_stackmath_numerical', np.int64(19), np.int64(24))",[],0,,,,,
scalars,"('05_stackmath_numerical', np.int64(19), np.int64(25))",[],0,,,,,
scalars,"('05_stackmath_numerical', np.int64(19), np.int64(26))",[5],1,,,,,
scalars,"('06_policy_compliance', np.int64(0), np.int64(0))",[],0,,,,,
scalars,"('06_policy_compliance', np.int64(0), np.int64(1))",[],0,,,,,
scalars,"('06_policy_compliance', np.int64(0), np.int64(2))",[],0,,,,,
scalars,"('06_policy_compliance', np.int64(0), np.int64(3))",[5],1,,,,,
scalars,"('06_policy_compliance', np.int64(0), np.int64(4))",[],0,,,,,
scalars,"('06_policy_compliance', np.int64(0), np.int64(5))",[],0,,,,,
scalars,"('06_policy_compliance', np.int64(0), np.int64(6))",[],0,,,,,
scalars,"('06_policy_compliance', np.int64(0), np.int64(7))",[5],1,,,,,
scalars,"('06_policy_compliance', np.int64(0), np.int64(8))",[5],1,,,,,
scalars,"('06_policy_compliance', np.int64(0), np.int64(9))",[],0,,,,,
scalars,"('06_policy_compliance', np.int64(0), np.int64(10))",[],0,,,,,
scalars,"('06_policy_compliance', np.int64(0), np.int64(11))",[],0,,,,,
scalars,"('06_policy_compliance', np.int64(0), np.int64(12))",[],0,,,,,
scalars,"('06_policy_compliance', np.int64(0), np.int64(13))",[],0,,,,,
scalars,"('06_policy_compliance', np.int64(0), np.int64(14))",[],0,,,,,
scalars,"('06_policy_compliance', np.int64(0), np.int64(15))",[],0,,,,,
scalars,"('06_policy_compliance', np.int64(0), np.int64(16))",[],0,,,,,
scalars,"('06_policy_compliance', np.int64(0), np.int64(17))",[],0,,,,,
scalars,"('06_policy_compliance', np.int64(0), np.int64(18))",[5],1,,,,,
scalars,"('06_policy_compliance', np.int64(0), np.int64(19))",[],0,,,,,
scalars,"('06_policy_compliance', np.int64(0), np.int64(20))",[5],1,,,,,
scalars,"('06_policy_compliance', np.int64(0), np.int64(21))",[5],1,,,,,
scalars,"('06_policy_compliance', np.int64(0), np.int64(22))",[],0,,,,,
scalars,"('06_policy_compliance', np.int64(0), np.int64(23))",[5],1,,,,,
scalars,"('06_policy_compliance', np.int64(0), np.int64(24))","[5, 10, 15]",3,,,,,
scalars,"('06_policy_compliance', np.int64(0), np.int64(25))","[5, 10]",2,,,,,
scalars,"('06_policy_compliance', np.int64(0), np.int64(26))",[],0,,,,,
scalars,"('06_policy_compliance', np.int64(1), np.int64(0))",[],0,,,,,
scalars,"('06_policy_compliance', np.int64(1), np.int64(1))",[],0,,,,,
scalars,"('06_policy_compliance', np.int64(1), np.int64(2))",[],0,,,,,
scalars,"('06_policy_compliance', np.int64(1), np.int64(3))",[],0,,,,,
scalars,"('06_policy_compliance', np.int64(1), np.int64(4))",[],0,,,,,
scalars,"('06_policy_compliance', np.int64(1), np.int64(5))",[],0,,,,,
scalars,"('06_policy_compliance', np.int64(1), np.int64(6))",[],0,,,,,
scalars,"('06_policy_compliance', np.int64(1), np.int64(7))",[],0,,,,,
scalars,"('06_policy_compliance', np.int64(1), np.int64(8))",[],0,,,,,
scalars,"('06_policy_compliance', np.int64(1), np.int64(9))",[],0,,,,,
scalars,"('06_policy_compliance', np.int64(1), np.int64(10))",[],0,,,,,
scalars,"('06_policy_compliance', np.int64(1), np.int64(11))",[],0,,,,,
scalars,"('06_policy_compliance', np.int64(1), np.int64(12))",[],0,,,,,
scalars,"('06_policy_compliance', np.int64(1), np.int64(13))",[],0,,,,,
scalars,"('06_policy_compliance', np.int64(1), np.int64(14))",[],0,,,,,
scalars,"('06_policy_compliance', np.int64(1), np.int64(15))",[],0,,,,,
scalars,"('06_policy_compliance', np.int64(1), np.int64(16))",[],0,,,,,
scalars,"('06_policy_compliance', np.int64(1), np.int64(17))",[],0,,,,,
scalars,"('06_policy_compliance', np.int64(1), np.int64(18))",[],0,,,,,
scalars,"('06_policy_compliance', np.int64(1), np.int64(19))",[],0,,,,,
scalars,"('06_policy_compliance', np.int64(1), np.int64(20))",[],0,,,,,
scalars,"('06_policy_compliance', np.int64(1), np.int64(21))",[],0,,,,,
scalars,"('06_policy_compliance', np.int64(1), np.int64(22))",[],0,,,,,
scalars,"('06_policy_compliance', np.int64(1), np.int64(23))",[],0,,,,,
scalars,"('06_policy_compliance', np.int64(1), np.int64(24))",[],0,,,,,
scalars,"('06_policy_compliance', np.int64(1), np.int64(25))",[],0,,,,,
scalars,"('06_policy_compliance', np.int64(1), np.int64(26))",[],0,,,,,
scalars,"('06_policy_compliance', np.int64(2), np.int64(0))",[],0,,,,,
scalars,"('06_policy_compliance', np.int64(2), np.int64(1))",[],0,,,,,
scalars,"('06_policy_compliance', np.int64(2), np.int64(2))",[],0,,,,,
scalars,"('06_policy_compliance', np.int64(2), np.int64(3))",[],0,,,,,
scalars,"('06_policy_compliance', np.int64(2), np.int64(4))",[],0,,,,,
scalars,"('06_policy_compliance', np.int64(2), np.int64(5))",[],0,,,,,
scalars,"('06_policy_compliance', np.int64(2), np.int64(6))",[],0,,,,,
scalars,"('06_policy_compliance', np.int64(2), np.int64(7))",[5],1,,,,,
scalars,"('06_policy_compliance', np.int64(2), np.int64(8))",[5],1,,,,,
scalars,"('06_policy_compliance', np.int64(2), np.int64(9))",[],0,,,,,
scalars,"('06_policy_compliance', np.int64(2), np.int64(10))",[],0,,,,,
scalars,"('06_policy_compliance', np.int64(2), np.int64(11))",[],0,,,,,
scalars,"('06_policy_compliance', np.int64(2), np.int64(12))",[],0,,,,,
scalars,"('06_policy_compliance', np.int64(2), np.int64(13))",[5],1,,,,,
scalars,"('06_policy_compliance', np.int64(2), np.int64(14))",[],0,,,,,
scalars,"('06_policy_compliance', np.int64(2), np.int64(15))",[5],1,,,,,
scalars,"('06_policy_compliance', np.int64(2), np.int64(16))",[],0,,,,,
scalars,"('06_policy_compliance', np.int64(2), np.int64(17))",[],0,,,,,
scalars,"('06_policy_compliance', np.int64(2), np.int64(18))",[],0,,,,,
scalars,"('06_policy_compliance', np.int64(2), np.int64(19))",[],0,,,,,
scalars,"('06_policy_compliance', np.int64(2), np.int64(20))",[],0,,,,,
scalars,"('06_policy_compliance', np.int64(2), np.int64(21))",[],0,,,,,
scalars,"('06_policy_compliance', np.int64(2), np.int64(22))",[],0,,,,,
scalars,"('06_policy_compliance', np.int64(2), np.int64(23))",[],0,,,,,
scalars,"('06_policy_compliance', np.int64(2), np.int64(24))",[5],1,,,,,
scalars,"('06_policy_compliance', np.int64(2), np.int64(25))",[],0,,,,,
scalars,"('06_policy_compliance', np.int64(2), np.int64(26))",[5],1,,,,,
scalars,"('06_policy_compliance', np.int64(3), np.int64(0))",[],0,,,,,
scalars,"('06_policy_compliance', np.int64(3), np.int64(1))",[],0,,,,,
scalars,"('06_policy_compliance', np.int64(3), np.int64(2))",[],0,,,,,
scalars,"('06_policy_compliance', np.int64(3), np.int64(3))",[5],1,,,,,
scalars,"('06_policy_compliance', np.int64(3), np.int64(4))",[],0,,,,,
scalars,"('06_policy_compliance', np.int64(3), np.int64(5))",[5],1,,,,,
scalars,"('06_policy_compliance', np.int64(3), np.int64(6))",[5],1,,,,,
scalars,"('06_policy_compliance', np.int64(3), np.int64(7))",[5],1,,,,,
scalars,"('06_policy_compliance', np.int64(3), np.int64(8))",[],0,,,,,
scalars,"('06_policy_compliance', np.int64(3), np.int64(9))",[],0,,,,,
scalars,"('06_policy_compliance', np.int64(3), np.int64(10))",[],0,,,,,
scalars,"('06_policy_compliance', np.int64(3), np.int64(11))",[],0,,,,,
scalars,"('06_policy_compliance', np.int64(3), np.int64(12))",[],0,,,,,
scalars,"('06_policy_compliance', np.int64(3), np.int64(13))",[],0,,,,,
scalars,"('06_policy_compliance', np.int64(3), np.int64(14))",[5],1,,,,,
scalars,"('06_policy_compliance', np.int64(3), np.int64(15))",[5],1,,,,,
scalars,"('06_policy_compliance', np.int64(3), np.int64(16))",[],0,,,,,
scalars,"('06_policy_compliance', np.int64(3), np.int64(17))",[],0,,,,,
scalars,"('06_policy_compliance', np.int64(3), np.int64(18))",[5],1,,,,,
scalars,"('06_policy_compliance', np.int64(3), np.int64(19))",[],0,,,,,
scalars,"('06_policy_compliance', np.int64(3), np.int64(20))",[],0,,,,,
scalars,"('06_policy_compliance', np.int64(3), np.int64(21))",[5],1,,,,,
scalars,"('06_policy_compliance', np.int64(3), np.int64(22))",[5],1,,,,,
scalars,"('06_policy_compliance', np.int64(3), np.int64(23))",[5],1,,,,,
scalars,"('06_policy_compliance', np.int64(3), np.int64(24))",[],0,,,,,
scalars,"('06_policy_compliance', np.int64(3), np.int64(25))",[5],1,,,,,
scalars,"('06_policy_compliance', np.int64(3), np.int64(26))",[],0,,,,,
scalars,"('06_policy_compliance', np.int64(4), np.int64(0))",[],0,,,,,
scalars,"('06_policy_compliance', np.int64(4), np.int64(1))",[],0,,,,,
scalars,"('06_policy_compliance', np.int64(4), np.int64(2))",[],0,,,,,
scalars,"('06_policy_compliance', np.int64(4), np.int64(3))",[],0,,,,,
scalars,"('06_policy_compliance', np.int64(4), np.int64(4))",[],0,,,,,
scalars,"('06_policy_compliance', np.int64(4), np.int64(5))",[],0,,,,,
scalars,"('06_policy_compliance', np.int64(4), np.int64(6))",[5],1,,,,,
scalars,"('06_policy_compliance', np.int64(4), np.int64(7))",[5],1,,,,,
scalars,"('06_policy_compliance', np.int64(4), np.int64(8))",[],0,,,,,
scalars,"('06_policy_compliance', np.int64(4), np.int64(9))",[],0,,,,,
scalars,"('06_policy_compliance', np.int64(4), np.int64(10))",[],0,,,,,
scalars,"('06_policy_compliance', np.int64(4), np.int64(11))",[],0,,,,,
scalars,"('06_policy_compliance', np.int64(4), np.int64(13))",[5],1,,,,,
scalars,"('06_policy_compliance', np.int64(4), np.int64(14))",[5],1,,,,,
scalars,"('06_policy_compliance', np.int64(4), np.int64(15))","[5, 10]",2,,,,,
scalars,"('06_policy_compliance', np.int64(4), np.int64(16))",[],0,,,,,
scalars,"('06_policy_compliance', np.int64(4), np.int64(17))",[],0,,,,,
scalars,"('06_policy_compliance', np.int64(4), np.int64(18))",[],0,,,,,
scalars,"('06_policy_compliance', np.int64(4), np.int64(19))",[],0,,,,,
scalars,"('06_policy_compliance', np.int64(4), np.int64(20))",[],0,,,,,
scalars,"('06_policy_compliance', np.int64(4), np.int64(21))",[5],1,,,,,
scalars,"('06_policy_compliance', np.int64(4), np.int64(22))",[5],1,,,,,
scalars,"('06_policy_compliance', np.int64(4), np.int64(23))",[5],1,,,,,
scalars,"('06_policy_compliance', np.int64(4), np.int64(24))",[5],1,,,,,
scalars,"('06_policy_compliance', np.int64(4), np.int64(25))",[],0,,,,,
scalars,"('06_policy_compliance', np.int64(4), np.int64(26))",[],0,,,,,
scalars,"('06_policy_compliance', np.int64(5), np.int64(0))",[],0,,,,,
scalars,"('06_policy_compliance', np.int64(5), np.int64(1))",[],0,,,,,
scalars,"('06_policy_compliance', np.int64(5), np.int64(2))",[],0,,,,,
scalars,"('06_policy_compliance', np.int64(5), np.int64(3))",[],0,,,,,
scalars,"('06_policy_compliance', np.int64(5), np.int64(4))",[],0,,,,,
scalars,"('06_policy_compliance', np.int64(5), np.int64(5))",[],0,,,,,
scalars,"('06_policy_compliance', np.int64(5), np.int64(6))",[],0,,,,,
scalars,"('06_policy_compliance', np.int64(5), np.int64(7))",[],0,,,,,
scalars,"('06_policy_compliance', np.int64(5), np.int64(8))",[],0,,,,,
scalars,"('06_policy_compliance', np.int64(5), np.int64(9))",[],0,,,,,
scalars,"('06_policy_compliance', np.int64(5), np.int64(10))",[],0,,,,,
scalars,"('06_policy_compliance', np.int64(5), np.int64(11))",[],0,,,,,
scalars,"('06_policy_compliance', np.int64(5), np.int64(12))",[5],1,,,,,
scalars,"('06_policy_compliance', np.int64(5), np.int64(13))",[],0,,,,,
scalars,"('06_policy_compliance', np.int64(5), np.int64(14))",[],0,,,,,
scalars,"('06_policy_compliance', np.int64(5), np.int64(15))",[5],1,,,,,
scalars,"('06_policy_compliance', np.int64(5), np.int64(16))",[5],1,,,,,
scalars,"('06_policy_compliance', np.int64(5), np.int64(17))",[5],1,,,,,
scalars,"('06_policy_compliance', np.int64(5), np.int64(18))",[5],1,,,,,
scalars,"('06_policy_compliance', np.int64(5), np.int64(19))",[],0,,,,,
scalars,"('06_policy_compliance', np.int64(5), np.int64(20))",[],0,,,,,
scalars,"('06_policy_compliance', np.int64(5), np.int64(21))",[5],1,,,,,
scalars,"('06_policy_compliance', np.int64(5), np.int64(22))",[],0,,,,,
scalars,"('06_policy_compliance', np.int64(5), np.int64(23))",[],0,,,,,
scalars,"('06_policy_compliance', np.int64(5), np.int64(24))",[],0,,,,,
scalars,"('06_policy_compliance', np.int64(5), np.int64(25))",[5],1,,,,,
scalars,"('06_policy_compliance', np.int64(5), np.int64(26))",[],0,,,,,
scalars,"('06_policy_compliance', np.int64(6), np.int64(0))",[],0,,,,,
scalars,"('06_policy_compliance', np.int64(6), np.int64(1))",[],0,,,,,
scalars,"('06_policy_compliance', np.int64(6), np.int64(2))",[],0,,,,,
scalars,"('06_policy_compliance', np.int64(6), np.int64(3))",[],0,,,,,
scalars,"('06_policy_compliance', np.int64(6), np.int64(4))",[5],1,,,,,
scalars,"('06_policy_compliance', np.int64(6), np.int64(5))",[],0,,,,,
scalars,"('06_policy_compliance', np.int64(6), np.int64(6))",[],0,,,,,
scalars,"('06_policy_compliance', np.int64(6), np.int64(7))",[],0,,,,,
scalars,"('06_policy_compliance', np.int64(6), np.int64(8))",[5],1,,,,,
scalars,"('06_policy_compliance', np.int64(6), np.int64(9))",[5],1,,,,,
scalars,"('06_policy_compliance', np.int64(6), np.int64(10))",[],0,,,,,
scalars,"('06_policy_compliance', np.int64(6), np.int64(11))",[],0,,,,,
scalars,"('06_policy_compliance', np.int64(6), np.int64(12))",[5],1,,,,,
scalars,"('06_policy_compliance', np.int64(6), np.int64(13))",[],0,,,,,
scalars,"('06_policy_compliance', np.int64(6), np.int64(14))",[],0,,,,,
scalars,"('06_policy_compliance', np.int64(6), np.int64(15))",[],0,,,,,
scalars,"('06_policy_compliance', np.int64(6), np.int64(16))",[],0,,,,,
scalars,"('06_policy_compliance', np.int64(6), np.int64(17))",[],0,,,,,
scalars,"('06_policy_compliance', np.int64(6), np.int64(18))",[],0,,,,,
scalars,"('06_policy_compliance', np.int64(6), np.int64(19))",[],0,,,,,
scalars,"('06_policy_compliance', np.int64(6), np.int64(20))",[],0,,,,,
scalars,"('06_policy_compliance', np.int64(6), np.int64(21))",[],0,,,,,
scalars,"('06_policy_compliance', np.int64(6), np.int64(22))",[],0,,,,,
scalars,"('06_policy_compliance', np.int64(6), np.int64(23))",[5],1,,,,,
scalars,"('06_policy_compliance', np.int64(6), np.int64(24))",[],0,,,,,
scalars,"('06_policy_compliance', np.int64(6), np.int64(25))",[5],1,,,,,
scalars,"('06_policy_compliance', np.int64(6), np.int64(26))",[5],1,,,,,
scalars,"('06_policy_compliance', np.int64(7), np.int64(0))",[],0,,,,,
scalars,"('06_policy_compliance', np.int64(7), np.int64(1))",[],0,,,,,
scalars,"('06_policy_compliance', np.int64(7), np.int64(2))",[],0,,,,,
scalars,"('06_policy_compliance', np.int64(7), np.int64(3))",[5],1,,,,,
scalars,"('06_policy_compliance', np.int64(7), np.int64(4))",[],0,,,,,
scalars,"('06_policy_compliance', np.int64(7), np.int64(5))",[],0,,,,,
scalars,"('06_policy_compliance', np.int64(7), np.int64(6))",[],0,,,,,
scalars,"('06_policy_compliance', np.int64(7), np.int64(7))",[5],1,,,,,
scalars,"('06_policy_compliance', np.int64(7), np.int64(8))",[],0,,,,,
scalars,"('06_policy_compliance', np.int64(7), np.int64(9))",[],0,,,,,
scalars,"('06_policy_compliance', np.int64(7), np.int64(10))",[5],1,,,,,
scalars,"('06_policy_compliance', np.int64(7), np.int64(11))",[5],1,,,,,
scalars,"('06_policy_compliance', np.int64(7), np.int64(12))",[],0,,,,,
scalars,"('06_policy_compliance', np.int64(7), np.int64(13))",[5],1,,,,,
scalars,"('06_policy_compliance', np.int64(7), np.int64(14))",[],0,,,,,
scalars,"('06_policy_compliance', np.int64(7), np.int64(15))",[],0,,,,,
scalars,"('06_policy_compliance', np.int64(7), np.int64(16))",[5],1,,,,,
scalars,"('06_policy_compliance', np.int64(7), np.int64(17))",[5],1,,,,,
scalars,"('06_policy_compliance', np.int64(7), np.int64(18))",[],0,,,,,
scalars,"('06_policy_compliance', np.int64(7), np.int64(19))",[],0,,,,,
scalars,"('06_policy_compliance', np.int64(7), np.int64(20))",[],0,,,,,
scalars,"('06_policy_compliance', np.int64(7), np.int64(21))",[],0,,,,,
scalars,"('06_policy_compliance', np.int64(7), np.int64(22))",[],0,,,,,
scalars,"('06_policy_compliance', np.int64(7), np.int64(23))",[],0,,,,,
scalars,"('06_policy_compliance', np.int64(7), np.int64(24))",[],0,,,,,
scalars,"('06_policy_compliance', np.int64(7), np.int64(25))",[5],1,,,,,
scalars,"('06_policy_compliance', np.int64(7), np.int64(26))",[],0,,,,,
scalars,"('06_policy_compliance', np.int64(8), np.int64(0))",[],0,,,,,
scalars,"('06_policy_compliance', np.int64(8), np.int64(1))",[],0,,,,,
scalars,"('06_policy_compliance', np.int64(8), np.int64(2))",[],0,,,,,
scalars,"('06_policy_compliance', np.int64(8), np.int64(3))",[],0,,,,,
scalars,"('06_policy_compliance', np.int64(8), np.int64(4))",[5],1,,,,,
scalars,"('06_policy_compliance', np.int64(8), np.int64(5))",[5],1,,,,,
scalars,"('06_policy_compliance', np.int64(8), np.int64(6))",[],0,,,,,
scalars,"('06_policy_compliance', np.int64(8), np.int64(7))",[],0,,,,,
scalars,"('06_policy_compliance', np.int64(8), np.int64(8))",[],0,,,,,
scalars,"('06_policy_compliance', np.int64(8), np.int64(9))",[],0,,,,,
scalars,"('06_policy_compliance', np.int64(8), np.int64(10))",[],0,,,,,
scalars,"('06_policy_compliance', np.int64(8), np.int64(11))",[],0,,,,,
scalars,"('06_policy_compliance', np.int64(8), np.int64(12))",[],0,,,,,
scalars,"('06_policy_compliance', np.int64(8), np.int64(13))",[],0,,,,,
scalars,"('06_policy_compliance', np.int64(8), np.int64(14))",[],0,,,,,
scalars,"('06_policy_compliance', np.int64(8), np.int64(15))",[5],1,,,,,
scalars,"('06_policy_compliance', np.int64(8), np.int64(16))",[5],1,,,,,
scalars,"('06_policy_compliance', np.int64(8), np.int64(17))",[5],1,,,,,
scalars,"('06_policy_compliance', np.int64(8), np.int64(18))",[],0,,,,,
scalars,"('06_policy_compliance', np.int64(8), np.int64(19))",[],0,,,,,
scalars,"('06_policy_compliance', np.int64(8), np.int64(20))",[],0,,,,,
scalars,"('06_policy_compliance', np.int64(8), np.int64(21))",[],0,,,,,
scalars,"('06_policy_compliance', np.int64(8), np.int64(22))",[],0,,,,,
scalars,"('06_policy_compliance', np.int64(8), np.int64(23))",[],0,,,,,
scalars,"('06_policy_compliance', np.int64(8), np.int64(24))",[],0,,,,,
scalars,"('06_policy_compliance', np.int64(8), np.int64(25))",[],0,,,,,
scalars,"('06_policy_compliance', np.int64(8), np.int64(26))",[],0,,,,,
scalars,"('06_policy_compliance', np.int64(9), np.int64(0))","[5, 10]",2,,,,,
scalars,"('06_policy_compliance', np.int64(9), np.int64(1))",[5],1,,,,,
scalars,"('06_policy_compliance', np.int64(9), np.int64(2))","[5, 10, 20]",3,,,,,
scalars,"('06_policy_compliance', np.int64(9), np.int64(3))",[],0,,,,,
scalars,"('06_policy_compliance', np.int64(9), np.int64(4))",[5],1,,,,,
scalars,"('06_policy_compliance', np.int64(9), np.int64(5))",[],0,,,,,
scalars,"('06_policy_compliance', np.int64(9), np.int64(6))",[5],1,,,,,
scalars,"('06_policy_compliance', np.int64(9), np.int64(7))",[5],1,,,,,
scalars,"('06_policy_compliance', np.int64(9), np.int64(8))",[],0,,,,,
scalars,"('06_policy_compliance', np.int64(9), np.int64(9))",[5],1,,,,,
scalars,"('06_policy_compliance', np.int64(9), np.int64(10))",[5],1,,,,,
scalars,"('06_policy_compliance', np.int64(9), np.int64(11))","[5, 10]",2,,,,,
scalars,"('06_policy_compliance', np.int64(9), np.int64(12))",[5],1,,,,,
scalars,"('06_policy_compliance', np.int64(9), np.int64(13))","[5, 10]",2,,,,,
scalars,"('06_policy_compliance', np.int64(9), np.int64(14))","[5, 10]",2,,,,,
scalars,"('06_policy_compliance', np.int64(9), np.int64(15))","[5, 10]",2,,,,,
scalars,"('06_policy_compliance', np.int64(9), np.int64(16))",[],0,,,,,
scalars,"('06_policy_compliance', np.int64(9), np.int64(17))",[],0,,,,,
scalars,"('06_policy_compliance', np.int64(9), np.int64(18))",[],0,,,,,
scalars,"('06_policy_compliance', np.int64(9), np.int64(19))",[],0,,,,,
scalars,"('06_policy_compliance', np.int64(9), np.int64(20))","[5, 10]",2,,,,,
scalars,"('06_policy_compliance', np.int64(9), np.int64(21))",[5],1,,,,,
scalars,"('06_policy_compliance', np.int64(9), np.int64(22))",[5],1,,,,,
scalars,"('06_policy_compliance', np.int64(9), np.int64(23))",[5],1,,,,,
scalars,"('06_policy_compliance', np.int64(9), np.int64(24))",[5],1,,,,,
scalars,"('06_policy_compliance', np.int64(9), np.int64(25))",[],0,,,,,
scalars,"('06_policy_compliance', np.int64(9), np.int64(26))",[5],1,,,,,
scalars,"('06_policy_compliance', np.int64(10), np.int64(0))",[],0,,,,,
scalars,"('06_policy_compliance', np.int64(10), np.int64(1))",[],0,,,,,
scalars,"('06_policy_compliance', np.int64(10), np.int64(2))",[],0,,,,,
scalars,"('06_policy_compliance', np.int64(10), np.int64(3))",[],0,,,,,
scalars,"('06_policy_compliance', np.int64(10), np.int64(4))",[],0,,,,,
scalars,"('06_policy_compliance', np.int64(10), np.int64(5))",[],0,,,,,
scalars,"('06_policy_compliance', np.int64(10), np.int64(6))",[5],1,,,,,
scalars,"('06_policy_compliance', np.int64(10), np.int64(7))",[5],1,,,,,
scalars,"('06_policy_compliance', np.int64(10), np.int64(8))",[],0,,,,,
scalars,"('06_policy_compliance', np.int64(10), np.int64(9))",[],0,,,,,
scalars,"('06_policy_compliance', np.int64(10), np.int64(10))",[],0,,,,,
scalars,"('06_policy_compliance', np.int64(10), np.int64(11))",[],0,,,,,
scalars,"('06_policy_compliance', np.int64(10), np.int64(12))",[],0,,,,,
scalars,"('06_policy_compliance', np.int64(10), np.int64(13))",[],0,,,,,
scalars,"('06_policy_compliance', np.int64(10), np.int64(14))",[],0,,,,,
scalars,"('06_policy_compliance', np.int64(10), np.int64(15))",[],0,,,,,
scalars,"('06_policy_compliance', np.int64(10), np.int64(16))",[],0,,,,,
scalars,"('06_policy_compliance', np.int64(10), np.int64(17))",[],0,,,,,
scalars,"('06_policy_compliance', np.int64(10), np.int64(18))",[],0,,,,,
scalars,"('06_policy_compliance', np.int64(10), np.int64(19))",[],0,,,,,
scalars,"('06_policy_compliance', np.int64(10), np.int64(20))",[5],1,,,,,
scalars,"('06_policy_compliance', np.int64(10), np.int64(21))",[],0,,,,,
scalars,"('06_policy_compliance', np.int64(10), np.int64(22))",[5],1,,,,,
scalars,"('06_policy_compliance', np.int64(10), np.int64(23))",[],0,,,,,
scalars,"('06_policy_compliance', np.int64(10), np.int64(24))",[5],1,,,,,
scalars,"('06_policy_compliance', np.int64(10), np.int64(25))",[],0,,,,,
scalars,"('06_policy_compliance', np.int64(10), np.int64(26))",[5],1,,,,,
scalars,"('06_policy_compliance', np.int64(11), np.int64(0))",[5],1,,,,,
scalars,"('06_policy_compliance', np.int64(11), np.int64(1))",[],0,,,,,
scalars,"('06_policy_compliance', np.int64(11), np.int64(2))",[],0,,,,,
scalars,"('06_policy_compliance', np.int64(11), np.int64(3))",[],0,,,,,
scalars,"('06_policy_compliance', np.int64(11), np.int64(4))",[5],1,,,,,
scalars,"('06_policy_compliance', np.int64(11), np.int64(5))",[],0,,,,,
scalars,"('06_policy_compliance', np.int64(11), np.int64(6))",[5],1,,,,,
scalars,"('06_policy_compliance', np.int64(11), np.int64(7))",[5],1,,,,,
scalars,"('06_policy_compliance', np.int64(11), np.int64(8))",[5],1,,,,,
scalars,"('06_policy_compliance', np.int64(11), np.int64(9))",[5],1,,,,,
scalars,"('06_policy_compliance', np.int64(11), np.int64(10))",[5],1,,,,,
scalars,"('06_policy_compliance', np.int64(11), np.int64(11))",[],0,,,,,
scalars,"('06_policy_compliance', np.int64(11), np.int64(12))",[5],1,,,,,
scalars,"('06_policy_compliance', np.int64(11), np.int64(13))",[5],1,,,,,
scalars,"('06_policy_compliance', np.int64(11), np.int64(14))",[],0,,,,,
scalars,"('06_policy_compliance', np.int64(11), np.int64(15))",[5],1,,,,,
scalars,"('06_policy_compliance', np.int64(11), np.int64(16))",[5],1,,,,,
scalars,"('06_policy_compliance', np.int64(11), np.int64(17))",[],0,,,,,
scalars,"('06_policy_compliance', np.int64(11), np.int64(18))",[5],1,,,,,
scalars,"('06_policy_compliance', np.int64(11), np.int64(19))","[5, 10]",2,,,,,
scalars,"('06_policy_compliance', np.int64(11), np.int64(20))",[],0,,,,,
scalars,"('06_policy_compliance', np.int64(11), np.int64(21))","[5, 10]",2,,,,,
scalars,"('06_policy_compliance', np.int64(11), np.int64(22))",[],0,,,,,
scalars,"('06_policy_compliance', np.int64(11), np.int64(23))",[5],1,,,,,
scalars,"('06_policy_compliance', np.int64(11), np.int64(24))",[],0,,,,,
scalars,"('06_policy_compliance', np.int64(11), np.int64(25))",[],0,,,,,
scalars,"('06_policy_compliance', np.int64(11), np.int64(26))",[5],1,,,,,
scalars,"('06_policy_compliance', np.int64(12), np.int64(0))",[],0,,,,,
scalars,"('06_policy_compliance', np.int64(12), np.int64(1))",[],0,,,,,
scalars,"('06_policy_compliance', np.int64(12), np.int64(2))",[],0,,,,,
scalars,"('06_policy_compliance', np.int64(12), np.int64(3))",[5],1,,,,,
scalars,"('06_policy_compliance', np.int64(12), np.int64(4))",[],0,,,,,
scalars,"('06_policy_compliance', np.int64(12), np.int64(5))",[],0,,,,,
scalars,"('06_policy_compliance', np.int64(12), np.int64(6))",[],0,,,,,
scalars,"('06_policy_compliance', np.int64(12), np.int64(7))",[],0,,,,,
scalars,"('06_policy_compliance', np.int64(12), np.int64(8))",[],0,,,,,
scalars,"('06_policy_compliance', np.int64(12), np.int64(9))",[],0,,,,,
scalars,"('06_policy_compliance', np.int64(12), np.int64(10))",[],0,,,,,
scalars,"('06_policy_compliance', np.int64(12), np.int64(11))",[],0,,,,,
scalars,"('06_policy_compliance', np.int64(12), np.int64(12))",[],0,,,,,
scalars,"('06_policy_compliance', np.int64(12), np.int64(13))",[],0,,,,,
scalars,"('06_policy_compliance', np.int64(12), np.int64(14))",[],0,,,,,
scalars,"('06_policy_compliance', np.int64(12), np.int64(15))",[5],1,,,,,
scalars,"('06_policy_compliance', np.int64(12), np.int64(16))",[5],1,,,,,
scalars,"('06_policy_compliance', np.int64(12), np.int64(17))",[5],1,,,,,
scalars,"('06_policy_compliance', np.int64(12), np.int64(18))",[],0,,,,,
scalars,"('06_policy_compliance', np.int64(12), np.int64(19))",[],0,,,,,
scalars,"('06_policy_compliance', np.int64(12), np.int64(20))",[],0,,,,,
scalars,"('06_policy_compliance', np.int64(12), np.int64(21))",[5],1,,,,,
scalars,"('06_policy_compliance', np.int64(12), np.int64(22))",[],0,,,,,
scalars,"('06_policy_compliance', np.int64(12), np.int64(23))",[5],1,,,,,
scalars,"('06_policy_compliance', np.int64(12), np.int64(24))",[5],1,,,,,
scalars,"('06_policy_compliance', np.int64(12), np.int64(25))",[5],1,,,,,
scalars,"('06_policy_compliance', np.int64(12), np.int64(26))",[],0,,,,,
scalars,"('06_policy_compliance', np.int64(13), np.int64(0))",[],0,,,,,
scalars,"('06_policy_compliance', np.int64(13), np.int64(1))",[],0,,,,,
scalars,"('06_policy_compliance', np.int64(13), np.int64(2))",[],0,,,,,
scalars,"('06_policy_compliance', np.int64(13), np.int64(3))",[5],1,,,,,
scalars,"('06_policy_compliance', np.int64(13), np.int64(4))",[5],1,,,,,
scalars,"('06_policy_compliance', np.int64(13), np.int64(5))",[5],1,,,,,
scalars,"('06_policy_compliance', np.int64(13), np.int64(6))",[5],1,,,,,
scalars,"('06_policy_compliance', np.int64(13), np.int64(7))",[],0,,,,,
scalars,"('06_policy_compliance', np.int64(13), np.int64(8))",[],0,,,,,
scalars,"('06_policy_compliance', np.int64(13), np.int64(9))",[],0,,,,,
scalars,"('06_policy_compliance', np.int64(13), np.int64(10))",[],0,,,,,
scalars,"('06_policy_compliance', np.int64(13), np.int64(11))",[],0,,,,,
scalars,"('06_policy_compliance', np.int64(13), np.int64(12))",[5],1,,,,,
scalars,"('06_policy_compliance', np.int64(13), np.int64(13))",[5],1,,,,,
scalars,"('06_policy_compliance', np.int64(13), np.int64(14))",[],0,,,,,
scalars,"('06_policy_compliance', np.int64(13), np.int64(15))",[5],1,,,,,
scalars,"('06_policy_compliance', np.int64(13), np.int64(16))",[5],1,,,,,
scalars,"('06_policy_compliance', np.int64(13), np.int64(17))",[],0,,,,,
scalars,"('06_policy_compliance', np.int64(13), np.int64(18))",[],0,,,,,
scalars,"('06_policy_compliance', np.int64(13), np.int64(19))",[],0,,,,,
scalars,"('06_policy_compliance', np.int64(13), np.int64(20))",[],0,,,,,
scalars,"('06_policy_compliance', np.int64(13), np.int64(21))",[5],1,,,,,
scalars,"('06_policy_compliance', np.int64(13), np.int64(22))",[5],1,,,,,
scalars,"('06_policy_compliance', np.int64(13), np.int64(23))",[5],1,,,,,
scalars,"('06_policy_compliance', np.int64(13), np.int64(24))",[],0,,,,,
scalars,"('06_policy_compliance', np.int64(13), np.int64(25))",[],0,,,,,
scalars,"('06_policy_compliance', np.int64(13), np.int64(26))",[5],1,,,,,
scalars,"('06_policy_compliance', np.int64(14), np.int64(0))",[],0,,,,,
scalars,"('06_policy_compliance', np.int64(14), np.int64(1))",[],0,,,,,
scalars,"('06_policy_compliance', np.int64(14), np.int64(2))",[],0,,,,,
scalars,"('06_policy_compliance', np.int64(14), np.int64(3))",[],0,,,,,
scalars,"('06_policy_compliance', np.int64(14), np.int64(4))",[5],1,,,,,
scalars,"('06_policy_compliance', np.int64(14), np.int64(5))",[],0,,,,,
scalars,"('06_policy_compliance', np.int64(14), np.int64(6))",[],0,,,,,
scalars,"('06_policy_compliance', np.int64(14), np.int64(7))",[],0,,,,,
scalars,"('06_policy_compliance', np.int64(14), np.int64(8))",[],0,,,,,
scalars,"('06_policy_compliance', np.int64(14), np.int64(9))",[],0,,,,,
scalars,"('06_policy_compliance', np.int64(14), np.int64(10))",[],0,,,,,
scalars,"('06_policy_compliance', np.int64(14), np.int64(11))",[],0,,,,,
scalars,"('06_policy_compliance', np.int64(14), np.int64(12))",[],0,,,,,
scalars,"('06_policy_compliance', np.int64(14), np.int64(13))",[],0,,,,,
scalars,"('06_policy_compliance', np.int64(14), np.int64(14))",[],0,,,,,
scalars,"('06_policy_compliance', np.int64(14), np.int64(15))",[],0,,,,,
scalars,"('06_policy_compliance', np.int64(14), np.int64(16))",[5],1,,,,,
scalars,"('06_policy_compliance', np.int64(14), np.int64(17))",[5],1,,,,,
scalars,"('06_policy_compliance', np.int64(14), np.int64(18))",[],0,,,,,
scalars,"('06_policy_compliance', np.int64(14), np.int64(19))",[],0,,,,,
scalars,"('06_policy_compliance', np.int64(14), np.int64(20))",[],0,,,,,
scalars,"('06_policy_compliance', np.int64(14), np.int64(21))",[],0,,,,,
scalars,"('06_policy_compliance', np.int64(14), np.int64(22))",[5],1,,,,,
scalars,"('06_policy_compliance', np.int64(14), np.int64(23))",[5],1,,,,,
scalars,"('06_policy_compliance', np.int64(14), np.int64(24))",[5],1,,,,,
scalars,"('06_policy_compliance', np.int64(14), np.int64(25))",[],0,,,,,
scalars,"('06_policy_compliance', np.int64(14), np.int64(26))",[],0,,,,,
scalars,"('06_policy_compliance', np.int64(15), np.int64(0))",[],0,,,,,
scalars,"('06_policy_compliance', np.int64(15), np.int64(1))",[],0,,,,,
scalars,"('06_policy_compliance', np.int64(15), np.int64(2))",[],0,,,,,
scalars,"('06_policy_compliance', np.int64(15), np.int64(3))",[],0,,,,,
scalars,"('06_policy_compliance', np.int64(15), np.int64(4))",[],0,,,,,
scalars,"('06_policy_compliance', np.int64(15), np.int64(5))",[],0,,,,,
scalars,"('06_policy_compliance', np.int64(15), np.int64(6))",[],0,,,,,
scalars,"('06_policy_compliance', np.int64(15), np.int64(7))",[5],1,,,,,
scalars,"('06_policy_compliance', np.int64(15), np.int64(8))",[],0,,,,,
scalars,"('06_policy_compliance', np.int64(15), np.int64(9))",[],0,,,,,
scalars,"('06_policy_compliance', np.int64(15), np.int64(10))",[],0,,,,,
scalars,"('06_policy_compliance', np.int64(15), np.int64(11))",[],0,,,,,
scalars,"('06_policy_compliance', np.int64(15), np.int64(12))",[],0,,,,,
scalars,"('06_policy_compliance', np.int64(15), np.int64(13))",[],0,,,,,
scalars,"('06_policy_compliance', np.int64(15), np.int64(14))",[],0,,,,,
scalars,"('06_policy_compliance', np.int64(15), np.int64(15))",[],0,,,,,
scalars,"('06_policy_compliance', np.int64(15), np.int64(16))",[],0,,,,,
scalars,"('06_policy_compliance', np.int64(15), np.int64(17))",[],0,,,,,
scalars,"('06_policy_compliance', np.int64(15), np.int64(18))",[],0,,,,,
scalars,"('06_policy_compliance', np.int64(15), np.int64(19))",[],0,,,,,
scalars,"('06_policy_compliance', np.int64(15), np.int64(20))",[],0,,,,,
scalars,"('06_policy_compliance', np.int64(15), np.int64(21))",[],0,,,,,
scalars,"('06_policy_compliance', np.int64(15), np.int64(22))",[5],1,,,,,
scalars,"('06_policy_compliance', np.int64(15), np.int64(23))",[5],1,,,,,
scalars,"('06_policy_compliance', np.int64(15), np.int64(24))",[5],1,,,,,
scalars,"('06_policy_compliance', np.int64(15), np.int64(25))",[],0,,,,,
scalars,"('06_policy_compliance', np.int64(15), np.int64(26))",[5],1,,,,,
scalars,"('06_policy_compliance', np.int64(16), np.int64(0))",[],0,,,,,
scalars,"('06_policy_compliance', np.int64(16), np.int64(1))",[],0,,,,,
scalars,"('06_policy_compliance', np.int64(16), np.int64(2))",[],0,,,,,
scalars,"('06_policy_compliance', np.int64(16), np.int64(3))",[],0,,,,,
scalars,"('06_policy_compliance', np.int64(16), np.int64(4))",[],0,,,,,
scalars,"('06_policy_compliance', np.int64(16), np.int64(5))",[5],1,,,,,
scalars,"('06_policy_compliance', np.int64(16), np.int64(6))",[],0,,,,,
scalars,"('06_policy_compliance', np.int64(16), np.int64(7))",[],0,,,,,
scalars,"('06_policy_compliance', np.int64(16), np.int64(8))",[],0,,,,,
scalars,"('06_policy_compliance', np.int64(16), np.int64(9))",[],0,,,,,
scalars,"('06_policy_compliance', np.int64(16), np.int64(10))",[],0,,,,,
scalars,"('06_policy_compliance', np.int64(16), np.int64(11))",[],0,,,,,
scalars,"('06_policy_compliance', np.int64(16), np.int64(12))",[],0,,,,,
scalars,"('06_policy_compliance', np.int64(16), np.int64(13))",[],0,,,,,
scalars,"('06_policy_compliance', np.int64(16), np.int64(14))",[],0,,,,,
scalars,"('06_policy_compliance', np.int64(16), np.int64(15))",[5],1,,,,,
scalars,"('06_policy_compliance', np.int64(16), np.int64(16))",[5],1,,,,,
scalars,"('06_policy_compliance', np.int64(16), np.int64(17))",[],0,,,,,
scalars,"('06_policy_compliance', np.int64(16), np.int64(18))",[5],1,,,,,
scalars,"('06_policy_compliance', np.int64(16), np.int64(19))",[],0,0.0,0.0,0.0,0.0,inf
scalars,"('06_policy_compliance', np.int64(16), np.int64(20))",[5],1,,,,,
scalars,"('06_policy_compliance', np.int64(16), np.int64(21))",[],0,,,,,
scalars,"('06_policy_compliance', np.int64(16), np.int64(22))",[],0,,,,,
scalars,"('06_policy_compliance', np.int64(16), np.int64(23))",[],0,,,,,
scalars,"('06_policy_compliance', np.int64(16), np.int64(24))",[5],1,,,,,
scalars,"('06_policy_compliance', np.int64(16), np.int64(25))",[],0,,,,,
scalars,"('06_policy_compliance', np.int64(16), np.int64(26))",[5],1,,,,,
scalars,"('06_policy_compliance', np.int64(17), np.int64(0))",[],0,,,,,
scalars,"('06_policy_compliance', np.int64(17), np.int64(1))",[],0,,,,,
scalars,"('06_policy_compliance', np.int64(17), np.int64(2))",[],0,,,,,
scalars,"('06_policy_compliance', np.int64(17), np.int64(3))",[],0,,,,,
scalars,"('06_policy_compliance', np.int64(17), np.int64(4))",[],0,,,,,
scalars,"('06_policy_compliance', np.int64(17), np.int64(5))",[],0,,,,,
scalars,"('06_policy_compliance', np.int64(17), np.int64(6))",[5],1,,,,,
scalars,"('06_policy_compliance', np.int64(17), np.int64(7))",[5],1,,,,,
scalars,"('06_policy_compliance', np.int64(17), np.int64(8))",[],0,,,,,
scalars,"('06_policy_compliance', np.int64(17), np.int64(9))",[],0,,,,,
scalars,"('06_policy_compliance', np.int64(17), np.int64(10))",[],0,,,,,
scalars,"('06_policy_compliance', np.int64(17), np.int64(11))",[],0,,,,,
scalars,"('06_policy_compliance', np.int64(17), np.int64(12))",[],0,,,,,
scalars,"('06_policy_compliance', np.int64(17), np.int64(13))",[],0,,,,,
scalars,"('06_policy_compliance', np.int64(17), np.int64(14))",[],0,,,,,
scalars,"('06_policy_compliance', np.int64(17), np.int64(15))",[5],1,,,,,
scalars,"('06_policy_compliance', np.int64(17), np.int64(16))",[5],1,,,,,
scalars,"('06_policy_compliance', np.int64(17), np.int64(17))",[5],1,,,,,
scalars,"('06_policy_compliance', np.int64(17), np.int64(18))",[],0,,,,,
scalars,"('06_policy_compliance', np.int64(17), np.int64(19))",[],0,,,,,
scalars,"('06_policy_compliance', np.int64(17), np.int64(20))",[],0,,,,,
scalars,"('06_policy_compliance', np.int64(17), np.int64(21))",[5],1,,,,,
scalars,"('06_policy_compliance', np.int64(17), np.int64(22))",[5],1,,,,,
scalars,"('06_policy_compliance', np.int64(17), np.int64(23))",[5],1,,,,,
scalars,"('06_policy_compliance', np.int64(17), np.int64(24))",[],0,,,,,
scalars,"('06_policy_compliance', np.int64(17), np.int64(25))",[],0,,,,,
scalars,"('06_policy_compliance', np.int64(17), np.int64(26))",[5],1,,,,,
scalars,"('06_policy_compliance', np.int64(18), np.int64(0))",[],0,,,,,
scalars,"('06_policy_compliance', np.int64(18), np.int64(1))",[],0,,,,,
scalars,"('06_policy_compliance', np.int64(18), np.int64(2))",[],0,,,,,
scalars,"('06_policy_compliance', np.int64(18), np.int64(3))",[5],1,,,,,
scalars,"('06_policy_compliance', np.int64(18), np.int64(4))",[],0,,,,,
scalars,"('06_policy_compliance', np.int64(18), np.int64(5))",[],0,,,,,
scalars,"('06_policy_compliance', np.int64(18), np.int64(6))",[5],1,,,,,
scalars,"('06_policy_compliance', np.int64(18), np.int64(7))",[5],1,,,,,
scalars,"('06_policy_compliance', np.int64(18), np.int64(8))",[],0,,,,,
scalars,"('06_policy_compliance', np.int64(18), np.int64(9))",[],0,,,,,
scalars,"('06_policy_compliance', np.int64(18), np.int64(11))",[],0,,,,,
scalars,"('06_policy_compliance', np.int64(18), np.int64(12))",[],0,,,,,
scalars,"('06_policy_compliance', np.int64(18), np.int64(13))",[],0,,,,,
scalars,"('06_policy_compliance', np.int64(18), np.int64(14))",[5],1,,,,,
scalars,"('06_policy_compliance', np.int64(18), np.int64(15))",[5],1,,,,,
scalars,"('06_policy_compliance', np.int64(18), np.int64(16))",[5],1,,,,,
scalars,"('06_policy_compliance', np.int64(18), np.int64(17))",[],0,,,,,
scalars,"('06_policy_compliance', np.int64(18), np.int64(18))",[],0,,,,,
scalars,"('06_policy_compliance', np.int64(18), np.int64(19))",[],0,,,,,
scalars,"('06_policy_compliance', np.int64(18), np.int64(20))",[],0,,,,,
scalars,"('06_policy_compliance', np.int64(18), np.int64(21))",[],0,,,,,
scalars,"('06_policy_compliance', np.int64(18), np.int64(22))",[5],1,,,,,
scalars,"('06_policy_compliance', np.int64(18), np.int64(23))",[5],1,,,,,
scalars,"('06_policy_compliance', np.int64(18), np.int64(24))",[],0,,,,,
scalars,"('06_policy_compliance', np.int64(18), np.int64(25))",[],0,,,,,
scalars,"('06_policy_compliance', np.int64(18), np.int64(26))",[5],1,,,,,
scalars,"('06_policy_compliance', np.int64(19), np.int64(0))",[],0,,,,,
scalars,"('06_policy_compliance', np.int64(19), np.int64(1))",[5],1,,,,,
scalars,"('06_policy_compliance', np.int64(19), np.int64(2))",[],0,,,,,
scalars,"('06_policy_compliance', np.int64(19), np.int64(3))",[5],1,,,,,
scalars,"('06_policy_compliance', np.int64(19), np.int64(4))",[],0,,,,,
scalars,"('06_policy_compliance', np.int64(19), np.int64(5))",[],0,,,,,
scalars,"('06_policy_compliance', np.int64(19), np.int64(6))",[],0,,,,,
scalars,"('06_policy_compliance', np.int64(19), np.int64(7))",[5],1,,,,,
scalars,"('06_policy_compliance', np.int64(19), np.int64(8))",[],0,,,,,
scalars,"('06_policy_compliance', np.int64(19), np.int64(9))",[],0,,,,,
scalars,"('06_policy_compliance', np.int64(19), np.int64(10))",[5],1,,,,,
scalars,"('06_policy_compliance', np.int64(19), np.int64(11))",[],0,,,,,
scalars,"('06_policy_compliance', np.int64(19), np.int64(12))",[5],1,,,,,
scalars,"('06_policy_compliance', np.int64(19), np.int64(13))",[5],1,,,,,
scalars,"('06_policy_compliance', np.int64(19), np.int64(14))",[],0,,,,,
scalars,"('06_policy_compliance', np.int64(19), np.int64(15))",[5],1,,,,,
scalars,"('06_policy_compliance', np.int64(19), np.int64(16))",[5],1,,,,,
scalars,"('06_policy_compliance', np.int64(19), np.int64(17))",[],0,,,,,
scalars,"('06_policy_compliance', np.int64(19), np.int64(18))",[5],1,,,,,
scalars,"('06_policy_compliance', np.int64(19), np.int64(19))",[5],1,,,,,
scalars,"('06_policy_compliance', np.int64(19), np.int64(20))",[],0,,,,,
scalars,"('06_policy_compliance', np.int64(19), np.int64(21))",[5],1,,,,,
scalars,"('06_policy_compliance', np.int64(19), np.int64(22))",[5],1,,,,,
scalars,"('06_policy_compliance', np.int64(19), np.int64(23))",[5],1,,,,,
scalars,"('06_policy_compliance', np.int64(19), np.int64(24))",[5],1,,,,,
scalars,"('06_policy_compliance', np.int64(19), np.int64(25))",[5],1,,,,,
scalars,"('06_policy_compliance', np.int64(19), np.int64(26))",[],0,,,,,
scalars,"('07_expert_legal_med', np.int64(0), np.int64(0))",[],0,,,,,
scalars,"('07_expert_legal_med', np.int64(0), np.int64(1))",[],0,,,,,
scalars,"('07_expert_legal_med', np.int64(0), np.int64(2))",[],0,,,,,
scalars,"('07_expert_legal_med', np.int64(0), np.int64(3))",[5],1,,,,,
scalars,"('07_expert_legal_med', np.int64(0), np.int64(4))",[],0,,,,,
scalars,"('07_expert_legal_med', np.int64(0), np.int64(5))",[],0,,,,,
scalars,"('07_expert_legal_med', np.int64(0), np.int64(6))",[],0,,,,,
scalars,"('07_expert_legal_med', np.int64(0), np.int64(7))",[5],1,,,,,
scalars,"('07_expert_legal_med', np.int64(0), np.int64(8))",[],0,,,,,
scalars,"('07_expert_legal_med', np.int64(0), np.int64(9))",[],0,,,,,
scalars,"('07_expert_legal_med', np.int64(0), np.int64(10))",[],0,,,,,
scalars,"('07_expert_legal_med', np.int64(0), np.int64(11))",[],0,,,,,
scalars,"('07_expert_legal_med', np.int64(0), np.int64(12))",[],0,,,,,
scalars,"('07_expert_legal_med', np.int64(0), np.int64(13))",[],0,,,,,
scalars,"('07_expert_legal_med', np.int64(0), np.int64(14))",[],0,,,,,
scalars,"('07_expert_legal_med', np.int64(0), np.int64(15))",[5],1,,,,,
scalars,"('07_expert_legal_med', np.int64(0), np.int64(16))",[],0,,,,,
scalars,"('07_expert_legal_med', np.int64(0), np.int64(17))",[],0,,,,,
scalars,"('07_expert_legal_med', np.int64(0), np.int64(18))",[],0,,,,,
scalars,"('07_expert_legal_med', np.int64(0), np.int64(19))",[],0,,,,,
scalars,"('07_expert_legal_med', np.int64(0), np.int64(20))",[],0,,,,,
scalars,"('07_expert_legal_med', np.int64(0), np.int64(21))",[5],1,,,,,
scalars,"('07_expert_legal_med', np.int64(0), np.int64(22))",[],0,,,,,
scalars,"('07_expert_legal_med', np.int64(0), np.int64(23))",[],0,,,,,
scalars,"('07_expert_legal_med', np.int64(0), np.int64(24))",[],0,,,,,
scalars,"('07_expert_legal_med', np.int64(0), np.int64(25))",[],0,,,,,
scalars,"('07_expert_legal_med', np.int64(0), np.int64(26))",[],0,,,,,
scalars,"('07_expert_legal_med', np.int64(1), np.int64(0))",[],0,,,,,
scalars,"('07_expert_legal_med', np.int64(1), np.int64(1))",[5],1,,,,,
scalars,"('07_expert_legal_med', np.int64(1), np.int64(2))",[],0,,,,,
scalars,"('07_expert_legal_med', np.int64(1), np.int64(3))",[5],1,,,,,
scalars,"('07_expert_legal_med', np.int64(1), np.int64(4))",[],0,,,,,
scalars,"('07_expert_legal_med', np.int64(1), np.int64(5))",[5],1,,,,,
scalars,"('07_expert_legal_med', np.int64(1), np.int64(6))",[5],1,,,,,
scalars,"('07_expert_legal_med', np.int64(1), np.int64(7))",[5],1,,,,,
scalars,"('07_expert_legal_med', np.int64(1), np.int64(8))",[5],1,,,,,
scalars,"('07_expert_legal_med', np.int64(1), np.int64(9))",[5],1,,,,,
scalars,"('07_expert_legal_med', np.int64(1), np.int64(10))",[],0,,,,,
scalars,"('07_expert_legal_med', np.int64(1), np.int64(11))",[5],1,,,,,
scalars,"('07_expert_legal_med', np.int64(1), np.int64(12))",[],0,,,,,
scalars,"('07_expert_legal_med', np.int64(1), np.int64(13))",[5],1,,,,,
scalars,"('07_expert_legal_med', np.int64(1), np.int64(14))",[],0,,,,,
scalars,"('07_expert_legal_med', np.int64(1), np.int64(15))",[],0,,,,,
scalars,"('07_expert_legal_med', np.int64(1), np.int64(16))",[],0,,,,,
scalars,"('07_expert_legal_med', np.int64(1), np.int64(17))",[],0,,,,,
scalars,"('07_expert_legal_med', np.int64(1), np.int64(18))",[],0,,,,,
scalars,"('07_expert_legal_med', np.int64(1), np.int64(19))",[],0,,,,,
scalars,"('07_expert_legal_med', np.int64(1), np.int64(20))",[],0,,,,,
scalars,"('07_expert_legal_med', np.int64(1), np.int64(21))",[5],1,,,,,
scalars,"('07_expert_legal_med', np.int64(1), np.int64(22))",[5],1,,,,,
scalars,"('07_expert_legal_med', np.int64(1), np.int64(23))",[],0,,,,,
scalars,"('07_expert_legal_med', np.int64(1), np.int64(24))",[5],1,,,,,
scalars,"('07_expert_legal_med', np.int64(1), np.int64(25))",[],0,,,,,
scalars,"('07_expert_legal_med', np.int64(1), np.int64(26))",[5],1,,,,,
scalars,"('07_expert_legal_med', np.int64(2), np.int64(0))",[5],1,,,,,
scalars,"('07_expert_legal_med', np.int64(2), np.int64(1))",[],0,,,,,
scalars,"('07_expert_legal_med', np.int64(2), np.int64(2))",[],0,,,,,
scalars,"('07_expert_legal_med', np.int64(2), np.int64(3))",[],0,,,,,
scalars,"('07_expert_legal_med', np.int64(2), np.int64(4))",[],0,,,,,
scalars,"('07_expert_legal_med', np.int64(2), np.int64(5))",[],0,,,,,
scalars,"('07_expert_legal_med', np.int64(2), np.int64(6))",[],0,,,,,
scalars,"('07_expert_legal_med', np.int64(2), np.int64(7))",[],0,,,,,
scalars,"('07_expert_legal_med', np.int64(2), np.int64(8))",[],0,,,,,
scalars,"('07_expert_legal_med', np.int64(2), np.int64(9))",[5],1,,,,,
scalars,"('07_expert_legal_med', np.int64(2), np.int64(10))",[],0,,,,,
scalars,"('07_expert_legal_med', np.int64(2), np.int64(11))",[],0,,,,,
scalars,"('07_expert_legal_med', np.int64(2), np.int64(12))",[],0,,,,,
scalars,"('07_expert_legal_med', np.int64(2), np.int64(13))",[],0,,,,,
scalars,"('07_expert_legal_med', np.int64(2), np.int64(14))",[],0,,,,,
scalars,"('07_expert_legal_med', np.int64(2), np.int64(15))",[],0,,,,,
scalars,"('07_expert_legal_med', np.int64(2), np.int64(16))",[5],1,,,,,
scalars,"('07_expert_legal_med', np.int64(2), np.int64(17))",[],0,,,,,
scalars,"('07_expert_legal_med', np.int64(2), np.int64(18))",[],0,,,,,
scalars,"('07_expert_legal_med', np.int64(2), np.int64(19))",[5],1,,,,,
scalars,"('07_expert_legal_med', np.int64(2), np.int64(20))",[],0,,,,,
scalars,"('07_expert_legal_med', np.int64(2), np.int64(21))",[],0,,,,,
scalars,"('07_expert_legal_med', np.int64(2), np.int64(22))",[5],1,,,,,
scalars,"('07_expert_legal_med', np.int64(2), np.int64(23))",[],0,,,,,
scalars,"('07_expert_legal_med', np.int64(2), np.int64(24))",[],0,,,,,
scalars,"('07_expert_legal_med', np.int64(2), np.int64(25))",[],0,,,,,
scalars,"('07_expert_legal_med', np.int64(2), np.int64(26))",[],0,,,,,
scalars,"('07_expert_legal_med', np.int64(3), np.int64(0))",[],0,,,,,
scalars,"('07_expert_legal_med', np.int64(3), np.int64(1))",[],0,,,,,
scalars,"('07_expert_legal_med', np.int64(3), np.int64(2))",[],0,,,,,
scalars,"('07_expert_legal_med', np.int64(3), np.int64(3))",[],0,,,,,
scalars,"('07_expert_legal_med', np.int64(3), np.int64(4))",[],0,,,,,
scalars,"('07_expert_legal_med', np.int64(3), np.int64(5))",[5],1,,,,,
scalars,"('07_expert_legal_med', np.int64(3), np.int64(6))",[],0,,,,,
scalars,"('07_expert_legal_med', np.int64(3), np.int64(7))",[],0,,,,,
scalars,"('07_expert_legal_med', np.int64(3), np.int64(8))",[5],1,,,,,
scalars,"('07_expert_legal_med', np.int64(3), np.int64(9))",[],0,,,,,
scalars,"('07_expert_legal_med', np.int64(3), np.int64(10))",[],0,,,,,
scalars,"('07_expert_legal_med', np.int64(3), np.int64(11))",[],0,,,,,
scalars,"('07_expert_legal_med', np.int64(3), np.int64(12))",[],0,,,,,
scalars,"('07_expert_legal_med', np.int64(3), np.int64(13))",[],0,,,,,
scalars,"('07_expert_legal_med', np.int64(3), np.int64(14))",[],0,,,,,
scalars,"('07_expert_legal_med', np.int64(3), np.int64(15))",[5],1,,,,,
scalars,"('07_expert_legal_med', np.int64(3), np.int64(16))",[5],1,,,,,
scalars,"('07_expert_legal_med', np.int64(3), np.int64(17))",[],0,,,,,
scalars,"('07_expert_legal_med', np.int64(3), np.int64(18))",[],0,,,,,
scalars,"('07_expert_legal_med', np.int64(3), np.int64(19))",[5],1,,,,,
scalars,"('07_expert_legal_med', np.int64(3), np.int64(20))",[],0,,,,,
scalars,"('07_expert_legal_med', np.int64(3), np.int64(21))",[],0,,,,,
scalars,"('07_expert_legal_med', np.int64(3), np.int64(22))",[],0,,,,,
scalars,"('07_expert_legal_med', np.int64(3), np.int64(23))",[],0,,,,,
scalars,"('07_expert_legal_med', np.int64(3), np.int64(24))",[],0,,,,,
scalars,"('07_expert_legal_med', np.int64(3), np.int64(25))",[5],1,,,,,
scalars,"('07_expert_legal_med', np.int64(3), np.int64(26))",[],0,,,,,
scalars,"('07_expert_legal_med', np.int64(4), np.int64(0))",[],0,,,,,
scalars,"('07_expert_legal_med', np.int64(4), np.int64(1))",[],0,,,,,
scalars,"('07_expert_legal_med', np.int64(4), np.int64(2))",[],0,,,,,
scalars,"('07_expert_legal_med', np.int64(4), np.int64(3))",[],0,,,,,
scalars,"('07_expert_legal_med', np.int64(4), np.int64(4))",[],0,,,,,
scalars,"('07_expert_legal_med', np.int64(4), np.int64(5))",[5],1,,,,,
scalars,"('07_expert_legal_med', np.int64(4), np.int64(6))",[],0,,,,,
scalars,"('07_expert_legal_med', np.int64(4), np.int64(7))",[],0,,,,,
scalars,"('07_expert_legal_med', np.int64(4), np.int64(8))",[],0,,,,,
scalars,"('07_expert_legal_med', np.int64(4), np.int64(9))",[],0,,,,,
scalars,"('07_expert_legal_med', np.int64(4), np.int64(10))",[],0,,,,,
scalars,"('07_expert_legal_med', np.int64(4), np.int64(11))",[5],1,,,,,
scalars,"('07_expert_legal_med', np.int64(4), np.int64(12))",[5],1,,,,,
scalars,"('07_expert_legal_med', np.int64(4), np.int64(13))",[],0,,,,,
scalars,"('07_expert_legal_med', np.int64(4), np.int64(14))",[],0,,,,,
scalars,"('07_expert_legal_med', np.int64(4), np.int64(15))",[],0,,,,,
scalars,"('07_expert_legal_med', np.int64(4), np.int64(16))",[5],1,,,,,
scalars,"('07_expert_legal_med', np.int64(4), np.int64(17))",[5],1,,,,,
scalars,"('07_expert_legal_med', np.int64(4), np.int64(18))",[],0,,,,,
scalars,"('07_expert_legal_med', np.int64(4), np.int64(19))",[],0,,,,,
scalars,"('07_expert_legal_med', np.int64(4), np.int64(20))",[5],1,,,,,
scalars,"('07_expert_legal_med', np.int64(4), np.int64(21))",[5],1,,,,,
scalars,"('07_expert_legal_med', np.int64(4), np.int64(22))",[],0,,,,,
scalars,"('07_expert_legal_med', np.int64(4), np.int64(23))",[],0,,,,,
scalars,"('07_expert_legal_med', np.int64(4), np.int64(24))",[],0,,,,,
scalars,"('07_expert_legal_med', np.int64(4), np.int64(25))",[5],1,,,,,
scalars,"('07_expert_legal_med', np.int64(4), np.int64(26))",[],0,,,,,
scalars,"('07_expert_legal_med', np.int64(5), np.int64(0))",[5],1,,,,,
scalars,"('07_expert_legal_med', np.int64(5), np.int64(1))",[5],1,,,,,
scalars,"('07_expert_legal_med', np.int64(5), np.int64(2))",[5],1,,,,,
scalars,"('07_expert_legal_med', np.int64(5), np.int64(3))",[5],1,,,,,
scalars,"('07_expert_legal_med', np.int64(5), np.int64(4))",[5],1,,,,,
scalars,"('07_expert_legal_med', np.int64(5), np.int64(5))",[5],1,,,,,
scalars,"('07_expert_legal_med', np.int64(5), np.int64(6))",[5],1,,,,,
scalars,"('07_expert_legal_med', np.int64(5), np.int64(7))",[],0,,,,,
scalars,"('07_expert_legal_med', np.int64(5), np.int64(8))",[],0,,,,,
scalars,"('07_expert_legal_med', np.int64(5), np.int64(9))",[5],1,,,,,
scalars,"('07_expert_legal_med', np.int64(5), np.int64(10))",[5],1,,,,,
scalars,"('07_expert_legal_med', np.int64(5), np.int64(11))",[5],1,,,,,
scalars,"('07_expert_legal_med', np.int64(5), np.int64(12))",[5],1,,,,,
scalars,"('07_expert_legal_med', np.int64(5), np.int64(13))",[],0,,,,,
scalars,"('07_expert_legal_med', np.int64(5), np.int64(14))",[5],1,,,,,
scalars,"('07_expert_legal_med', np.int64(5), np.int64(15))",[],0,,,,,
scalars,"('07_expert_legal_med', np.int64(5), np.int64(16))",[],0,,,,,
scalars,"('07_expert_legal_med', np.int64(5), np.int64(17))",[5],1,,,,,
scalars,"('07_expert_legal_med', np.int64(5), np.int64(18))",[],0,,,,,
scalars,"('07_expert_legal_med', np.int64(5), np.int64(19))",[],0,,,,,
scalars,"('07_expert_legal_med', np.int64(5), np.int64(20))",[],0,,,,,
scalars,"('07_expert_legal_med', np.int64(5), np.int64(21))",[],0,,,,,
scalars,"('07_expert_legal_med', np.int64(5), np.int64(22))",[],0,,,,,
scalars,"('07_expert_legal_med', np.int64(5), np.int64(23))",[],0,,,,,
scalars,"('07_expert_legal_med', np.int64(5), np.int64(24))","[5, 10]",2,,,,,
scalars,"('07_expert_legal_med', np.int64(5), np.int64(25))",[],0,,,,,
scalars,"('07_expert_legal_med', np.int64(5), np.int64(26))",[5],1,,,,,
scalars,"('07_expert_legal_med', np.int64(6), np.int64(0))",[],0,,,,,
scalars,"('07_expert_legal_med', np.int64(6), np.int64(1))",[],0,,,,,
scalars,"('07_expert_legal_med', np.int64(6), np.int64(2))",[],0,,,,,
scalars,"('07_expert_legal_med', np.int64(6), np.int64(3))",[],0,,,,,
scalars,"('07_expert_legal_med', np.int64(6), np.int64(4))",[],0,,,,,
scalars,"('07_expert_legal_med', np.int64(6), np.int64(5))",[],0,,,,,
scalars,"('07_expert_legal_med', np.int64(6), np.int64(6))",[],0,,,,,
scalars,"('07_expert_legal_med', np.int64(6), np.int64(7))",[],0,,,,,
scalars,"('07_expert_legal_med', np.int64(6), np.int64(8))",[],0,,,,,
scalars,"('07_expert_legal_med', np.int64(6), np.int64(9))",[],0,,,,,
scalars,"('07_expert_legal_med', np.int64(6), np.int64(10))",[],0,,,,,
scalars,"('07_expert_legal_med', np.int64(6), np.int64(11))",[],0,,,,,
scalars,"('07_expert_legal_med', np.int64(6), np.int64(12))",[5],1,,,,,
scalars,"('07_expert_legal_med', np.int64(6), np.int64(13))",[],0,,,,,
scalars,"('07_expert_legal_med', np.int64(6), np.int64(14))",[],0,,,,,
scalars,"('07_expert_legal_med', np.int64(6), np.int64(15))",[],0,,,,,
scalars,"('07_expert_legal_med', np.int64(6), np.int64(16))",[],0,,,,,
scalars,"('07_expert_legal_med', np.int64(6), np.int64(17))",[5],1,,,,,
scalars,"('07_expert_legal_med', np.int64(6), np.int64(18))",[],0,,,,,
scalars,"('07_expert_legal_med', np.int64(6), np.int64(19))",[],0,,,,,
scalars,"('07_expert_legal_med', np.int64(6), np.int64(20))",[5],1,,,,,
scalars,"('07_expert_legal_med', np.int64(6), np.int64(21))",[],0,,,,,
scalars,"('07_expert_legal_med', np.int64(6), np.int64(22))",[5],1,,,,,
scalars,"('07_expert_legal_med', np.int64(6), np.int64(23))",[],0,,,,,
scalars,"('07_expert_legal_med', np.int64(6), np.int64(24))",[5],1,,,,,
scalars,"('07_expert_legal_med', np.int64(6), np.int64(25))",[],0,,,,,
scalars,"('07_expert_legal_med', np.int64(6), np.int64(26))",[5],1,,,,,
scalars,"('07_expert_legal_med', np.int64(7), np.int64(0))",[],0,,,,,
scalars,"('07_expert_legal_med', np.int64(7), np.int64(1))",[],0,,,,,
scalars,"('07_expert_legal_med', np.int64(7), np.int64(2))",[],0,,,,,
scalars,"('07_expert_legal_med', np.int64(7), np.int64(3))",[5],1,,,,,
scalars,"('07_expert_legal_med', np.int64(7), np.int64(4))",[],0,,,,,
scalars,"('07_expert_legal_med', np.int64(7), np.int64(5))",[],0,,,,,
scalars,"('07_expert_legal_med', np.int64(7), np.int64(6))",[],0,,,,,
scalars,"('07_expert_legal_med', np.int64(7), np.int64(7))",[],0,,,,,
scalars,"('07_expert_legal_med', np.int64(7), np.int64(8))",[],0,,,,,
scalars,"('07_expert_legal_med', np.int64(7), np.int64(9))",[],0,,,,,
scalars,"('07_expert_legal_med', np.int64(7), np.int64(10))",[],0,,,,,
scalars,"('07_expert_legal_med', np.int64(7), np.int64(11))",[],0,,,,,
scalars,"('07_expert_legal_med', np.int64(7), np.int64(12))",[],0,,,,,
scalars,"('07_expert_legal_med', np.int64(7), np.int64(13))",[],0,,,,,
scalars,"('07_expert_legal_med', np.int64(7), np.int64(14))",[],0,,,,,
scalars,"('07_expert_legal_med', np.int64(7), np.int64(15))",[5],1,,,,,
scalars,"('07_expert_legal_med', np.int64(7), np.int64(16))",[],0,,,,,
scalars,"('07_expert_legal_med', np.int64(7), np.int64(17))",[],0,,,,,
scalars,"('07_expert_legal_med', np.int64(7), np.int64(18))",[],0,,,,,
scalars,"('07_expert_legal_med', np.int64(7), np.int64(19))",[],0,,,,,
scalars,"('07_expert_legal_med', np.int64(7), np.int64(20))",[],0,,,,,
scalars,"('07_expert_legal_med', np.int64(7), np.int64(21))",[],0,,,,,
scalars,"('07_expert_legal_med', np.int64(7), np.int64(22))",[],0,,,,,
scalars,"('07_expert_legal_med', np.int64(7), np.int64(23))",[5],1,,,,,
scalars,"('07_expert_legal_med', np.int64(7), np.int64(24))",[],0,,,,,
scalars,"('07_expert_legal_med', np.int64(7), np.int64(25))",[],0,,,,,
scalars,"('07_expert_legal_med', np.int64(7), np.int64(26))",[],0,,,,,
scalars,"('07_expert_legal_med', np.int64(8), np.int64(0))",[],0,,,,,
scalars,"('07_expert_legal_med', np.int64(8), np.int64(1))",[],0,,,,,
scalars,"('07_expert_legal_med', np.int64(8), np.int64(2))",[5],1,,,,,
scalars,"('07_expert_legal_med', np.int64(8), np.int64(3))",[],0,,,,,
scalars,"('07_expert_legal_med', np.int64(8), np.int64(4))",[],0,,,,,
scalars,"('07_expert_legal_med', np.int64(8), np.int64(5))",[],0,,,,,
scalars,"('07_expert_legal_med', np.int64(8), np.int64(6))",[5],1,,,,,
scalars,"('07_expert_legal_med', np.int64(8), np.int64(7))",[],0,,,,,
scalars,"('07_expert_legal_med', np.int64(8), np.int64(8))",[],0,,,,,
scalars,"('07_expert_legal_med', np.int64(8), np.int64(9))",[],0,,,,,
scalars,"('07_expert_legal_med', np.int64(8), np.int64(10))",[],0,,,,,
scalars,"('07_expert_legal_med', np.int64(8), np.int64(11))",[],0,,,,,
scalars,"('07_expert_legal_med', np.int64(8), np.int64(12))",[],0,,,,,
scalars,"('07_expert_legal_med', np.int64(8), np.int64(13))",[],0,,,,,
scalars,"('07_expert_legal_med', np.int64(8), np.int64(14))",[],0,,,,,
scalars,"('07_expert_legal_med', np.int64(8), np.int64(15))",[],0,,,,,
scalars,"('07_expert_legal_med', np.int64(8), np.int64(16))",[5],1,,,,,
scalars,"('07_expert_legal_med', np.int64(8), np.int64(17))",[],0,,,,,
scalars,"('07_expert_legal_med', np.int64(8), np.int64(18))",[],0,,,,,
scalars,"('07_expert_legal_med', np.int64(8), np.int64(19))",[],0,,,,,
scalars,"('07_expert_legal_med', np.int64(8), np.int64(20))",[],0,,,,,
scalars,"('07_expert_legal_med', np.int64(8), np.int64(21))",[5],1,,,,,
scalars,"('07_expert_legal_med', np.int64(8), np.int64(22))",[5],1,,,,,
scalars,"('07_expert_legal_med', np.int64(8), np.int64(23))",[],0,,,,,
scalars,"('07_expert_legal_med', np.int64(8), np.int64(24))",[5],1,,,,,
scalars,"('07_expert_legal_med', np.int64(8), np.int64(25))",[],0,,,,,
scalars,"('07_expert_legal_med', np.int64(8), np.int64(26))",[5],1,,,,,
scalars,"('07_expert_legal_med', np.int64(9), np.int64(0))",[],0,,,,,
scalars,"('07_expert_legal_med', np.int64(9), np.int64(1))",[],0,,,,,
scalars,"('07_expert_legal_med', np.int64(9), np.int64(2))",[],0,,,,,
scalars,"('07_expert_legal_med', np.int64(9), np.int64(3))",[],0,,,,,
scalars,"('07_expert_legal_med', np.int64(9), np.int64(4))",[5],1,,,,,
scalars,"('07_expert_legal_med', np.int64(9), np.int64(5))",[],0,,,,,
scalars,"('07_expert_legal_med', np.int64(9), np.int64(6))",[],0,,,,,
scalars,"('07_expert_legal_med', np.int64(9), np.int64(7))",[5],1,,,,,
scalars,"('07_expert_legal_med', np.int64(9), np.int64(8))",[],0,,,,,
scalars,"('07_expert_legal_med', np.int64(9), np.int64(9))",[],0,,,,,
scalars,"('07_expert_legal_med', np.int64(9), np.int64(10))",[],0,,,,,
scalars,"('07_expert_legal_med', np.int64(9), np.int64(11))",[],0,,,,,
scalars,"('07_expert_legal_med', np.int64(9), np.int64(12))",[5],1,,,,,
scalars,"('07_expert_legal_med', np.int64(9), np.int64(13))",[5],1,,,,,
scalars,"('07_expert_legal_med', np.int64(9), np.int64(14))",[],0,,,,,
scalars,"('07_expert_legal_med', np.int64(9), np.int64(15))",[5],1,,,,,
scalars,"('07_expert_legal_med', np.int64(9), np.int64(16))",[],0,,,,,
scalars,"('07_expert_legal_med', np.int64(9), np.int64(17))",[],0,,,,,
scalars,"('07_expert_legal_med', np.int64(9), np.int64(18))",[],0,,,,,
scalars,"('07_expert_legal_med', np.int64(9), np.int64(19))",[],0,,,,,
scalars,"('07_expert_legal_med', np.int64(9), np.int64(20))",[],0,,,,,
scalars,"('07_expert_legal_med', np.int64(9), np.int64(21))",[],0,,,,,
scalars,"('07_expert_legal_med', np.int64(9), np.int64(22))",[5],1,,,,,
scalars,"('07_expert_legal_med', np.int64(9), np.int64(23))",[],0,,,,,
scalars,"('07_expert_legal_med', np.int64(9), np.int64(24))",[5],1,,,,,
scalars,"('07_expert_legal_med', np.int64(9), np.int64(25))",[],0,,,,,
scalars,"('07_expert_legal_med', np.int64(9), np.int64(26))",[5],1,,,,,
scalars,"('07_expert_legal_med', np.int64(10), np.int64(0))",[],0,,,,,
scalars,"('07_expert_legal_med', np.int64(10), np.int64(1))",[],0,,,,,
scalars,"('07_expert_legal_med', np.int64(10), np.int64(2))",[5],1,,,,,
scalars,"('07_expert_legal_med', np.int64(10), np.int64(3))",[],0,,,,,
scalars,"('07_expert_legal_med', np.int64(10), np.int64(4))",[5],1,,,,,
scalars,"('07_expert_legal_med', np.int64(10), np.int64(5))",[],0,,,,,
scalars,"('07_expert_legal_med', np.int64(10), np.int64(6))",[],0,,,,,
scalars,"('07_expert_legal_med', np.int64(10), np.int64(7))",[],0,,,,,
scalars,"('07_expert_legal_med', np.int64(10), np.int64(8))",[],0,,,,,
scalars,"('07_expert_legal_med', np.int64(10), np.int64(9))",[],0,,,,,
scalars,"('07_expert_legal_med', np.int64(10), np.int64(10))",[],0,,,,,
scalars,"('07_expert_legal_med', np.int64(10), np.int64(11))",[],0,,,,,
scalars,"('07_expert_legal_med', np.int64(10), np.int64(12))",[],0,,,,,
scalars,"('07_expert_legal_med', np.int64(10), np.int64(13))",[],0,,,,,
scalars,"('07_expert_legal_med', np.int64(10), np.int64(14))",[5],1,,,,,
scalars,"('07_expert_legal_med', np.int64(10), np.int64(15))",[],0,,,,,
scalars,"('07_expert_legal_med', np.int64(10), np.int64(16))",[],0,,,,,
scalars,"('07_expert_legal_med', np.int64(10), np.int64(17))",[],0,,,,,
scalars,"('07_expert_legal_med', np.int64(10), np.int64(18))",[],0,,,,,
scalars,"('07_expert_legal_med', np.int64(10), np.int64(20))",[],0,,,,,
scalars,"('07_expert_legal_med', np.int64(10), np.int64(21))",[5],1,,,,,
scalars,"('07_expert_legal_med', np.int64(10), np.int64(22))",[5],1,,,,,
scalars,"('07_expert_legal_med', np.int64(10), np.int64(23))",[],0,,,,,
scalars,"('07_expert_legal_med', np.int64(10), np.int64(24))",[],0,,,,,
scalars,"('07_expert_legal_med', np.int64(10), np.int64(25))",[],0,,,,,
scalars,"('07_expert_legal_med', np.int64(10), np.int64(26))",[],0,,,,,
scalars,"('07_expert_legal_med', np.int64(11), np.int64(0))",[],0,,,,,
scalars,"('07_expert_legal_med', np.int64(11), np.int64(1))",[5],1,,,,,
scalars,"('07_expert_legal_med', np.int64(11), np.int64(2))",[],0,,,,,
scalars,"('07_expert_legal_med', np.int64(11), np.int64(3))",[],0,,,,,
scalars,"('07_expert_legal_med', np.int64(11), np.int64(4))",[],0,,,,,
scalars,"('07_expert_legal_med', np.int64(11), np.int64(5))",[],0,,,,,
scalars,"('07_expert_legal_med', np.int64(11), np.int64(6))",[],0,,,,,
scalars,"('07_expert_legal_med', np.int64(11), np.int64(7))",[5],1,,,,,
scalars,"('07_expert_legal_med', np.int64(11), np.int64(8))",[],0,,,,,
scalars,"('07_expert_legal_med', np.int64(11), np.int64(9))",[],0,,,,,
scalars,"('07_expert_legal_med', np.int64(11), np.int64(10))",[],0,,,,,
scalars,"('07_expert_legal_med', np.int64(11), np.int64(11))",[],0,,,,,
scalars,"('07_expert_legal_med', np.int64(11), np.int64(12))",[5],1,,,,,
scalars,"('07_expert_legal_med', np.int64(11), np.int64(13))",[],0,,,,,
scalars,"('07_expert_legal_med', np.int64(11), np.int64(14))",[],0,,,,,
scalars,"('07_expert_legal_med', np.int64(11), np.int64(15))",[],0,,,,,
scalars,"('07_expert_legal_med', np.int64(11), np.int64(16))",[5],1,,,,,
scalars,"('07_expert_legal_med', np.int64(11), np.int64(17))",[5],1,,,,,
scalars,"('07_expert_legal_med', np.int64(11), np.int64(18))",[],0,,,,,
scalars,"('07_expert_legal_med', np.int64(11), np.int64(19))",[],0,,,,,
scalars,"('07_expert_legal_med', np.int64(11), np.int64(20))",[],0,,,,,
scalars,"('07_expert_legal_med', np.int64(11), np.int64(21))",[5],1,,,,,
scalars,"('07_expert_legal_med', np.int64(11), np.int64(22))",[],0,,,,,
scalars,"('07_expert_legal_med', np.int64(11), np.int64(23))",[],0,,,,,
scalars,"('07_expert_legal_med', np.int64(11), np.int64(24))",[5],1,,,,,
scalars,"('07_expert_legal_med', np.int64(11), np.int64(25))",[],0,,,,,
scalars,"('07_expert_legal_med', np.int64(11), np.int64(26))",[],0,,,,,
scalars,"('07_expert_legal_med', np.int64(12), np.int64(0))",[],0,,,,,
scalars,"('07_expert_legal_med', np.int64(12), np.int64(1))",[],0,,,,,
scalars,"('07_expert_legal_med', np.int64(12), np.int64(2))",[5],1,,,,,
scalars,"('07_expert_legal_med', np.int64(12), np.int64(3))",[],0,,,,,
scalars,"('07_expert_legal_med', np.int64(12), np.int64(4))",[5],1,,,,,
scalars,"('07_expert_legal_med', np.int64(12), np.int64(5))",[],0,,,,,
scalars,"('07_expert_legal_med', np.int64(12), np.int64(6))",[],0,,,,,
scalars,"('07_expert_legal_med', np.int64(12), np.int64(7))",[],0,,,,,
scalars,"('07_expert_legal_med', np.int64(12), np.int64(8))",[],0,,,,,
scalars,"('07_expert_legal_med', np.int64(12), np.int64(9))",[],0,,,,,
scalars,"('07_expert_legal_med', np.int64(12), np.int64(10))",[],0,,,,,
scalars,"('07_expert_legal_med', np.int64(12), np.int64(11))",[],0,,,,,
scalars,"('07_expert_legal_med', np.int64(12), np.int64(12))",[],0,,,,,
scalars,"('07_expert_legal_med', np.int64(12), np.int64(13))",[],0,,,,,
scalars,"('07_expert_legal_med', np.int64(12), np.int64(14))",[],0,,,,,
scalars,"('07_expert_legal_med', np.int64(12), np.int64(15))",[],0,,,,,
scalars,"('07_expert_legal_med', np.int64(12), np.int64(16))",[5],1,,,,,
scalars,"('07_expert_legal_med', np.int64(12), np.int64(17))",[5],1,,,,,
scalars,"('07_expert_legal_med', np.int64(12), np.int64(18))",[],0,,,,,
scalars,"('07_expert_legal_med', np.int64(12), np.int64(19))",[],0,,,,,
scalars,"('07_expert_legal_med', np.int64(12), np.int64(20))",[],0,,,,,
scalars,"('07_expert_legal_med', np.int64(12), np.int64(21))",[5],1,,,,,
scalars,"('07_expert_legal_med', np.int64(12), np.int64(22))",[5],1,,,,,
scalars,"('07_expert_legal_med', np.int64(12), np.int64(23))",[],0,,,,,
scalars,"('07_expert_legal_med', np.int64(12), np.int64(24))",[],0,,,,,
scalars,"('07_expert_legal_med', np.int64(12), np.int64(25))",[],0,,,,,
scalars,"('07_expert_legal_med', np.int64(12), np.int64(26))",[],0,,,,,
scalars,"('07_expert_legal_med', np.int64(13), np.int64(0))",[],0,,,,,
scalars,"('07_expert_legal_med', np.int64(13), np.int64(1))",[],0,,,,,
scalars,"('07_expert_legal_med', np.int64(13), np.int64(2))",[],0,,,,,
scalars,"('07_expert_legal_med', np.int64(13), np.int64(3))",[],0,,,,,
scalars,"('07_expert_legal_med', np.int64(13), np.int64(4))",[],0,,,,,
scalars,"('07_expert_legal_med', np.int64(13), np.int64(5))",[],0,,,,,
scalars,"('07_expert_legal_med', np.int64(13), np.int64(6))",[],0,,,,,
scalars,"('07_expert_legal_med', np.int64(13), np.int64(7))",[5],1,,,,,
scalars,"('07_expert_legal_med', np.int64(13), np.int64(8))",[5],1,,,,,
scalars,"('07_expert_legal_med', np.int64(13), np.int64(9))",[],0,,,,,
scalars,"('07_expert_legal_med', np.int64(13), np.int64(10))",[],0,,,,,
scalars,"('07_expert_legal_med', np.int64(13), np.int64(11))",[],0,,,,,
scalars,"('07_expert_legal_med', np.int64(13), np.int64(12))",[5],1,,,,,
scalars,"('07_expert_legal_med', np.int64(13), np.int64(13))",[],0,,,,,
scalars,"('07_expert_legal_med', np.int64(13), np.int64(14))",[],0,,,,,
scalars,"('07_expert_legal_med', np.int64(13), np.int64(15))",[],0,,,,,
scalars,"('07_expert_legal_med', np.int64(13), np.int64(16))",[5],1,,,,,
scalars,"('07_expert_legal_med', np.int64(13), np.int64(17))",[],0,,,,,
scalars,"('07_expert_legal_med', np.int64(13), np.int64(18))",[],0,,,,,
scalars,"('07_expert_legal_med', np.int64(13), np.int64(19))",[],0,,,,,
scalars,"('07_expert_legal_med', np.int64(13), np.int64(20))",[],0,,,,,
scalars,"('07_expert_legal_med', np.int64(13), np.int64(21))",[],0,,,,,
scalars,"('07_expert_legal_med', np.int64(13), np.int64(22))",[5],1,,,,,
scalars,"('07_expert_legal_med', np.int64(13), np.int64(23))",[],0,,,,,
scalars,"('07_expert_legal_med', np.int64(13), np.int64(24))",[5],1,,,,,
scalars,"('07_expert_legal_med', np.int64(13), np.int64(25))",[],0,,,,,
scalars,"('07_expert_legal_med', np.int64(13), np.int64(26))",[],0,,,,,
scalars,"('07_expert_legal_med', np.int64(14), np.int64(0))",[5],1,,,,,
scalars,"('07_expert_legal_med', np.int64(14), np.int64(1))",[],0,,,,,
scalars,"('07_expert_legal_med', np.int64(14), np.int64(2))",[],0,,,,,
scalars,"('07_expert_legal_med', np.int64(14), np.int64(3))",[5],1,,,,,
scalars,"('07_expert_legal_med', np.int64(14), np.int64(4))",[5],1,,,,,
scalars,"('07_expert_legal_med', np.int64(14), np.int64(5))",[5],1,,,,,
scalars,"('07_expert_legal_med', np.int64(14), np.int64(6))",[],0,,,,,
scalars,"('07_expert_legal_med', np.int64(14), np.int64(7))",[],0,,,,,
scalars,"('07_expert_legal_med', np.int64(14), np.int64(8))",[5],1,,,,,
scalars,"('07_expert_legal_med', np.int64(14), np.int64(9))",[5],1,,,,,
scalars,"('07_expert_legal_med', np.int64(14), np.int64(10))",[],0,,,,,
scalars,"('07_expert_legal_med', np.int64(14), np.int64(11))",[5],1,,,,,
scalars,"('07_expert_legal_med', np.int64(14), np.int64(12))",[],0,,,,,
scalars,"('07_expert_legal_med', np.int64(14), np.int64(13))",[],0,,,,,
scalars,"('07_expert_legal_med', np.int64(14), np.int64(14))",[],0,,,,,
scalars,"('07_expert_legal_med', np.int64(14), np.int64(15))",[5],1,,,,,
scalars,"('07_expert_legal_med', np.int64(14), np.int64(16))",[5],1,,,,,
scalars,"('07_expert_legal_med', np.int64(14), np.int64(17))",[5],1,,,,,
scalars,"('07_expert_legal_med', np.int64(14), np.int64(18))",[5],1,,,,,
scalars,"('07_expert_legal_med', np.int64(14), np.int64(19))",[5],1,,,,,
scalars,"('07_expert_legal_med', np.int64(14), np.int64(20))",[],0,,,,,
scalars,"('07_expert_legal_med', np.int64(14), np.int64(21))",[5],1,,,,,
scalars,"('07_expert_legal_med', np.int64(14), np.int64(22))",[5],1,,,,,
scalars,"('07_expert_legal_med', np.int64(14), np.int64(23))",[],0,,,,,
scalars,"('07_expert_legal_med', np.int64(14), np.int64(24))",[5],1,,,,,
scalars,"('07_expert_legal_med', np.int64(14), np.int64(25))",[5],1,,,,,
scalars,"('07_expert_legal_med', np.int64(14), np.int64(26))",[5],1,,,,,
scalars,"('07_expert_legal_med', np.int64(15), np.int64(0))",[5],1,,,,,
scalars,"('07_expert_legal_med', np.int64(15), np.int64(1))",[],0,,,,,
scalars,"('07_expert_legal_med', np.int64(15), np.int64(2))",[5],1,,,,,
scalars,"('07_expert_legal_med', np.int64(15), np.int64(3))",[],0,,,,,
scalars,"('07_expert_legal_med', np.int64(15), np.int64(4))",[],0,,,,,
scalars,"('07_expert_legal_med', np.int64(15), np.int64(5))",[],0,,,,,
scalars,"('07_expert_legal_med', np.int64(15), np.int64(6))",[],0,,,,,
scalars,"('07_expert_legal_med', np.int64(15), np.int64(7))",[],0,,,,,
scalars,"('07_expert_legal_med', np.int64(15), np.int64(8))",[],0,,,,,
scalars,"('07_expert_legal_med', np.int64(15), np.int64(9))",[],0,,,,,
scalars,"('07_expert_legal_med', np.int64(15), np.int64(10))",[],0,,,,,
scalars,"('07_expert_legal_med', np.int64(15), np.int64(11))",[],0,,,,,
scalars,"('07_expert_legal_med', np.int64(15), np.int64(12))",[5],1,,,,,
scalars,"('07_expert_legal_med', np.int64(15), np.int64(13))",[],0,,,,,
scalars,"('07_expert_legal_med', np.int64(15), np.int64(14))",[],0,,,,,
scalars,"('07_expert_legal_med', np.int64(15), np.int64(15))",[],0,,,,,
scalars,"('07_expert_legal_med', np.int64(15), np.int64(16))",[5],1,,,,,
scalars,"('07_expert_legal_med', np.int64(15), np.int64(17))",[5],1,,,,,
scalars,"('07_expert_legal_med', np.int64(15), np.int64(18))",[5],1,,,,,
scalars,"('07_expert_legal_med', np.int64(15), np.int64(19))",[],0,,,,,
scalars,"('07_expert_legal_med', np.int64(15), np.int64(20))",[],0,,,,,
scalars,"('07_expert_legal_med', np.int64(15), np.int64(21))",[],0,,,,,
scalars,"('07_expert_legal_med', np.int64(15), np.int64(22))",[],0,,,,,
scalars,"('07_expert_legal_med', np.int64(15), np.int64(23))",[],0,,,,,
scalars,"('07_expert_legal_med', np.int64(15), np.int64(24))","[5, 10]",2,,,,,
scalars,"('07_expert_legal_med', np.int64(15), np.int64(25))",[],0,,,,,
scalars,"('07_expert_legal_med', np.int64(15), np.int64(26))",[],0,,,,,
scalars,"('07_expert_legal_med', np.int64(16), np.int64(0))",[],0,,,,,
scalars,"('07_expert_legal_med', np.int64(16), np.int64(1))",[],0,,,,,
scalars,"('07_expert_legal_med', np.int64(16), np.int64(2))",[],0,,,,,
scalars,"('07_expert_legal_med', np.int64(16), np.int64(3))",[],0,,,,,
scalars,"('07_expert_legal_med', np.int64(16), np.int64(4))",[],0,,,,,
scalars,"('07_expert_legal_med', np.int64(16), np.int64(5))",[5],1,,,,,
scalars,"('07_expert_legal_med', np.int64(16), np.int64(6))",[],0,,,,,
scalars,"('07_expert_legal_med', np.int64(16), np.int64(7))",[],0,,,,,
scalars,"('07_expert_legal_med', np.int64(16), np.int64(8))",[],0,,,,,
scalars,"('07_expert_legal_med', np.int64(16), np.int64(9))",[5],1,,,,,
scalars,"('07_expert_legal_med', np.int64(16), np.int64(10))",[5],1,,,,,
scalars,"('07_expert_legal_med', np.int64(16), np.int64(11))",[],0,,,,,
scalars,"('07_expert_legal_med', np.int64(16), np.int64(12))",[],0,,,,,
scalars,"('07_expert_legal_med', np.int64(16), np.int64(13))",[],0,,,,,
scalars,"('07_expert_legal_med', np.int64(16), np.int64(14))",[],0,,,,,
scalars,"('07_expert_legal_med', np.int64(16), np.int64(15))",[],0,,,,,
scalars,"('07_expert_legal_med', np.int64(16), np.int64(16))",[],0,,,,,
scalars,"('07_expert_legal_med', np.int64(16), np.int64(17))",[],0,,,,,
scalars,"('07_expert_legal_med', np.int64(16), np.int64(18))",[],0,,,,,
scalars,"('07_expert_legal_med', np.int64(16), np.int64(19))",[],0,,,,,
scalars,"('07_expert_legal_med', np.int64(16), np.int64(20))",[],0,,,,,
scalars,"('07_expert_legal_med', np.int64(16), np.int64(21))",[5],1,,,,,
scalars,"('07_expert_legal_med', np.int64(16), np.int64(22))",[5],1,,,,,
scalars,"('07_expert_legal_med', np.int64(16), np.int64(23))",[],0,,,,,
scalars,"('07_expert_legal_med', np.int64(16), np.int64(24))",[],0,,,,,
scalars,"('07_expert_legal_med', np.int64(16), np.int64(25))",[],0,,,,,
scalars,"('07_expert_legal_med', np.int64(16), np.int64(26))",[],0,,,,,
scalars,"('07_expert_legal_med', np.int64(17), np.int64(0))",[5],1,,,,,
scalars,"('07_expert_legal_med', np.int64(17), np.int64(1))",[],0,,,,,
scalars,"('07_expert_legal_med', np.int64(17), np.int64(2))",[],0,,,,,
scalars,"('07_expert_legal_med', np.int64(17), np.int64(3))",[],0,,,,,
scalars,"('07_expert_legal_med', np.int64(17), np.int64(4))",[],0,,,,,
scalars,"('07_expert_legal_med', np.int64(17), np.int64(5))",[5],1,,,,,
scalars,"('07_expert_legal_med', np.int64(17), np.int64(6))",[],0,,,,,
scalars,"('07_expert_legal_med', np.int64(17), np.int64(7))",[5],1,,,,,
scalars,"('07_expert_legal_med', np.int64(17), np.int64(8))",[],0,,,,,
scalars,"('07_expert_legal_med', np.int64(17), np.int64(9))",[],0,,,,,
scalars,"('07_expert_legal_med', np.int64(17), np.int64(10))",[5],1,,,,,
scalars,"('07_expert_legal_med', np.int64(17), np.int64(11))",[],0,,,,,
scalars,"('07_expert_legal_med', np.int64(17), np.int64(12))",[],0,,,,,
scalars,"('07_expert_legal_med', np.int64(17), np.int64(13))",[],0,,,,,
scalars,"('07_expert_legal_med', np.int64(17), np.int64(14))",[],0,,,,,
scalars,"('07_expert_legal_med', np.int64(17), np.int64(15))",[],0,,,,,
scalars,"('07_expert_legal_med', np.int64(17), np.int64(16))",[],0,,,,,
scalars,"('07_expert_legal_med', np.int64(17), np.int64(17))",[],0,,,,,
scalars,"('07_expert_legal_med', np.int64(17), np.int64(18))",[],0,,,,,
scalars,"('07_expert_legal_med', np.int64(17), np.int64(19))",[],0,,,,,
scalars,"('07_expert_legal_med', np.int64(17), np.int64(20))",[],0,,,,,
scalars,"('07_expert_legal_med', np.int64(17), np.int64(21))",[],0,,,,,
scalars,"('07_expert_legal_med', np.int64(17), np.int64(22))",[],0,,,,,
scalars,"('07_expert_legal_med', np.int64(17), np.int64(23))",[],0,,,,,
scalars,"('07_expert_legal_med', np.int64(17), np.int64(24))",[5],1,,,,,
scalars,"('07_expert_legal_med', np.int64(17), np.int64(25))",[],0,,,,,
scalars,"('07_expert_legal_med', np.int64(17), np.int64(26))","[5, 10]",2,,,,,
scalars,"('07_expert_legal_med', np.int64(18), np.int64(0))",[],0,,,,,
scalars,"('07_expert_legal_med', np.int64(18), np.int64(1))",[],0,,,,,
scalars,"('07_expert_legal_med', np.int64(18), np.int64(2))",[],0,,,,,
scalars,"('07_expert_legal_med', np.int64(18), np.int64(3))",[],0,,,,,
scalars,"('07_expert_legal_med', np.int64(18), np.int64(4))",[],0,,,,,
scalars,"('07_expert_legal_med', np.int64(18), np.int64(5))",[5],1,,,,,
scalars,"('07_expert_legal_med', np.int64(18), np.int64(6))",[],0,,,,,
scalars,"('07_expert_legal_med', np.int64(18), np.int64(7))",[],0,,,,,
scalars,"('07_expert_legal_med', np.int64(18), np.int64(8))",[5],1,,,,,
scalars,"('07_expert_legal_med', np.int64(18), np.int64(9))",[],0,,,,,
scalars,"('07_expert_legal_med', np.int64(18), np.int64(10))",[5],1,,,,,
scalars,"('07_expert_legal_med', np.int64(18), np.int64(11))",[],0,,,,,
scalars,"('07_expert_legal_med', np.int64(18), np.int64(12))",[],0,,,,,
scalars,"('07_expert_legal_med', np.int64(18), np.int64(13))",[5],1,,,,,
scalars,"('07_expert_legal_med', np.int64(18), np.int64(14))",[],0,,,,,
scalars,"('07_expert_legal_med', np.int64(18), np.int64(15))",[],0,,,,,
scalars,"('07_expert_legal_med', np.int64(18), np.int64(16))",[],0,,,,,
scalars,"('07_expert_legal_med', np.int64(18), np.int64(17))",[],0,,,,,
scalars,"('07_expert_legal_med', np.int64(18), np.int64(18))",[],0,,,,,
scalars,"('07_expert_legal_med', np.int64(18), np.int64(19))",[],0,,,,,
scalars,"('07_expert_legal_med', np.int64(18), np.int64(20))",[],0,,,,,
scalars,"('07_expert_legal_med', np.int64(18), np.int64(21))",[5],1,,,,,
scalars,"('07_expert_legal_med', np.int64(18), np.int64(22))",[],0,,,,,
scalars,"('07_expert_legal_med', np.int64(18), np.int64(23))",[5],1,,,,,
scalars,"('07_expert_legal_med', np.int64(18), np.int64(24))",[],0,,,,,
scalars,"('07_expert_legal_med', np.int64(18), np.int64(25))",[],0,,,,,
scalars,"('07_expert_legal_med', np.int64(18), np.int64(26))",[5],1,,,,,
scalars,"('07_expert_legal_med', np.int64(19), np.int64(0))",[],0,,,,,
scalars,"('07_expert_legal_med', np.int64(19), np.int64(1))",[],0,,,,,
scalars,"('07_expert_legal_med', np.int64(19), np.int64(2))",[],0,,,,,
scalars,"('07_expert_legal_med', np.int64(19), np.int64(3))",[5],1,,,,,
scalars,"('07_expert_legal_med', np.int64(19), np.int64(4))",[],0,,,,,
scalars,"('07_expert_legal_med', np.int64(19), np.int64(5))",[5],1,,,,,
scalars,"('07_expert_legal_med', np.int64(19), np.int64(6))",[],0,,,,,
scalars,"('07_expert_legal_med', np.int64(19), np.int64(7))",[5],1,,,,,
scalars,"('07_expert_legal_med', np.int64(19), np.int64(8))",[],0,,,,,
scalars,"('07_expert_legal_med', np.int64(19), np.int64(9))",[],0,,,,,
scalars,"('07_expert_legal_med', np.int64(19), np.int64(10))",[5],1,,,,,
scalars,"('07_expert_legal_med', np.int64(19), np.int64(11))",[5],1,,,,,
scalars,"('07_expert_legal_med', np.int64(19), np.int64(12))",[],0,,,,,
scalars,"('07_expert_legal_med', np.int64(19), np.int64(13))",[5],1,,,,,
scalars,"('07_expert_legal_med', np.int64(19), np.int64(14))",[],0,,,,,
scalars,"('07_expert_legal_med', np.int64(19), np.int64(15))",[],0,,,,,
scalars,"('07_expert_legal_med', np.int64(19), np.int64(16))",[],0,,,,,
scalars,"('07_expert_legal_med', np.int64(19), np.int64(17))",[],0,,,,,
scalars,"('07_expert_legal_med', np.int64(19), np.int64(18))",[],0,,,,,
scalars,"('07_expert_legal_med', np.int64(19), np.int64(19))",[],0,,,,,
scalars,"('07_expert_legal_med', np.int64(19), np.int64(20))",[],0,,,,,
scalars,"('07_expert_legal_med', np.int64(19), np.int64(21))",[],0,,,,,
scalars,"('07_expert_legal_med', np.int64(19), np.int64(22))",[],0,,,,,
scalars,"('07_expert_legal_med', np.int64(19), np.int64(23))",[],0,,,,,
scalars,"('07_expert_legal_med', np.int64(19), np.int64(24))",[],0,,,,,
scalars,"('07_expert_legal_med', np.int64(19), np.int64(25))",[5],1,,,,,
scalars,"('07_expert_legal_med', np.int64(19), np.int64(26))",[],0,,,,,
