row_id,layer,head,entropy,eff_rank,head_sim,self_attn_ratio,evidence_pos,distractor_density,interference_type
1,0,0,4.516677379608154,1.0000187158584595,0.8214524984359741,0.019117455929517746,,,
1,0,1,0.41248464584350586,1.0000320672988892,0.818202793598175,0.87400221824646,,,
1,0,2,4.6932830810546875,1.0000141859054565,0.8108481764793396,0.03865615651011467,,,
1,0,3,0.42124536633491516,1.0000312328338623,0.799900472164154,0.8321195840835571,,,
1,0,4,1.1397991180419922,1.0000290870666504,0.7941064238548279,0.5916239619255066,,,
1,0,5,1.3149409294128418,1.0000264644622803,0.7912595868110657,0.6686930656433105,,,
1,0,6,4.356979846954346,1.000022053718567,0.7508841156959534,0.030456889420747757,,,
1,0,7,1.8311119079589844,1.0000280141830444,0.7628652453422546,0.15498094260692596,,,
1,0,8,4.272661209106445,1.0000250339508057,0.8189131021499634,0.059871673583984375,,,
1,0,9,4.661624431610107,1.0000191926956177,0.8571714162826538,0.020126720890402794,,,
1,0,10,4.247282028198242,1.0000258684158325,0.8854160308837891,0.16203536093235016,,,
1,0,11,5.456026554107666,1.000015139579773,0.7338384985923767,0.0072755455039441586,,,
1,1,0,2.30326247215271,1.0000284910202026,0.7039573192596436,0.0988202691078186,,,
1,1,1,2.7495858669281006,1.000022292137146,0.7076317071914673,0.09565650671720505,,,
1,1,2,4.7610955238342285,1.0000159740447998,0.6939990520477295,0.02567465230822563,,,
1,1,3,4.317904949188232,1.0000014305114746,0.7017068862915039,0.0349804162979126,,,
1,1,4,3.7480478286743164,1.0000118017196655,0.8214030861854553,0.06972431391477585,,,
1,1,5,4.606851577758789,1.0000109672546387,0.8326115012168884,0.08112064749002457,,,
1,1,6,4.477692127227783,1.0000100135803223,0.8206989765167236,0.03789984807372093,,,
1,1,7,4.971686840057373,1.000011682510376,0.8366681933403015,0.017169592902064323,,,
1,1,8,5.355663776397705,1.0000041723251343,0.8044984340667725,0.009246904402971268,,,
1,1,9,5.45436429977417,1.0000072717666626,0.7864120006561279,0.006344814319163561,,,
1,1,10,4.468055248260498,1.000014066696167,0.6112831830978394,0.040582191199064255,,,
1,1,11,1.6777971982955933,1.0000282526016235,0.7638360857963562,0.6799488663673401,,,
1,2,0,2.536825180053711,1.000001072883606,0.8944272994995117,0.09899957478046417,,,
1,2,1,4.829911708831787,1.0000009536743164,0.8836095929145813,0.010889371857047081,,,
1,2,2,1.0606836080551147,1.0000041723251343,0.8972141146659851,0.11376742273569107,,,
1,2,3,1.935717225074768,1.0000050067901611,0.868938684463501,0.133216992020607,,,
1,2,4,1.6951146125793457,1.0000001192092896,0.8811612725257874,0.07904697954654694,,,
1,2,5,1.8629451990127563,1.0000033378601074,0.8895337581634521,0.1365116983652115,,,
1,2,6,2.7789530754089355,1.0000035762786865,0.8417006134986877,0.0743018239736557,,,
1,2,7,2.5960373878479004,1.0,0.8557226657867432,0.03238566964864731,,,
1,2,8,1.9421111345291138,1.0000016689300537,0.9046598076820374,0.11461959779262543,,,
1,2,9,1.7723724842071533,1.0000057220458984,0.8720850348472595,0.12791018187999725,,,
1,2,10,3.129626750946045,1.0000295639038086,0.5018724799156189,0.1276896744966507,,,
1,2,11,3.141434669494629,1.0000003576278687,0.8958282470703125,0.10954809188842773,,,
1,3,0,2.7890913486480713,1.0,0.994952380657196,0.0668114721775055,,,
1,3,1,1.8858562707901,1.0000001192092896,0.9949303269386292,0.059453967958688736,,,
1,3,2,1.4387156963348389,1.0000003576278687,0.9900149703025818,0.10707563161849976,,,
1,3,3,0.9019513130187988,1.0,0.9949964284896851,0.05621029809117317,,,
1,3,4,3.626986265182495,1.0,0.9952691793441772,0.00880299974232912,,,
1,3,5,2.6694998741149902,1.0,0.9958997964859009,0.034717388451099396,,,
1,3,6,1.6763548851013184,1.0000003576278687,0.9870889186859131,0.14906904101371765,,,
1,3,7,1.4254746437072754,1.0000003576278687,0.9926073551177979,0.10941620916128159,,,
1,3,8,1.5629483461380005,1.000000238418579,0.991994321346283,0.11368827521800995,,,
1,3,9,1.5413612127304077,1.0,0.9954631924629211,0.06748995929956436,,,
1,3,10,1.7535851001739502,1.0,0.9951059222221375,0.16329306364059448,,,
1,3,11,1.7974549531936646,1.0,0.9946646094322205,0.09344849735498428,,,
1,4,0,1.2328306436538696,1.0,0.916813313961029,0.05159816890954971,,,
1,4,1,1.5537657737731934,1.0,0.9171729683876038,0.05608808621764183,,,
1,4,2,2.2745633125305176,1.0,0.9151098132133484,0.01516740769147873,,,
1,4,3,1.6062040328979492,1.0,0.917667806148529,0.06691783666610718,,,
1,4,4,2.8958864212036133,1.0,0.9158247113227844,0.0404474213719368,,,
1,4,5,1.4994670152664185,1.0,0.9163417220115662,0.061648596078157425,,,
1,4,6,2.021083116531372,1.0,0.9165471792221069,0.03788333758711815,,,
1,4,7,1.8591338396072388,1.0000005960464478,0.9194715023040771,0.4695490002632141,,,
1,4,8,3.5323386192321777,1.0,0.9178228378295898,0.016549382358789444,,,
1,4,9,1.7706677913665771,1.0,0.9163172245025635,0.03447583690285683,,,
1,4,10,3.3007237911224365,1.0,0.9159064888954163,0.012544927187263966,,,
1,4,11,0.010144330561161041,1.0000296831130981,0.13223400712013245,0.0038515646010637283,,,
1,5,0,2.2069461345672607,1.0,0.9980955123901367,0.012340367771685123,,,
1,5,1,0.25911152362823486,1.0,0.9977532029151917,0.004150159657001495,,,
1,5,2,1.3788061141967773,1.0,0.998036801815033,0.019373059272766113,,,
1,5,3,2.233405113220215,1.0,0.9961435794830322,0.029511312022805214,,,
1,5,4,1.4765143394470215,1.0,0.9979873299598694,0.04761415347456932,,,
1,5,5,1.8870913982391357,1.0,0.9981199502944946,0.011175798252224922,,,
1,5,6,0.6299931406974792,1.0,0.997910737991333,0.022898651659488678,,,
1,5,7,0.9395562410354614,1.0,0.9980040192604065,0.03714417666196823,,,
1,5,8,1.0601551532745361,1.0,0.9980508685112,0.027541743591427803,,,
1,5,9,2.8563616275787354,1.0,0.9983431100845337,0.006368385627865791,,,
1,5,10,3.590937852859497,1.000000238418579,0.9865205883979797,0.04457249492406845,,,
1,5,11,2.5453667640686035,1.0,0.9982178211212158,0.09953327476978302,,,
1,6,0,1.7882416248321533,1.0000001192092896,0.9965574741363525,0.03398760408163071,,,
1,6,1,0.6165649890899658,1.0,0.9980456829071045,0.017836935818195343,,,
1,6,2,3.4765350818634033,1.0,0.9979177713394165,0.011625362560153008,,,
1,6,3,1.5091781616210938,1.0,0.998438835144043,0.014972208067774773,,,
1,6,4,3.6716883182525635,1.000000238418579,0.991438627243042,0.0230689886957407,,,
1,6,5,1.686580777168274,1.0,0.9985193610191345,0.06125560402870178,,,
1,6,6,2.6790993213653564,1.0,0.9985689520835876,0.06765173375606537,,,
1,6,7,2.1677396297454834,1.0,0.9983898401260376,0.04250485077500343,,,
1,6,8,1.2040441036224365,1.0,0.998358964920044,0.025923952460289,,,
1,6,9,0.6143617033958435,1.0,0.9980325102806091,0.004322228021919727,,,
1,6,10,3.352010726928711,1.0,0.9982955455780029,0.010664433240890503,,,
1,6,11,1.463573932647705,1.0,0.9981949329376221,0.04145212098956108,,,
1,7,0,1.1061673164367676,1.0,0.9990189075469971,0.027531558647751808,,,
1,7,1,2.5191402435302734,1.0,0.9989688396453857,0.014340274967253208,,,
1,7,2,0.6403830051422119,1.0,0.999377965927124,0.003698489395901561,,,
1,7,3,1.4301989078521729,1.0,0.9995519518852234,0.03954280540347099,,,
1,7,4,0.9335446357727051,1.0,0.9994783997535706,0.013763508759438992,,,
1,7,5,2.5827829837799072,1.0,0.9984790682792664,0.024326082319021225,,,
1,7,6,3.0502986907958984,1.0,0.9994080066680908,0.010888817720115185,,,
1,7,7,2.125387668609619,1.0,0.9993736743927002,0.010686144232749939,,,
1,7,8,1.2333025932312012,1.0,0.9993549585342407,0.03520220145583153,,,
1,7,9,1.297976016998291,1.0,0.9994783401489258,0.02559232898056507,,,
1,7,10,0.736196756362915,1.0,0.9993833899497986,0.0038347470108419657,,,
1,7,11,2.17385196685791,1.0,0.9994909763336182,0.007027219980955124,,,
1,8,0,3.2785801887512207,1.0,0.998691201210022,0.01967296376824379,,,
1,8,1,1.1925499439239502,1.0,0.9987676739692688,0.008169271983206272,,,
1,8,2,3.884147882461548,1.0000001192092896,0.9952912926673889,0.010782676748931408,,,
1,8,3,1.7513883113861084,1.0,0.9989372491836548,0.017404815182089806,,,
1,8,4,1.081333875656128,1.0,0.9988729357719421,0.04058746621012688,,,
1,8,5,1.8844449520111084,1.0,0.9983882904052734,0.034390032291412354,,,
1,8,6,2.2131268978118896,1.0,0.9988446831703186,0.016568990424275398,,,
1,8,7,1.2615182399749756,1.0,0.9982311725616455,0.0574357807636261,,,
1,8,8,2.146207809448242,1.0,0.9988182187080383,0.02833518013358116,,,
1,8,9,1.9696733951568604,1.0,0.9990084171295166,0.025328686460852623,,,
1,8,10,2.1805355548858643,1.0,0.9990968704223633,0.0607604905962944,,,
1,8,11,1.920958161354065,1.0,0.9988351464271545,0.01772555708885193,,,
1,9,0,2.3859975337982178,1.0,0.997178316116333,0.040910348296165466,,,
1,9,1,1.8411598205566406,1.0,0.9988504648208618,0.009692514315247536,,,
1,9,2,2.4925708770751953,1.0,0.9972832202911377,0.018115587532520294,,,
1,9,3,1.6282466650009155,1.0,0.9981184005737305,0.04639147222042084,,,
1,9,4,1.6819387674331665,1.0,0.9990296959877014,0.012165295891463757,,,
1,9,5,2.220306873321533,1.0,0.9991306662559509,0.03333627060055733,,,
1,9,6,1.425730586051941,1.0,0.999015212059021,0.005599998869001865,,,
1,9,7,1.7210688591003418,1.0,0.998979389667511,0.018203401938080788,,,
1,9,8,2.33565092086792,1.0,0.9982490539550781,0.010840807110071182,,,
1,9,9,1.325761079788208,1.0,0.9990288019180298,0.006121484097093344,,,
1,9,10,0.976203978061676,1.0,0.9989158511161804,0.030397631227970123,,,
1,9,11,2.467374324798584,1.0,0.9985660910606384,0.005378228612244129,,,
1,10,0,2.478353500366211,1.0,0.995776355266571,0.015175488777458668,,,
1,10,1,1.657132625579834,1.0,0.998448371887207,0.008745900355279446,,,
1,10,2,1.9253945350646973,1.0,0.9984202980995178,0.008154482580721378,,,
1,10,3,2.672775983810425,1.0,0.9955760836601257,0.01095279585570097,,,
1,10,4,2.978706121444702,1.0,0.9974195957183838,0.01975889690220356,,,
1,10,5,0.9419657588005066,1.0,0.9983825087547302,0.024174323305487633,,,
1,10,6,1.7317434549331665,1.0,0.9982175230979919,0.0077890087850391865,,,
1,10,7,2.4309334754943848,1.0,0.9986141324043274,0.03000001050531864,,,
1,10,8,2.23405385017395,1.0,0.9984002709388733,0.01055209431797266,,,
1,10,9,1.4028528928756714,1.0,0.9983594417572021,0.06289350986480713,,,
1,10,10,1.7941983938217163,1.0,0.9976720213890076,0.007726005278527737,,,
1,10,11,1.9720176458358765,1.0,0.9985015392303467,0.04313703626394272,,,
1,11,0,4.530563831329346,1.0000007152557373,0.9091547131538391,0.026482312008738518,,,
1,11,1,2.488060235977173,1.0,0.911588728427887,0.01619541645050049,,,
1,11,2,2.0807480812072754,1.0,0.9105086922645569,0.008069677278399467,,,
1,11,3,2.270845413208008,1.0,0.9120636582374573,0.03127800300717354,,,
1,11,4,3.551659107208252,1.0,0.9138568639755249,0.013701587915420532,,,
1,11,5,2.0070345401763916,1.0,0.9104607105255127,0.010749970562756062,,,
1,11,6,1.7653027772903442,1.0,0.9098217487335205,0.006785129196941853,,,
1,11,7,2.2448885440826416,1.0,0.9111146926879883,0.017145562916994095,,,
1,11,8,3.8326849937438965,1.0000234842300415,0.07953090220689774,0.09994571655988693,,,
1,11,9,1.7187824249267578,1.0,0.909865140914917,0.006378512363880873,,,
1,11,10,2.452099323272705,1.0,0.9129565954208374,0.04524003341794014,,,
1,11,11,2.616062879562378,1.0,0.9129144549369812,0.03912478685379028,,,
2,0,0,4.444248199462891,1.0000190734863281,0.818367063999176,0.022585120052099228,,,
2,0,1,0.44076696038246155,1.000031590461731,0.8154301047325134,0.8659947514533997,,,
2,0,2,4.635069370269775,1.0000168085098267,0.8113191723823547,0.039341799914836884,,,
2,0,3,0.4289402663707733,1.0000301599502563,0.7964516282081604,0.8240989446640015,,,
2,0,4,1.1547722816467285,1.0000282526016235,0.7905943393707275,0.5848003625869751,,,
2,0,5,1.3735185861587524,1.0000267028808594,0.7907297611236572,0.6618698835372925,,,
2,0,6,4.323421001434326,1.0000215768814087,0.7417603135108948,0.029647469520568848,,,
2,0,7,1.8607499599456787,1.0000284910202026,0.7632650136947632,0.16031453013420105,,,
2,0,8,4.267560958862305,1.0000243186950684,0.8171850442886353,0.059504419565200806,,,
2,0,9,4.653751850128174,1.0000191926956177,0.849108099937439,0.02089281566441059,,,
2,0,10,4.248264312744141,1.0000253915786743,0.8843559622764587,0.1576097458600998,,,
2,0,11,5.43149995803833,1.000015139579773,0.7297090291976929,0.007403200026601553,,,
2,1,0,2.3333377838134766,1.0000287294387817,0.7083089351654053,0.0969696044921875,,,
2,1,1,2.7350711822509766,1.000022053718567,0.7057403922080994,0.09300775825977325,,,
2,1,2,4.766996383666992,1.0000168085098267,0.6823548674583435,0.025652248412370682,,,
2,1,3,4.318966388702393,1.0000014305114746,0.6904230713844299,0.034515637904405594,,,
2,1,4,3.759443998336792,1.0000109672546387,0.8144088387489319,0.06848664581775665,,,
2,1,5,4.6020941734313965,1.0000126361846924,0.8361984491348267,0.0844966322183609,,,
2,1,6,4.39279842376709,1.0000114440917969,0.8141325116157532,0.040815867483615875,,,
2,1,7,4.929533004760742,1.0000133514404297,0.8337785601615906,0.018852598965168,,,
2,1,8,5.345877170562744,1.0000046491622925,0.7982177734375,0.009560445323586464,,,
2,1,9,5.409102916717529,1.0000075101852417,0.7711238861083984,0.006873813923448324,,,
2,1,10,4.457423686981201,1.0000132322311401,0.6131958365440369,0.04046492651104927,,,
2,1,11,1.7504812479019165,1.0000269412994385,0.7709662914276123,0.6681016683578491,,,
2,2,0,2.5100159645080566,1.0000011920928955,0.8845043182373047,0.09955496340990067,,,
2,2,1,4.763064861297607,1.0000009536743164,0.8745090365409851,0.01233444083482027,,,
2,2,2,1.0876270532608032,1.0000040531158447,0.89016193151474,0.12566623091697693,,,
2,2,3,1.9082670211791992,1.0000051259994507,0.8546606302261353,0.1349678486585617,,,
2,2,4,1.6882884502410889,1.000000238418579,0.8694363236427307,0.09305929392576218,,,
2,2,5,1.8264002799987793,1.0000038146972656,0.8762010931968689,0.137664332985878,,,
2,2,6,2.7778453826904297,1.0000059604644775,0.8157621622085571,0.07735291123390198,,,
2,2,7,2.6205661296844482,1.0,0.8408347964286804,0.03221922740340233,,,
2,2,8,1.8740168809890747,1.0000019073486328,0.8956401944160461,0.11280538141727448,,,
2,2,9,1.7469993829727173,1.0000050067901611,0.8574897646903992,0.12460014969110489,,,
2,2,10,3.1133337020874023,1.0000296831130981,0.48992660641670227,0.12652380764484406,,,
2,2,11,3.1217410564422607,1.000000238418579,0.8826828002929688,0.10726767778396606,,,
2,3,0,2.8355648517608643,1.0,0.994781494140625,0.06781726330518723,,,
2,3,1,1.8788515329360962,1.0,0.9944824576377869,0.06021667644381523,,,
2,3,2,1.4089455604553223,1.0000003576278687,0.9879049062728882,0.11392847448587418,,,
2,3,3,0.8764601945877075,1.0,0.9944551587104797,0.05647248774766922,,,
2,3,4,3.6774938106536865,1.0,0.9949794411659241,0.008323907852172852,,,
2,3,5,2.7316863536834717,1.0,0.9957279562950134,0.03864153102040291,,,
2,3,6,1.715882658958435,1.000000238418579,0.9889934659004211,0.15727616846561432,,,
2,3,7,1.43424654006958,1.0000001192092896,0.9931453466415405,0.10794471949338913,,,
2,3,8,1.5352388620376587,1.0000003576278687,0.9905776977539062,0.11885380744934082,,,
2,3,9,1.539849042892456,1.0,0.9953513741493225,0.07222291827201843,,,
2,3,10,1.7678130865097046,1.0,0.994793176651001,0.15941357612609863,,,
2,3,11,1.784432291984558,1.0000001192092896,0.9939311742782593,0.10070718824863434,,,
2,4,0,1.1974796056747437,1.0,0.9164537787437439,0.059391431510448456,,,
2,4,1,1.550838589668274,1.0000001192092896,0.9173492193222046,0.059755679219961166,,,
2,4,2,2.305424690246582,1.0,0.9150946140289307,0.016791807487607002,,,
2,4,3,1.5865201950073242,1.0,0.9175434708595276,0.07336463034152985,,,
2,4,4,2.975881338119507,1.0,0.9160313010215759,0.04182378202676773,,,
2,4,5,1.4853700399398804,1.0,0.9161251187324524,0.06670713424682617,,,
2,4,6,2.0511093139648438,1.0,0.9167413115501404,0.04196030646562576,,,
2,4,7,1.812099814414978,1.0000004768371582,0.9191175699234009,0.49195727705955505,,,
2,4,8,3.644590377807617,1.0,0.9181772470474243,0.01605536788702011,,,
2,4,9,1.8464276790618896,1.0,0.9166892766952515,0.03852646425366402,,,
2,4,10,3.257506847381592,1.0,0.9157174825668335,0.013619638979434967,,,
2,4,11,0.009673669002950191,1.0000287294387817,0.13649891316890717,0.00395126873627305,,,
2,5,0,2.3264265060424805,1.0,0.997566282749176,0.013640230521559715,,,
2,5,1,0.2562190890312195,1.0,0.996863603591919,0.004769198130816221,,,
2,5,2,1.4166629314422607,1.0,0.9973534941673279,0.021349923685193062,,,
2,5,3,2.2735860347747803,1.0000001192092896,0.994695246219635,0.035920895636081696,,,
2,5,4,1.4902602434158325,1.0,0.9973558783531189,0.050988126546144485,,,
2,5,5,2.1746132373809814,1.0,0.9974908232688904,0.013725489377975464,,,
2,5,6,0.6265558004379272,1.0,0.9970821142196655,0.021368103101849556,,,
2,5,7,0.9751167297363281,1.0,0.9972490072250366,0.04380343109369278,,,
2,5,8,1.1105252504348755,1.0,0.9972814321517944,0.027116786688566208,,,
2,5,9,3.0536110401153564,1.0,0.997722864151001,0.006597308907657862,,,
2,5,10,3.7172930240631104,1.0000005960464478,0.9804725646972656,0.04672344774007797,,,
2,5,11,2.6845662593841553,1.0,0.997597336769104,0.10657297074794769,,,
2,6,0,1.7615987062454224,1.0000001192092896,0.9965724945068359,0.03517415374517441,,,
2,6,1,0.7001339197158813,1.0,0.9980447292327881,0.022206977009773254,,,
2,6,2,3.563021183013916,1.0,0.9978188872337341,0.013136109337210655,,,
2,6,3,1.6254686117172241,1.0,0.9984663128852844,0.017955070361495018,,,
2,6,4,3.714383363723755,1.0000001192092896,0.9927076697349548,0.02318905107676983,,,
2,6,5,1.7219864130020142,1.0,0.9985294938087463,0.0629720538854599,,,
2,6,6,2.7247462272644043,1.0,0.998590886592865,0.06555034220218658,,,
2,6,7,2.258841037750244,1.0,0.9981104135513306,0.046351466327905655,,,
2,6,8,1.2111247777938843,1.0,0.9983920454978943,0.02647414617240429,,,
2,6,9,0.7326633930206299,1.0,0.9980065822601318,0.00487657031044364,,,
2,6,10,3.489349126815796,1.0,0.9982771277427673,0.010713779367506504,,,
2,6,11,1.540231466293335,1.0,0.9982166290283203,0.04678494110703468,,,
2,7,0,1.0408563613891602,1.0,0.9990400671958923,0.02639286406338215,,,
2,7,1,2.6740293502807617,1.0,0.9989787936210632,0.01587107963860035,,,
2,7,2,0.6183711886405945,1.0,0.9992579817771912,0.004128166474401951,,,
2,7,3,1.5147991180419922,1.0,0.9994857907295227,0.044603489339351654,,,
2,7,4,0.9226424694061279,1.0,0.9993787407875061,0.015891777351498604,,,
2,7,5,2.7230453491210938,1.0,0.9980424642562866,0.02579241432249546,,,
2,7,6,3.2724504470825195,1.0,0.9992456436157227,0.010951447300612926,,,
2,7,7,2.065018892288208,1.0,0.9994239807128906,0.01186386775225401,,,
2,7,8,1.2760200500488281,1.0,0.9992058277130127,0.034641481935977936,,,
2,7,9,1.3996220827102661,1.0,0.9993582367897034,0.029076557606458664,,,
2,7,10,0.9647111296653748,1.0,0.9993314743041992,0.005265311803668737,,,
2,7,11,2.3470656871795654,1.0,0.9994507431983948,0.007833614014089108,,,
2,8,0,3.3034205436706543,1.0,0.9982782006263733,0.023213796317577362,,,
2,8,1,1.180382490158081,1.0,0.9981088042259216,0.00799627136439085,,,
2,8,2,4.181412220001221,1.000000238418579,0.9897670149803162,0.012002796865999699,,,
2,8,3,2.0912652015686035,1.0,0.9984121322631836,0.021313535049557686,,,
2,8,4,1.1336240768432617,1.0,0.998302698135376,0.047046124935150146,,,
2,8,5,1.9190350770950317,1.0,0.9978758096694946,0.041351329535245895,,,
2,8,6,2.3025951385498047,1.0,0.9983959197998047,0.018524348735809326,,,
2,8,7,1.205391526222229,1.0,0.9978805780410767,0.054416753351688385,,,
2,8,8,2.425647735595703,1.0,0.9980894327163696,0.032692134380340576,,,
2,8,9,2.2876274585723877,1.0,0.9984627366065979,0.03136085718870163,,,
2,8,10,2.176729917526245,1.0,0.998600423336029,0.06252297013998032,,,
2,8,11,1.8485708236694336,1.0,0.9982720017433167,0.015753110870718956,,,
2,9,0,2.565058708190918,1.0,0.9973421096801758,0.03906702622771263,,,
2,9,1,2.0864996910095215,1.0,0.9987908005714417,0.013410653918981552,,,
2,9,2,2.6797034740448,1.0,0.9976115822792053,0.01999839022755623,,,
2,9,3,1.6476908922195435,1.0,0.9982656240463257,0.04743500053882599,,,
2,9,4,1.8635040521621704,1.0,0.9988803863525391,0.01304260641336441,,,
2,9,5,2.1940927505493164,1.0,0.9990512728691101,0.03121112659573555,,,
2,9,6,1.617042064666748,1.0,0.9989316463470459,0.005870434455573559,,,
2,9,7,1.9687594175338745,1.0,0.9989265203475952,0.021009232848882675,,,
2,9,8,2.6590325832366943,1.0,0.9984254837036133,0.00887087918817997,,,
2,9,9,1.4966398477554321,1.0,0.9989510178565979,0.006211817264556885,,,
2,9,10,1.127967357635498,1.0,0.998809814453125,0.03919482231140137,,,
2,9,11,2.641549825668335,1.0,0.9971620440483093,0.005092931445688009,,,
2,10,0,2.5350773334503174,1.0,0.9967796206474304,0.011684156954288483,,,
2,10,1,1.785778284072876,1.0,0.9980881214141846,0.009341222234070301,,,
2,10,2,2.265871524810791,1.0,0.9973148107528687,0.009461685083806515,,,
2,10,3,3.0393688678741455,1.0,0.9949256777763367,0.011298243887722492,,,
2,10,4,3.07633638381958,1.0,0.996738851070404,0.0210699662566185,,,
2,10,5,1.0150260925292969,1.0,0.9981073141098022,0.027858804911375046,,,
2,10,6,1.9752718210220337,1.0,0.9972944259643555,0.009983856230974197,,,
2,10,7,2.6406612396240234,1.0,0.9982555508613586,0.032678019255399704,,,
2,10,8,2.3009092807769775,1.0,0.9982003569602966,0.01123589277267456,,,
2,10,9,1.3961883783340454,1.0,0.9982729554176331,0.06662650406360626,,,
2,10,10,1.9065722227096558,1.0,0.9982095956802368,0.0074224453419446945,,,
2,10,11,1.9888808727264404,1.0,0.9982771277427673,0.04561625048518181,,,
2,11,0,4.71737003326416,1.0000008344650269,0.900286078453064,0.02474195510149002,,,
2,11,1,2.8350703716278076,1.0,0.9101014733314514,0.016427837312221527,,,
2,11,2,2.5052108764648438,1.0,0.9089226126670837,0.008138629607856274,,,
2,11,3,2.2243919372558594,1.0,0.9099354147911072,0.028650302439928055,,,
2,11,4,3.811976909637451,1.0000001192092896,0.9138009548187256,0.015495583415031433,,,
2,11,5,2.1049060821533203,1.0,0.9084064364433289,0.010883825831115246,,,
2,11,6,1.9328949451446533,1.0,0.9078336358070374,0.005899123381823301,,,
2,11,7,2.46521258354187,1.0,0.9097051024436951,0.01687956601381302,,,
2,11,8,3.8447062969207764,1.000022292137146,0.08899524807929993,0.09522222727537155,,,
2,11,9,1.8609756231307983,1.0,0.9079282879829407,0.007177234161645174,,,
2,11,10,2.6390249729156494,1.0,0.912361204624176,0.05141901597380638,,,
2,11,11,2.6405038833618164,1.0,0.9123359322547913,0.04027561843395233,,,
3,0,0,4.447750091552734,1.000017523765564,0.8037791848182678,0.019330037757754326,,,
3,0,1,0.387655109167099,1.0000309944152832,0.8152719736099243,0.8828579187393188,,,
3,0,2,4.691866874694824,1.0000122785568237,0.8018821477890015,0.036081768572330475,,,
3,0,3,0.3994472622871399,1.000030755996704,0.7972531914710999,0.8289727568626404,,,
3,0,4,1.1066137552261353,1.0000286102294922,0.8007011413574219,0.6015755534172058,,,
3,0,5,1.2248629331588745,1.0000261068344116,0.786700963973999,0.6818985939025879,,,
3,0,6,4.411720275878906,1.0000224113464355,0.7658219933509827,0.028716426342725754,,,
3,0,7,1.8025829792022705,1.0000277757644653,0.762115478515625,0.15396657586097717,,,
3,0,8,4.274809837341309,1.000024676322937,0.8277062773704529,0.05934304744005203,,,
3,0,9,4.668503761291504,1.00001859664917,0.8559991717338562,0.0196072980761528,,,
3,0,10,4.255390167236328,1.0000253915786743,0.8859827518463135,0.162345752120018,,,
3,0,11,5.4403228759765625,1.000016450881958,0.7318926453590393,0.007324730511754751,,,
3,1,0,2.3403987884521484,1.0000276565551758,0.7141875624656677,0.10252676904201508,,,
3,1,1,2.7385993003845215,1.0000214576721191,0.7055251598358154,0.09505467116832733,,,
3,1,2,4.773636341094971,1.000016450881958,0.6904134154319763,0.025368880480527878,,,
3,1,3,4.334949016571045,1.0000016689300537,0.6894380450248718,0.034582026302814484,,,
3,1,4,3.769029140472412,1.0000118017196655,0.8191579580307007,0.0689716562628746,,,
3,1,5,4.603072166442871,1.000011920928955,0.8387752175331116,0.07758262008428574,,,
3,1,6,4.441222190856934,1.0000102519989014,0.8232958316802979,0.03760654479265213,,,
3,1,7,4.946897029876709,1.0000141859054565,0.8207024931907654,0.017702288925647736,,,
3,1,8,5.341073989868164,1.0000053644180298,0.8021774888038635,0.009414325468242168,,,
3,1,9,5.431657314300537,1.0000072717666626,0.778979480266571,0.006907610222697258,,,
3,1,10,4.470480442047119,1.0000141859054565,0.6252740621566772,0.04028528183698654,,,
3,1,11,1.7403749227523804,1.000026822090149,0.7733917832374573,0.6746959090232849,,,
3,2,0,2.521942615509033,1.0000008344650269,0.8880601525306702,0.09461794793605804,,,
3,2,1,4.622141361236572,1.0000005960464478,0.8749780654907227,0.01074419729411602,,,
3,2,2,1.086562991142273,1.0000042915344238,0.887234091758728,0.11935779452323914,,,
3,2,3,1.9208564758300781,1.000004768371582,0.8646146655082703,0.13701677322387695,,,
3,2,4,1.6744660139083862,1.0000001192092896,0.8725216388702393,0.08238661289215088,,,
3,2,5,1.8343496322631836,1.000003457069397,0.8826375603675842,0.13608495891094208,,,
3,2,6,2.7225584983825684,1.0000044107437134,0.8152303099632263,0.07436128705739975,,,
3,2,7,2.6020209789276123,1.0,0.8478891253471375,0.03242099657654762,,,
3,2,8,1.904762625694275,1.0000016689300537,0.8991276025772095,0.1169358491897583,,,
3,2,9,1.752577543258667,1.0000053644180298,0.8610575199127197,0.1239975094795227,,,
3,2,10,3.1173763275146484,1.0000299215316772,0.4930464029312134,0.12792015075683594,,,
3,2,11,3.132352828979492,1.000000238418579,0.8886863589286804,0.10929016768932343,,,
3,3,0,2.758500576019287,1.0,0.9947653412818909,0.07814198732376099,,,
3,3,1,1.8678135871887207,1.0,0.9946363568305969,0.063282310962677,,,
3,3,2,1.4238734245300293,1.0000003576278687,0.9897837042808533,0.11867552995681763,,,
3,3,3,0.9176799654960632,1.0,0.9947793483734131,0.05981365963816643,,,
3,3,4,3.620544195175171,1.0,0.995151937007904,0.008107997477054596,,,
3,3,5,2.6342928409576416,1.0,0.9957937002182007,0.03651180863380432,,,
3,3,6,1.6901353597640991,1.0000003576278687,0.9863517880439758,0.1565680354833603,,,
3,3,7,1.4150900840759277,1.0000001192092896,0.9927749037742615,0.10610949248075485,,,
3,3,8,1.5215810537338257,1.0000001192092896,0.9911451935768127,0.11476658284664154,,,
3,3,9,1.4978537559509277,1.0,0.9953895211219788,0.07185240834951401,,,
3,3,10,1.7734817266464233,1.0,0.9949907064437866,0.15763887763023376,,,
3,3,11,1.7483357191085815,1.0000001192092896,0.9948110580444336,0.09792580455541611,,,
3,4,0,1.2239720821380615,1.0,0.9167351126670837,0.061109479516744614,,,
3,4,1,1.531430959701538,1.0,0.9172367453575134,0.062271010130643845,,,
3,4,2,2.125386953353882,1.0,0.9147307872772217,0.015619968995451927,,,
3,4,3,1.5707902908325195,1.0000001192092896,0.9176384210586548,0.0719461739063263,,,
3,4,4,3.005736827850342,1.0,0.9162940979003906,0.04172632843255997,,,
3,4,5,1.4737085103988647,1.0,0.9162203073501587,0.06599536538124084,,,
3,4,6,2.0304672718048096,1.0,0.9168155193328857,0.039677944034338,,,
3,4,7,1.8560702800750732,1.0000004768371582,0.9197095632553101,0.4754312038421631,,,
3,4,8,3.6722936630249023,1.0,0.9184015393257141,0.01498316414654255,,,
3,4,9,1.753636360168457,1.0,0.9162534475326538,0.03664412349462509,,,
3,4,10,3.306421995162964,1.0,0.9160916805267334,0.011883544735610485,,,
3,4,11,0.009367937222123146,1.0000282526016235,0.13335362076759338,0.0037206150591373444,,,
3,5,0,2.4353909492492676,1.0,0.9985272884368896,0.012169552966952324,,,
3,5,1,0.3046566843986511,1.0,0.9982093572616577,0.004407045431435108,,,
3,5,2,1.4072765111923218,1.0,0.9985471367835999,0.021434307098388672,,,
3,5,3,2.1802330017089844,1.0,0.9966862201690674,0.034984078258275986,,,
3,5,4,1.4470479488372803,1.0,0.9984146356582642,0.05258180946111679,,,
3,5,5,1.9459500312805176,1.0,0.998600959777832,0.011562402360141277,,,
3,5,6,0.6176043748855591,1.0,0.9983675479888916,0.0219719260931015,,,
3,5,7,0.9142469167709351,1.0,0.9984201192855835,0.04186030477285385,,,
3,5,8,1.1084535121917725,1.0,0.9985330104827881,0.027056679129600525,,,
3,5,9,2.873292922973633,1.0,0.9987654089927673,0.0064828041940927505,,,
3,5,10,3.597017288208008,1.000000238418579,0.9913976192474365,0.04677607864141464,,,
3,5,11,2.610802412033081,1.0,0.9986739754676819,0.0944662094116211,,,
3,6,0,1.761989951133728,1.0,0.9966310858726501,0.036871179938316345,,,
3,6,1,0.6840025782585144,1.0,0.9986444115638733,0.01958569884300232,,,
3,6,2,3.447312831878662,1.0,0.9984262585639954,0.01269867829978466,,,
3,6,3,1.5422968864440918,1.0,0.9989616870880127,0.016094818711280823,,,
3,6,4,3.3380420207977295,1.0,0.9971557855606079,0.021378949284553528,,,
3,6,5,1.682063341140747,1.0,0.9990341663360596,0.06239309906959534,,,
3,6,6,2.8035085201263428,1.0,0.9990243315696716,0.06266622245311737,,,
3,6,7,2.181154727935791,1.0,0.9986505508422852,0.04480033367872238,,,
3,6,8,1.1678664684295654,1.0,0.9988565444946289,0.02507137879729271,,,
3,6,9,0.6471168398857117,1.0,0.998592734336853,0.004485816694796085,,,
3,6,10,3.3348500728607178,1.0,0.9986943602561951,0.010228680446743965,,,
3,6,11,1.468804121017456,1.0,0.998679518699646,0.04545336216688156,,,
3,7,0,1.0811904668807983,1.0,0.9991660714149475,0.02765531837940216,,,
3,7,1,2.7255027294158936,1.0,0.9990687966346741,0.014578687958419323,,,
3,7,2,0.7903399467468262,1.0,0.9994220733642578,0.003869361011311412,,,
3,7,3,1.4129638671875,1.0,0.9995708465576172,0.041338637471199036,,,
3,7,4,0.9527842402458191,1.0,0.9995068907737732,0.015227479860186577,,,
3,7,5,2.393059253692627,1.0,0.9990234375,0.0223085954785347,,,
3,7,6,3.0646324157714844,1.0,0.9994790554046631,0.010861407034099102,,,
3,7,7,2.3430380821228027,1.0,0.9992346167564392,0.012321870774030685,,,
3,7,8,1.2487303018569946,1.0,0.9992976784706116,0.037545327097177505,,,
3,7,9,1.2915115356445312,1.0,0.9994575381278992,0.027979515492916107,,,
3,7,10,0.8626717329025269,1.0,0.9994357824325562,0.0044874888844788074,,,
3,7,11,2.3305304050445557,1.0,0.9994907975196838,0.006490611936897039,,,
3,8,0,3.1413912773132324,1.0,0.9987993240356445,0.02100532501935959,,,
3,8,1,1.3459519147872925,1.0,0.9988549947738647,0.00907024648040533,,,
3,8,2,3.801848888397217,1.0000001192092896,0.9952806830406189,0.010630631819367409,,,
3,8,3,1.6858991384506226,1.0,0.9989991784095764,0.017201289534568787,,,
3,8,4,1.114753246307373,1.0,0.998923659324646,0.04673020541667938,,,
3,8,5,1.780802607536316,1.0,0.9985904693603516,0.0361517108976841,,,
3,8,6,2.4451241493225098,1.0,0.9987790584564209,0.019358579069375992,,,
3,8,7,1.238598108291626,1.0,0.9982747435569763,0.05664544552564621,,,
3,8,8,2.2254347801208496,1.0,0.9983227252960205,0.0322655513882637,,,
3,8,9,1.9543441534042358,1.0,0.9990376830101013,0.026678573340177536,,,
3,8,10,2.10463285446167,1.0,0.9991371631622314,0.05828072875738144,,,
3,8,11,1.6860027313232422,1.0,0.9989070296287537,0.017846863716840744,,,
3,9,0,2.291435956954956,1.0,0.9981540441513062,0.04342573881149292,,,
3,9,1,1.8879594802856445,1.0,0.9991300702095032,0.01117392536252737,,,
3,9,2,2.341346263885498,1.0,0.9984800219535828,0.018275439739227295,,,
3,9,3,1.6126999855041504,1.0,0.9984533190727234,0.0460883304476738,,,
3,9,4,1.6168365478515625,1.0,0.9992857575416565,0.011294221505522728,,,
3,9,5,2.0625295639038086,1.0,0.9993624091148376,0.027366338297724724,,,
3,9,6,1.342153549194336,1.0,0.9992964267730713,0.004992414731532335,,,
3,9,7,1.5835965871810913,1.0,0.9992737174034119,0.01784098893404007,,,
3,9,8,2.014695644378662,1.0,0.9991588592529297,0.00885662343353033,,,
3,9,9,1.1372087001800537,1.0,0.9992706775665283,0.0049649677239358425,,,
3,9,10,1.1087130308151245,1.0,0.9991750717163086,0.04024643450975418,,,
3,9,11,2.509481906890869,1.0,0.9979957938194275,0.00547159556299448,,,
3,10,0,2.2737224102020264,1.0,0.9980919361114502,0.013829118572175503,,,
3,10,1,1.6001415252685547,1.0,0.9988954067230225,0.008536510169506073,,,
3,10,2,1.9681833982467651,1.0,0.9986024498939514,0.007370458450168371,,,
3,10,3,2.582674503326416,1.0,0.9962043762207031,0.00951697863638401,,,
3,10,4,2.851292133331299,1.0,0.998194694519043,0.01835956610739231,,,
3,10,5,0.9715743064880371,1.0,0.9988452792167664,0.027571771293878555,,,
3,10,6,1.7742948532104492,1.0,0.9987631440162659,0.008651470765471458,,,
3,10,7,2.378700017929077,1.0,0.998984158039093,0.02427840791642666,,,
3,10,8,2.108083486557007,1.0,0.9988691210746765,0.009240185841917992,,,
3,10,9,1.3571186065673828,1.0,0.9988666772842407,0.06379719078540802,,,
3,10,10,1.6455779075622559,1.0,0.9989147782325745,0.007872282527387142,,,
3,10,11,2.177544593811035,1.0,0.9987471103668213,0.04353930801153183,,,
3,11,0,4.462080955505371,1.0000004768371582,0.9116470813751221,0.025419464334845543,,,
3,11,1,2.5362119674682617,1.0,0.9123033881187439,0.014226749539375305,,,
3,11,2,1.9946296215057373,1.0,0.9105678796768188,0.0067140585742890835,,,
3,11,3,2.070882558822632,1.0,0.9117105603218079,0.02670126222074032,,,
3,11,4,3.5309557914733887,1.0,0.9145901203155518,0.014812900684773922,,,
3,11,5,1.9068982601165771,1.0,0.9108293652534485,0.009775537997484207,,,
3,11,6,1.7426154613494873,1.0,0.9101911783218384,0.005684893578290939,,,
3,11,7,2.283078193664551,1.0,0.9117159247398376,0.01654793880879879,,,
3,11,8,3.8529136180877686,1.0000224113464355,0.07473167777061462,0.0859270989894867,,,
3,11,9,1.7891781330108643,1.0,0.9103645086288452,0.006184699013829231,,,
3,11,10,2.408474922180176,1.0,0.9133325219154358,0.0425911471247673,,,
3,11,11,2.6191296577453613,1.0,0.9139865636825562,0.03727389872074127,,,
4,0,0,4.5016655921936035,1.00001859664917,0.8168807625770569,0.018893517553806305,,,
4,0,1,0.3854380249977112,1.0000331401824951,0.8189374804496765,0.8837149143218994,,,
4,0,2,4.6415886878967285,1.000014066696167,0.8050375580787659,0.04354444518685341,,,
4,0,3,0.39807581901550293,1.0000311136245728,0.7965059876441956,0.8350574374198914,,,
4,0,4,1.0992792844772339,1.0000295639038086,0.7969254851341248,0.6074866652488708,,,
4,0,5,1.2147607803344727,1.0000265836715698,0.7915793061256409,0.6850675940513611,,,
4,0,6,4.364617824554443,1.0000224113464355,0.7558848857879639,0.02877994067966938,,,
4,0,7,1.8218721151351929,1.000028371810913,0.7552047967910767,0.15473134815692902,,,
4,0,8,4.289615631103516,1.0000258684158325,0.8201013803482056,0.05766398459672928,,,
4,0,9,4.669339656829834,1.0000202655792236,0.8596965670585632,0.01988229714334011,,,
4,0,10,4.252466201782227,1.0000253915786743,0.8856287002563477,0.16205830872058868,,,
4,0,11,5.468863487243652,1.0000145435333252,0.7354580163955688,0.0068838465958833694,,,
4,1,0,2.35770320892334,1.0000286102294922,0.7190404534339905,0.09920438379049301,,,
4,1,1,2.7470180988311768,1.000022530555725,0.7128158807754517,0.09336159378290176,,,
4,1,2,4.765093803405762,1.0000163316726685,0.6996265053749084,0.025670254603028297,,,
4,1,3,4.321781635284424,1.000001311302185,0.700535237789154,0.03495807573199272,,,
4,1,4,3.7439913749694824,1.0000110864639282,0.8236515522003174,0.06888279318809509,,,
4,1,5,4.579930305480957,1.000012993812561,0.8380840420722961,0.08322110772132874,,,
4,1,6,4.479918479919434,1.0000100135803223,0.8277305960655212,0.03789934515953064,,,
4,1,7,4.991296291351318,1.0000134706497192,0.8423309326171875,0.01821650192141533,,,
4,1,8,5.3610382080078125,1.0000051259994507,0.8099889159202576,0.009187617339193821,,,
4,1,9,5.447218894958496,1.0000073909759521,0.7882103323936462,0.006592055782675743,,,
4,1,10,4.473522186279297,1.000014305114746,0.6153376698493958,0.04067448154091835,,,
4,1,11,1.7021957635879517,1.0000282526016235,0.7777799963951111,0.6871174573898315,,,
4,2,0,2.534651517868042,1.0000011920928955,0.891697883605957,0.09830570966005325,,,
4,2,1,4.7415289878845215,1.0000005960464478,0.8810491561889648,0.01105513609945774,,,
4,2,2,1.0973165035247803,1.0000050067901611,0.8868541717529297,0.12670446932315826,,,
4,2,3,1.9622067213058472,1.0000044107437134,0.8736358880996704,0.1363033503293991,,,
4,2,4,1.7262972593307495,1.0000003576278687,0.8736010193824768,0.08707846701145172,,,
4,2,5,1.8149243593215942,1.0000039339065552,0.8780332207679749,0.1388668417930603,,,
4,2,6,2.7248096466064453,1.0000048875808716,0.8242669701576233,0.07871239632368088,,,
4,2,7,2.5550992488861084,1.0,0.84836745262146,0.03228233382105827,,,
4,2,8,1.9117498397827148,1.0000019073486328,0.9004200100898743,0.11683007329702377,,,
4,2,9,1.757068395614624,1.0000059604644775,0.8624230027198792,0.1268751323223114,,,
4,2,10,3.1024317741394043,1.0000296831130981,0.5157867074012756,0.12781591713428497,,,
4,2,11,3.1430583000183105,1.0000003576278687,0.8911033272743225,0.10928750783205032,,,
4,3,0,2.7099709510803223,1.0,0.9951478838920593,0.07293691486120224,,,
4,3,1,1.8306448459625244,1.0,0.9950106143951416,0.059346649795770645,,,
4,3,2,1.4327224493026733,1.0000003576278687,0.9910027980804443,0.11841166764497757,,,
4,3,3,0.892460286617279,1.0,0.9951426982879639,0.057609397917985916,,,
4,3,4,3.525693655014038,1.0,0.9953892230987549,0.009387577883899212,,,
4,3,5,2.620922327041626,1.0,0.9959424734115601,0.03618801757693291,,,
4,3,6,1.6710939407348633,1.0000003576278687,0.9874328374862671,0.15644337236881256,,,
4,3,7,1.416686773300171,1.0000001192092896,0.9926514029502869,0.10811716318130493,,,
4,3,8,1.5169734954833984,1.000000238418579,0.9916502237319946,0.1159210056066513,,,
4,3,9,1.5207068920135498,1.0,0.99574875831604,0.07260780036449432,,,
4,3,10,1.7513550519943237,1.0,0.9952626824378967,0.1528106927871704,,,
4,3,11,1.7708969116210938,1.0000001192092896,0.9950929284095764,0.10022888332605362,,,
4,4,0,1.189233422279358,1.0,0.9164197444915771,0.05879781022667885,,,
4,4,1,1.509487271308899,1.0,0.9170374274253845,0.05919388681650162,,,
4,4,2,2.169346332550049,1.0,0.9148834347724915,0.015802165493369102,,,
4,4,3,1.5884805917739868,1.0,0.9178615808486938,0.07378996908664703,,,
4,4,4,2.829807996749878,1.0,0.9158154129981995,0.041915200650691986,,,
4,4,5,1.4837416410446167,1.0,0.9160400032997131,0.06376095116138458,,,
4,4,6,2.0046660900115967,1.0,0.9167366623878479,0.03996405377984047,,,
4,4,7,1.8539855480194092,1.0000004768371582,0.9193384647369385,0.4735134243965149,,,
4,4,8,3.581949234008789,1.0,0.9181129932403564,0.01630822755396366,,,
4,4,9,1.7088643312454224,1.0,0.915998101234436,0.03581259399652481,,,
4,4,10,3.241884231567383,1.0,0.9158897995948792,0.01309593953192234,,,
4,4,11,0.008654323406517506,1.0000296831130981,0.1302076280117035,0.0032534750644117594,,,
4,5,0,2.4496703147888184,1.0,0.9982553124427795,0.014858663082122803,,,
4,5,1,0.28221461176872253,1.0,0.9980278611183167,0.004752516280859709,,,
4,5,2,1.3750954866409302,1.0,0.9983375072479248,0.02223660983145237,,,
4,5,3,2.170452117919922,1.0,0.9970665574073792,0.03411860391497612,,,
4,5,4,1.422316074371338,1.0,0.9983128905296326,0.04784996435046196,,,
4,5,5,1.8674219846725464,1.0,0.9984009265899658,0.011384427547454834,,,
4,5,6,0.6348311901092529,1.0,0.9982125759124756,0.022002317011356354,,,
4,5,7,0.9114682674407959,1.0,0.9982917904853821,0.040879055857658386,,,
4,5,8,1.0815144777297974,1.0,0.9983510971069336,0.028507322072982788,,,
4,5,9,2.8472707271575928,1.0,0.9986247420310974,0.006298747379332781,,,
4,5,10,3.6396031379699707,1.000000238418579,0.9887859225273132,0.04323907569050789,,,
4,5,11,2.491485595703125,1.0,0.9984972476959229,0.09021028131246567,,,
4,6,0,1.7583503723144531,1.0,0.9968997836112976,0.03543451055884361,,,
4,6,1,0.6569114923477173,1.0,0.9981326460838318,0.018576448783278465,,,
4,6,2,3.4540863037109375,1.0,0.9980707168579102,0.012968605384230614,,,
4,6,3,1.4684221744537354,1.0,0.9984794855117798,0.016178814694285393,,,
4,6,4,3.759618043899536,1.000000238418579,0.9924463629722595,0.02473774179816246,,,
4,6,5,1.6773449182510376,1.0,0.9985849261283875,0.06133574619889259,,,
4,6,6,2.6568076610565186,1.0,0.9986222982406616,0.06156032159924507,,,
4,6,7,2.1484768390655518,1.0,0.9983968734741211,0.043620459735393524,,,
4,6,8,1.1729135513305664,1.0,0.998404860496521,0.026470206677913666,,,
4,6,9,0.6445540189743042,1.0,0.9981136918067932,0.0052492329850792885,,,
4,6,10,3.573798656463623,1.0,0.9978163242340088,0.0123933469876647,,,
4,6,11,1.42237389087677,1.0,0.9984080791473389,0.04323563724756241,,,
4,7,0,1.0856612920761108,1.0,0.9991248846054077,0.02698851190507412,,,
4,7,1,2.6278862953186035,1.0,0.9991353750228882,0.01351633295416832,,,
4,7,2,0.7421364188194275,1.0,0.9994434714317322,0.004162975121289492,,,
4,7,3,1.3850197792053223,1.0,0.9995923638343811,0.04290524870157242,,,
4,7,4,0.8888238072395325,1.0,0.9995130300521851,0.01598191447556019,,,
4,7,5,2.4777274131774902,1.0,0.9989215731620789,0.024022357538342476,,,
4,7,6,3.1077334880828857,1.0,0.999437689781189,0.011062235571444035,,,
4,7,7,2.3265058994293213,1.0,0.9993752837181091,0.013031559996306896,,,
4,7,8,1.1792497634887695,1.0,0.9993984699249268,0.03817624971270561,,,
4,7,9,1.2449179887771606,1.0,0.9995241761207581,0.02665095217525959,,,
4,7,10,0.7634566426277161,1.0,0.9994268417358398,0.004467329941689968,,,
4,7,11,2.370285987854004,1.0,0.9995231032371521,0.007769194897264242,,,
4,8,0,3.2781829833984375,1.0,0.9981924295425415,0.020758630707859993,,,
4,8,1,1.1892658472061157,1.0,0.9987238049507141,0.008499788120388985,,,
4,8,2,3.934629201889038,1.0000001192092896,0.9943714737892151,0.011347475461661816,,,
4,8,3,1.6494747400283813,1.0,0.9989097118377686,0.016674865037202835,,,
4,8,4,1.043512225151062,1.0,0.9988319873809814,0.05055445060133934,,,
4,8,5,1.8173470497131348,1.0,0.998484194278717,0.0393218919634819,,,
4,8,6,2.338998794555664,1.0,0.9986639618873596,0.018719391897320747,,,
4,8,7,1.1913018226623535,1.0,0.9981591701507568,0.05837065353989601,,,
4,8,8,2.0765035152435303,1.0,0.9988107085227966,0.030706005170941353,,,
4,8,9,1.8648860454559326,1.0,0.9989103078842163,0.027625415474176407,,,
4,8,10,2.077343225479126,1.0,0.9990346431732178,0.05549199879169464,,,
4,8,11,1.868280053138733,1.0,0.998805046081543,0.017453469336032867,,,
4,9,0,2.3330934047698975,1.0,0.9982761144638062,0.0439688041806221,,,
4,9,1,1.8195265531539917,1.0,0.998994767665863,0.011311039328575134,,,
4,9,2,2.384913921356201,1.0,0.9986597299575806,0.021476859226822853,,,
4,9,3,1.6247950792312622,1.0,0.9983410239219666,0.051244106143713,,,
4,9,4,1.695793628692627,1.0,0.9991548657417297,0.013817427679896355,,,
4,9,5,2.023076057434082,1.0,0.999281644821167,0.029168298467993736,,,
4,9,6,1.3632934093475342,1.0,0.999172568321228,0.005006836261600256,,,
4,9,7,1.7183066606521606,1.0,0.9991594552993774,0.01977110281586647,,,
4,9,8,2.597367763519287,1.0,0.9981566071510315,0.011218218132853508,,,
4,9,9,1.1611206531524658,1.0,0.9991474151611328,0.00590511504560709,,,
4,9,10,0.9844365119934082,1.0,0.9990944266319275,0.03763873875141144,,,
4,9,11,2.708411931991577,1.0,0.9977176785469055,0.006416322197765112,,,
4,10,0,2.3526132106781006,1.0,0.9978631734848022,0.013519788160920143,,,
4,10,1,1.6112734079360962,1.0,0.9987441897392273,0.008778245188295841,,,
4,10,2,1.9737900495529175,1.0,0.9990350604057312,0.009121766313910484,,,
4,10,3,2.914188861846924,1.0,0.996599018573761,0.012333786115050316,,,
4,10,4,2.92103910446167,1.0,0.9979761242866516,0.021007327362895012,,,
4,10,5,0.9478286504745483,1.0,0.9988235235214233,0.026095135137438774,,,
4,10,6,1.9348678588867188,1.0,0.998478353023529,0.00946725346148014,,,
4,10,7,2.4245235919952393,1.0,0.9989904761314392,0.028282398357987404,,,
4,10,8,2.25327205657959,1.0,0.9986131191253662,0.011576060205698013,,,
4,10,9,1.3892016410827637,1.0,0.9988378882408142,0.06965109705924988,,,
4,10,10,1.7274227142333984,1.0,0.9988110065460205,0.008053689263761044,,,
4,10,11,1.9115879535675049,1.0,0.9988541007041931,0.03746400773525238,,,
4,11,0,4.490166187286377,1.0000005960464478,0.8922256231307983,0.026309438049793243,,,
4,11,1,2.505125045776367,1.0,0.9099845290184021,0.01606985181570053,,,
4,11,2,2.1059982776641846,1.0,0.9088518619537354,0.00783771462738514,,,
4,11,3,2.227374792098999,1.0,0.9102534651756287,0.032823871821165085,,,
4,11,4,3.6808364391326904,1.0,0.9122534394264221,0.015059154480695724,,,
4,11,5,1.8091931343078613,1.0,0.90842604637146,0.010097973980009556,,,
4,11,6,1.7780877351760864,1.0,0.9080047607421875,0.006192094646394253,,,
4,11,7,2.177473545074463,1.0,0.909358561038971,0.015370002016425133,,,
4,11,8,3.8007993698120117,1.000023603439331,0.07694801688194275,0.09609882533550262,,,
4,11,9,1.6596592664718628,1.0,0.907973051071167,0.006592359393835068,,,
4,11,10,2.313727378845215,1.0,0.9108612537384033,0.04720163717865944,,,
4,11,11,2.500058174133301,1.0,0.9114494323730469,0.04312441125512123,,,
5,0,0,4.480099201202393,1.00001859664917,0.828052282333374,0.022617217153310776,,,
5,0,1,0.3865194022655487,1.00003182888031,0.8187143802642822,0.8848162293434143,,,
5,0,2,4.664581775665283,1.000013828277588,0.8077938556671143,0.03893153741955757,,,
5,0,3,0.3962898850440979,1.0000311136245728,0.8011545538902283,0.8366709351539612,,,
5,0,4,1.1065348386764526,1.0000290870666504,0.8025085926055908,0.6107578873634338,,,
5,0,5,1.2263399362564087,1.0000271797180176,0.7922109961509705,0.6930426359176636,,,
5,0,6,4.366541385650635,1.0000216960906982,0.7608653903007507,0.028753232210874557,,,
5,0,7,1.7888749837875366,1.0000288486480713,0.762962281703949,0.15561890602111816,,,
5,0,8,4.283244609832764,1.0000250339508057,0.8273897767066956,0.06023227423429489,,,
5,0,9,4.657443046569824,1.0000195503234863,0.8589317202568054,0.019727719947695732,,,
5,0,10,4.2500762939453125,1.000025987625122,0.8883311748504639,0.16215094923973083,,,
5,0,11,5.454848289489746,1.0000152587890625,0.7305853366851807,0.0072461944073438644,,,
5,1,0,2.327838897705078,1.000028133392334,0.7213876247406006,0.09762872010469437,,,
5,1,1,2.741791248321533,1.0000227689743042,0.71050626039505,0.09606234729290009,,,
5,1,2,4.7589216232299805,1.0000171661376953,0.6971898674964905,0.025989701971411705,,,
5,1,3,4.314144134521484,1.0000014305114746,0.6938633322715759,0.035440169274806976,,,
5,1,4,3.740448474884033,1.0000121593475342,0.8222531676292419,0.06991348415613174,,,
5,1,5,4.595483779907227,1.0000133514404297,0.8408640027046204,0.07834315299987793,,,
5,1,6,4.44246244430542,1.00001060962677,0.8249232769012451,0.0395447313785553,,,
5,1,7,4.958662509918213,1.0000137090682983,0.841212272644043,0.017699070274829865,,,
5,1,8,5.36153507232666,1.0000053644180298,0.8096281290054321,0.009314068593084812,,,
5,1,9,5.438968181610107,1.0000081062316895,0.7805631756782532,0.00679981941357255,,,
5,1,10,4.467131614685059,1.0000137090682983,0.620720624923706,0.04075163975358009,,,
5,1,11,1.6998941898345947,1.0000280141830444,0.77895188331604,0.6823979020118713,,,
5,2,0,2.4993011951446533,1.0000014305114746,0.8977697491645813,0.09926851838827133,,,
5,2,1,4.711084365844727,1.0000005960464478,0.8891022205352783,0.01113506592810154,,,
5,2,2,1.0931140184402466,1.0000025033950806,0.907221794128418,0.12139258533716202,,,
5,2,3,1.938410758972168,1.000003695487976,0.8802652359008789,0.13847871124744415,,,
5,2,4,1.6587058305740356,1.0000001192092896,0.8836723566055298,0.08309567719697952,,,
5,2,5,1.821965217590332,1.0000032186508179,0.8907190561294556,0.13829699158668518,,,
5,2,6,2.7392046451568604,1.000003457069397,0.844243586063385,0.07701548933982849,,,
5,2,7,2.575345516204834,1.0,0.8618981838226318,0.03280583769083023,,,
5,2,8,1.8847650289535522,1.0000014305114746,0.9073121547698975,0.11179651319980621,,,
5,2,9,1.7305635213851929,1.000004768371582,0.8703237175941467,0.12302704155445099,,,
5,2,10,3.094902515411377,1.0000299215316772,0.48156359791755676,0.12997931241989136,,,
5,2,11,3.1176259517669678,1.0000003576278687,0.900408148765564,0.11099343746900558,,,
5,3,0,2.790067434310913,1.0,0.9953134655952454,0.06985461711883545,,,
5,3,1,1.8350580930709839,1.0,0.9951435327529907,0.06225551664829254,,,
5,3,2,1.4199604988098145,1.0000003576278687,0.989732563495636,0.1168639212846756,,,
5,3,3,0.8746017217636108,1.0,0.9950769543647766,0.057829778641462326,,,
5,3,4,3.6525139808654785,1.0,0.9954849481582642,0.008856989443302155,,,
5,3,5,2.7225048542022705,1.0,0.9961134195327759,0.03666083514690399,,,
5,3,6,1.6793615818023682,1.000000238418579,0.9902372360229492,0.1619826853275299,,,
5,3,7,1.3878318071365356,1.0000001192092896,0.9926432967185974,0.11130627244710922,,,
5,3,8,1.5043785572052002,1.0000001192092896,0.9914447665214539,0.1150050237774849,,,
5,3,9,1.5132458209991455,1.0,0.9957606792449951,0.06876187771558762,,,
5,3,10,1.7714818716049194,1.0,0.9954204559326172,0.1616135984659195,,,
5,3,11,1.7808126211166382,1.0000001192092896,0.9949883818626404,0.10159561038017273,,,
5,4,0,1.1890790462493896,1.0,0.9160214066505432,0.05671030282974243,,,
5,4,1,1.5090031623840332,1.0,0.9169661998748779,0.05940603092312813,,,
5,4,2,2.1095709800720215,1.0,0.914466917514801,0.014377450570464134,,,
5,4,3,1.5195056200027466,1.0,0.9172943234443665,0.07311436533927917,,,
5,4,4,2.925483465194702,1.0,0.9158935546875,0.03988129645586014,,,
5,4,5,1.4753648042678833,1.0,0.9161007404327393,0.06924502551555634,,,
5,4,6,2.0089151859283447,1.0,0.9166247844696045,0.04137774184346199,,,
5,4,7,1.8231605291366577,1.0000004768371582,0.9189254641532898,0.4840650260448456,,,
5,4,8,3.7282001972198486,1.0,0.9183412194252014,0.014698055572807789,,,
5,4,9,1.7968354225158691,1.0,0.9163772463798523,0.03696054220199585,,,
5,4,10,3.3648805618286133,1.0,0.9160773754119873,0.013747086748480797,,,
5,4,11,0.009765063412487507,1.000030517578125,0.13266302645206451,0.0032534433994442225,,,
5,5,0,2.4001877307891846,1.0,0.9983425140380859,0.011685946956276894,,,
5,5,1,0.24975253641605377,1.0,0.9979096055030823,0.00442738039419055,,,
5,5,2,1.4151872396469116,1.0,0.998304009437561,0.020656796172261238,,,
5,5,3,2.214996099472046,1.0,0.9965261816978455,0.03441596403717995,,,
5,5,4,1.4773200750350952,1.0,0.9981594085693359,0.05221967771649361,,,
5,5,5,1.9335888624191284,1.0,0.9983407855033875,0.011137409135699272,,,
5,5,6,0.623395562171936,1.0,0.998126208782196,0.023673107847571373,,,
5,5,7,0.9581851959228516,1.0,0.9981889128684998,0.042701639235019684,,,
5,5,8,1.0688973665237427,1.0,0.9982448220252991,0.02664203755557537,,,
5,5,9,2.8398172855377197,1.0,0.9985355734825134,0.006368471309542656,,,
5,5,10,3.6132376194000244,1.0000003576278687,0.9882770776748657,0.0475417859852314,,,
5,5,11,2.6071202754974365,1.0,0.9984217286109924,0.09705198556184769,,,
5,6,0,1.759278416633606,1.0,0.9972161650657654,0.03707624226808548,,,
5,6,1,0.673041820526123,1.0,0.9984020590782166,0.01949348673224449,,,
5,6,2,3.5029137134552,1.0,0.9982128143310547,0.013117184862494469,,,
5,6,3,1.5465805530548096,1.0,0.9987388849258423,0.0159947220236063,,,
5,6,4,3.7813398838043213,1.0000001192092896,0.9943139553070068,0.02340618520975113,,,
5,6,5,1.6452898979187012,1.0,0.9987901449203491,0.061774276196956635,,,
5,6,6,2.7053327560424805,1.0,0.9988732933998108,0.06178423762321472,,,
5,6,7,2.155334949493408,1.0,0.9985342621803284,0.045826543122529984,,,
5,6,8,1.1651697158813477,1.0,0.998692512512207,0.02691330760717392,,,
5,6,9,0.6735429167747498,1.0,0.9983335733413696,0.004468174185603857,,,
5,6,10,3.5954818725585938,1.0,0.9984645247459412,0.011011320166289806,,,
5,6,11,1.4999504089355469,1.0,0.9985620975494385,0.04606527462601662,,,
5,7,0,1.059189796447754,1.0,0.9991804361343384,0.02847106382250786,,,
5,7,1,2.4402129650115967,1.0,0.9994618892669678,0.013827946037054062,,,
5,7,2,0.6309710144996643,1.0,0.9994106292724609,0.0034545327071100473,,,
5,7,3,1.4250155687332153,1.0,0.9996166229248047,0.04203994944691658,,,
5,7,4,0.9158421158790588,1.0,0.999528169631958,0.01499494444578886,,,
5,7,5,2.657444953918457,1.0,0.9985095858573914,0.027173949405550957,,,
5,7,6,3.1677963733673096,1.0,0.9993385672569275,0.010686447843909264,,,
5,7,7,2.094857692718506,1.0,0.999504029750824,0.01248986180871725,,,
5,7,8,1.2532581090927124,1.0,0.9993389248847961,0.04467463865876198,,,
5,7,9,1.3073903322219849,1.0,0.9995092749595642,0.02741818316280842,,,
5,7,10,0.7091116309165955,1.0,0.999427080154419,0.003945491276681423,,,
5,7,11,2.3672468662261963,1.0,0.9995178580284119,0.006674862466752529,,,
5,8,0,3.2530641555786133,1.0,0.9985626339912415,0.01983814314007759,,,
5,8,1,1.1415549516677856,1.0,0.9985763430595398,0.007704656105488539,,,
5,8,2,4.073650360107422,1.0000001192092896,0.9932058453559875,0.011233745142817497,,,
5,8,3,1.6662626266479492,1.0,0.9988132119178772,0.018726840615272522,,,
5,8,4,1.1428221464157104,1.0,0.9987354278564453,0.051079005002975464,,,
5,8,5,1.8628649711608887,1.0,0.9983590841293335,0.03903673589229584,,,
5,8,6,2.3573014736175537,1.0,0.9987764358520508,0.01800473965704441,,,
5,8,7,1.219968318939209,1.0,0.9981486797332764,0.06027893349528313,,,
5,8,8,2.160992383956909,1.0,0.99873948097229,0.03133583441376686,,,
5,8,9,2.0382587909698486,1.0,0.9988696575164795,0.030856017023324966,,,
5,8,10,2.103877305984497,1.0,0.9989656805992126,0.06059601157903671,,,
5,8,11,1.8865487575531006,1.0,0.9987116456031799,0.01947428099811077,,,
5,9,0,2.1886816024780273,1.0,0.9988420605659485,0.046986669301986694,,,
5,9,1,1.9556773900985718,1.0,0.9991807341575623,0.011421742849051952,,,
5,9,2,2.382957696914673,1.0,0.9987294673919678,0.020371630787849426,,,
5,9,3,1.6292415857315063,1.0,0.9986082315444946,0.04733266681432724,,,
5,9,4,1.7569574117660522,1.0,0.9992837905883789,0.013700180687010288,,,
5,9,5,2.0065064430236816,1.0,0.9993913173675537,0.030367964878678322,,,
5,9,6,1.3000450134277344,1.0,0.9992746114730835,0.005452491343021393,,,
5,9,7,1.8367013931274414,1.0,0.9992649555206299,0.02082918956875801,,,
5,9,8,2.5959718227386475,1.0,0.9976564645767212,0.012080304324626923,,,
5,9,9,1.192252516746521,1.0,0.9992627501487732,0.005578163079917431,,,
5,9,10,1.0542181730270386,1.0,0.9992368221282959,0.03984586521983147,,,
5,9,11,2.6257152557373047,1.0,0.9989423751831055,0.005568602588027716,,,
5,10,0,2.339071035385132,1.0,0.9977893233299255,0.014673278667032719,,,
5,10,1,1.6363054513931274,1.0,0.9985125064849854,0.009179636836051941,,,
5,10,2,1.922080159187317,1.0,0.9987286925315857,0.008276169188320637,,,
5,10,3,2.895820140838623,1.0,0.9923376441001892,0.012916631065309048,,,
5,10,4,3.043332576751709,1.0,0.9972594976425171,0.021351926028728485,,,
5,10,5,0.9677571058273315,1.0,0.9984893202781677,0.026694323867559433,,,
5,10,6,1.9466314315795898,1.0,0.9983144402503967,0.011827844195067883,,,
5,10,7,2.4961116313934326,1.0,0.9985800385475159,0.030461732298135757,,,
5,10,8,2.2109358310699463,1.0,0.9985195398330688,0.01041712611913681,,,
5,10,9,1.3449598550796509,1.0,0.9985538721084595,0.06693293154239655,,,
5,10,10,1.6631525754928589,1.0,0.9985284209251404,0.007758991327136755,,,
5,10,11,1.797832727432251,1.0,0.9985017776489258,0.04199148714542389,,,
5,11,0,4.647579669952393,1.0000005960464478,0.9064523577690125,0.026265649124979973,,,
5,11,1,2.6158461570739746,1.0,0.9114595651626587,0.017425537109375,,,
5,11,2,2.3884034156799316,1.0,0.910553514957428,0.008766677230596542,,,
5,11,3,2.2791941165924072,1.0,0.9117937684059143,0.030515778809785843,,,
5,11,4,3.786836624145508,1.0,0.9145514965057373,0.014821304008364677,,,
5,11,5,1.8690649271011353,1.0,0.9096457958221436,0.010177026502788067,,,
5,11,6,1.807145118713379,1.0,0.9092972278594971,0.0063563184812664986,,,
5,11,7,2.2691807746887207,1.0,0.9106943011283875,0.016166629269719124,,,
5,11,8,3.9101815223693848,1.000023365020752,0.08144673705101013,0.09026367217302322,,,
5,11,9,1.5890239477157593,1.0,0.9090487957000732,0.006373172160238028,,,
5,11,10,2.4355030059814453,1.0,0.9126646518707275,0.047412142157554626,,,
5,11,11,2.5190134048461914,1.0,0.9130939245223999,0.04684923589229584,,,
6,0,0,4.500291347503662,1.000018835067749,0.8152709603309631,0.01941804587841034,,,
6,0,1,0.41844093799591064,1.0000333786010742,0.8155222535133362,0.8705956339836121,,,
6,0,2,4.684106826782227,1.0000137090682983,0.797114372253418,0.04120462015271187,,,
6,0,3,0.4071195125579834,1.0000317096710205,0.7984176278114319,0.8333868980407715,,,
6,0,4,1.1300455331802368,1.0000299215316772,0.7907077670097351,0.5888064503669739,,,
6,0,5,1.3107537031173706,1.0000277757644653,0.785474956035614,0.670805811882019,,,
6,0,6,4.362918376922607,1.0000228881835938,0.7493299245834351,0.029962556436657906,,,
6,0,7,1.8522521257400513,1.0000296831130981,0.7653927206993103,0.15717363357543945,,,
6,0,8,4.294703006744385,1.0000251531600952,0.8166319131851196,0.058946263045072556,,,
6,0,9,4.6701273918151855,1.0000197887420654,0.8562870621681213,0.02024194225668907,,,
6,0,10,4.250638961791992,1.0000263452529907,0.8849751949310303,0.16358019411563873,,,
6,0,11,5.503695964813232,1.0000150203704834,0.7344948053359985,0.007246747147291899,,,
6,1,0,2.3233437538146973,1.0000299215316772,0.7108926773071289,0.10073714703321457,,,
6,1,1,2.740309476852417,1.000023365020752,0.7102213501930237,0.09319132566452026,,,
6,1,2,4.777124881744385,1.000016212463379,0.7120611071586609,0.025092845782637596,,,
6,1,3,4.3510518074035645,1.0000014305114746,0.7003011703491211,0.034975167363882065,,,
6,1,4,3.752213716506958,1.0000121593475342,0.8216840624809265,0.06889848411083221,,,
6,1,5,4.596578598022461,1.0000122785568237,0.8342819213867188,0.08171872049570084,,,
6,1,6,4.452395439147949,1.0000091791152954,0.8274863958358765,0.038640525192022324,,,
6,1,7,4.981996536254883,1.0000139474868774,0.8398491144180298,0.01776592992246151,,,
6,1,8,5.388199806213379,1.0000046491622925,0.808332085609436,0.00907934457063675,,,
6,1,9,5.4921674728393555,1.0000083446502686,0.7871034741401672,0.006472161039710045,,,
6,1,10,4.503629207611084,1.000015139579773,0.6192420125007629,0.04002100229263306,,,
6,1,11,1.650917887687683,1.0000299215316772,0.7590016722679138,0.6842904686927795,,,
6,2,0,2.512754440307617,1.000001072883606,0.8874607086181641,0.10038330405950546,,,
6,2,1,4.839462757110596,1.0000008344650269,0.878436267375946,0.011335966177284718,,,
6,2,2,1.0960434675216675,1.0000038146972656,0.8913614153862,0.12334278970956802,,,
6,2,3,1.926062822341919,1.0000057220458984,0.8595907688140869,0.133253276348114,,,
6,2,4,1.6614896059036255,1.000000238418579,0.8706194162368774,0.08300777524709702,,,
6,2,5,1.8161131143569946,1.000004768371582,0.8754163980484009,0.1385587751865387,,,
6,2,6,2.7855005264282227,1.0000032186508179,0.8305988311767578,0.07598674297332764,,,
6,2,7,2.539952516555786,1.0,0.8438525795936584,0.031864963471889496,,,
6,2,8,1.8879492282867432,1.0000019073486328,0.8959667682647705,0.11320911347866058,,,
6,2,9,1.751892328262329,1.0000059604644775,0.8574594855308533,0.12549053132534027,,,
6,2,10,3.1151773929595947,1.000030517578125,0.4958283305168152,0.12736257910728455,,,
6,2,11,3.1672446727752686,1.000000238418579,0.8881347179412842,0.10939794778823853,,,
6,3,0,2.8167996406555176,1.0,0.9945829510688782,0.06980372965335846,,,
6,3,1,1.9016894102096558,1.0000001192092896,0.9945089817047119,0.058882761746644974,,,
6,3,2,1.430361032485962,1.000000238418579,0.9880360960960388,0.11009477823972702,,,
6,3,3,0.9063808917999268,1.0,0.9944782257080078,0.05793583765625954,,,
6,3,4,3.673170804977417,1.0,0.9947636127471924,0.009094320237636566,,,
6,3,5,2.7035045623779297,1.0,0.9955906271934509,0.03719780966639519,,,
6,3,6,1.7188160419464111,1.0000003576278687,0.9877369403839111,0.14949001371860504,,,
6,3,7,1.44623863697052,1.0000001192092896,0.9925586581230164,0.11167437583208084,,,
6,3,8,1.5509092807769775,1.0000003576278687,0.9904512763023376,0.11151321232318878,,,
6,3,9,1.542777419090271,1.0,0.9952640533447266,0.06765303760766983,,,
6,3,10,1.770747184753418,1.0,0.9946615695953369,0.1621209979057312,,,
6,3,11,1.789147138595581,1.0000001192092896,0.9940117001533508,0.09597913175821304,,,
6,4,0,1.2483136653900146,1.0,0.9161531329154968,0.05290711671113968,,,
6,4,1,1.606080174446106,1.0,0.9172971248626709,0.06320203840732574,,,
6,4,2,2.2673795223236084,1.0,0.9146565794944763,0.015247639268636703,,,
6,4,3,1.6164864301681519,1.0,0.9171386361122131,0.07041490823030472,,,
6,4,4,2.906247615814209,1.0,0.9152957797050476,0.039929747581481934,,,
6,4,5,1.5248509645462036,1.0,0.9161632657051086,0.06500130146741867,,,
6,4,6,2.025880813598633,1.0,0.9161834120750427,0.03904573991894722,,,
6,4,7,1.8428622484207153,1.0000004768371582,0.9178614020347595,0.4813392460346222,,,
6,4,8,3.636378049850464,1.0,0.9176539778709412,0.016283193603157997,,,
6,4,9,1.8129810094833374,1.0,0.916019082069397,0.03586805984377861,,,
6,4,10,3.269132375717163,1.0,0.9153345227241516,0.012991267256438732,,,
6,4,11,0.009948156774044037,1.000030517578125,0.13192415237426758,0.003524555591866374,,,
6,5,0,2.242377519607544,1.0,0.9979042410850525,0.012093732133507729,,,
6,5,1,0.27502578496932983,1.0,0.997518002986908,0.004472166765481234,,,
6,5,2,1.4319218397140503,1.0,0.9978566765785217,0.021995093673467636,,,
6,5,3,2.2512409687042236,1.0,0.995928168296814,0.03150716423988342,,,
6,5,4,1.5022468566894531,1.0,0.9977921843528748,0.04678679257631302,,,
6,5,5,2.0303144454956055,1.0,0.9979264736175537,0.01215975172817707,,,
6,5,6,0.6651051044464111,1.0,0.9977244734764099,0.02366473898291588,,,
6,5,7,0.9691945910453796,1.0,0.9978333115577698,0.04154771938920021,,,
6,5,8,1.0909839868545532,1.0,0.9978592395782471,0.027850722894072533,,,
6,5,9,2.909430503845215,1.0,0.9981895685195923,0.006321607157588005,,,
6,5,10,3.5936031341552734,1.0000003576278687,0.9848178625106812,0.04522471874952316,,,
6,5,11,2.5951712131500244,1.0,0.9980707168579102,0.09887789189815521,,,
6,6,0,1.788012146949768,1.0,0.9961333870887756,0.035504382103681564,,,
6,6,1,0.6573558449745178,1.0,0.9980510473251343,0.01849192939698696,,,
6,6,2,3.5149974822998047,1.0,0.9978490471839905,0.01272487547248602,,,
6,6,3,1.5387738943099976,1.0,0.9984273910522461,0.01518259383738041,,,
6,6,4,3.7802562713623047,1.000000238418579,0.9921472668647766,0.02339649572968483,,,
6,6,5,1.6915345191955566,1.0,0.9985103011131287,0.0606868676841259,,,
6,6,6,2.686192274093628,1.0,0.9985672235488892,0.06561505049467087,,,
6,6,7,2.191845178604126,1.0,0.998318076133728,0.04526124894618988,,,
6,6,8,1.2090888023376465,1.0,0.9983627200126648,0.027553696185350418,,,
6,6,9,0.7065550684928894,1.0,0.9980153441429138,0.00492699071764946,,,
6,6,10,3.4686806201934814,1.0,0.9983747005462646,0.010081572458148003,,,
6,6,11,1.5300534963607788,1.0,0.9982584118843079,0.04131624102592468,,,
6,7,0,1.1274479627609253,1.0,0.9989290833473206,0.028391659259796143,,,
6,7,1,2.609768867492676,1.0,0.9992088675498962,0.014408176764845848,,,
6,7,2,0.6853829622268677,1.0,0.9993784427642822,0.003999148495495319,,,
6,7,3,1.4546630382537842,1.0,0.9995846152305603,0.042219869792461395,,,
6,7,4,0.9363617897033691,1.0,0.9994924068450928,0.01388930156826973,,,
6,7,5,2.5990309715270996,1.0,0.9986286163330078,0.024762572720646858,,,
6,7,6,3.135673999786377,1.0,0.9994186162948608,0.010343320667743683,,,
6,7,7,1.9946871995925903,1.0,0.9994783401489258,0.011685610748827457,,,
6,7,8,1.3007665872573853,1.0,0.9993131160736084,0.035933151841163635,,,
6,7,9,1.3402689695358276,1.0,0.9994770288467407,0.026071803644299507,,,
6,7,10,0.8269814252853394,1.0,0.9993869662284851,0.004740155301988125,,,
6,7,11,2.3672454357147217,1.0,0.9994853734970093,0.007489668671041727,,,
6,8,0,3.277277946472168,1.0,0.9984080791473389,0.02079635299742222,,,
6,8,1,1.2753396034240723,1.0,0.9982458353042603,0.008595569059252739,,,
6,8,2,4.1774420738220215,1.000000238418579,0.9897658824920654,0.011672466062009335,,,
6,8,3,1.8612236976623535,1.0,0.9985074996948242,0.016437191516160965,,,
6,8,4,1.100558876991272,1.0,0.9983532428741455,0.04422339051961899,,,
6,8,5,1.9099200963974,1.0,0.9980900287628174,0.03534496948122978,,,
6,8,6,2.2470765113830566,1.0,0.9984808564186096,0.018004724755883217,,,
6,8,7,1.276542067527771,1.0,0.997770369052887,0.05400317162275314,,,
6,8,8,2.250859022140503,1.0,0.9983450174331665,0.03202369436621666,,,
6,8,9,2.107567548751831,1.0,0.998545229434967,0.02785940282046795,,,
6,8,10,2.174438714981079,1.0,0.9986588954925537,0.06032582372426987,,,
6,8,11,1.8683851957321167,1.0,0.9983617663383484,0.01672312244772911,,,
6,9,0,2.5405166149139404,1.0,0.9968799352645874,0.03849903121590614,,,
6,9,1,1.9446449279785156,1.0,0.9983875155448914,0.010730328038334846,,,
6,9,2,2.5612618923187256,1.0,0.9982490539550781,0.019121775403618813,,,
6,9,3,1.636706829071045,1.0,0.9977762699127197,0.04779308661818504,,,
6,9,4,1.7885288000106812,1.0,0.9985836148262024,0.01148170419037342,,,
6,9,5,2.2541537284851074,1.0,0.9986481070518494,0.03076043725013733,,,
6,9,6,1.6525192260742188,1.0,0.998506486415863,0.005683264695107937,,,
6,9,7,1.8639321327209473,1.0,0.9985355138778687,0.018680913373827934,,,
6,9,8,2.600896120071411,1.0,0.9971538782119751,0.01033913716673851,,,
6,9,9,1.5338845252990723,1.0,0.9985584020614624,0.006291515659540892,,,
6,9,10,1.0850788354873657,1.0,0.998420000076294,0.03595970571041107,,,
6,9,11,2.772209405899048,1.0000001192092896,0.9927053451538086,0.0058710575103759766,,,
6,10,0,2.637718677520752,1.0,0.9957271814346313,0.013771622441709042,,,
6,10,1,1.9064395427703857,1.0,0.9970365166664124,0.00918259285390377,,,
6,10,2,2.382594347000122,1.0,0.9945049285888672,0.007358822040259838,,,
6,10,3,3.0189599990844727,1.0000001192092896,0.9924118518829346,0.011722044087946415,,,
6,10,4,3.142972230911255,1.0,0.9961433410644531,0.020173562690615654,,,
6,10,5,0.9660212397575378,1.0,0.9973064064979553,0.02417897805571556,,,
6,10,6,1.9321659803390503,1.0,0.9973781108856201,0.008657639846205711,,,
6,10,7,2.5532519817352295,1.0,0.9978223443031311,0.026392044499516487,,,
6,10,8,2.396935224533081,1.0,0.9975534081459045,0.010157023556530476,,,
6,10,9,1.4752764701843262,1.0,0.9974246621131897,0.06609027087688446,,,
6,10,10,1.875827431678772,1.0,0.9974799752235413,0.007499379571527243,,,
6,10,11,2.207071542739868,1.0,0.9973922371864319,0.04134470596909523,,,
6,11,0,4.772094249725342,1.000001072883606,0.8990522027015686,0.02523459680378437,,,
6,11,1,2.7626380920410156,1.0,0.9091073870658875,0.016814347356557846,,,
6,11,2,2.584395408630371,1.0000001192092896,0.9076731204986572,0.007752237841486931,,,
6,11,3,2.3816792964935303,1.0,0.9100795984268188,0.031475577503442764,,,
6,11,4,3.7817561626434326,1.0,0.9128350615501404,0.014189009554684162,,,
6,11,5,2.2132418155670166,1.0,0.9084230065345764,0.010259821079671383,,,
6,11,6,2.025273323059082,1.0,0.9073944091796875,0.006514570210129023,,,
6,11,7,2.4469993114471436,1.0,0.9091376662254333,0.018278909847140312,,,
6,11,8,3.784214973449707,1.0000234842300415,0.09129700064659119,0.09889435023069382,,,
6,11,9,2.022855520248413,1.0,0.9078163504600525,0.007110607344657183,,,
6,11,10,2.6443989276885986,1.0,0.9118579626083374,0.04442744702100754,,,
6,11,11,2.7802531719207764,1.0,0.9122215509414673,0.03972526639699936,,,
7,0,0,4.506329536437988,1.0000206232070923,0.8247445821762085,0.020052889361977577,,,
7,0,1,0.40150484442710876,1.0000349283218384,0.8229479193687439,0.8762332201004028,,,
7,0,2,4.681208610534668,1.0000163316726685,0.8114469647407532,0.04129643738269806,,,
7,0,3,0.41050153970718384,1.0000333786010742,0.8047659397125244,0.8330762982368469,,,
7,0,4,1.1117218732833862,1.0000308752059937,0.7964252829551697,0.5934571027755737,,,
7,0,5,1.3027870655059814,1.0000272989273071,0.7878515124320984,0.6611906290054321,,,
7,0,6,4.40527868270874,1.0000245571136475,0.7608640193939209,0.02933685854077339,,,
7,0,7,1.8213448524475098,1.0000309944152832,0.7689352631568909,0.1550578474998474,,,
7,0,8,4.2914347648620605,1.0000272989273071,0.8204622864723206,0.05960310995578766,,,
7,0,9,4.687199592590332,1.0000219345092773,0.8599511981010437,0.01986103318631649,,,
7,0,10,4.265058994293213,1.0000284910202026,0.8881780505180359,0.16134467720985413,,,
7,0,11,5.561851978302002,1.0000172853469849,0.7328900694847107,0.00657076807692647,,,
7,1,0,2.338221311569214,1.000030755996704,0.7158249020576477,0.10469266772270203,,,
7,1,1,2.728492498397827,1.0000239610671997,0.702784538269043,0.09357815235853195,,,
7,1,2,4.786762237548828,1.0000146627426147,0.7272213101387024,0.024641312658786774,,,
7,1,3,4.379698276519775,1.0000014305114746,0.6968119144439697,0.035756781697273254,,,
7,1,4,3.7450473308563232,1.0000133514404297,0.8252901434898376,0.06957390904426575,,,
7,1,5,4.624314308166504,1.000014305114746,0.8406580090522766,0.08199722319841385,,,
7,1,6,4.411311149597168,1.0000134706497192,0.8267697691917419,0.0374889150261879,,,
7,1,7,4.99148416519165,1.000015139579773,0.8381578922271729,0.017855260521173477,,,
7,1,8,5.433689117431641,1.000005841255188,0.8074269890785217,0.0089854272082448,,,
7,1,9,5.539572238922119,1.0000079870224,0.7851294875144958,0.006275238003581762,,,
7,1,10,4.530821800231934,1.000016212463379,0.6355370879173279,0.03977996110916138,,,
7,1,11,1.7070165872573853,1.0000309944152832,0.7717241048812866,0.6727160811424255,,,
7,2,0,2.5298290252685547,1.0000009536743164,0.8887048959732056,0.10280513763427734,,,
7,2,1,4.924829483032227,1.0000011920928955,0.8767421841621399,0.010835959576070309,,,
7,2,2,1.0960166454315186,1.0000046491622925,0.8944889307022095,0.12921017408370972,,,
7,2,3,1.9222079515457153,1.0000048875808716,0.8625611662864685,0.1385839581489563,,,
7,2,4,1.7008023262023926,1.0000001192092896,0.8704259991645813,0.08629056811332703,,,
7,2,5,1.8235677480697632,1.0000041723251343,0.8774459362030029,0.14177383482456207,,,
7,2,6,2.745852470397949,1.0000052452087402,0.8216631412506104,0.07762207835912704,,,
7,2,7,2.4487619400024414,1.0,0.8444147109985352,0.031581562012434006,,,
7,2,8,1.8775572776794434,1.0000019073486328,0.8972869515419006,0.11626580357551575,,,
7,2,9,1.7536094188690186,1.0000063180923462,0.8628206849098206,0.1284342259168625,,,
7,2,10,3.0931129455566406,1.0000321865081787,0.49526187777519226,0.12990495562553406,,,
7,2,11,3.163407325744629,1.0000003576278687,0.890474259853363,0.11321640759706497,,,
7,3,0,2.945434808731079,1.0,0.9956157803535461,0.0769360363483429,,,
7,3,1,1.8711574077606201,1.0,0.9953526854515076,0.05981346592307091,,,
7,3,2,1.4202709197998047,1.0000003576278687,0.9909006357192993,0.11613675206899643,,,
7,3,3,0.883751392364502,1.0,0.9953362941741943,0.058963846415281296,,,
7,3,4,3.84093976020813,1.0,0.9957821369171143,0.00947156548500061,,,
7,3,5,2.7029972076416016,1.0,0.9963026642799377,0.03730738162994385,,,
7,3,6,1.6998555660247803,1.0000003576278687,0.9897242188453674,0.15712785720825195,,,
7,3,7,1.4256038665771484,1.0000001192092896,0.9936111569404602,0.11186444014310837,,,
7,3,8,1.5400818586349487,1.000000238418579,0.9924015402793884,0.11798609793186188,,,
7,3,9,1.522911548614502,1.0,0.9960398077964783,0.07012764364480972,,,
7,3,10,1.7665899991989136,1.0,0.9955295920372009,0.15865525603294373,,,
7,3,11,1.776340126991272,1.0,0.9954873919487,0.10303512215614319,,,
7,4,0,1.1831153631210327,1.0,0.916297197341919,0.052581787109375,,,
7,4,1,1.5585923194885254,1.0,0.9171481728553772,0.06388682872056961,,,
7,4,2,2.243166446685791,1.0,0.9149063229560852,0.01583057828247547,,,
7,4,3,1.6084742546081543,1.0000001192092896,0.9176285266876221,0.07312680035829544,,,
7,4,4,3.039271831512451,1.0,0.9159950613975525,0.04380162060260773,,,
7,4,5,1.4779655933380127,1.0,0.9159147143363953,0.062009796500205994,,,
7,4,6,2.051877021789551,1.0,0.916638195514679,0.0423867404460907,,,
7,4,7,1.8634343147277832,1.0000004768371582,0.919630229473114,0.47438108921051025,,,
7,4,8,3.7152764797210693,1.0,0.9181115627288818,0.01748088374733925,,,
7,4,9,1.7802420854568481,1.0,0.9160606265068054,0.03666883334517479,,,
7,4,10,3.442654609680176,1.0,0.9160556793212891,0.013659543357789516,,,
7,4,11,0.009834169410169125,1.000032901763916,0.1272197663784027,0.0034952012356370687,,,
7,5,0,2.526778221130371,1.0,0.9983006119728088,0.014076150953769684,,,
7,5,1,0.3398536145687103,1.0,0.9979282021522522,0.0047322893515229225,,,
7,5,2,1.4044153690338135,1.0,0.9983081221580505,0.021524231880903244,,,
7,5,3,2.221590757369995,1.0,0.9967225790023804,0.03541363403201103,,,
7,5,4,1.4454740285873413,1.0,0.9982801675796509,0.04855341091752052,,,
7,5,5,2.1034836769104004,1.0,0.9983436465263367,0.012027901597321033,,,
7,5,6,0.6316679120063782,1.0,0.9980922937393188,0.022407738491892815,,,
7,5,7,0.9174364805221558,1.0,0.9981626272201538,0.03517201542854309,,,
7,5,8,1.1212568283081055,1.0,0.9982525110244751,0.027971506118774414,,,
7,5,9,3.0941648483276367,1.0,0.9985503554344177,0.007301336154341698,,,
7,5,10,3.6911959648132324,1.000000238418579,0.9884031414985657,0.04506742209196091,,,
7,5,11,2.6984660625457764,1.0,0.9984474778175354,0.09483371675014496,,,
7,6,0,1.7321523427963257,1.0,0.997279167175293,0.0345173217356205,,,
7,6,1,0.6811862587928772,1.0,0.9984855055809021,0.01946658082306385,,,
7,6,2,3.5497076511383057,1.0,0.9983495473861694,0.012702858075499535,,,
7,6,3,1.5735944509506226,1.0,0.9988160729408264,0.017050132155418396,,,
7,6,4,3.661789655685425,1.000000238418579,0.9950315952301025,0.02183368429541588,,,
7,6,5,1.7262701988220215,1.0,0.9988983273506165,0.06385299563407898,,,
7,6,6,2.835904598236084,1.0,0.998935878276825,0.06583782285451889,,,
7,6,7,2.185955286026001,1.0,0.9986414313316345,0.045866336673498154,,,
7,6,8,1.1590838432312012,1.0,0.9987220168113708,0.026184534654021263,,,
7,6,9,0.8361037373542786,1.0,0.9984914660453796,0.006588633172214031,,,
7,6,10,3.692357301712036,1.0,0.9983722567558289,0.011335227638483047,,,
7,6,11,1.456791639328003,1.0,0.9986459612846375,0.04315055161714554,,,
7,7,0,1.0650802850723267,1.0,0.9992145895957947,0.026947513222694397,,,
7,7,1,2.887983798980713,1.0,0.9989901185035706,0.013103709556162357,,,
7,7,2,1.019094705581665,1.0,0.9993677139282227,0.004791149403899908,,,
7,7,3,1.438950777053833,1.0,0.9995067119598389,0.043573446571826935,,,
7,7,4,0.924144983291626,1.0,0.9994049072265625,0.016643023118376732,,,
7,7,5,2.4924428462982178,1.0,0.9984591007232666,0.02390202507376671,,,
7,7,6,3.39391827583313,1.0,0.9993295073509216,0.011633086949586868,,,
7,7,7,2.60136079788208,1.0,0.9991298317909241,0.012401547282934189,,,
7,7,8,1.2063134908676147,1.0,0.9993242025375366,0.03497529774904251,,,
7,7,9,1.2667438983917236,1.0,0.9994190335273743,0.028145113959908485,,,
7,7,10,1.110026478767395,1.0,0.9993848204612732,0.005552398506551981,,,
7,7,11,2.5673158168792725,1.0,0.9993932247161865,0.007430526427924633,,,
7,8,0,3.3431200981140137,1.0,0.9986671209335327,0.019763918593525887,,,
7,8,1,1.7143114805221558,1.0,0.9988852143287659,0.010324371978640556,,,
7,8,2,3.956630229949951,1.0,0.994885265827179,0.010298393666744232,,,
7,8,3,1.8737424612045288,1.0,0.9989996552467346,0.0198164451867342,,,
7,8,4,1.090730905532837,1.0,0.9988676309585571,0.04273119196295738,,,
7,8,5,1.8243722915649414,1.0,0.9986667633056641,0.0397757813334465,,,
7,8,6,2.590161085128784,1.0,0.9987636804580688,0.0207990575581789,,,
7,8,7,1.2182952165603638,1.0,0.9985942244529724,0.05664174631237984,,,
7,8,8,2.19150972366333,1.0,0.9985366463661194,0.03371524438261986,,,
7,8,9,2.144500255584717,1.0,0.9990331530570984,0.031000230461359024,,,
7,8,10,2.1938822269439697,1.0,0.999119222164154,0.06499090790748596,,,
7,8,11,1.962689995765686,1.0,0.9987511038780212,0.01950322464108467,,,
7,9,0,2.5066542625427246,1.0,0.9969226717948914,0.043071433901786804,,,
7,9,1,2.145250082015991,1.0,0.9983463883399963,0.012644670903682709,,,
7,9,2,2.437389850616455,1.0,0.9983770251274109,0.01727365143597126,,,
7,9,3,1.5748823881149292,1.0,0.9983237981796265,0.04660063982009888,,,
7,9,4,1.8513987064361572,1.0,0.9987425208091736,0.012189674191176891,,,
7,9,5,2.1132938861846924,1.0,0.9988207221031189,0.03065788932144642,,,
7,9,6,1.6894174814224243,1.0,0.9987678527832031,0.005718248896300793,,,
7,9,7,1.698825478553772,1.0,0.9987193942070007,0.018626360222697258,,,
7,9,8,2.565164089202881,1.0000001192092896,0.9954898357391357,0.010954145342111588,,,
7,9,9,1.6275893449783325,1.0,0.998781144618988,0.007164024747908115,,,
7,9,10,1.0071722269058228,1.0,0.9986287951469421,0.03538493067026138,,,
7,9,11,2.8657584190368652,1.0,0.9959161877632141,0.005632055923342705,,,
7,10,0,2.574396848678589,1.0,0.9973387122154236,0.014622996561229229,,,
7,10,1,2.0350515842437744,1.0,0.9978018403053284,0.01059818733483553,,,
7,10,2,2.3808727264404297,1.0,0.9971596002578735,0.009725322015583515,,,
7,10,3,3.037302017211914,1.0,0.9949489831924438,0.01184876449406147,,,
7,10,4,3.0578393936157227,1.0,0.9971563220024109,0.021671520546078682,,,
7,10,5,0.9601553082466125,1.0,0.998085618019104,0.027003243565559387,,,
7,10,6,2.1322665214538574,1.0,0.9980020523071289,0.010893860831856728,,,
7,10,7,2.7060937881469727,1.0,0.9983945488929749,0.029637329280376434,,,
7,10,8,2.606893301010132,1.0,0.9981025457382202,0.012219545431435108,,,
7,10,9,1.3157857656478882,1.0,0.9982109665870667,0.0634797140955925,,,
7,10,10,2.1402294635772705,1.0,0.9980917572975159,0.009638366289436817,,,
7,10,11,2.1684436798095703,1.0,0.998237669467926,0.03888965770602226,,,
7,11,0,4.688778400421143,1.0000005960464478,0.9104778170585632,0.025558974593877792,,,
7,11,1,2.6069231033325195,1.0,0.9109583497047424,0.015594971366226673,,,
7,11,2,2.6294796466827393,1.0,0.9103119373321533,0.007968069985508919,,,
7,11,3,2.091456651687622,1.0,0.9107004404067993,0.028071589767932892,,,
7,11,4,3.909120559692383,1.0000001192092896,0.9140703082084656,0.014887356199324131,,,
7,11,5,2.2937750816345215,1.0,0.9095939993858337,0.010628145188093185,,,
7,11,6,2.1935861110687256,1.0,0.9098565578460693,0.006528933998197317,,,
7,11,7,2.442302942276001,1.0,0.910830557346344,0.016175393015146255,,,
7,11,8,3.8602559566497803,1.0000255107879639,0.08138114959001541,0.10105284303426743,,,
7,11,9,2.1526942253112793,1.0,0.9098947644233704,0.007477627135813236,,,
7,11,10,2.61565899848938,1.0,0.9131022095680237,0.04486493021249771,,,
7,11,11,2.624835968017578,1.0,0.912982165813446,0.03983292728662491,,,
8,0,0,4.467877388000488,1.0000191926956177,0.8160074353218079,0.019896093755960464,,,
8,0,1,0.42037856578826904,1.00003182888031,0.8210992217063904,0.8720723986625671,,,
8,0,2,4.6850056648254395,1.0000145435333252,0.8072382211685181,0.03794936090707779,,,
8,0,3,0.43085530400276184,1.000031590461731,0.8050315976142883,0.8376173973083496,,,
8,0,4,1.1472558975219727,1.0000295639038086,0.7991172671318054,0.5952651500701904,,,
8,0,5,1.3127069473266602,1.0000258684158325,0.7850708365440369,0.6789942979812622,,,
8,0,6,4.37397575378418,1.0000224113464355,0.7568399906158447,0.03035377338528633,,,
8,0,7,1.853603720664978,1.0000286102294922,0.7595425248146057,0.1592974215745926,,,
8,0,8,4.255509376525879,1.0000256299972534,0.8162654638290405,0.06146010011434555,,,
8,0,9,4.662532806396484,1.0000190734863281,0.8576095700263977,0.020692305639386177,,,
8,0,10,4.259769916534424,1.0000271797180176,0.88727205991745,0.15674346685409546,,,
8,0,11,5.467591762542725,1.0000159740447998,0.7334691882133484,0.0073958514258265495,,,
8,1,0,2.3688695430755615,1.0000288486480713,0.7087644338607788,0.1024937853217125,,,
8,1,1,2.74222993850708,1.0000232458114624,0.7088472843170166,0.09538961201906204,,,
8,1,2,4.765781879425049,1.000016450881958,0.695923388004303,0.025480303913354874,,,
8,1,3,4.328597068786621,1.0000014305114746,0.6972520351409912,0.03505442664027214,,,
8,1,4,3.7552175521850586,1.0000115633010864,0.8208125829696655,0.06900890171527863,,,
8,1,5,4.615052700042725,1.0000123977661133,0.8384933471679688,0.07921092957258224,,,
8,1,6,4.483215808868408,1.0000094175338745,0.8173503279685974,0.037731919437646866,,,
8,1,7,4.947432518005371,1.000012755393982,0.8340193033218384,0.01781497150659561,,,
8,1,8,5.3649444580078125,1.0000048875808716,0.8062310814857483,0.00945536233484745,,,
8,1,9,5.451324939727783,1.0000078678131104,0.7822624444961548,0.006925247143954039,,,
8,1,10,4.478983402252197,1.0000146627426147,0.6153236031532288,0.04012918472290039,,,
8,1,11,1.734532356262207,1.0000288486480713,0.7708484530448914,0.6723247766494751,,,
8,2,0,2.5560855865478516,1.0000009536743164,0.8888893127441406,0.09794019907712936,,,
8,2,1,4.751148700714111,1.0000008344650269,0.8780671954154968,0.011247845366597176,,,
8,2,2,1.0979245901107788,1.000003695487976,0.8939618468284607,0.12513209879398346,,,
8,2,3,1.9069339036941528,1.0000051259994507,0.8565961718559265,0.13755068182945251,,,
8,2,4,1.7359297275543213,1.0000001192092896,0.8705412149429321,0.0874067172408104,,,
8,2,5,1.8453612327575684,1.0000044107437134,0.8766675591468811,0.13880139589309692,,,
8,2,6,2.768101930618286,1.000004529953003,0.8272588849067688,0.0787292942404747,,,
8,2,7,2.5641109943389893,1.0,0.8457900881767273,0.03229663521051407,,,
8,2,8,1.8932558298110962,1.0000017881393433,0.8975935578346252,0.11338508129119873,,,
8,2,9,1.7425445318222046,1.0000044107437134,0.8586278557777405,0.12679962813854218,,,
8,2,10,3.1119544506073,1.000030517578125,0.48563194274902344,0.12765567004680634,,,
8,2,11,3.1325109004974365,1.0000003576278687,0.8881763219833374,0.10930885374546051,,,
8,3,0,2.8382785320281982,1.0,0.9950740933418274,0.07258542627096176,,,
8,3,1,1.8754513263702393,1.0000001192092896,0.9947507977485657,0.06429918855428696,,,
8,3,2,1.4160231351852417,1.0000003576278687,0.988969087600708,0.11945933848619461,,,
8,3,3,0.8956491947174072,1.0,0.9949159026145935,0.05935760214924812,,,
8,3,4,3.6219677925109863,1.0,0.9953346252441406,0.008686007931828499,,,
8,3,5,2.675252914428711,1.0,0.995972216129303,0.03698476776480675,,,
8,3,6,1.6928123235702515,1.0000003576278687,0.9893703460693359,0.15881115198135376,,,
8,3,7,1.4202957153320312,1.0000001192092896,0.9927343726158142,0.11087559163570404,,,
8,3,8,1.5298405885696411,1.000000238418579,0.9921121001243591,0.11899866163730621,,,
8,3,9,1.5656405687332153,1.0,0.9957353472709656,0.07426796108484268,,,
8,3,10,1.7777539491653442,1.0,0.9951852560043335,0.15771545469760895,,,
8,3,11,1.7648357152938843,1.000000238418579,0.9947612285614014,0.10203906148672104,,,
8,4,0,1.1932286024093628,1.0000001192092896,0.9159670472145081,0.05619151517748833,,,
8,4,1,1.5573852062225342,1.0,0.9171332716941833,0.06495065987110138,,,
8,4,2,2.1270463466644287,1.0,0.9143531918525696,0.015202869661152363,,,
8,4,3,1.5737711191177368,1.0000001192092896,0.9172149896621704,0.07184681296348572,,,
8,4,4,3.0415375232696533,1.0,0.9160282015800476,0.040625035762786865,,,
8,4,5,1.4840419292449951,1.0,0.9158449769020081,0.06938429176807404,,,
8,4,6,2.024935245513916,1.0,0.9164037108421326,0.041741643100976944,,,
8,4,7,1.8493292331695557,1.0000005960464478,0.9184091687202454,0.48391008377075195,,,
8,4,8,3.648313045501709,1.0,0.9180229306221008,0.016465794295072556,,,
8,4,9,1.805910587310791,1.0,0.9163910150527954,0.03817072510719299,,,
8,4,10,3.288846731185913,1.0,0.9157227873802185,0.013266442343592644,,,
8,4,11,0.010055049322545528,1.0000301599502563,0.13417811691761017,0.0042429701425135136,,,
8,5,0,2.290982961654663,1.0,0.9980789422988892,0.013234402053058147,,,
8,5,1,0.25528019666671753,1.0,0.9975641369819641,0.004350069910287857,,,
8,5,2,1.3987452983856201,1.0,0.9979931116104126,0.02143356204032898,,,
8,5,3,2.2327990531921387,1.0,0.9958294034004211,0.035770297050476074,,,
8,5,4,1.5060839653015137,1.0,0.9978700876235962,0.054421521723270416,,,
8,5,5,1.9998329877853394,1.0,0.998073935508728,0.01217768993228674,,,
8,5,6,0.6477941274642944,1.0,0.9977878332138062,0.024009471759200096,,,
8,5,7,0.9963886737823486,1.0,0.9978829026222229,0.04039537534117699,,,
8,5,8,1.1023107767105103,1.0,0.9979549050331116,0.02776358649134636,,,
8,5,9,2.9258999824523926,1.0,0.9982829689979553,0.006689898669719696,,,
8,5,10,3.6415839195251465,1.000000238418579,0.9863092303276062,0.04410284757614136,,,
8,5,11,2.6122329235076904,1.0,0.9981483817100525,0.10177534073591232,,,
8,6,0,1.7624485492706299,1.0,0.9967530965805054,0.03550989553332329,,,
8,6,1,0.7044128775596619,1.0,0.9986040592193604,0.020589904859662056,,,
8,6,2,3.405982255935669,1.0,0.9984464645385742,0.013269546441733837,,,
8,6,3,1.508304476737976,1.0,0.9988991022109985,0.016503291204571724,,,
8,6,4,3.4485368728637695,1.0,0.996527910232544,0.02352151833474636,,,
8,6,5,1.6767029762268066,1.0,0.9989742040634155,0.062168415635824203,,,
8,6,6,2.6711957454681396,1.0,0.9990035891532898,0.06601224094629288,,,
8,6,7,2.170809745788574,1.0,0.998614490032196,0.04793683812022209,,,
8,6,8,1.1790763139724731,1.0,0.9988493323326111,0.02723902277648449,,,
8,6,9,0.6533405184745789,1.0,0.9985162615776062,0.00494023272767663,,,
8,6,10,3.455134868621826,1.0,0.998701810836792,0.010911147110164165,,,
8,6,11,1.5194013118743896,1.0,0.9986636638641357,0.04795476049184799,,,
8,7,0,1.0686140060424805,1.0,0.9992018342018127,0.02819032408297062,,,
8,7,1,2.5817079544067383,1.0,0.9993467926979065,0.015491444617509842,,,
8,7,2,0.6157078146934509,1.0,0.9993795156478882,0.003544897772371769,,,
8,7,3,1.5071907043457031,1.0,0.9995974898338318,0.045740656554698944,,,
8,7,4,0.970495879650116,1.0,0.9995070099830627,0.01551995798945427,,,
8,7,5,2.5572123527526855,1.0,0.9985841512680054,0.025879474356770515,,,
8,7,6,3.0531671047210693,1.0,0.9994817972183228,0.010858530178666115,,,
8,7,7,2.2841711044311523,1.0,0.99944669008255,0.013369103893637657,,,
8,7,8,1.2453570365905762,1.0,0.999310314655304,0.03662296012043953,,,
8,7,9,1.3816988468170166,1.0,0.9995071291923523,0.02860831469297409,,,
8,7,10,0.7384304404258728,1.0,0.9994041919708252,0.004692670423537493,,,
8,7,11,2.444990873336792,1.0,0.9994157552719116,0.007470014505088329,,,
8,8,0,3.242356538772583,1.0,0.998364269733429,0.021901587024331093,,,
8,8,1,1.222793459892273,1.0,0.9983177781105042,0.009365318343043327,,,
8,8,2,4.129715442657471,1.0000001192092896,0.9907859563827515,0.011930214241147041,,,
8,8,3,1.8159072399139404,1.0,0.9985396862030029,0.01935846358537674,,,
8,8,4,1.1292306184768677,1.0,0.9984479546546936,0.04468732327222824,,,
8,8,5,1.8433059453964233,1.0,0.9981376528739929,0.03790897876024246,,,
8,8,6,2.2842350006103516,1.0,0.998509407043457,0.019775621592998505,,,
8,8,7,1.2206028699874878,1.0,0.9978941082954407,0.054880160838365555,,,
8,8,8,2.2296230792999268,1.0,0.9979183077812195,0.03247954323887825,,,
8,8,9,2.008327007293701,1.0,0.9985723495483398,0.02870965003967285,,,
8,8,10,2.1004691123962402,1.0,0.9986934065818787,0.06163134425878525,,,
8,8,11,1.6939983367919922,1.0,0.9984506368637085,0.017816130071878433,,,
8,9,0,2.2442121505737305,1.0,0.9976348876953125,0.039620134979486465,,,
8,9,1,2.0135538578033447,1.0,0.9988643527030945,0.010188749991357327,,,
8,9,2,2.5114173889160156,1.0,0.9983405470848083,0.020366450771689415,,,
8,9,3,1.6524611711502075,1.0,0.9982914328575134,0.04801684990525246,,,
8,9,4,1.8351542949676514,1.0,0.9989539980888367,0.014101138338446617,,,
8,9,5,2.1596364974975586,1.0,0.9991375207901001,0.029674267396330833,,,
8,9,6,1.453595757484436,1.0,0.9990513324737549,0.005776405334472656,,,
8,9,7,1.8518985509872437,1.0,0.9990041851997375,0.020359648391604424,,,
8,9,8,2.0582497119903564,1.0,0.9987945556640625,0.009623938240110874,,,
8,9,9,1.195184350013733,1.0,0.9989995360374451,0.0054509262554347515,,,
8,9,10,1.1390151977539062,1.0,0.9989198446273804,0.038875628262758255,,,
8,9,11,2.7134010791778564,1.0,0.9963366985321045,0.005434579215943813,,,
8,10,0,2.4172093868255615,1.0,0.9967067837715149,0.014365319162607193,,,
8,10,1,1.670458436012268,1.0,0.998085618019104,0.009339985437691212,,,
8,10,2,2.1303160190582275,1.0,0.995730459690094,0.007765392307192087,,,
8,10,3,2.772799253463745,1.0000001192092896,0.9932606220245361,0.01051895972341299,,,
8,10,4,3.0485880374908447,1.0,0.9971349835395813,0.019946984946727753,,,
8,10,5,1.0241390466690063,1.0,0.9979520440101624,0.027430139482021332,,,
8,10,6,1.6040070056915283,1.0,0.997995913028717,0.008057291619479656,,,
8,10,7,2.5083062648773193,1.0,0.9982686638832092,0.03031260520219803,,,
8,10,8,2.2471868991851807,1.0,0.9980916380882263,0.01014949381351471,,,
8,10,9,1.406082272529602,1.0,0.9979725480079651,0.06740642338991165,,,
8,10,10,1.6608296632766724,1.0,0.9982275366783142,0.008426421321928501,,,
8,10,11,2.0202524662017822,1.0,0.9979480504989624,0.041489649564027786,,,
8,11,0,4.625936985015869,1.0000007152557373,0.9052377939224243,0.02471436932682991,,,
8,11,1,2.774968385696411,1.0,0.9105880260467529,0.01761901006102562,,,
8,11,2,2.234863519668579,1.0000001192092896,0.9076467156410217,0.008554616943001747,,,
8,11,3,2.1044859886169434,1.0,0.9101213812828064,0.027943797409534454,,,
8,11,4,3.6704113483428955,1.0000001192092896,0.9132108092308044,0.016030093654990196,,,
8,11,5,2.0900909900665283,1.0,0.909320592880249,0.011076790280640125,,,
8,11,6,1.7819055318832397,1.0,0.9085349440574646,0.006424708291888237,,,
8,11,7,2.39721941947937,1.0,0.9101346731185913,0.018812987953424454,,,
8,11,8,3.8045265674591064,1.0000228881835938,0.08428657054901123,0.09059221297502518,,,
8,11,9,1.679667353630066,1.0,0.9083964824676514,0.006458016578108072,,,
8,11,10,2.5415425300598145,1.0,0.9124664664268494,0.0471106581389904,,,
8,11,11,2.681293487548828,1.0,0.9127197265625,0.041375674307346344,,,
9,0,0,4.498408317565918,1.0000194311141968,0.8235693573951721,0.019502153620123863,,,
9,0,1,0.40217360854148865,1.0000336170196533,0.8191726803779602,0.8779429793357849,,,
9,0,2,4.702508449554443,1.0000154972076416,0.809514045715332,0.0355452261865139,,,
9,0,3,0.39450955390930176,1.00003182888031,0.801723062992096,0.8422310948371887,,,
9,0,4,1.1062647104263306,1.0000295639038086,0.7976157665252686,0.6044875383377075,,,
9,0,5,1.23395574092865,1.0000286102294922,0.7915703058242798,0.684519350528717,,,
9,0,6,4.394885540008545,1.0000227689743042,0.760144829750061,0.03009985014796257,,,
9,0,7,1.8369972705841064,1.0000290870666504,0.7585424184799194,0.1532997339963913,,,
9,0,8,4.28955078125,1.0000256299972534,0.8276660442352295,0.05984337255358696,,,
9,0,9,4.674680233001709,1.0000191926956177,0.857508659362793,0.019464712589979172,,,
9,0,10,4.259916305541992,1.0000261068344116,0.8863656520843506,0.16360796988010406,,,
9,0,11,5.495771408081055,1.0000152587890625,0.7336323261260986,0.007136845495551825,,,
9,1,0,2.316465377807617,1.000029444694519,0.7125934958457947,0.09912366420030594,,,
9,1,1,2.7121505737304688,1.000023365020752,0.6938892006874084,0.09355819970369339,,,
9,1,2,4.772975444793701,1.000015139579773,0.7073453664779663,0.025207340717315674,,,
9,1,3,4.350114345550537,1.0000015497207642,0.7019071578979492,0.03520675376057625,,,
9,1,4,3.7497429847717285,1.0000123977661133,0.8233692646026611,0.06951552629470825,,,
9,1,5,4.602416038513184,1.0000115633010864,0.8376548290252686,0.0826084241271019,,,
9,1,6,4.401038646697998,1.0000113248825073,0.8206117749214172,0.04034240543842316,,,
9,1,7,4.957756519317627,1.000015139579773,0.8390684723854065,0.017509039491415024,,,
9,1,8,5.384024143218994,1.0000056028366089,0.8070192933082581,0.009345179423689842,,,
9,1,9,5.482481479644775,1.0000070333480835,0.7841868996620178,0.0064597949385643005,,,
9,1,10,4.494234561920166,1.0000145435333252,0.62008136510849,0.04019724950194359,,,
9,1,11,1.6484434604644775,1.0000299215316772,0.7746463418006897,0.6939830183982849,,,
9,2,0,2.5172600746154785,1.0000008344650269,0.8881833553314209,0.09925512969493866,,,
9,2,1,4.863740921020508,1.000001072883606,0.8790882229804993,0.011730763129889965,,,
9,2,2,1.0627059936523438,1.0000035762786865,0.8946561217308044,0.1213499903678894,,,
9,2,3,1.9255365133285522,1.0000051259994507,0.8714345693588257,0.1351328343153,,,
9,2,4,1.659423828125,1.0000001192092896,0.8700289130210876,0.08189737796783447,,,
9,2,5,1.804658055305481,1.0000044107437134,0.8801877498626709,0.1379377841949463,,,
9,2,6,2.710583209991455,1.000005841255188,0.8138539791107178,0.07792676240205765,,,
9,2,7,2.5229432582855225,1.0,0.8448753356933594,0.03184526041150093,,,
9,2,8,1.8511124849319458,1.0000019073486328,0.8993211388587952,0.11691760271787643,,,
9,2,9,1.756876826286316,1.000004768371582,0.8648216128349304,0.12612618505954742,,,
9,2,10,3.094550848007202,1.000030755996704,0.48387864232063293,0.12988129258155823,,,
9,2,11,3.139382839202881,1.0000003576278687,0.8888064026832581,0.11156341433525085,,,
9,3,0,2.8262062072753906,1.0,0.9950758218765259,0.07115163654088974,,,
9,3,1,1.8754262924194336,1.0000001192092896,0.9948788285255432,0.06006787717342377,,,
9,3,2,1.414171576499939,1.0000003576278687,0.9909002184867859,0.12103251367807388,,,
9,3,3,0.8771409392356873,1.0,0.9948530793190002,0.06081445887684822,,,
9,3,4,3.6981701850891113,1.0,0.9953687191009521,0.007841231301426888,,,
9,3,5,2.692064046859741,1.0,0.9960227608680725,0.03891769051551819,,,
9,3,6,1.6685776710510254,1.0000004768371582,0.9880123734474182,0.1534208059310913,,,
9,3,7,1.4124325513839722,1.0000003576278687,0.9934288263320923,0.11561664193868637,,,
9,3,8,1.5025326013565063,1.0000003576278687,0.990987241268158,0.11800866574048996,,,
9,3,9,1.4992375373840332,1.0,0.9956312775611877,0.07468151301145554,,,
9,3,10,1.754288673400879,1.0,0.9951250553131104,0.16111086308956146,,,
9,3,11,1.7682865858078003,1.0,0.9947515726089478,0.09724568575620651,,,
9,4,0,1.1431809663772583,1.0,0.9166197180747986,0.05991624668240547,,,
9,4,1,1.5198030471801758,1.0,0.9172312021255493,0.06379659473896027,,,
9,4,2,2.2073471546173096,1.0,0.9149203896522522,0.01627528667449951,,,
9,4,3,1.521067500114441,1.0,0.9172025918960571,0.0714322179555893,,,
9,4,4,2.8666720390319824,1.0,0.9156839847564697,0.043102819472551346,,,
9,4,5,1.4388030767440796,1.0,0.915764570236206,0.06433328241109848,,,
9,4,6,1.9868481159210205,1.0,0.916466474533081,0.03885431960225105,,,
9,4,7,1.826143741607666,1.0000005960464478,0.9187044501304626,0.48055073618888855,,,
9,4,8,3.6186211109161377,1.0,0.9180123805999756,0.016126470640301704,,,
9,4,9,1.7268091440200806,1.0,0.9162158966064453,0.03737586364150047,,,
9,4,10,3.227159023284912,1.0,0.9156291484832764,0.012693379074335098,,,
9,4,11,0.010825972072780132,1.000031590461731,0.12890468537807465,0.0032630516216158867,,,
9,5,0,2.362610340118408,1.0,0.9981622099876404,0.013980104587972164,,,
9,5,1,0.3133510947227478,1.0,0.997788667678833,0.004780464340001345,,,
9,5,2,1.3134931325912476,1.0,0.9981380105018616,0.021955860778689384,,,
9,5,3,2.201505184173584,1.0000001192092896,0.9962913990020752,0.034615110605955124,,,
9,5,4,1.4331034421920776,1.0,0.9980517029762268,0.053435418754816055,,,
9,5,5,1.9589825868606567,1.0,0.9982019066810608,0.012065290473401546,,,
9,5,6,0.624514102935791,1.0,0.9979603290557861,0.023772962391376495,,,
9,5,7,0.8923293352127075,1.0,0.998034656047821,0.04254307597875595,,,
9,5,8,1.1244739294052124,1.0,0.9981237053871155,0.03058585710823536,,,
9,5,9,2.9276888370513916,1.0,0.9983733892440796,0.006868855562061071,,,
9,5,10,3.5291762351989746,1.0000003576278687,0.9868555665016174,0.05155531316995621,,,
9,5,11,2.54522967338562,1.0,0.9982907772064209,0.09437478333711624,,,
9,6,0,1.7030267715454102,1.0,0.9973961114883423,0.03789149224758148,,,
9,6,1,0.5884981751441956,1.0,0.998282790184021,0.017943385988473892,,,
9,6,2,3.538679361343384,1.0,0.9982667565345764,0.012718049809336662,,,
9,6,3,1.5590405464172363,1.0,0.9986898899078369,0.017841631546616554,,,
9,6,4,3.6658196449279785,1.0000001192092896,0.9935892224311829,0.024304285645484924,,,
9,6,5,1.7095874547958374,1.0,0.9987697601318359,0.064317986369133,,,
9,6,6,2.683420419692993,1.0,0.9988008737564087,0.06408950686454773,,,
9,6,7,2.161378860473633,1.0,0.9985897541046143,0.04591552913188934,,,
9,6,8,1.155090570449829,1.0,0.9985984563827515,0.027367791160941124,,,
9,6,9,0.7110942602157593,1.0,0.9982877373695374,0.004693129099905491,,,
9,6,10,3.624286651611328,1.0,0.9981427788734436,0.011043033562600613,,,
9,6,11,1.424194574356079,1.0,0.9984753131866455,0.048616938292980194,,,
9,7,0,1.0052753686904907,1.0,0.9992428421974182,0.026631902903318405,,,
9,7,1,2.72517991065979,1.0,0.9989356994628906,0.01674184575676918,,,
9,7,2,0.7971951961517334,1.0,0.9993818402290344,0.0039401911199092865,,,
9,7,3,1.4741202592849731,1.0,0.9995538592338562,0.0464099682867527,,,
9,7,4,0.8878154158592224,1.0,0.999459445476532,0.015474833548069,,,
9,7,5,2.4431164264678955,1.0,0.9988842606544495,0.02626500278711319,,,
9,7,6,3.2916626930236816,1.0,0.9992748498916626,0.011177243664860725,,,
9,7,7,2.3895163536071777,1.0,0.9993228316307068,0.012698551639914513,,,
9,7,8,1.1720176935195923,1.0,0.9993762969970703,0.037788841873407364,,,
9,7,9,1.3359525203704834,1.0,0.9994544982910156,0.03016027621924877,,,
9,7,10,0.8362548351287842,1.0,0.9993662238121033,0.004686752799898386,,,
9,7,11,2.5375940799713135,1.0,0.9994024038314819,0.006926529575139284,,,
9,8,0,3.302612066268921,1.0,0.9986574649810791,0.02092631161212921,,,
9,8,1,1.352794885635376,1.0,0.9986804723739624,0.009306173771619797,,,
9,8,2,4.0034098625183105,1.0000001192092896,0.9934993982315063,0.010576711967587471,,,
9,8,3,1.8272984027862549,1.0,0.9988830089569092,0.01898009702563286,,,
9,8,4,1.0327666997909546,1.0,0.998746931552887,0.047790635377168655,,,
9,8,5,1.8092073202133179,1.0,0.9983199834823608,0.039115529507398605,,,
9,8,6,2.3595361709594727,1.0,0.9988178610801697,0.01839814893901348,,,
9,8,7,1.102454662322998,1.0,0.9984455704689026,0.05806020647287369,,,
9,8,8,2.230463981628418,1.0,0.9986497759819031,0.03232955560088158,,,
9,8,9,2.102931022644043,1.0,0.9989203810691833,0.029588421806693077,,,
9,8,10,2.108602285385132,1.0,0.9990054965019226,0.06124266982078552,,,
9,8,11,1.8930354118347168,1.0,0.9987850189208984,0.01923050917685032,,,
9,9,0,2.2626583576202393,1.0,0.997931718826294,0.043929461389780045,,,
9,9,1,1.9601969718933105,1.0,0.9986369609832764,0.010742506012320518,,,
9,9,2,2.414780855178833,1.0,0.9981169104576111,0.019968045875430107,,,
9,9,3,1.5868616104125977,1.0,0.9982700943946838,0.047414910048246384,,,
9,9,4,1.6866012811660767,1.0,0.9987807869911194,0.01313905231654644,,,
9,9,5,2.0444178581237793,1.0,0.9989044666290283,0.03326698765158653,,,
9,9,6,1.4797621965408325,1.0,0.9987958669662476,0.005435286555439234,,,
9,9,7,1.81666898727417,1.0,0.9987999200820923,0.020816121250391006,,,
9,9,8,2.2385032176971436,1.0,0.9984702467918396,0.009872060269117355,,,
9,9,9,1.2896977663040161,1.0,0.9987736344337463,0.005657392553985119,,,
9,9,10,1.0094133615493774,1.0,0.9987215399742126,0.040046896785497665,,,
9,9,11,2.906687021255493,1.0,0.9933291077613831,0.005030805245041847,,,
9,10,0,2.476654052734375,1.0000001192092896,0.9961767196655273,0.013332648202776909,,,
9,10,1,1.8606194257736206,1.0,0.9976091980934143,0.009322870522737503,,,
9,10,2,2.27518892288208,1.0,0.9949310421943665,0.007918278686702251,,,
9,10,3,2.9381494522094727,1.000000238418579,0.9905906915664673,0.011505772359669209,,,
9,10,4,3.0970540046691895,1.0000001192092896,0.9966194033622742,0.020974310114979744,,,
9,10,5,1.0005900859832764,1.0,0.9974269270896912,0.02789103426039219,,,
9,10,6,1.9402143955230713,1.0,0.9970337152481079,0.01029441598802805,,,
9,10,7,2.4728829860687256,1.0,0.9978918433189392,0.025315186008810997,,,
9,10,8,2.4860894680023193,1.0,0.9975895285606384,0.010866646654903889,,,
9,10,9,1.4026676416397095,1.0,0.9975374341011047,0.06964831799268723,,,
9,10,10,1.8196343183517456,1.0,0.9977180361747742,0.007408382371068001,,,
9,10,11,2.158052444458008,1.0,0.9976449608802795,0.04692525789141655,,,
9,11,0,4.644678592681885,1.0000005960464478,0.9064237475395203,0.02485688589513302,,,
9,11,1,2.5830647945404053,1.0,0.9104406237602234,0.014383322559297085,,,
9,11,2,2.27998423576355,1.0000001192092896,0.9046618938446045,0.006759918760508299,,,
9,11,3,2.3485124111175537,1.0,0.9108780026435852,0.03211790323257446,,,
9,11,4,3.7902467250823975,1.0000001192092896,0.9131933450698853,0.015576825477182865,,,
9,11,5,2.1645045280456543,1.0,0.9094942212104797,0.010395778343081474,,,
9,11,6,1.9501667022705078,1.0,0.9089982509613037,0.006262139417231083,,,
9,11,7,2.2889633178710938,1.0,0.9097937941551208,0.015802692621946335,,,
9,11,8,3.8865931034088135,1.0000237226486206,0.08261562138795853,0.09442520141601562,,,
9,11,9,1.9661245346069336,1.0,0.9090068340301514,0.006865405477583408,,,
9,11,10,2.3039181232452393,1.0,0.911175012588501,0.042238328605890274,,,
9,11,11,2.638075590133667,1.0,0.9123516082763672,0.04122070595622063,,,
10,0,0,4.2965521812438965,1.0000137090682983,0.7849134206771851,0.02153274603188038,,,
10,0,1,0.49287283420562744,1.0000256299972534,0.7896010875701904,0.8356509804725647,,,
10,0,2,4.51110315322876,1.0000094175338745,0.776538610458374,0.04020462930202484,,,
10,0,3,0.43543487787246704,1.0000249147415161,0.7732447981834412,0.8241325616836548,,,
10,0,4,1.18992018699646,1.0000234842300415,0.771807074546814,0.5707715749740601,,,
10,0,5,1.3432048559188843,1.0000208616256714,0.760179877281189,0.6312882304191589,,,
10,0,6,4.173895359039307,1.0000176429748535,0.730842649936676,0.03308132663369179,,,
10,0,7,1.8891903162002563,1.0000228881835938,0.7456651329994202,0.16191749274730682,,,
10,0,8,4.14774751663208,1.0000203847885132,0.8051456809043884,0.06405885517597198,,,
10,0,9,4.55763578414917,1.0000133514404297,0.8349077105522156,0.023002419620752335,,,
10,0,10,4.137134075164795,1.0000207424163818,0.8724989295005798,0.15853507816791534,,,
10,0,11,5.123420715332031,1.0000126361846924,0.7321994304656982,0.00960579514503479,,,
10,1,0,2.3401882648468018,1.0000221729278564,0.7105070352554321,0.10299479216337204,,,
10,1,1,2.714914083480835,1.0000183582305908,0.7099314332008362,0.10001694411039352,,,
10,1,2,4.547018051147461,1.0000146627426147,0.611868143081665,0.03201747313141823,,,
10,1,3,4.006875038146973,1.0000005960464478,0.6792197823524475,0.04008281230926514,,,
10,1,4,3.7157223224639893,1.0000067949295044,0.8040609359741211,0.07052763551473618,,,
10,1,5,4.314850330352783,1.000010371208191,0.8235523104667664,0.09057064354419708,,,
10,1,6,4.215102672576904,1.0000067949295044,0.8010246753692627,0.036605823785066605,,,
10,1,7,4.719972133636475,1.0000098943710327,0.8145385980606079,0.020103316754102707,,,
10,1,8,5.062936305999756,1.0000035762786865,0.7965991497039795,0.011778853833675385,,,
10,1,9,5.066354751586914,1.0000040531158447,0.7664727568626404,0.008736985735595226,,,
10,1,10,4.333401679992676,1.0000104904174805,0.5664989948272705,0.04113210365176201,,,
10,1,11,1.7785089015960693,1.000022292137146,0.7502326965332031,0.6357437968254089,,,
10,2,0,2.4567089080810547,1.0000014305114746,0.8763050436973572,0.10262717306613922,,,
10,2,1,4.275394439697266,1.0000008344650269,0.8543092608451843,0.013794612139463425,,,
10,2,2,1.0939472913742065,1.0000077486038208,0.8586663603782654,0.1236192062497139,,,
10,2,3,1.9141982793807983,1.0000057220458984,0.8425412774085999,0.13248838484287262,,,
10,2,4,1.640533447265625,1.000000238418579,0.8565452694892883,0.08282840251922607,,,
10,2,5,1.7978287935256958,1.0000042915344238,0.8628503680229187,0.14045760035514832,,,
10,2,6,2.772381544113159,1.0000044107437134,0.8074710369110107,0.08223110437393188,,,
10,2,7,2.9442567825317383,1.0,0.8344020843505859,0.03611708804965019,,,
10,2,8,1.874708652496338,1.0000026226043701,0.8887867331504822,0.11324024200439453,,,
10,2,9,1.754516363143921,1.0000054836273193,0.8454442620277405,0.127827987074852,,,
10,2,10,3.095231294631958,1.0000243186950684,0.5285463929176331,0.1278204321861267,,,
10,2,11,2.8477983474731445,1.000000238418579,0.8613287210464478,0.10723652690649033,,,
10,3,0,2.6217284202575684,1.0,0.9913278222084045,0.08997023850679398,,,
10,3,1,1.9097621440887451,1.0000001192092896,0.9912233352661133,0.06931520998477936,,,
10,3,2,1.4175543785095215,1.0000005960464478,0.9799014925956726,0.11771829426288605,,,
10,3,3,0.9705716967582703,1.0,0.9910369515419006,0.06474672257900238,,,
10,3,4,3.5403900146484375,1.0,0.9917492270469666,0.012014470994472504,,,
10,3,5,2.7434113025665283,1.0,0.9929358959197998,0.037972502410411835,,,
10,3,6,1.7127925157546997,1.0000005960464478,0.9813522100448608,0.16662617027759552,,,
10,3,7,1.43372642993927,1.0000003576278687,0.9855862259864807,0.12165046483278275,,,
10,3,8,1.5321152210235596,1.0000003576278687,0.9848108887672424,0.12841448187828064,,,
10,3,9,1.5669556856155396,1.0,0.9921077489852905,0.07761925458908081,,,
10,3,10,1.7843191623687744,1.0,0.9913564920425415,0.16285014152526855,,,
10,3,11,1.7681083679199219,1.0000001192092896,0.9915519952774048,0.10491695255041122,,,
10,4,0,1.2437329292297363,1.0,0.9168592691421509,0.06392210721969604,,,
10,4,1,1.5599561929702759,1.0000001192092896,0.9186017513275146,0.06680676341056824,,,
10,4,2,2.1972649097442627,1.0,0.9151651263237,0.017412299290299416,,,
10,4,3,1.5989676713943481,1.0,0.9181641936302185,0.07872293144464493,,,
10,4,4,2.932861566543579,1.0,0.9169934988021851,0.04303007945418358,,,
10,4,5,1.4622528553009033,1.0,0.9165981411933899,0.06703568994998932,,,
10,4,6,2.071549892425537,1.0,0.9181108474731445,0.04869823157787323,,,
10,4,7,1.7986980676651,1.0000004768371582,0.9185823202133179,0.487898588180542,,,
10,4,8,3.4786505699157715,1.0,0.9192176461219788,0.019413670524954796,,,
10,4,9,1.8287287950515747,1.0,0.9172937870025635,0.03769844397902489,,,
10,4,10,3.035346508026123,1.0,0.9162444472312927,0.014088244177401066,,,
10,4,11,0.01209485437721014,1.0000234842300415,0.15949048101902008,0.005138412583619356,,,
10,5,0,1.9261314868927002,1.0,0.9969207644462585,0.015304015018045902,,,
10,5,1,0.24219603836536407,1.0,0.9962984323501587,0.005471930839121342,,,
10,5,2,1.4513486623764038,1.0,0.9968814253807068,0.021699776872992516,,,
10,5,3,2.295473098754883,1.0,0.993267834186554,0.0364781990647316,,,
10,5,4,1.4987547397613525,1.0,0.9967870712280273,0.05391993001103401,,,
10,5,5,1.9015134572982788,1.0,0.9969775676727295,0.015987686812877655,,,
10,5,6,0.6611829996109009,1.0,0.9966583251953125,0.024975037202239037,,,
10,5,7,0.9357128143310547,1.0,0.9967522025108337,0.03982938826084137,,,
10,5,8,1.1416852474212646,1.0,0.9968719482421875,0.02911418117582798,,,
10,5,9,2.8204307556152344,1.0,0.9973080158233643,0.008719557896256447,,,
10,5,10,3.4996886253356934,1.0000004768371582,0.9785589575767517,0.04704662784934044,,,
10,5,11,2.42752742767334,1.0,0.9971904158592224,0.10878199338912964,,,
10,6,0,1.7841721773147583,1.0,0.9960532784461975,0.03934852406382561,,,
10,6,1,0.7458624839782715,1.0,0.9980060458183289,0.020847976207733154,,,
10,6,2,3.254807472229004,1.0,0.9979955554008484,0.013423413969576359,,,
10,6,3,1.721669316291809,1.0,0.998506486415863,0.018840242177248,,,
10,6,4,3.370455265045166,1.0000001192092896,0.9943538308143616,0.021730145439505577,,,
10,6,5,1.6771702766418457,1.0,0.998527467250824,0.06307679414749146,,,
10,6,6,2.6047916412353516,1.0,0.998552680015564,0.07745761424303055,,,
10,6,7,2.280202627182007,1.0,0.9980056881904602,0.04449211061000824,,,
10,6,8,1.2362608909606934,1.0,0.9983348846435547,0.027681225910782814,,,
10,6,9,0.7105939388275146,1.0,0.9978674054145813,0.007976398803293705,,,
10,6,10,2.963223695755005,1.0,0.9984153509140015,0.012585557997226715,,,
10,6,11,1.6049373149871826,1.0,0.9977893829345703,0.050382450222969055,,,
10,7,0,1.0223337411880493,1.0,0.998682975769043,0.02668052352964878,,,
10,7,1,2.622704267501831,1.0,0.9980273842811584,0.01912485994398594,,,
10,7,2,0.4644430875778198,1.0,0.9989326000213623,0.0050542219541966915,,,
10,7,3,1.5827205181121826,1.0,0.9992921352386475,0.043010298162698746,,,
10,7,4,1.007336974143982,1.0,0.9991869330406189,0.0174466073513031,,,
10,7,5,2.576624631881714,1.0,0.9978147149085999,0.02347240410745144,,,
10,7,6,2.888873815536499,1.0,0.9992015361785889,0.012903880327939987,,,
10,7,7,1.8513498306274414,1.0,0.9991632699966431,0.015190361998975277,,,
10,7,8,1.3353990316390991,1.0,0.9989268779754639,0.03829474374651909,,,
10,7,9,1.5045875310897827,1.0,0.9990360736846924,0.03132293000817299,,,
10,7,10,0.9048542380332947,1.0,0.9990732669830322,0.008684908039867878,,,
10,7,11,1.9067811965942383,1.0,0.9991846084594727,0.008037824183702469,,,
10,8,0,3.001558542251587,1.0,0.9980733394622803,0.023180631920695305,,,
10,8,1,1.1628384590148926,1.0,0.9978682994842529,0.012593264691531658,,,
10,8,2,3.867980718612671,1.000000238418579,0.9897387027740479,0.014183873310685158,,,
10,8,3,2.2476089000701904,1.0,0.9981395602226257,0.02247381955385208,,,
10,8,4,1.1354726552963257,1.0,0.9979871511459351,0.04716749116778374,,,
10,8,5,1.8881847858428955,1.0,0.9976685047149658,0.03926282376050949,,,
10,8,6,2.0827724933624268,1.0,0.9982261657714844,0.02061058022081852,,,
10,8,7,1.193497896194458,1.0,0.9974411129951477,0.05491260439157486,,,
10,8,8,2.3969173431396484,1.0,0.9974122643470764,0.030783310532569885,,,
10,8,9,2.087066650390625,1.0,0.9982160329818726,0.029491951689124107,,,
10,8,10,2.214308500289917,1.0,0.9984539151191711,0.06278350204229355,,,
10,8,11,1.7610682249069214,1.0,0.9980340600013733,0.015553176403045654,,,
10,9,0,2.254065990447998,1.0000001192092896,0.9968221783638,0.04244291037321091,,,
10,9,1,2.009974479675293,1.0,0.998203456401825,0.014540953561663628,,,
10,9,2,2.435636520385742,1.0,0.9980339407920837,0.019176553934812546,,,
10,9,3,1.613216519355774,1.0,0.997725248336792,0.0456056222319603,,,
10,9,4,1.931645154953003,1.0,0.9987630248069763,0.01523518841713667,,,
10,9,5,2.1316258907318115,1.0,0.9987779259681702,0.029738614335656166,,,
10,9,6,1.6950100660324097,1.0,0.9987069964408875,0.007950940169394016,,,
10,9,7,1.9009727239608765,1.0,0.9985334873199463,0.018932566046714783,,,
10,9,8,2.1255745887756348,1.0,0.9984626770019531,0.00882707815617323,,,
10,9,9,1.731271743774414,1.0,0.9985673427581787,0.008836978115141392,,,
10,9,10,1.1366426944732666,1.0,0.9984380602836609,0.0390324667096138,,,
10,9,11,2.543433427810669,1.0,0.9957025051116943,0.006853778380900621,,,
10,10,0,2.5035932064056396,1.0000001192092896,0.994455099105835,0.013952854089438915,,,
10,10,1,1.9687376022338867,1.0,0.9961960315704346,0.013369841501116753,,,
10,10,2,2.3864660263061523,1.0,0.9937196373939514,0.010575256310403347,,,
10,10,3,2.969770908355713,1.000000238418579,0.9911552667617798,0.01418100856244564,,,
10,10,4,3.068413496017456,1.0000001192092896,0.9930277466773987,0.022184258326888084,,,
10,10,5,1.0385831594467163,1.0,0.9960649609565735,0.029199684038758278,,,
10,10,6,1.781156301498413,1.0,0.9963477849960327,0.009806516580283642,,,
10,10,7,2.682582378387451,1.0,0.9967984557151794,0.028215307742357254,,,
10,10,8,2.162287473678589,1.0,0.9962473511695862,0.013043892569839954,,,
10,10,9,1.4151822328567505,1.0,0.9964175820350647,0.07058367133140564,,,
10,10,10,1.9917528629302979,1.0,0.9964808821678162,0.009257259778678417,,,
10,10,11,1.9591667652130127,1.0,0.9966500997543335,0.04749321937561035,,,
10,11,0,4.452580451965332,1.000001311302185,0.8910388350486755,0.027196519076824188,,,
10,11,1,2.839308500289917,1.0,0.9094130992889404,0.01840050518512726,,,
10,11,2,2.4781484603881836,1.0000001192092896,0.9042680859565735,0.009671131148934364,,,
10,11,3,2.1407358646392822,1.0,0.9077474474906921,0.029113270342350006,,,
10,11,4,3.5574183464050293,1.0000001192092896,0.9112961292266846,0.017005128785967827,,,
10,11,5,2.248847246170044,1.0,0.9073575735092163,0.014986993744969368,,,
10,11,6,2.13285231590271,1.0,0.9062875509262085,0.008023803122341633,,,
10,11,7,2.479145050048828,1.0,0.9082746505737305,0.020411193370819092,,,
10,11,8,3.586794137954712,1.000017762184143,0.10892059653997421,0.10185059159994125,,,
10,11,9,1.9128143787384033,1.0,0.9062680602073669,0.0088017163798213,,,
10,11,10,2.675089120864868,1.0,0.911363422870636,0.044129353016614914,,,
10,11,11,2.7530999183654785,1.0000001192092896,0.9122257232666016,0.04590308666229248,,,
11,0,0,4.497791767120361,1.000017762184143,0.8264016509056091,0.019986674189567566,,,
11,0,1,0.4172689914703369,1.00003182888031,0.8191004395484924,0.8733522295951843,,,
11,0,2,4.657586574554443,1.0000150203704834,0.8157344460487366,0.03963731229305267,,,
11,0,3,0.41778701543807983,1.000030755996704,0.8006971478462219,0.8337720036506653,,,
11,0,4,1.1396472454071045,1.0000280141830444,0.7971565127372742,0.5957123041152954,,,
11,0,5,1.2818002700805664,1.000027060508728,0.7963637709617615,0.6855589747428894,,,
11,0,6,4.356083393096924,1.0000219345092773,0.7574825286865234,0.030655991286039352,,,
11,0,7,1.8115054368972778,1.0000282526016235,0.7629061341285706,0.15600311756134033,,,
11,0,8,4.269750118255615,1.0000240802764893,0.8252514004707336,0.05928602069616318,,,
11,0,9,4.657365322113037,1.0000194311141968,0.8606290817260742,0.020097142085433006,,,
11,0,10,4.240232467651367,1.0000258684158325,0.8890842199325562,0.16166797280311584,,,
11,0,11,5.425853729248047,1.000014305114746,0.7351573705673218,0.007600266952067614,,,
11,1,0,2.319660186767578,1.0000284910202026,0.70880126953125,0.1016964390873909,,,
11,1,1,2.7361881732940674,1.0000224113464355,0.6966564059257507,0.09591779112815857,,,
11,1,2,4.7485809326171875,1.0000172853469849,0.6787807941436768,0.026279807090759277,,,
11,1,3,4.296352863311768,1.0000011920928955,0.6895341277122498,0.03505438566207886,,,
11,1,4,3.7465996742248535,1.0000114440917969,0.817423403263092,0.06973951309919357,,,
11,1,5,4.621330261230469,1.000011920928955,0.8367109894752502,0.07811736315488815,,,
11,1,6,4.463105201721191,1.0000107288360596,0.8232764601707458,0.04016505181789398,,,
11,1,7,4.929804801940918,1.0000133514404297,0.8359026312828064,0.018172312527894974,,,
11,1,8,5.333519458770752,1.0000041723251343,0.7995973229408264,0.00947426725178957,,,
11,1,9,5.419182777404785,1.000007152557373,0.7816873788833618,0.006855397950857878,,,
11,1,10,4.447474956512451,1.0000139474868774,0.6058714389801025,0.040597572922706604,,,
11,1,11,1.6803808212280273,1.0000275373458862,0.7693612575531006,0.6817266941070557,,,
11,2,0,2.4995310306549072,1.000001072883606,0.8906873464584351,0.0978560522198677,,,
11,2,1,4.752390384674072,1.0000007152557373,0.8831161260604858,0.011239895597100258,,,
11,2,2,1.0728228092193604,1.0000030994415283,0.8958761692047119,0.12049385905265808,,,
11,2,3,1.9220150709152222,1.0000042915344238,0.8708005547523499,0.13418090343475342,,,
11,2,4,1.6544294357299805,1.0000001192092896,0.8756088614463806,0.08461826294660568,,,
11,2,5,1.8246549367904663,1.0000033378601074,0.8871921896934509,0.1398574560880661,,,
11,2,6,2.7049291133880615,1.0000046491622925,0.8172588348388672,0.07828031480312347,,,
11,2,7,2.6121714115142822,1.0,0.8517467975616455,0.03263819217681885,,,
11,2,8,1.8868038654327393,1.0000016689300537,0.9007510542869568,0.11668848246335983,,,
11,2,9,1.731369137763977,1.0000048875808716,0.8627607226371765,0.1233324185013771,,,
11,2,10,3.1064412593841553,1.0000299215316772,0.47625625133514404,0.1287529170513153,,,
11,2,11,3.1046338081359863,1.000000238418579,0.8901119828224182,0.10882139205932617,,,
11,3,0,2.7032535076141357,1.0,0.9949281215667725,0.06863502413034439,,,
11,3,1,1.832137107849121,1.0,0.9947447180747986,0.06353035569190979,,,
11,3,2,1.405328631401062,1.000000238418579,0.9889986515045166,0.11949555575847626,,,
11,3,3,0.90207839012146,1.0,0.9948875308036804,0.05916615575551987,,,
11,3,4,3.526594877243042,1.0,0.9952229857444763,0.00849485769867897,,,
11,3,5,2.6020967960357666,1.0,0.9957975745201111,0.03576240688562393,,,
11,3,6,1.6770129203796387,1.0000003576278687,0.9880228638648987,0.15630075335502625,,,
11,3,7,1.3918980360031128,1.0000001192092896,0.992570698261261,0.11192140728235245,,,
11,3,8,1.498425841331482,1.0000001192092896,0.9909994006156921,0.11513295024633408,,,
11,3,9,1.51839017868042,1.0,0.9955896735191345,0.0716162770986557,,,
11,3,10,1.7676188945770264,1.0,0.9950867295265198,0.15923792123794556,,,
11,3,11,1.7721035480499268,1.0000001192092896,0.9946733117103577,0.09995094686746597,,,
11,4,0,1.1736907958984375,1.0000001192092896,0.9165228009223938,0.060082029551267624,,,
11,4,1,1.5349396467208862,1.0,0.9170297384262085,0.06322526931762695,,,
11,4,2,2.1580958366394043,1.0,0.9149183630943298,0.015928229317069054,,,
11,4,3,1.540923833847046,1.0,0.9174923300743103,0.0723414272069931,,,
11,4,4,2.864696502685547,1.0,0.9160178899765015,0.04159371554851532,,,
11,4,5,1.4426525831222534,1.0,0.9162241220474243,0.06756611913442612,,,
11,4,6,2.0003294944763184,1.0,0.9167516231536865,0.04071638733148575,,,
11,4,7,1.8338829278945923,1.0000004768371582,0.9186675548553467,0.4779171943664551,,,
11,4,8,3.4490456581115723,1.0,0.9176703095436096,0.014939083717763424,,,
11,4,9,1.7459231615066528,1.0,0.9163264632225037,0.036609623581171036,,,
11,4,10,3.225951910018921,1.0,0.915984570980072,0.01319170743227005,,,
11,4,11,0.011193828657269478,1.0000288486480713,0.13280361890792847,0.0039124079048633575,,,
11,5,0,2.357987403869629,1.0,0.9982960224151611,0.013212241232395172,,,
11,5,1,0.25108739733695984,1.0,0.9979890584945679,0.004307701252400875,,,
11,5,2,1.3349406719207764,1.0,0.9983277916908264,0.02136322483420372,,,
11,5,3,2.1712658405303955,1.0,0.9967797994613647,0.03513289988040924,,,
11,5,4,1.4014506340026855,1.0,0.9982131719589233,0.05035451054573059,,,
11,5,5,1.766463279724121,1.0,0.9983475208282471,0.010742926970124245,,,
11,5,6,0.6133096814155579,1.0,0.9981555938720703,0.021932333707809448,,,
11,5,7,0.8622459769248962,1.0,0.9982248544692993,0.0367363877594471,,,
11,5,8,1.0442909002304077,1.0,0.9982900023460388,0.027877183631062508,,,
11,5,9,2.706336498260498,1.0,0.9985382556915283,0.006211620755493641,,,
11,5,10,3.5167970657348633,1.0000003576278687,0.9876868724822998,0.044787392020225525,,,
11,5,11,2.507176160812378,1.0,0.9983971118927002,0.09195242822170258,,,
11,6,0,1.7146390676498413,1.0,0.9973398447036743,0.03689393773674965,,,
11,6,1,0.5989152193069458,1.0,0.9983022212982178,0.017785770818591118,,,
11,6,2,3.4586734771728516,1.0,0.9980779886245728,0.013088169507682323,,,
11,6,3,1.4796984195709229,1.0,0.9986734986305237,0.01687515527009964,,,
11,6,4,3.713899612426758,1.0000001192092896,0.9932816028594971,0.024106763303279877,,,
11,6,5,1.665258765220642,1.0,0.9987701773643494,0.06357015669345856,,,
11,6,6,2.6538827419281006,1.0,0.9988088607788086,0.061385780572891235,,,
11,6,7,2.0727593898773193,1.0,0.9986327886581421,0.04453478008508682,,,
11,6,8,1.135219931602478,1.0,0.9986194968223572,0.02693113125860691,,,
11,6,9,0.6130040287971497,1.0,0.9982969164848328,0.004898178391158581,,,
11,6,10,3.406348705291748,1.0,0.9983826279640198,0.011243809945881367,,,
11,6,11,1.415512204170227,1.0,0.9985527396202087,0.04345076158642769,,,
11,7,0,1.0721253156661987,1.0,0.9992113709449768,0.028475284576416016,,,
11,7,1,2.5068819522857666,1.0,0.9992582201957703,0.014616167172789574,,,
11,7,2,0.6238402128219604,1.0,0.999458909034729,0.003896772162988782,,,
11,7,3,1.4196698665618896,1.0,0.9996241927146912,0.04577687382698059,,,
11,7,4,0.885269284248352,1.0,0.9995527267456055,0.014800646342337132,,,
11,7,5,2.465106248855591,1.0,0.9989396929740906,0.023890934884548187,,,
11,7,6,2.963703155517578,1.0,0.9995030760765076,0.010686539113521576,,,
11,7,7,2.268075704574585,1.0,0.9993208050727844,0.012817912735044956,,,
11,7,8,1.1271978616714478,1.0,0.9994584918022156,0.034520845860242844,,,
11,7,9,1.2676728963851929,1.0,0.9995277523994446,0.027065718546509743,,,
11,7,10,0.658805787563324,1.0,0.999450147151947,0.003782600397244096,,,
11,7,11,2.2377443313598633,1.0,0.9995397925376892,0.006892519537359476,,,
11,8,0,3.257289409637451,1.0,0.9985379576683044,0.020591557025909424,,,
11,8,1,1.1825971603393555,1.0,0.9986951947212219,0.009208268485963345,,,
11,8,2,3.943040370941162,1.0000001192092896,0.9941040277481079,0.011861712671816349,,,
11,8,3,1.5796375274658203,1.0,0.9988648891448975,0.01751447655260563,,,
11,8,4,1.0992398262023926,1.0,0.9988148212432861,0.046787869185209274,,,
11,8,5,1.794906735420227,1.0,0.9985164999961853,0.038377322256565094,,,
11,8,6,2.422870635986328,1.0,0.9987476468086243,0.019361402839422226,,,
11,8,7,1.1995129585266113,1.0,0.9982473850250244,0.05898849666118622,,,
11,8,8,2.0858144760131836,1.0,0.9988315105438232,0.03187417611479759,,,
11,8,9,1.8892364501953125,1.0,0.9988744258880615,0.028148530051112175,,,
11,8,10,2.084423065185547,1.0,0.999040961265564,0.06309882551431656,,,
11,8,11,1.806652545928955,1.0,0.9987906813621521,0.018928073346614838,,,
11,9,0,2.2797348499298096,1.0,0.9981312155723572,0.0409788116812706,,,
11,9,1,1.7843190431594849,1.0,0.9989829659461975,0.009773839265108109,,,
11,9,2,2.292015314102173,1.0,0.9983632564544678,0.017693378031253815,,,
11,9,3,1.6099210977554321,1.0,0.99810391664505,0.050252754241228104,,,
11,9,4,1.605514407157898,1.0,0.9991140961647034,0.013033798895776272,,,
11,9,5,2.043337106704712,1.0,0.9992345571517944,0.029808754101395607,,,
11,9,6,1.1544039249420166,1.0,0.9991099834442139,0.005254331510514021,,,
11,9,7,1.67869234085083,1.0,0.9990861415863037,0.01996084302663803,,,
11,9,8,2.452296495437622,1.0,0.9977815747261047,0.010051574558019638,,,
11,9,9,0.9819846153259277,1.0,0.999072790145874,0.004880346357822418,,,
11,9,10,1.000340461730957,1.0,0.9990419149398804,0.036826688796281815,,,
11,9,11,2.5569164752960205,1.0,0.9977668523788452,0.0060478379018604755,,,
11,10,0,2.1918535232543945,1.0,0.9980924129486084,0.01446022279560566,,,
11,10,1,1.420434832572937,1.0,0.9988676309585571,0.00857151485979557,,,
11,10,2,1.778223991394043,1.0,0.9984142184257507,0.007626232225447893,,,
11,10,3,2.787121057510376,1.0,0.9966335296630859,0.011848604306578636,,,
11,10,4,2.940850019454956,1.0,0.9974619150161743,0.020554285496473312,,,
11,10,5,0.9536219239234924,1.0,0.998775064945221,0.0276191309094429,,,
11,10,6,1.6912137269973755,1.0,0.9987753033638,0.008663262240588665,,,
11,10,7,2.4541897773742676,1.0,0.9988630414009094,0.03082755208015442,,,
11,10,8,2.0568931102752686,1.0,0.9988303780555725,0.011275739409029484,,,
11,10,9,1.3715384006500244,1.0,0.998795747756958,0.06702718138694763,,,
11,10,10,1.3933485746383667,1.0,0.9989402890205383,0.006837856024503708,,,
11,10,11,1.8202725648880005,1.0,0.9988178610801697,0.040568672120571136,,,
11,11,0,4.493165969848633,1.0000007152557373,0.9048246741294861,0.02910563349723816,,,
11,11,1,2.3733603954315186,1.0,0.9107518792152405,0.014593593776226044,,,
11,11,2,1.966344952583313,1.0,0.9090301394462585,0.007015591021627188,,,
11,11,3,2.292982578277588,1.0,0.9117429256439209,0.032525062561035156,,,
11,11,4,3.444448232650757,1.0,0.9131942987442017,0.015603333711624146,,,
11,11,5,1.8463674783706665,1.0,0.9096043109893799,0.009615562856197357,,,
11,11,6,1.552767276763916,1.0,0.9089330434799194,0.005741275381296873,,,
11,11,7,2.10341215133667,1.0,0.9100658297538757,0.014484633691608906,,,
11,11,8,3.7464330196380615,1.0000224113464355,0.07828979939222336,0.09405982494354248,,,
11,11,9,1.5572134256362915,1.0,0.9091244339942932,0.005826201755553484,,,
11,11,10,2.3997793197631836,1.0,0.9126376509666443,0.04672255367040634,,,
11,11,11,2.4011330604553223,1.0,0.9125367999076843,0.0383913591504097,,,
12,0,0,4.493287086486816,1.0000176429748535,0.8204262256622314,0.019575167447328568,,,
12,0,1,0.3993241488933563,1.000032663345337,0.8175014853477478,0.8788334131240845,,,
12,0,2,4.679410934448242,1.0000128746032715,0.8040316104888916,0.0389806404709816,,,
12,0,3,0.4148164987564087,1.0000313520431519,0.8038116097450256,0.842373788356781,,,
12,0,4,1.1230599880218506,1.0000293254852295,0.8008062243461609,0.597873866558075,,,
12,0,5,1.2876490354537964,1.0000271797180176,0.7884889245033264,0.674409031867981,,,
12,0,6,4.353250980377197,1.000022292137146,0.7476662993431091,0.029890770092606544,,,
12,0,7,1.8353322744369507,1.00002920627594,0.7648391723632812,0.15521785616874695,,,
12,0,8,4.257059097290039,1.0000253915786743,0.8200569152832031,0.06239918991923332,,,
12,0,9,4.6575446128845215,1.0000196695327759,0.8585321307182312,0.020325355231761932,,,
12,0,10,4.243555068969727,1.0000255107879639,0.8861528038978577,0.1632460504770279,,,
12,0,11,5.478092670440674,1.0000150203704834,0.7358903884887695,0.006946310866624117,,,
12,1,0,2.386495590209961,1.0000286102294922,0.7255945205688477,0.10234364122152328,,,
12,1,1,2.7290990352630615,1.0000218152999878,0.7026233673095703,0.09412108361721039,,,
12,1,2,4.76784086227417,1.0000165700912476,0.7051039338111877,0.02557297609746456,,,
12,1,3,4.3250508308410645,1.0000015497207642,0.6966895461082458,0.03523355349898338,,,
12,1,4,3.744021415710449,1.0000107288360596,0.8244474530220032,0.06979210674762726,,,
12,1,5,4.598909854888916,1.000012755393982,0.8403047919273376,0.08395948261022568,,,
12,1,6,4.478944301605225,1.0000109672546387,0.8293576836585999,0.04017506539821625,,,
12,1,7,4.961454391479492,1.0000137090682983,0.8383346199989319,0.017793912440538406,,,
12,1,8,5.367485046386719,1.0000040531158447,0.803244948387146,0.009330923669040203,,,
12,1,9,5.46848201751709,1.0000067949295044,0.7865796685218811,0.006496753077954054,,,
12,1,10,4.484129428863525,1.0000144243240356,0.6223999261856079,0.04035218432545662,,,
12,1,11,1.6921894550323486,1.000029444694519,0.7708673477172852,0.6813193559646606,,,
12,2,0,2.546600103378296,1.0000008344650269,0.8890966176986694,0.09966137260198593,,,
12,2,1,4.866065502166748,1.000001072883606,0.8771093487739563,0.010804977267980576,,,
12,2,2,1.0868642330169678,1.0000046491622925,0.889544665813446,0.12676505744457245,,,
12,2,3,1.935623049736023,1.0000050067901611,0.8657705783843994,0.1346721202135086,,,
12,2,4,1.7002038955688477,1.0000001192092896,0.8726080060005188,0.08459064364433289,,,
12,2,5,1.824480652809143,1.0000041723251343,0.880820631980896,0.13779368996620178,,,
12,2,6,2.6954872608184814,1.0000044107437134,0.8244235515594482,0.07684966176748276,,,
12,2,7,2.5392372608184814,1.0,0.8462579250335693,0.03238549083471298,,,
12,2,8,1.8858458995819092,1.0000019073486328,0.8993392586708069,0.11604280769824982,,,
12,2,9,1.7588034868240356,1.0000042915344238,0.864605724811554,0.127150759100914,,,
12,2,10,3.0939621925354004,1.0000301599502563,0.5015790462493896,0.1299382895231247,,,
12,2,11,3.1332998275756836,1.0000003576278687,0.8895191550254822,0.11159954220056534,,,
12,3,0,2.8944432735443115,1.0,0.9950449466705322,0.0718613937497139,,,
12,3,1,1.869299292564392,1.0,0.9950746297836304,0.06370896100997925,,,
12,3,2,1.4064486026763916,1.000000238418579,0.9889037609100342,0.116033174097538,,,
12,3,3,0.8906729817390442,1.0,0.9948692321777344,0.057688601315021515,,,
12,3,4,3.7051172256469727,1.0,0.9953026175498962,0.009077662602066994,,,
12,3,5,2.6831717491149902,1.0,0.9958944320678711,0.03763490170240402,,,
12,3,6,1.6779063940048218,1.0000004768371582,0.9883095026016235,0.16014401614665985,,,
12,3,7,1.4257335662841797,1.000000238418579,0.9930896162986755,0.11110962182283401,,,
12,3,8,1.5216232538223267,1.0000001192092896,0.9914714694023132,0.11648236960172653,,,
12,3,9,1.5141575336456299,1.0,0.9955612421035767,0.0724518746137619,,,
12,3,10,1.7637834548950195,1.0,0.9950916767120361,0.16061168909072876,,,
12,3,11,1.749179482460022,1.0000001192092896,0.9945744872093201,0.10077138245105743,,,
12,4,0,1.1950803995132446,1.0,0.9169577956199646,0.060083527117967606,,,
12,4,1,1.5313007831573486,1.0,0.9176140427589417,0.06182742118835449,,,
12,4,2,2.2088372707366943,1.0,0.9153243899345398,0.01599111035466194,,,
12,4,3,1.5412019491195679,1.0,0.9175089001655579,0.07187025249004364,,,
12,4,4,2.934791326522827,1.0,0.9163696765899658,0.04076530784368515,,,
12,4,5,1.4733874797821045,1.0,0.9164825081825256,0.06800928711891174,,,
12,4,6,2.005521535873413,1.0,0.9169374108314514,0.040963370352983475,,,
12,4,7,1.8371576070785522,1.0000003576278687,0.9203245639801025,0.4777064323425293,,,
12,4,8,3.692509889602661,1.0,0.9185600876808167,0.015482459217309952,,,
12,4,9,1.784014105796814,1.0,0.9166364073753357,0.0374450720846653,,,
12,4,10,3.32806658744812,1.0,0.9163408279418945,0.012493987567722797,,,
12,4,11,0.0108041288331151,1.0000303983688354,0.13276763260364532,0.003632597392424941,,,
12,5,0,2.4065282344818115,1.0,0.9981814026832581,0.012696828693151474,,,
12,5,1,0.28332409262657166,1.0,0.9978037476539612,0.004402486607432365,,,
12,5,2,1.3865326642990112,1.0,0.9981943368911743,0.021261680871248245,,,
12,5,3,2.2161595821380615,1.0,0.9964601397514343,0.03403850272297859,,,
12,5,4,1.443734884262085,1.0,0.9980955123901367,0.05083248019218445,,,
12,5,5,1.9512101411819458,1.0,0.998227059841156,0.010258462280035019,,,
12,5,6,0.6170278787612915,1.0,0.9979757070541382,0.02157459408044815,,,
12,5,7,0.9473713636398315,1.0,0.9980487823486328,0.04421553015708923,,,
12,5,8,1.0966475009918213,1.0,0.9981285333633423,0.02654714696109295,,,
12,5,9,2.9210610389709473,1.0,0.9984332919120789,0.00625483738258481,,,
12,5,10,3.647613763809204,1.0000003576278687,0.9870784878730774,0.04797494038939476,,,
12,5,11,2.650773763656616,1.0,0.9982904195785522,0.09737861156463623,,,
12,6,0,1.7605829238891602,1.0,0.9966121912002563,0.03661201894283295,,,
12,6,1,0.6480259299278259,1.0,0.9983420968055725,0.017954418435692787,,,
12,6,2,3.4473161697387695,1.0,0.9982471466064453,0.012661813758313656,,,
12,6,3,1.481632947921753,1.0,0.9986652731895447,0.016143430024385452,,,
12,6,4,3.705059766769409,1.0000001192092896,0.9943419098854065,0.02423446625471115,,,
12,6,5,1.65599524974823,1.0,0.9987583756446838,0.059150516986846924,,,
12,6,6,2.7014613151550293,1.0,0.9988275170326233,0.06344106793403625,,,
12,6,7,2.148582935333252,1.0,0.9986013770103455,0.04574911668896675,,,
12,6,8,1.1576184034347534,1.0,0.9986116886138916,0.026584075763821602,,,
12,6,9,0.6408421397209167,1.0,0.9982810616493225,0.004323991015553474,,,
12,6,10,3.5223276615142822,1.0,0.9984409809112549,0.011354592628777027,,,
12,6,11,1.4560763835906982,1.0,0.9985567331314087,0.04372416436672211,,,
12,7,0,1.0571101903915405,1.0,0.9992207884788513,0.027615759521722794,,,
12,7,1,2.424197196960449,1.0,0.9993962645530701,0.012288898229598999,,,
12,7,2,0.6903572082519531,1.0,0.9994834661483765,0.004340932238847017,,,
12,7,3,1.4054611921310425,1.0,0.9996339678764343,0.04406314343214035,,,
12,7,4,0.8863467574119568,1.0,0.9995653629302979,0.014647302217781544,,,
12,7,5,2.398019552230835,1.0,0.9990274906158447,0.024811197072267532,,,
12,7,6,2.975620746612549,1.0,0.9995167255401611,0.011131726205348969,,,
12,7,7,2.296461820602417,1.0,0.9993693828582764,0.012608037330210209,,,
12,7,8,1.2101994752883911,1.0,0.999393880367279,0.03471210226416588,,,
12,7,9,1.2823448181152344,1.0,0.9995075464248657,0.02653399109840393,,,
12,7,10,0.6631773114204407,1.0,0.9994674921035767,0.004330850671976805,,,
12,7,11,2.321119546890259,1.0,0.9995437860488892,0.006628792267292738,,,
12,8,0,3.1913938522338867,1.0,0.9987116456031799,0.0227192509919405,,,
12,8,1,1.2108293771743774,1.0,0.9988783001899719,0.008492637425661087,,,
12,8,2,3.8175907135009766,1.0000001192092896,0.9955196976661682,0.010914895683526993,,,
12,8,3,1.6086046695709229,1.0,0.9990319609642029,0.016367143020033836,,,
12,8,4,1.1216613054275513,1.0,0.9989784359931946,0.04857827350497246,,,
12,8,5,1.8135572671890259,1.0,0.9986000061035156,0.03674677386879921,,,
12,8,6,2.2926042079925537,1.0,0.9990729689598083,0.020633554086089134,,,
12,8,7,1.226235270500183,1.0,0.9982808828353882,0.06316646933555603,,,
12,8,8,2.032484292984009,1.0,0.998979926109314,0.030329186469316483,,,
12,8,9,1.8777694702148438,1.0,0.9990909695625305,0.028142603114247322,,,
12,8,10,2.0935873985290527,1.0,0.9991787075996399,0.05841489136219025,,,
12,8,11,1.8440728187561035,1.0,0.9987900257110596,0.01811891794204712,,,
12,9,0,2.152263641357422,1.0,0.9984531998634338,0.044095229357481,,,
12,9,1,1.7291653156280518,1.0,0.998953640460968,0.011004011146724224,,,
12,9,2,2.1545510292053223,1.0,0.9989802837371826,0.019222470000386238,,,
12,9,3,1.5944758653640747,1.0,0.9982566833496094,0.04859137535095215,,,
12,9,4,1.639717936515808,1.0,0.999051034450531,0.011973036453127861,,,
12,9,5,1.9599294662475586,1.0,0.9991455674171448,0.03071155957877636,,,
12,9,6,1.3031374216079712,1.0,0.9990882873535156,0.005313228350132704,,,
12,9,7,1.6130439043045044,1.0,0.9990585446357727,0.019700301811099052,,,
12,9,8,2.4283554553985596,1.0,0.9955300688743591,0.009753149934113026,,,
12,9,9,1.0570508241653442,1.0,0.9990772604942322,0.00514599634334445,,,
12,9,10,1.0115065574645996,1.0,0.9989840984344482,0.03402162343263626,,,
12,9,11,2.533038377761841,1.0,0.9978122711181641,0.0061531467363238335,,,
12,10,0,2.3884332180023193,1.0,0.9965513348579407,0.015413239598274231,,,
12,10,1,1.6329833269119263,1.0,0.9979164600372314,0.00856141559779644,,,
12,10,2,1.988208293914795,1.0,0.9972911477088928,0.00813993625342846,,,
12,10,3,2.8493123054504395,1.0000001192092896,0.995984673500061,0.013133468106389046,,,
12,10,4,2.93436861038208,1.0,0.9977473616600037,0.020962081849575043,,,
12,10,5,0.9703254699707031,1.0,0.9983373284339905,0.02658917009830475,,,
12,10,6,1.8080811500549316,1.0,0.9984191656112671,0.009059001691639423,,,
12,10,7,2.508007764816284,1.0,0.9986318945884705,0.02974255383014679,,,
12,10,8,2.1305055618286133,1.0,0.9984996318817139,0.009758309461176395,,,
12,10,9,1.3994189500808716,1.0,0.9983759522438049,0.06945101916790009,,,
12,10,10,1.7333306074142456,1.0,0.9981601238250732,0.008568987250328064,,,
12,10,11,1.9239505529403687,1.0,0.9982221722602844,0.04452139511704445,,,
12,11,0,4.6185526847839355,1.0000008344650269,0.9051622748374939,0.026883753016591072,,,
12,11,1,2.545492172241211,1.0,0.910571813583374,0.015429390594363213,,,
12,11,2,2.4387435913085938,1.0,0.9075438976287842,0.009190398268401623,,,
12,11,3,2.3014824390411377,1.0,0.9110545516014099,0.03410930186510086,,,
12,11,4,3.5881457328796387,1.0,0.9134261608123779,0.01530367974191904,,,
12,11,5,1.9740139245986938,1.0,0.9093978404998779,0.009677723050117493,,,
12,11,6,1.9283668994903564,1.0,0.9092371463775635,0.006433836184442043,,,
12,11,7,2.2173969745635986,1.0,0.9099847674369812,0.01759803108870983,,,
12,11,8,3.8022100925445557,1.000023603439331,0.08475247025489807,0.09962035715579987,,,
12,11,9,1.7553510665893555,1.0,0.9088911414146423,0.0067490022629499435,,,
12,11,10,2.431325912475586,1.0,0.9123131036758423,0.042849667370319366,,,
12,11,11,2.512265682220459,1.0,0.9122062921524048,0.03986380621790886,,,
13,0,0,4.490658760070801,1.0000194311141968,0.814545214176178,0.018925577402114868,,,
13,0,1,0.4318089485168457,1.000032663345337,0.818088710308075,0.8661185503005981,,,
13,0,2,4.656829833984375,1.0000156164169312,0.8124080300331116,0.041350107640028,,,
13,0,3,0.4406186044216156,1.0000317096710205,0.8031862378120422,0.8346615433692932,,,
13,0,4,1.2131363153457642,1.000029444694519,0.8001986145973206,0.5776171684265137,,,
13,0,5,1.3875364065170288,1.0000258684158325,0.7858400344848633,0.6595633029937744,,,
13,0,6,4.3304877281188965,1.0000221729278564,0.7292802333831787,0.028275897726416588,,,
13,0,7,1.8710381984710693,1.0000295639038086,0.7615033984184265,0.16072238981723785,,,
13,0,8,4.267755031585693,1.0000247955322266,0.805407702922821,0.05880793184041977,,,
13,0,9,4.6632466316223145,1.000020146369934,0.857063889503479,0.020873459056019783,,,
13,0,10,4.256237983703613,1.0000264644622803,0.8848496079444885,0.15616808831691742,,,
13,0,11,5.479340553283691,1.0000159740447998,0.7303850054740906,0.007201323285698891,,,
13,1,0,2.346165657043457,1.0000290870666504,0.7040342688560486,0.10202029347419739,,,
13,1,1,2.739125967025757,1.000023603439331,0.6981064081192017,0.09249898791313171,,,
13,1,2,4.76671028137207,1.000016450881958,0.7024352550506592,0.025560520589351654,,,
13,1,3,4.334563255310059,1.0000014305114746,0.6920629739761353,0.035025909543037415,,,
13,1,4,3.753427743911743,1.0000118017196655,0.819008469581604,0.06892157346010208,,,
13,1,5,4.592859745025635,1.0000144243240356,0.8344825506210327,0.08554961532354355,,,
13,1,6,4.4536237716674805,1.0000104904174805,0.821858823299408,0.03676798194646835,,,
13,1,7,4.9704179763793945,1.0000133514404297,0.8394498229026794,0.017949596047401428,,,
13,1,8,5.382726192474365,1.0000044107437134,0.804329514503479,0.009151984006166458,,,
13,1,9,5.4552321434021,1.0000077486038208,0.7748911380767822,0.00662170210853219,,,
13,1,10,4.483036994934082,1.0000150203704834,0.6220426559448242,0.0401809960603714,,,
13,1,11,1.7015328407287598,1.000028371810913,0.7699686288833618,0.6723238825798035,,,
13,2,0,2.5217580795288086,1.000001311302185,0.882089376449585,0.10089796036481857,,,
13,2,1,4.652024269104004,1.0000005960464478,0.8674091696739197,0.010784311220049858,,,
13,2,2,1.095715880393982,1.0000040531158447,0.8841555118560791,0.12528404593467712,,,
13,2,3,1.9185014963150024,1.0000059604644775,0.8554468750953674,0.134442538022995,,,
13,2,4,1.7064062356948853,1.000000238418579,0.8656445145606995,0.08686213195323944,,,
13,2,5,1.8090052604675293,1.0000041723251343,0.8696369528770447,0.13785052299499512,,,
13,2,6,2.7691166400909424,1.0000061988830566,0.8029574751853943,0.07868709415197372,,,
13,2,7,2.5641043186187744,1.0,0.837445080280304,0.03180946782231331,,,
13,2,8,1.910503625869751,1.0000019073486328,0.8946186304092407,0.1127629354596138,,,
13,2,9,1.7357513904571533,1.0000051259994507,0.8490715026855469,0.12491677701473236,,,
13,2,10,3.1095798015594482,1.0000296831130981,0.48952215909957886,0.12675559520721436,,,
13,2,11,3.154954433441162,1.000000238418579,0.8818082213401794,0.10823849588632584,,,
13,3,0,2.6913630962371826,1.0,0.9946348071098328,0.0642426609992981,,,
13,3,1,1.9128930568695068,1.0,0.9944155216217041,0.060312267392873764,,,
13,3,2,1.3944933414459229,1.0000004768371582,0.9874722957611084,0.11505820602178574,,,
13,3,3,0.9100677371025085,1.0,0.9945129156112671,0.05693444982171059,,,
13,3,4,3.5746593475341797,1.0,0.994965136051178,0.008857532404363155,,,
13,3,5,2.715313196182251,1.0,0.9955278038978577,0.03651070222258568,,,
13,3,6,1.6947638988494873,1.0000003576278687,0.9879728555679321,0.1541193723678589,,,
13,3,7,1.4220730066299438,1.0,0.992659330368042,0.10823165625333786,,,
13,3,8,1.525412678718567,1.000000238418579,0.9905032515525818,0.11639968305826187,,,
13,3,9,1.5603169202804565,1.0,0.9953892230987549,0.07199257612228394,,,
13,3,10,1.7794286012649536,1.0,0.9947941303253174,0.15939553081989288,,,
13,3,11,1.7837591171264648,1.0000001192092896,0.9946861267089844,0.09872172772884369,,,
13,4,0,1.2185020446777344,1.0000001192092896,0.9163335561752319,0.06127067282795906,,,
13,4,1,1.5590121746063232,1.0,0.917375385761261,0.06259214133024216,,,
13,4,2,2.3163256645202637,1.0,0.9151405692100525,0.01606978476047516,,,
13,4,3,1.576218843460083,1.0,0.9171357750892639,0.06514164060354233,,,
13,4,4,2.902550220489502,1.0,0.9157428741455078,0.04032813757658005,,,
13,4,5,1.4629441499710083,1.0,0.9158099889755249,0.06408985704183578,,,
13,4,6,2.028524398803711,1.0,0.9165821075439453,0.041410304605960846,,,
13,4,7,1.8330975770950317,1.0000005960464478,0.9188196659088135,0.479611873626709,,,
13,4,8,3.5254125595092773,1.0,0.9176642894744873,0.017365533858537674,,,
13,4,9,1.799564242362976,1.0,0.9163850545883179,0.03597525134682655,,,
13,4,10,3.201150417327881,1.0,0.915623128414154,0.012515629641711712,,,
13,4,11,0.011833039112389088,1.0000299215316772,0.13198131322860718,0.003516418393701315,,,
13,5,0,1.936177372932434,1.0,0.9981420040130615,0.013552972115576267,,,
13,5,1,0.21539457142353058,1.0,0.9977182149887085,0.004973198752850294,,,
13,5,2,1.4290181398391724,1.0,0.998045027256012,0.020655661821365356,,,
13,5,3,2.2740726470947266,1.0,0.9955067038536072,0.03479227423667908,,,
13,5,4,1.517912745475769,1.0,0.9980847835540771,0.05366931110620499,,,
13,5,5,1.918940544128418,1.0,0.9981663227081299,0.012225969694554806,,,
13,5,6,0.6486250758171082,1.0,0.9979415535926819,0.02296675555408001,,,
13,5,7,0.9527238607406616,1.0,0.9979787468910217,0.04170502349734306,,,
13,5,8,1.0852367877960205,1.0,0.9980695843696594,0.02651292271912098,,,
13,5,9,2.818629026412964,1.0,0.9983707666397095,0.006537450477480888,,,
13,5,10,3.565253496170044,1.0000003576278687,0.9875682592391968,0.043923281133174896,,,
13,5,11,2.5646111965179443,1.0,0.9982381463050842,0.10791663080453873,,,
13,6,0,1.8074005842208862,1.0,0.9963868856430054,0.038652870804071426,,,
13,6,1,0.7416926026344299,1.0,0.9980173707008362,0.02153462916612625,,,
13,6,2,3.553624153137207,1.0,0.9975332021713257,0.0130742397159338,,,
13,6,3,1.5844520330429077,1.0,0.9983823299407959,0.018002474680542946,,,
13,6,4,3.713500499725342,1.0000001192092896,0.9917309284210205,0.02513894811272621,,,
13,6,5,1.6954642534255981,1.0,0.9984549880027771,0.061558254063129425,,,
13,6,6,2.670173406600952,1.0,0.998548150062561,0.07254256308078766,,,
13,6,7,2.1859629154205322,1.0,0.9982510209083557,0.04403074458241463,,,
13,6,8,1.203281283378601,1.0,0.9983021020889282,0.02652236819267273,,,
13,6,9,0.5905606150627136,1.0,0.997911274433136,0.004788805730640888,,,
13,6,10,3.1550426483154297,1.0,0.9984592795372009,0.011729037389159203,,,
13,6,11,1.5521414279937744,1.0,0.9980672597885132,0.04885983467102051,,,
13,7,0,1.0766936540603638,1.0,0.9991461038589478,0.028492165729403496,,,
13,7,1,2.3375356197357178,1.0,0.9992821216583252,0.015981759876012802,,,
13,7,2,0.3915303647518158,1.0,0.9993064403533936,0.003573974361643195,,,
13,7,3,1.5148723125457764,1.0,0.9995405673980713,0.044258445501327515,,,
13,7,4,0.9767397046089172,1.0,0.9994651675224304,0.016370004042983055,,,
13,7,5,2.634310007095337,1.0,0.9981006979942322,0.028006836771965027,,,
13,7,6,2.970985174179077,1.0,0.9993711113929749,0.011705175042152405,,,
13,7,7,1.5303701162338257,1.0,0.9994781017303467,0.012882687151432037,,,
13,7,8,1.351929783821106,1.0,0.999009370803833,0.042697593569755554,,,
13,7,9,1.428003191947937,1.0,0.9994005560874939,0.02983798272907734,,,
13,7,10,0.649483859539032,1.0,0.9993477463722229,0.005027600564062595,,,
13,7,11,2.0016674995422363,1.0,0.9994789361953735,0.00790427066385746,,,
13,8,0,3.3142621517181396,1.0,0.9983654618263245,0.023078685626387596,,,
13,8,1,0.8744217157363892,1.0,0.9983071684837341,0.008247463963925838,,,
13,8,2,4.120822906494141,1.0000001192092896,0.9921999573707581,0.013335681520402431,,,
13,8,3,2.0619633197784424,1.0,0.9987252950668335,0.020728396251797676,,,
13,8,4,1.1447982788085938,1.0,0.9985890984535217,0.04645036906003952,,,
13,8,5,1.9399197101593018,1.0,0.9981215000152588,0.039571162313222885,,,
13,8,6,1.9678115844726562,1.0,0.9986562132835388,0.0217441376298666,,,
13,8,7,1.2265489101409912,1.0,0.9982079863548279,0.055226992815732956,,,
13,8,8,2.2753663063049316,1.0,0.9984970688819885,0.03387229144573212,,,
13,8,9,1.9980008602142334,1.0,0.99869304895401,0.028286615386605263,,,
13,8,10,2.188141107559204,1.0,0.9988693594932556,0.06546343863010406,,,
13,8,11,1.9410654306411743,1.0,0.9985193014144897,0.016473015770316124,,,
13,9,0,2.481532335281372,1.0,0.995556652545929,0.047944631427526474,,,
13,9,1,1.8158798217773438,1.0,0.9985074996948242,0.01315799169242382,,,
13,9,2,2.44275164604187,1.0,0.996607780456543,0.019629769027233124,,,
13,9,3,1.6706231832504272,1.0,0.9977268576622009,0.04697328805923462,,,
13,9,4,1.6799453496932983,1.0,0.9986093044281006,0.012546202167868614,,,
13,9,5,2.255432367324829,1.0,0.9987654089927673,0.033571965992450714,,,
13,9,6,1.4808599948883057,1.0,0.9987100958824158,0.006238237489014864,,,
13,9,7,1.9104937314987183,1.0,0.9986200928688049,0.021568581461906433,,,
13,9,8,2.353240728378296,1.0,0.9979846477508545,0.009869107976555824,,,
13,9,9,1.437819242477417,1.0,0.9987145066261292,0.0068419324234128,,,
13,9,10,1.1197869777679443,1.0,0.9984714388847351,0.03942485526204109,,,
13,9,11,2.4989893436431885,1.0,0.9968069195747375,0.0064957523718476295,,,
13,10,0,2.542234420776367,1.0,0.994051992893219,0.014735161326825619,,,
13,10,1,1.7799872159957886,1.0,0.9972386956214905,0.010973031632602215,,,
13,10,2,2.2520194053649902,1.0,0.9964643120765686,0.010681696236133575,,,
13,10,3,2.934513568878174,1.0000001192092896,0.9927472472190857,0.012116135098040104,,,
13,10,4,3.1891794204711914,1.0,0.9957249164581299,0.023024598136544228,,,
13,10,5,1.050436019897461,1.0,0.9973158240318298,0.03028830513358116,,,
13,10,6,1.9551727771759033,1.0,0.9974614977836609,0.010456116870045662,,,
13,10,7,2.598682403564453,1.0,0.9978505969047546,0.033215537667274475,,,
13,10,8,2.219242811203003,1.0,0.9974640011787415,0.010692867450416088,,,
13,10,9,1.478310227394104,1.0,0.9974695444107056,0.06401225179433823,,,
13,10,10,1.974949836730957,1.0,0.9975229501724243,0.00983694102615118,,,
13,10,11,1.8606058359146118,1.0,0.9975122213363647,0.043971844017505646,,,
13,11,0,4.73484992980957,1.0000009536743164,0.8949588537216187,0.025513410568237305,,,
13,11,1,2.7813353538513184,1.0,0.9094690680503845,0.019193334504961967,,,
13,11,2,2.548227071762085,1.0000001192092896,0.9060161113739014,0.008163971826434135,,,
13,11,3,2.36790132522583,1.0,0.9094781279563904,0.035529185086488724,,,
13,11,4,3.8948090076446533,1.0000001192092896,0.91243577003479,0.016059262678027153,,,
13,11,5,2.2273244857788086,1.0,0.9078636765480042,0.012121307663619518,,,
13,11,6,2.0339598655700684,1.0,0.9071800112724304,0.006948091089725494,,,
13,11,7,2.351395845413208,1.0,0.9080337882041931,0.019278256222605705,,,
13,11,8,3.6222774982452393,1.0000227689743042,0.09035977721214294,0.10951673239469528,,,
13,11,9,1.9155584573745728,1.0,0.9071683883666992,0.007722037378698587,,,
13,11,10,2.566232442855835,1.0,0.9108594655990601,0.052345823496580124,,,
13,11,11,2.7040529251098633,1.0,0.9114545583724976,0.04335677996277809,,,
14,0,0,4.478574752807617,1.0000193119049072,0.8092817664146423,0.019394032657146454,,,
14,0,1,0.418546587228775,1.0000331401824951,0.8177894949913025,0.8701278567314148,,,
14,0,2,4.67985200881958,1.0000139474868774,0.7996129393577576,0.04007725417613983,,,
14,0,3,0.41157791018486023,1.0000319480895996,0.8015378713607788,0.83693927526474,,,
14,0,4,1.1432124376296997,1.0000303983688354,0.7935926914215088,0.5920982956886292,,,
14,0,5,1.3095754384994507,1.0000280141830444,0.792255163192749,0.6758291125297546,,,
14,0,6,4.358715534210205,1.000022292137146,0.7342047095298767,0.03154081851243973,,,
14,0,7,1.870100975036621,1.0000293254852295,0.7616530060768127,0.15795357525348663,,,
14,0,8,4.295049667358398,1.0000267028808594,0.817528486251831,0.061094410717487335,,,
14,0,9,4.668670654296875,1.0000193119049072,0.8533220887184143,0.020530151203274727,,,
14,0,10,4.251829147338867,1.0000264644622803,0.8835391998291016,0.16173607110977173,,,
14,0,11,5.494964599609375,1.000015377998352,0.7314249277114868,0.007070153020322323,,,
14,1,0,2.341663122177124,1.0000290870666504,0.7288051247596741,0.09935083985328674,,,
14,1,1,2.7447376251220703,1.0000224113464355,0.7141878604888916,0.0940409004688263,,,
14,1,2,4.774696350097656,1.000016689300537,0.7121370434761047,0.02531588450074196,,,
14,1,3,4.345083713531494,1.0000015497207642,0.7030271291732788,0.03492622822523117,,,
14,1,4,3.749286651611328,1.0000121593475342,0.8270635604858398,0.06920764595270157,,,
14,1,5,4.612281799316406,1.0000126361846924,0.845099687576294,0.08261561393737793,,,
14,1,6,4.419119834899902,1.0000113248825073,0.8237550854682922,0.03822185844182968,,,
14,1,7,4.9517669677734375,1.000014305114746,0.8380622863769531,0.01791485771536827,,,
14,1,8,5.394073963165283,1.0000050067901611,0.8101833462715149,0.009148635901510715,,,
14,1,9,5.495992660522461,1.0000087022781372,0.7922467589378357,0.006607582326978445,,,
14,1,10,4.499886989593506,1.0000156164169312,0.6221094727516174,0.04005863144993782,,,
14,1,11,1.6577694416046143,1.0000290870666504,0.7742145657539368,0.6800011396408081,,,
14,2,0,2.5469601154327393,1.000001072883606,0.8893408179283142,0.09983396530151367,,,
14,2,1,4.85734224319458,1.0000014305114746,0.8809953331947327,0.012226569466292858,,,
14,2,2,1.0790451765060425,1.0000041723251343,0.894095778465271,0.11553746461868286,,,
14,2,3,1.9589029550552368,1.0000054836273193,0.8638349771499634,0.1335085779428482,,,
14,2,4,1.6933706998825073,1.0000001192092896,0.8739286065101624,0.08173033595085144,,,
14,2,5,1.8685790300369263,1.0000033378601074,0.8843879699707031,0.1360110193490982,,,
14,2,6,2.810931444168091,1.0000048875808716,0.8297938704490662,0.07720296829938889,,,
14,2,7,2.541398048400879,1.0,0.8475890755653381,0.031572118401527405,,,
14,2,8,1.914939284324646,1.0000019073486328,0.9000692367553711,0.11647198349237442,,,
14,2,9,1.7613728046417236,1.0000057220458984,0.8675617575645447,0.12326690554618835,,,
14,2,10,3.1244444847106934,1.0000301599502563,0.49670371413230896,0.12687404453754425,,,
14,2,11,3.1747281551361084,1.000000238418579,0.891516923904419,0.10915470123291016,,,
14,3,0,2.8870859146118164,1.0,0.9947231411933899,0.07770279794931412,,,
14,3,1,1.911608099937439,1.0,0.9945350289344788,0.059446368366479874,,,
14,3,2,1.4281949996948242,1.0000003576278687,0.9895694255828857,0.10681940615177155,,,
14,3,3,0.9130306839942932,1.0,0.9946492910385132,0.05625966191291809,,,
14,3,4,3.726672410964966,1.0,0.994978129863739,0.009746668860316277,,,
14,3,5,2.734424114227295,1.0,0.9956716895103455,0.0377788282930851,,,
14,3,6,1.6855390071868896,1.0000003576278687,0.986518144607544,0.14638905227184296,,,
14,3,7,1.441002607345581,1.0000001192092896,0.9930532574653625,0.10763789713382721,,,
14,3,8,1.563113808631897,1.0000001192092896,0.9914807677268982,0.11073576658964157,,,
14,3,9,1.538285732269287,1.0,0.9952016472816467,0.07383330166339874,,,
14,3,10,1.7786133289337158,1.0,0.9947496652603149,0.15743042528629303,,,
14,3,11,1.7638592720031738,1.0000001192092896,0.9935021996498108,0.09578366577625275,,,
14,4,0,1.2301042079925537,1.0,0.9162840247154236,0.05768362805247307,,,
14,4,1,1.5860093832015991,1.0,0.9174568057060242,0.061997584998607635,,,
14,4,2,2.2920093536376953,1.0,0.9150179028511047,0.01605869084596634,,,
14,4,3,1.5889551639556885,1.0,0.9173681735992432,0.07206534594297409,,,
14,4,4,2.938317060470581,1.0,0.9158304333686829,0.04202258214354515,,,
14,4,5,1.5439687967300415,1.0,0.9165214896202087,0.06775528192520142,,,
14,4,6,2.035569667816162,1.0,0.9165050983428955,0.040182989090681076,,,
14,4,7,1.8321911096572876,1.0000005960464478,0.9191781878471375,0.4847986400127411,,,
14,4,8,3.662904739379883,1.0,0.9180282354354858,0.016111258417367935,,,
14,4,9,1.803125023841858,1.0,0.9162817001342773,0.040348175913095474,,,
14,4,10,3.2299306392669678,1.0,0.9156011343002319,0.012026330456137657,,,
14,4,11,0.00968079175800085,1.0000313520431519,0.13026151061058044,0.003731309436261654,,,
14,5,0,2.2524325847625732,1.0,0.9975296258926392,0.013452069833874702,,,
14,5,1,0.26090019941329956,1.0,0.9970396161079407,0.004260391462594271,,,
14,5,2,1.4194022417068481,1.0,0.9974531531333923,0.021112823858857155,,,
14,5,3,2.255075216293335,1.0,0.9956688284873962,0.03309062495827675,,,
14,5,4,1.4815534353256226,1.0,0.9973939657211304,0.048946563154459,,,
14,5,5,2.1029703617095947,1.0,0.9975642561912537,0.013079747557640076,,,
14,5,6,0.6460001468658447,1.0,0.9972515106201172,0.02305193431675434,,,
14,5,7,0.9848599433898926,1.0,0.9973140358924866,0.043878763914108276,,,
14,5,8,1.1014224290847778,1.0,0.9974151849746704,0.02669363282620907,,,
14,5,9,2.9997141361236572,1.0,0.9977920651435852,0.006486175116151571,,,
14,5,10,3.6682651042938232,1.0000004768371582,0.9795681238174438,0.05056251585483551,,,
14,5,11,2.5668182373046875,1.0,0.9976308941841125,0.09919550269842148,,,
14,6,0,1.8062831163406372,1.0,0.9971504211425781,0.03499804809689522,,,
14,6,1,0.6296088695526123,1.0,0.9983978867530823,0.018224552273750305,,,
14,6,2,3.5251262187957764,1.0,0.9982050061225891,0.012408921495079994,,,
14,6,3,1.5167852640151978,1.0,0.9987367987632751,0.016145365312695503,,,
14,6,4,3.6402688026428223,1.0000001192092896,0.9947130084037781,0.022897064685821533,,,
14,6,5,1.6854411363601685,1.0,0.9988218545913696,0.060593221336603165,,,
14,6,6,2.688161849975586,1.0,0.9988654851913452,0.0661039650440216,,,
14,6,7,2.235022783279419,1.0,0.9984006881713867,0.04732838645577431,,,
14,6,8,1.207391381263733,1.0,0.9986724257469177,0.027172716334462166,,,
14,6,9,0.6602317094802856,1.0,0.9983566403388977,0.00604972755536437,,,
14,6,10,3.4204165935516357,1.0,0.9986329674720764,0.010833483189344406,,,
14,6,11,1.5292288064956665,1.0,0.9985589981079102,0.04635646194219589,,,
14,7,0,1.1191610097885132,1.0,0.9990448355674744,0.027444306761026382,,,
14,7,1,2.596043109893799,1.0,0.999103307723999,0.015340209007263184,,,
14,7,2,0.5576646327972412,1.0,0.9993599057197571,0.003571989480406046,,,
14,7,3,1.4726285934448242,1.0,0.9995623230934143,0.04140814393758774,,,
14,7,4,0.9193407893180847,1.0,0.9994779229164124,0.01407099049538374,,,
14,7,5,2.573202610015869,1.0,0.998684287071228,0.024908246472477913,,,
14,7,6,3.1055960655212402,1.0,0.9993833899497986,0.011232567019760609,,,
14,7,7,1.9478130340576172,1.0,0.9995008111000061,0.011246958747506142,,,
14,7,8,1.2668805122375488,1.0,0.9991768002510071,0.037700552493333817,,,
14,7,9,1.3528019189834595,1.0,0.9994338750839233,0.029348447918891907,,,
14,7,10,0.7728521823883057,1.0,0.9993976950645447,0.004481305368244648,,,
14,7,11,2.228879928588867,1.0,0.9994548559188843,0.007608653046190739,,,
14,8,0,3.231841564178467,1.0,0.9986316561698914,0.021401869133114815,,,
14,8,1,1.0471587181091309,1.0,0.9986247420310974,0.007822816260159016,,,
14,8,2,3.9879934787750244,1.0000001192092896,0.993705689907074,0.011560562066733837,,,
14,8,3,1.9438111782073975,1.0,0.9988977909088135,0.01760779693722725,,,
14,8,4,1.1079281568527222,1.0,0.9987615346908569,0.04492075741291046,,,
14,8,5,1.8690481185913086,1.0,0.9984085559844971,0.03687504306435585,,,
14,8,6,2.049706220626831,1.0,0.9988945126533508,0.016741963103413582,,,
14,8,7,1.2736176252365112,1.0,0.9981334209442139,0.05377272889018059,,,
14,8,8,2.280299186706543,1.0,0.9985666871070862,0.03171207010746002,,,
14,8,9,2.1332004070281982,1.0,0.9989073276519775,0.029310619458556175,,,
14,8,10,2.0938880443573,1.0,0.9989970922470093,0.05713362619280815,,,
14,8,11,1.9178520441055298,1.0,0.9987354278564453,0.01820932701230049,,,
14,9,0,2.337212324142456,1.0,0.9966955780982971,0.039809081703424454,,,
14,9,1,1.7153489589691162,1.0,0.9986356496810913,0.011147882789373398,,,
14,9,2,2.333540201187134,1.0,0.9984941482543945,0.019150584936141968,,,
14,9,3,1.620573878288269,1.0,0.997794508934021,0.04938912019133568,,,
14,9,4,1.7175461053848267,1.0,0.9988017678260803,0.012877409346401691,,,
14,9,5,2.0525460243225098,1.0,0.9988477826118469,0.03065548464655876,,,
14,9,6,1.475795030593872,1.0,0.9988157153129578,0.006462825927883387,,,
14,9,7,1.6431111097335815,1.0,0.9987385272979736,0.01852894201874733,,,
14,9,8,2.336259126663208,1.0,0.997891366481781,0.01075410284101963,,,
14,9,9,1.3518606424331665,1.0,0.9987800121307373,0.006951307412236929,,,
14,9,10,1.063368558883667,1.0,0.9986543655395508,0.03770092874765396,,,
14,9,11,2.545081853866577,1.0,0.9940227270126343,0.005819829646497965,,,
14,10,0,2.460818290710449,1.0,0.9967747330665588,0.014980227686464787,,,
14,10,1,1.727708101272583,1.0,0.9979901909828186,0.009921245276927948,,,
14,10,2,2.1538138389587402,1.0,0.9958391189575195,0.008384493179619312,,,
14,10,3,2.858142137527466,1.0000001192092896,0.9949926733970642,0.012632614001631737,,,
14,10,4,2.8362269401550293,1.0,0.9976575374603271,0.019338909536600113,,,
14,10,5,0.9616798162460327,1.0,0.9980444312095642,0.025730550289154053,,,
14,10,6,1.8031522035598755,1.0,0.998015820980072,0.009417764842510223,,,
14,10,7,2.4812843799591064,1.0,0.9984119534492493,0.02717147395014763,,,
14,10,8,2.110222101211548,1.0,0.998109757900238,0.010404477827250957,,,
14,10,9,1.4129269123077393,1.0,0.9981441497802734,0.0696367397904396,,,
14,10,10,1.8544403314590454,1.0,0.9983505010604858,0.009640289470553398,,,
14,10,11,2.0790607929229736,1.0,0.9979307055473328,0.04418674856424332,,,
14,11,0,4.6940178871154785,1.0000009536743164,0.9045925140380859,0.025735650211572647,,,
14,11,1,2.59915828704834,1.0,0.9103297591209412,0.015786483883857727,,,
14,11,2,2.5268356800079346,1.0,0.9085226058959961,0.00905518140643835,,,
14,11,3,2.2496016025543213,1.0,0.910325288772583,0.029691848903894424,,,
14,11,4,3.7490274906158447,1.0,0.9135673642158508,0.016332989558577538,,,
14,11,5,2.0907397270202637,1.0,0.9091112017631531,0.011340725235641003,,,
14,11,6,2.034109115600586,1.0,0.9087401032447815,0.007032912224531174,,,
14,11,7,2.2937302589416504,1.0,0.9095105528831482,0.01771300472319126,,,
14,11,8,3.845582962036133,1.0000247955322266,0.08830101042985916,0.09908343851566315,,,
14,11,9,1.8674293756484985,1.0,0.9084143042564392,0.007754251826554537,,,
14,11,10,2.5936615467071533,1.0,0.9124529361724854,0.0462934710085392,,,
14,11,11,2.815890312194824,1.0000001192092896,0.9130185842514038,0.039792947471141815,,,
15,0,0,4.477976322174072,1.0000195503234863,0.8130707144737244,0.021256981417536736,,,
15,0,1,0.41935068368911743,1.0000323057174683,0.8153112530708313,0.8686029314994812,,,
15,0,2,4.669655799865723,1.0000139474868774,0.803295910358429,0.03808018937706947,,,
15,0,3,0.41129323840141296,1.0000320672988892,0.8016977310180664,0.8503533005714417,,,
15,0,4,1.1601457595825195,1.0000286102294922,0.7878822088241577,0.5821005702018738,,,
15,0,5,1.338829517364502,1.000027060508728,0.7870213985443115,0.6627541780471802,,,
15,0,6,4.361639499664307,1.0000218152999878,0.7477384209632874,0.02969912439584732,,,
15,0,7,1.8780162334442139,1.000029444694519,0.7633355855941772,0.1589268296957016,,,
15,0,8,4.2688164710998535,1.0000239610671997,0.8111579418182373,0.06069081649184227,,,
15,0,9,4.661435127258301,1.0000194311141968,0.8549923300743103,0.020141160115599632,,,
15,0,10,4.237258434295654,1.0000267028808594,0.8848148584365845,0.1612858772277832,,,
15,0,11,5.4606451988220215,1.0000147819519043,0.7319484353065491,0.007226716727018356,,,
15,1,0,2.308770179748535,1.0000282526016235,0.7054067850112915,0.10401687026023865,,,
15,1,1,2.727530002593994,1.0000232458114624,0.7021922469139099,0.09427428990602493,,,
15,1,2,4.764406204223633,1.0000168085098267,0.6908928155899048,0.025547275319695473,,,
15,1,3,4.32340145111084,1.0000016689300537,0.6943531632423401,0.03507620468735695,,,
15,1,4,3.7509052753448486,1.0000113248825073,0.8172475695610046,0.0686882808804512,,,
15,1,5,4.573123455047607,1.000011920928955,0.8320314288139343,0.08333172649145126,,,
15,1,6,4.452755451202393,1.0000101327896118,0.823887288570404,0.03691074997186661,,,
15,1,7,4.9906182289123535,1.0000135898590088,0.8366148471832275,0.017688337713479996,,,
15,1,8,5.35914421081543,1.0000053644180298,0.8024678826332092,0.009293355979025364,,,
15,1,9,5.441298484802246,1.0000059604644775,0.7786781787872314,0.006621719803661108,,,
15,1,10,4.464077472686768,1.0000146627426147,0.6147054433822632,0.04068941995501518,,,
15,1,11,1.6713290214538574,1.0000290870666504,0.7636058926582336,0.6780210137367249,,,
15,2,0,2.545220375061035,1.0000011920928955,0.88521409034729,0.10308925807476044,,,
15,2,1,4.777709484100342,1.0000007152557373,0.8741529583930969,0.011483856476843357,,,
15,2,2,1.0861140489578247,1.0000052452087402,0.8813208937644958,0.1275928020477295,,,
15,2,3,1.9189727306365967,1.0000059604644775,0.8588910698890686,0.13435475528240204,,,
15,2,4,1.6913446187973022,1.000000238418579,0.86716228723526,0.0861642062664032,,,
15,2,5,1.8098537921905518,1.0000042915344238,0.8728719353675842,0.1372602880001068,,,
15,2,6,2.765599250793457,1.0000056028366089,0.8128122687339783,0.0787147805094719,,,
15,2,7,2.582568883895874,1.0,0.8385972380638123,0.032453346997499466,,,
15,2,8,1.882708191871643,1.000002384185791,0.8936021327972412,0.11181632429361343,,,
15,2,9,1.7459452152252197,1.0000048875808716,0.8583560585975647,0.1253141313791275,,,
15,2,10,3.0993402004241943,1.0000299215316772,0.49436280131340027,0.1293012946844101,,,
15,2,11,3.12546968460083,1.0000003576278687,0.8821523785591125,0.1098107174038887,,,
15,3,0,2.7276947498321533,1.0,0.9949374794960022,0.0687360092997551,,,
15,3,1,1.8986324071884155,1.0000001192092896,0.9947329163551331,0.06064791977405548,,,
15,3,2,1.4037705659866333,1.0000003576278687,0.9897520542144775,0.10843956470489502,,,
15,3,3,0.9115263223648071,1.0,0.994803786277771,0.05962967872619629,,,
15,3,4,3.615432024002075,1.0,0.9951982498168945,0.009136242792010307,,,
15,3,5,2.6489434242248535,1.0,0.9958469867706299,0.03832234442234039,,,
15,3,6,1.700343370437622,1.0000003576278687,0.9883928894996643,0.15131674706935883,,,
15,3,7,1.433943271636963,1.0000001192092896,0.9929221868515015,0.11048558354377747,,,
15,3,8,1.515380859375,1.000000238418579,0.990784227848053,0.1150038093328476,,,
15,3,9,1.5353304147720337,1.0,0.995596170425415,0.07088597118854523,,,
15,3,10,1.7506335973739624,1.0,0.9950015544891357,0.15798036754131317,,,
15,3,11,1.762325644493103,1.0000001192092896,0.99458909034729,0.10132589191198349,,,
15,4,0,1.2001445293426514,1.0,0.9165590405464172,0.059957973659038544,,,
15,4,1,1.5506397485733032,1.0,0.9172642230987549,0.06168258935213089,,,
15,4,2,2.320578098297119,1.0,0.9151927828788757,0.016376951709389687,,,
15,4,3,1.5694992542266846,1.0,0.9171979427337646,0.06412895023822784,,,
15,4,4,2.895404815673828,1.0,0.9158971309661865,0.043548643589019775,,,
15,4,5,1.4521565437316895,1.0,0.915866494178772,0.06112378463149071,,,
15,4,6,2.0111231803894043,1.0,0.9165613651275635,0.04042687267065048,,,
15,4,7,1.8358080387115479,1.0000004768371582,0.9185972809791565,0.481279581785202,,,
15,4,8,3.5449211597442627,1.0,0.9178600311279297,0.0173915084451437,,,
15,4,9,1.7866090536117554,1.0,0.9164114594459534,0.03628719225525856,,,
15,4,10,3.2726895809173584,1.0,0.9158048033714294,0.013333735056221485,,,
15,4,11,0.010723412968218327,1.0000301599502563,0.13286469876766205,0.0037577899638563395,,,
15,5,0,2.026773452758789,1.0,0.9984617829322815,0.014952416531741619,,,
15,5,1,0.24956907331943512,1.0,0.9980058073997498,0.004980290774255991,,,
15,5,2,1.3989267349243164,1.0,0.9982995390892029,0.021809712052345276,,,
15,5,3,2.278017997741699,1.0000001192092896,0.9963082671165466,0.034837279468774796,,,
15,5,4,1.4633973836898804,1.0,0.9982585906982422,0.05109115317463875,,,
15,5,5,1.8929286003112793,1.0,0.9983394145965576,0.012369713746011257,,,
15,5,6,0.6762686371803284,1.0,0.9982256293296814,0.025450574234128,,,
15,5,7,0.9737838506698608,1.0,0.9982700943946838,0.04169635847210884,,,
15,5,8,1.0911874771118164,1.0,0.9983424544334412,0.03117261826992035,,,
15,5,9,2.8519368171691895,1.0,0.9986011385917664,0.006382831372320652,,,
15,5,10,3.5410685539245605,1.000000238418579,0.9897580742835999,0.0443185456097126,,,
15,5,11,2.5813043117523193,1.0,0.9984785318374634,0.10643358528614044,,,
15,6,0,1.7847040891647339,1.0,0.9965029358863831,0.035902731120586395,,,
15,6,1,0.6768323183059692,1.0,0.9981808066368103,0.021022159606218338,,,
15,6,2,3.5196008682250977,1.0,0.9980060458183289,0.013270197436213493,,,
15,6,3,1.6257636547088623,1.0,0.9985912442207336,0.017112748697400093,,,
15,6,4,3.703807830810547,1.0000001192092896,0.9932671189308167,0.024069251492619514,,,
15,6,5,1.667281150817871,1.0,0.9986196160316467,0.06157274916768074,,,
15,6,6,2.679716110229492,1.0,0.9987085461616516,0.07060417532920837,,,
15,6,7,2.1624929904937744,1.0,0.9984607100486755,0.04411623254418373,,,
15,6,8,1.183523178100586,1.0,0.9984593987464905,0.02587822638452053,,,
15,6,9,0.62352055311203,1.0,0.9981149435043335,0.005584926810115576,,,
15,6,10,3.4168384075164795,1.0,0.9983634948730469,0.012115773744881153,,,
15,6,11,1.5105805397033691,1.0,0.998439371585846,0.048022158443927765,,,
15,7,0,1.0698597431182861,1.0,0.9992015957832336,0.03040766716003418,,,
15,7,1,2.1061127185821533,1.0,0.9994083046913147,0.012534246779978275,,,
15,7,2,0.4891487658023834,1.0,0.9993883371353149,0.004003777168691158,,,
15,7,3,1.4536253213882446,1.0,0.9995706677436829,0.044113639742136,,,
15,7,4,0.9129845499992371,1.0,0.9995079040527344,0.015483308583498001,,,
15,7,5,2.605950117111206,1.0,0.9980011582374573,0.027249392122030258,,,
15,7,6,2.873492479324341,1.0,0.9994705319404602,0.01099410466849804,,,
15,7,7,1.6655681133270264,1.0,0.999506413936615,0.010756593197584152,,,
15,7,8,1.3033108711242676,1.0,0.9990880489349365,0.039330337196588516,,,
15,7,9,1.3147348165512085,1.0,0.9994720220565796,0.028896477073431015,,,
15,7,10,0.6275094151496887,1.0,0.9993924498558044,0.004556057043373585,,,
15,7,11,2.0612130165100098,1.0,0.9995096325874329,0.007277403958141804,,,
15,8,0,3.3433492183685303,1.0,0.9983977675437927,0.02148294821381569,,,
15,8,1,0.9991147518157959,1.0,0.9983268976211548,0.007705627009272575,,,
15,8,2,4.160612106323242,1.000000238418579,0.9914514422416687,0.012546617537736893,,,
15,8,3,1.9487825632095337,1.0,0.9986470937728882,0.019277498126029968,,,
15,8,4,1.1624417304992676,1.0,0.9985597729682922,0.048328038305044174,,,
15,8,5,1.9397060871124268,1.0,0.997898280620575,0.04206094890832901,,,
15,8,6,2.0731706619262695,1.0,0.9987020492553711,0.019329192116856575,,,
15,8,7,1.2366979122161865,1.0,0.9981910586357117,0.055365875363349915,,,
15,8,8,2.175036668777466,1.0,0.9985079169273376,0.030139755457639694,,,
15,8,9,1.9351558685302734,1.0,0.9986470937728882,0.02691502869129181,,,
15,8,10,2.1750943660736084,1.0,0.9988192915916443,0.0645667165517807,,,
15,8,11,1.9268133640289307,1.0,0.9985752701759338,0.016090601682662964,,,
15,9,0,2.3586227893829346,1.0,0.9969930648803711,0.039994169026613235,,,
15,9,1,1.978744387626648,1.0,0.9985864758491516,0.011303102597594261,,,
15,9,2,2.4428281784057617,1.0,0.9981544613838196,0.01961425133049488,,,
15,9,3,1.6383192539215088,1.0,0.9980800747871399,0.04570774734020233,,,
15,9,4,1.7629636526107788,1.0,0.9987951517105103,0.01227512490004301,,,
15,9,5,2.194326400756836,1.0,0.9988792538642883,0.031352389603853226,,,
15,9,6,1.5465762615203857,1.0,0.9987787008285522,0.006605824921280146,,,
15,9,7,1.8487777709960938,1.0,0.9987564086914062,0.01918944902718067,,,
15,9,8,2.3914310932159424,1.0,0.9979442954063416,0.01001889817416668,,,
15,9,9,1.4085389375686646,1.0,0.9986976981163025,0.006913512479513884,,,
15,9,10,1.1211621761322021,1.0,0.9986646175384521,0.03817187249660492,,,
15,9,11,2.7158591747283936,1.0000001192092896,0.9947952032089233,0.005953976418823004,,,
15,10,0,2.505049228668213,1.0000001192092896,0.9959960579872131,0.014626162126660347,,,
15,10,1,1.7795250415802002,1.0,0.9973782896995544,0.010440482757985592,,,
15,10,2,2.3083760738372803,1.0000001192092896,0.9954706430435181,0.00877305120229721,,,
15,10,3,2.8775575160980225,1.0,0.9928011298179626,0.011732895858585835,,,
15,10,4,3.245102643966675,1.0,0.9951215386390686,0.021801522001624107,,,
15,10,5,1.0267763137817383,1.0,0.9975112676620483,0.02739643305540085,,,
15,10,6,1.8726954460144043,1.0,0.9973078370094299,0.01018131710588932,,,
15,10,7,2.526160478591919,1.0,0.9980238080024719,0.030209409072995186,,,
15,10,8,2.3058526515960693,1.0,0.9976020455360413,0.012343043461441994,,,
15,10,9,1.433490514755249,1.0,0.9975891709327698,0.06307639926671982,,,
15,10,10,1.797855019569397,1.0,0.9975829720497131,0.008733132854104042,,,
15,10,11,1.8665275573730469,1.0,0.9977430105209351,0.04424537718296051,,,
15,11,0,4.726391315460205,1.000001311302185,0.895835816860199,0.026795409619808197,,,
15,11,1,2.733609914779663,1.0,0.909252405166626,0.017760053277015686,,,
15,11,2,2.5539188385009766,1.0,0.9077107906341553,0.008868786506354809,,,
15,11,3,2.399057388305664,1.0,0.9098877310752869,0.03616828843951225,,,
15,11,4,3.8120357990264893,1.0,0.9115736484527588,0.016114991158246994,,,
15,11,5,2.224472999572754,1.0,0.9079916477203369,0.01218506507575512,,,
15,11,6,1.9908040761947632,1.0,0.9070939421653748,0.006773163098841906,,,
15,11,7,2.432145118713379,1.0,0.9087165594100952,0.017621081322431564,,,
15,11,8,3.680084705352783,1.0000226497650146,0.0904156044125557,0.10316929966211319,,,
15,11,9,1.8682366609573364,1.0,0.9072105884552002,0.007611499167978764,,,
15,11,10,2.540074348449707,1.0,0.9110124111175537,0.0492541678249836,,,
15,11,11,2.65535306930542,1.0,0.9114097952842712,0.045109059661626816,,,
16,0,0,4.408177375793457,1.0000184774398804,0.7972114086151123,0.02066803351044655,,,
16,0,1,0.425298810005188,1.0000311136245728,0.8124246597290039,0.8672093152999878,,,
16,0,2,4.650572299957275,1.0000134706497192,0.7990269064903259,0.04103541001677513,,,
16,0,3,0.4257563650608063,1.0000312328338623,0.7991943955421448,0.8338629007339478,,,
16,0,4,1.2242810726165771,1.0000278949737549,0.7927870154380798,0.5663793683052063,,,
16,0,5,1.3635635375976562,1.0000269412994385,0.7824773192405701,0.6523805260658264,,,
16,0,6,4.273751735687256,1.0000205039978027,0.7255612015724182,0.03243293985724449,,,
16,0,7,1.874472975730896,1.000028371810913,0.7623250484466553,0.1607142835855484,,,
16,0,8,4.269721031188965,1.0000250339508057,0.8049802184104919,0.059310510754585266,,,
16,0,9,4.634066104888916,1.00001859664917,0.8500682711601257,0.022658642381429672,,,
16,0,10,4.21320104598999,1.0000261068344116,0.8813753724098206,0.1590607762336731,,,
16,0,11,5.424317836761475,1.0000146627426147,0.7277219295501709,0.007377122063189745,,,
16,1,0,2.2965316772460938,1.0000274181365967,0.715951681137085,0.09779638797044754,,,
16,1,1,2.7520313262939453,1.0000226497650146,0.71771639585495,0.09221246838569641,,,
16,1,2,4.755310535430908,1.0000172853469849,0.6797382235527039,0.026136603206396103,,,
16,1,3,4.301921367645264,1.0000014305114746,0.6914581656455994,0.03495616838335991,,,
16,1,4,3.7544798851013184,1.0000102519989014,0.8186874389648438,0.06901579350233078,,,
16,1,5,4.558368682861328,1.0000126361846924,0.8358805179595947,0.09025462716817856,,,
16,1,6,4.41495418548584,1.0000108480453491,0.8102112412452698,0.03686539828777313,,,
16,1,7,4.911427021026611,1.0000123977661133,0.8264912962913513,0.018592707812786102,,,
16,1,8,5.34350061416626,1.0000046491622925,0.7978227734565735,0.009424358606338501,,,
16,1,9,5.419114112854004,1.0000073909759521,0.7770195603370667,0.006822462193667889,,,
16,1,10,4.44924259185791,1.0000139474868774,0.6135457754135132,0.04083871468901634,,,
16,1,11,1.6625298261642456,1.0000275373458862,0.7633519768714905,0.6773388385772705,,,
16,2,0,2.5364646911621094,1.0000014305114746,0.887202799320221,0.10205355286598206,,,
16,2,1,4.725561141967773,1.0000011920928955,0.8731046915054321,0.012236659415066242,,,
16,2,2,1.0889803171157837,1.0000053644180298,0.8885095119476318,0.11749215424060822,,,
16,2,3,1.9243597984313965,1.000006079673767,0.8615719079971313,0.12880350649356842,,,
16,2,4,1.7041350603103638,1.000000238418579,0.8714361190795898,0.07994385063648224,,,
16,2,5,1.8301714658737183,1.000004529953003,0.8752555847167969,0.13175414502620697,,,
16,2,6,2.8599681854248047,1.0000035762786865,0.8413227200508118,0.07606564462184906,,,
16,2,7,2.603734254837036,1.0,0.8430690765380859,0.03222006559371948,,,
16,2,8,1.8978965282440186,1.0000019073486328,0.8977252840995789,0.10906343907117844,,,
16,2,9,1.7567225694656372,1.000004529953003,0.8618684411048889,0.1231827512383461,,,
16,2,10,3.1256353855133057,1.0000286102294922,0.5121227502822876,0.12455300986766815,,,
16,2,11,3.117257833480835,1.0000003576278687,0.8852903246879578,0.10565154254436493,,,
16,3,0,2.7948882579803467,1.0,0.9939491152763367,0.08261525630950928,,,
16,3,1,1.9736441373825073,1.0,0.994122326374054,0.059898681938648224,,,
16,3,2,1.4095382690429688,1.0000003576278687,0.9869586825370789,0.11021227389574051,,,
16,3,3,0.9399325251579285,1.0,0.9937735199928284,0.06252633780241013,,,
16,3,4,3.6274564266204834,1.0,0.9941650032997131,0.010140443220734596,,,
16,3,5,2.7467198371887207,1.0,0.9949645400047302,0.038135915994644165,,,
16,3,6,1.6948000192642212,1.0000003576278687,0.9870321750640869,0.15615050494670868,,,
16,3,7,1.449353814125061,1.0000001192092896,0.9919968247413635,0.10886462777853012,,,
16,3,8,1.5430583953857422,1.000000238418579,0.9888322353363037,0.11783594638109207,,,
16,3,9,1.5912237167358398,1.0,0.9946547150611877,0.0754334032535553,,,
16,3,10,1.773545265197754,1.0,0.9938718676567078,0.15532618761062622,,,
16,3,11,1.7738431692123413,1.0000001192092896,0.9921085238456726,0.0986962839961052,,,
16,4,0,1.2435221672058105,1.0,0.9161801934242249,0.060101378709077835,,,
16,4,1,1.628212809562683,1.0000001192092896,0.9180731177330017,0.06589064747095108,,,
16,4,2,2.382256031036377,1.0,0.9151643514633179,0.016523567959666252,,,
16,4,3,1.5938992500305176,1.0,0.9170228838920593,0.07038810104131699,,,
16,4,4,2.9566574096679688,1.0,0.9159534573554993,0.04495488852262497,,,
16,4,5,1.4930309057235718,1.0,0.9161956310272217,0.06602777540683746,,,
16,4,6,2.059145212173462,1.0,0.9165355563163757,0.0407763347029686,,,
16,4,7,1.793359398841858,1.0000007152557373,0.9185324311256409,0.4984636902809143,,,
16,4,8,3.5365803241729736,1.0,0.9177899956703186,0.018231119960546494,,,
16,4,9,1.8740359544754028,1.0,0.916778564453125,0.03766460716724396,,,
16,4,10,3.1776905059814453,1.0,0.9154527187347412,0.012703515589237213,,,
16,4,11,0.010010363534092903,1.0000286102294922,0.1377134770154953,0.004261469934135675,,,
16,5,0,1.9828556776046753,1.0,0.9974666237831116,0.01385595090687275,,,
16,5,1,0.21682339906692505,1.0,0.996860921382904,0.004631689749658108,,,
16,5,2,1.431350588798523,1.0,0.9973663091659546,0.021987035870552063,,,
16,5,3,2.35600209236145,1.0000001192092896,0.9940335750579834,0.034590017050504684,,,
16,5,4,1.5628479719161987,1.0,0.9973884224891663,0.05144750326871872,,,
16,5,5,2.087099313735962,1.0,0.9974851012229919,0.01386574748903513,,,
16,5,6,0.6483291983604431,1.0,0.9971170425415039,0.023851139470934868,,,
16,5,7,1.041504144668579,1.0,0.9972571730613708,0.04504893720149994,,,
16,5,8,1.1173820495605469,1.0,0.9972866177558899,0.02880409173667431,,,
16,5,9,2.98321795463562,1.0,0.9977001547813416,0.007691053673624992,,,
16,5,10,3.6474533081054688,1.0000005960464478,0.980753481388092,0.0441366545855999,,,
16,5,11,2.595111846923828,1.0,0.997542142868042,0.11827094852924347,,,
16,6,0,1.8405929803848267,1.0,0.9963446259498596,0.03718092292547226,,,
16,6,1,0.7643076181411743,1.0,0.998176634311676,0.022062446922063828,,,
16,6,2,3.559838056564331,1.0,0.9979286789894104,0.01222668495029211,,,
16,6,3,1.69319486618042,1.0,0.9985725283622742,0.017301421612501144,,,
16,6,4,3.6624929904937744,1.0000001192092896,0.9941823482513428,0.02229944057762623,,,
16,6,5,1.802781343460083,1.0,0.9986534714698792,0.06302967667579651,,,
16,6,6,2.7831547260284424,1.0,0.9986932277679443,0.0741332620382309,,,
16,6,7,2.336009979248047,1.0,0.9981902837753296,0.04165837541222572,,,
16,6,8,1.2532180547714233,1.0,0.9985112547874451,0.027216361835598946,,,
16,6,9,0.7081952095031738,1.0,0.9980778098106384,0.005588247440755367,,,
16,6,10,3.1826469898223877,1.0,0.9985883831977844,0.010630611330270767,,,
16,6,11,1.672342300415039,1.0,0.9982039928436279,0.05085238069295883,,,
16,7,0,1.0781779289245605,1.0,0.9989280700683594,0.02860368974506855,,,
16,7,1,2.659252643585205,1.0,0.9988172054290771,0.01771850511431694,,,
16,7,2,0.41549041867256165,1.0,0.9990716576576233,0.0041914405301213264,,,
16,7,3,1.6333279609680176,1.0,0.9993597269058228,0.046225957572460175,,,
16,7,4,0.9718942642211914,1.0,0.9992627501487732,0.01604771427810192,,,
16,7,5,2.751558303833008,1.0,0.9972096085548401,0.02737295627593994,,,
16,7,6,3.169048547744751,1.0,0.999127209186554,0.01223281491547823,,,
16,7,7,1.6368592977523804,1.0,0.9993116855621338,0.012808913365006447,,,
16,7,8,1.3979495763778687,1.0,0.9988884329795837,0.03651679679751396,,,
16,7,9,1.5512566566467285,1.0,0.9991759657859802,0.03289986401796341,,,
16,7,10,0.9096188545227051,1.0,0.9991782903671265,0.0067790658213198185,,,
16,7,11,2.07824444770813,1.0,0.9992786049842834,0.007810900453478098,,,
16,8,0,3.3766400814056396,1.0,0.9979454278945923,0.02437276765704155,,,
16,8,1,1.0969809293746948,1.0,0.9976739287376404,0.011048227548599243,,,
16,8,2,4.250828266143799,1.000000238418579,0.9888464212417603,0.01214069128036499,,,
16,8,3,2.3612465858459473,1.0,0.9981350302696228,0.02249249815940857,,,
16,8,4,1.1713166236877441,1.0,0.997833788394928,0.045510247349739075,,,
16,8,5,1.9903626441955566,1.0,0.9973564147949219,0.038717810064554214,,,
16,8,6,2.1082916259765625,1.0,0.998098611831665,0.021922284737229347,,,
16,8,7,1.2612361907958984,1.0,0.9976633191108704,0.053467847406864166,,,
16,8,8,2.584632158279419,1.0,0.9963707327842712,0.03249353542923927,,,
16,8,9,2.3511033058166504,1.0,0.9981668591499329,0.029077989980578423,,,
16,8,10,2.339984178543091,1.0,0.998286247253418,0.06731635332107544,,,
16,8,11,1.9157649278640747,1.0,0.9979099631309509,0.016241300851106644,,,
16,9,0,2.512403964996338,1.0,0.996421217918396,0.03371681645512581,,,
16,9,1,2.0009398460388184,1.0,0.9985841512680054,0.01234858576208353,,,
16,9,2,2.685173511505127,1.0,0.9979372620582581,0.017261553555727005,,,
16,9,3,1.6950207948684692,1.0,0.9979221224784851,0.04642046242952347,,,
16,9,4,1.869976282119751,1.0,0.9988269209861755,0.01332936342805624,,,
16,9,5,2.2146501541137695,1.0,0.9989120960235596,0.031536225229501724,,,
16,9,6,1.6608127355575562,1.0,0.9988076686859131,0.006843272130936384,,,
16,9,7,1.9874505996704102,1.0,0.9987361431121826,0.01975100114941597,,,
16,9,8,2.43768572807312,1.0,0.998608410358429,0.009102201089262962,,,
16,9,9,1.6635496616363525,1.0,0.9985984563827515,0.007502269931137562,,,
16,9,10,1.1666117906570435,1.0,0.9986019134521484,0.039984237402677536,,,
16,9,11,2.5753679275512695,1.0,0.99637371301651,0.00598894851282239,,,
16,10,0,2.573239326477051,1.0,0.9942142367362976,0.011748787946999073,,,
16,10,1,1.9753367900848389,1.0,0.9965569972991943,0.010791323147714138,,,
16,10,2,2.435502052307129,1.0,0.9957085251808167,0.010908016934990883,,,
16,10,3,2.938704490661621,1.000000238418579,0.9906827807426453,0.012722518295049667,,,
16,10,4,3.2202188968658447,1.0,0.9956068396568298,0.02226821519434452,,,
16,10,5,1.0723358392715454,1.0,0.996900200843811,0.027423596009612083,,,
16,10,6,1.8265529870986938,1.0,0.9963740706443787,0.008438470773398876,,,
16,10,7,2.753431558609009,1.0,0.9973856210708618,0.028026053681969643,,,
16,10,8,2.3392720222473145,1.0,0.9970917105674744,0.012963354587554932,,,
16,10,9,1.4306684732437134,1.0,0.9970995187759399,0.06624914705753326,,,
16,10,10,1.9869868755340576,1.0,0.9968146681785583,0.00878958124667406,,,
16,10,11,2.0457229614257812,1.0,0.9971011877059937,0.040651533752679825,,,
16,11,0,4.7803192138671875,1.0000014305114746,0.8928604125976562,0.02603810280561447,,,
16,11,1,2.7723991870880127,1.0,0.9080525040626526,0.01707109436392784,,,
16,11,2,2.5010228157043457,1.0000001192092896,0.904657781124115,0.008561765775084496,,,
16,11,3,2.4585306644439697,1.0,0.9086171984672546,0.030790897086262703,,,
16,11,4,3.9049158096313477,1.0000001192092896,0.9097766876220703,0.016222432255744934,,,
16,11,5,2.287247896194458,1.0,0.9066057801246643,0.012624215334653854,,,
16,11,6,2.0834643840789795,1.0,0.9058216214179993,0.007140656933188438,,,
16,11,7,2.467465400695801,1.0,0.9072604775428772,0.018441131338477135,,,
16,11,8,3.785111665725708,1.000022530555725,0.09879673272371292,0.09558817744255066,,,
16,11,9,2.0650792121887207,1.0,0.9059867262840271,0.008098495192825794,,,
16,11,10,2.7913198471069336,1.0,0.9111303687095642,0.05204208567738533,,,
16,11,11,2.9217987060546875,1.0,0.9108378887176514,0.0370769165456295,,,
17,0,0,4.433008670806885,1.0000181198120117,0.8042563796043396,0.020373430103063583,,,
17,0,1,0.4630110561847687,1.0000312328338623,0.8122734427452087,0.8550781607627869,,,
17,0,2,4.6591410636901855,1.0000123977661133,0.8013690710067749,0.03948115557432175,,,
17,0,3,0.434458464384079,1.0000309944152832,0.7941904664039612,0.8302083611488342,,,
17,0,4,1.1849194765090942,1.0000288486480713,0.7934972643852234,0.5799276828765869,,,
17,0,5,1.3950088024139404,1.0000256299972534,0.7775498032569885,0.6541392207145691,,,
17,0,6,4.312105178833008,1.0000215768814087,0.7344912886619568,0.031189877539873123,,,
17,0,7,1.8530402183532715,1.0000277757644653,0.7561517357826233,0.16041027009487152,,,
17,0,8,4.240086078643799,1.000024676322937,0.8101320862770081,0.06061502546072006,,,
17,0,9,4.643383026123047,1.00001859664917,0.8494247198104858,0.021440600976347923,,,
17,0,10,4.2300825119018555,1.0000255107879639,0.8815239071846008,0.1584213227033615,,,
17,0,11,5.4299445152282715,1.0000146627426147,0.7338318228721619,0.007632113061845303,,,
17,1,0,2.320561408996582,1.0000277757644653,0.7153510451316833,0.10135912150144577,,,
17,1,1,2.744006395339966,1.000022292137146,0.7149907946586609,0.09706605225801468,,,
17,1,2,4.746912956237793,1.000016450881958,0.6791092157363892,0.026286134496331215,,,
17,1,3,4.28408670425415,1.000001311302185,0.6932111978530884,0.03535069152712822,,,
17,1,4,3.740969181060791,1.0000108480453491,0.8165377974510193,0.06977876275777817,,,
17,1,5,4.569143772125244,1.0000110864639282,0.8367471098899841,0.0837654322385788,,,
17,1,6,4.4458770751953125,1.0000110864639282,0.8179376721382141,0.03841415420174599,,,
17,1,7,4.932331562042236,1.0000122785568237,0.8323871493339539,0.018814554437994957,,,
17,1,8,5.32741641998291,1.0000042915344238,0.8020616769790649,0.009663330391049385,,,
17,1,9,5.407373905181885,1.0000072717666626,0.7820966839790344,0.006917879916727543,,,
17,1,10,4.4420247077941895,1.000014305114746,0.6096737384796143,0.04126725345849991,,,
17,1,11,1.6851822137832642,1.0000286102294922,0.764540433883667,0.6743189096450806,,,
17,2,0,2.5153634548187256,1.0000011920928955,0.8858230113983154,0.10010601580142975,,,
17,2,1,4.7259368896484375,1.0000009536743164,0.8766197562217712,0.012067175470292568,,,
17,2,2,1.091111660003662,1.000005841255188,0.8839126825332642,0.12116571515798569,,,
17,2,3,1.9396228790283203,1.0000053644180298,0.8602983355522156,0.1321481466293335,,,
17,2,4,1.6873860359191895,1.0000001192092896,0.8712496161460876,0.08771122992038727,,,
17,2,5,1.8246980905532837,1.0000040531158447,0.8769842386245728,0.13715188205242157,,,
17,2,6,2.7874364852905273,1.0000042915344238,0.8247300982475281,0.07828205078840256,,,
17,2,7,2.6215291023254395,1.0,0.8430944085121155,0.032590340822935104,,,
17,2,8,1.8914119005203247,1.000002145767212,0.8960500359535217,0.10942161828279495,,,
17,2,9,1.7480120658874512,1.0000059604644775,0.8552177548408508,0.12232416868209839,,,
17,2,10,3.109210252761841,1.0000286102294922,0.5109089016914368,0.12816934287548065,,,
17,2,11,3.1213884353637695,1.000000238418579,0.885004460811615,0.10861510038375854,,,
17,3,0,2.7278523445129395,1.0,0.994172990322113,0.06908388435840607,,,
17,3,1,1.8991347551345825,1.0,0.994249701499939,0.059564486145973206,,,
17,3,2,1.4338475465774536,1.0000003576278687,0.9882269501686096,0.11244311928749084,,,
17,3,3,0.9157198071479797,1.0,0.9941034317016602,0.05789921060204506,,,
17,3,4,3.5584847927093506,1.0,0.9945815801620483,0.009108062833547592,,,
17,3,5,2.723757743835449,1.0,0.9953161478042603,0.037032756954431534,,,
17,3,6,1.7029443979263306,1.0000003576278687,0.986965000629425,0.15628188848495483,,,
17,3,7,1.4214690923690796,1.000000238418579,0.9915665984153748,0.10885090380907059,,,
17,3,8,1.5482982397079468,1.000000238418579,0.9901783466339111,0.1125895082950592,,,
17,3,9,1.5678132772445679,1.0,0.9949918985366821,0.07095940411090851,,,
17,3,10,1.761458158493042,1.0,0.9943329095840454,0.15760698914527893,,,
17,3,11,1.782311201095581,1.0000001192092896,0.993046224117279,0.0993228629231453,,,
17,4,0,1.216139316558838,1.0,0.9163739681243896,0.06042758375406265,,,
17,4,1,1.5683982372283936,1.0,0.9175540804862976,0.0634385496377945,,,
17,4,2,2.2598042488098145,1.0,0.9148228168487549,0.015413002111017704,,,
17,4,3,1.546466588973999,1.0,0.9171031713485718,0.07142031937837601,,,
17,4,4,2.86407732963562,1.0,0.9156263470649719,0.04202088713645935,,,
17,4,5,1.491501808166504,1.0,0.9161987900733948,0.06886325031518936,,,
17,4,6,2.00465726852417,1.0,0.9164382815361023,0.041222043335437775,,,
17,4,7,1.790555715560913,1.0000004768371582,0.9185699224472046,0.489432692527771,,,
17,4,8,3.5064361095428467,1.0,0.9176618456840515,0.01649245247244835,,,
17,4,9,1.8364877700805664,1.0,0.9166392683982849,0.03736920282244682,,,
17,4,10,3.1873934268951416,1.0,0.9156122207641602,0.013806614093482494,,,
17,4,11,0.010437368415296078,1.0000275373458862,0.13660119473934174,0.004021446220576763,,,
17,5,0,2.0567851066589355,1.0,0.998160183429718,0.012857687659561634,,,
17,5,1,0.22018155455589294,1.0,0.9976593255996704,0.00434040417894721,,,
17,5,2,1.4235306978225708,1.0,0.9980555176734924,0.022775327786803246,,,
17,5,3,2.2762391567230225,1.0000001192092896,0.9951610565185547,0.0349675752222538,,,
17,5,4,1.5176801681518555,1.0,0.9979445934295654,0.0507955364882946,,,
17,5,5,1.901364803314209,1.0,0.9981008768081665,0.011775203980505466,,,
17,5,6,0.6682024598121643,1.0,0.9979005455970764,0.023987988010048866,,,
17,5,7,0.9890493750572205,1.0,0.9979755282402039,0.041352033615112305,,,
17,5,8,1.0950770378112793,1.0,0.9980285167694092,0.02841252088546753,,,
17,5,9,2.750276565551758,1.0,0.9983188509941101,0.0072462051175534725,,,
17,5,10,3.5442590713500977,1.000000238418579,0.9872728586196899,0.04359937086701393,,,
17,5,11,2.521277666091919,1.0,0.9981963634490967,0.10723435133695602,,,
17,6,0,1.8048782348632812,1.0000001192092896,0.9958994388580322,0.03499055653810501,,,
17,6,1,0.6971302032470703,1.0,0.9981681704521179,0.01994634047150612,,,
17,6,2,3.5298779010772705,1.0,0.9978576898574829,0.01326597947627306,,,
17,6,3,1.597923994064331,1.0,0.9985584020614624,0.01583337038755417,,,
17,6,4,3.6822845935821533,1.0000001192092896,0.9938458800315857,0.024412501603364944,,,
17,6,5,1.7142446041107178,1.0,0.9986051321029663,0.061763182282447815,,,
17,6,6,2.7108685970306396,1.0,0.9986621737480164,0.06800688058137894,,,
17,6,7,2.181706666946411,1.0,0.9983922839164734,0.044122785329818726,,,
17,6,8,1.212061882019043,1.0,0.998482882976532,0.027491524815559387,,,
17,6,9,0.6165405511856079,1.0,0.9980583190917969,0.004933028016239405,,,
17,6,10,3.384150266647339,1.0,0.998455822467804,0.010594932362437248,,,
17,6,11,1.5770639181137085,1.0,0.998344361782074,0.04546886309981346,,,
17,7,0,1.0862700939178467,1.0,0.9989659786224365,0.028514999896287918,,,
17,7,1,2.489286184310913,1.0,0.9991214871406555,0.015043930150568485,,,
17,7,2,0.4614560306072235,1.0,0.9992236495018005,0.0037879114970564842,,,
17,7,3,1.5603046417236328,1.0,0.9994820952415466,0.04510854557156563,,,
17,7,4,0.9565322399139404,1.0,0.9993793368339539,0.015596537850797176,,,
17,7,5,2.727945327758789,1.0,0.997352659702301,0.026036281138658524,,,
17,7,6,3.012629747390747,1.0,0.9993507862091064,0.011054507456719875,,,
17,7,7,1.81661856174469,1.0,0.9994019865989685,0.013276125304400921,,,
17,7,8,1.2753491401672363,1.0,0.9991474151611328,0.03806396201252937,,,
17,7,9,1.4368597269058228,1.0,0.9993597269058228,0.030378112569451332,,,
17,7,10,0.6950446963310242,1.0,0.9992692470550537,0.004892287775874138,,,
17,7,11,2.186135768890381,1.0,0.9994298815727234,0.007859664969146252,,,
17,8,0,3.2593557834625244,1.0,0.9986763596534729,0.022783134132623672,,,
17,8,1,1.0237306356430054,1.0,0.9985226988792419,0.009019069373607635,,,
17,8,2,4.060823917388916,1.0000001192092896,0.9935495853424072,0.012428544461727142,,,
17,8,3,2.0178098678588867,1.0,0.9988067150115967,0.02007623389363289,,,
17,8,4,1.1635459661483765,1.0,0.9987184405326843,0.04815087094902992,,,
17,8,5,1.90865957736969,1.0,0.9978407025337219,0.038888558745384216,,,
17,8,6,1.940612554550171,1.0,0.9988247156143188,0.017368430271744728,,,
17,8,7,1.2071614265441895,1.0,0.9983194470405579,0.05165112763643265,,,
17,8,8,2.277583360671997,1.0,0.9985780715942383,0.0310171190649271,,,
17,8,9,2.040736675262451,1.0,0.9988213181495667,0.027847018092870712,,,
17,8,10,2.189073324203491,1.0,0.9989707469940186,0.06161222979426384,,,
17,8,11,1.9393128156661987,1.0,0.9987218976020813,0.01817477121949196,,,
17,9,0,2.4251351356506348,1.0000001192092896,0.9975853562355042,0.037717338651418686,,,
17,9,1,2.002228260040283,1.0,0.9989966750144958,0.014117417857050896,,,
17,9,2,2.4957191944122314,1.0,0.9987255334854126,0.019528858363628387,,,
17,9,3,1.657489538192749,1.0,0.9983535408973694,0.046681202948093414,,,
17,9,4,1.726675271987915,1.0,0.9991487860679626,0.012514641508460045,,,
17,9,5,2.3556694984436035,1.0,0.9992583990097046,0.03452155366539955,,,
17,9,6,1.4773948192596436,1.0,0.9991716742515564,0.006684867199510336,,,
17,9,7,1.8939704895019531,1.0,0.9991321563720703,0.020756002515554428,,,
17,9,8,2.2941207885742188,1.0,0.9985905289649963,0.010598186403512955,,,
17,9,9,1.4408448934555054,1.0,0.9991493821144104,0.007266105152666569,,,
17,9,10,1.146052360534668,1.0,0.9990425705909729,0.04005199298262596,,,
17,9,11,2.5695626735687256,1.0,0.9982576370239258,0.006240754388272762,,,
17,10,0,2.4226369857788086,1.0,0.9971069097518921,0.014407074078917503,,,
17,10,1,1.800711989402771,1.0,0.9980051517486572,0.01003708690404892,,,
17,10,2,2.1974830627441406,1.0,0.9978607296943665,0.009301471523940563,,,
17,10,3,2.7567098140716553,1.0,0.9947542548179626,0.012701736763119698,,,
17,10,4,3.05788516998291,1.0,0.996636152267456,0.022536510601639748,,,
17,10,5,0.9986066222190857,1.0,0.9982454180717468,0.02605578675866127,,,
17,10,6,1.8126959800720215,1.0,0.9981600046157837,0.008947465568780899,,,
17,10,7,2.5166914463043213,1.0,0.9983237981796265,0.02812831848859787,,,
17,10,8,2.2139453887939453,1.0,0.9983013272285461,0.010678291320800781,,,
17,10,9,1.4439797401428223,1.0,0.9982496500015259,0.06160543113946915,,,
17,10,10,1.7413166761398315,1.0,0.9983090758323669,0.00725772138684988,,,
17,10,11,1.978224515914917,1.0,0.9983475208282471,0.03881983086466789,,,
17,11,0,4.64208984375,1.0000008344650269,0.9025576114654541,0.02779611572623253,,,
17,11,1,2.5465564727783203,1.0,0.9102697968482971,0.016785938292741776,,,
17,11,2,2.193307638168335,1.0,0.9084413647651672,0.008256477303802967,,,
17,11,3,2.3711585998535156,1.0,0.9112443327903748,0.032735276967287064,,,
17,11,4,3.7363357543945312,1.0,0.9135355353355408,0.015996238216757774,,,
17,11,5,2.145949363708496,1.0,0.9092727303504944,0.01194634847342968,,,
17,11,6,1.9002476930618286,1.0,0.9083470702171326,0.006818968337029219,,,
17,11,7,2.36301326751709,1.0,0.9100539684295654,0.01728600077331066,,,
17,11,8,3.7392232418060303,1.0000238418579102,0.08596798777580261,0.10395483672618866,,,
17,11,9,1.9107332229614258,1.0,0.9088006615638733,0.008142074570059776,,,
17,11,10,2.5140621662139893,1.0,0.9124273061752319,0.05075306072831154,,,
17,11,11,2.7525367736816406,1.0,0.912731409072876,0.04146667197346687,,,
18,0,0,4.429186820983887,1.000017523765564,0.8124328255653381,0.02050236612558365,,,
18,0,1,0.42329782247543335,1.0000314712524414,0.8186752796173096,0.8720377087593079,,,
18,0,2,4.622310161590576,1.000014305114746,0.8127195835113525,0.04211738705635071,,,
18,0,3,0.43390101194381714,1.0000312328338623,0.8013667464256287,0.835602343082428,,,
18,0,4,1.1812374591827393,1.0000286102294922,0.7983663082122803,0.5837867259979248,,,
18,0,5,1.3410977125167847,1.000027060508728,0.7902532815933228,0.6776610612869263,,,
18,0,6,4.324423313140869,1.0000214576721191,0.7445083260536194,0.029647236689925194,,,
18,0,7,1.8571382761001587,1.0000288486480713,0.7626440525054932,0.15670569241046906,,,
18,0,8,4.252744197845459,1.0000247955322266,0.8168092370033264,0.06040606275200844,,,
18,0,9,4.649343490600586,1.000018835067749,0.857276976108551,0.020884443074464798,,,
18,0,10,4.236771106719971,1.0000247955322266,0.8859987854957581,0.15868274867534637,,,
18,0,11,5.4375319480896,1.000012993812561,0.7305786609649658,0.007378589361906052,,,
18,1,0,2.3354876041412354,1.0000280141830444,0.7134702205657959,0.09906451404094696,,,
18,1,1,2.7341887950897217,1.0000228881835938,0.7048988938331604,0.09511728584766388,,,
18,1,2,4.756415367126465,1.0000172853469849,0.681011974811554,0.026074305176734924,,,
18,1,3,4.292768955230713,1.000001311302185,0.6955950260162354,0.03520616516470909,,,
18,1,4,3.7393648624420166,1.0000101327896118,0.8178266286849976,0.06969010084867477,,,
18,1,5,4.574504375457764,1.0000109672546387,0.8361278176307678,0.07990086823701859,,,
18,1,6,4.431672096252441,1.0000112056732178,0.822979211807251,0.040244102478027344,,,
18,1,7,4.93726921081543,1.0000120401382446,0.836508572101593,0.01846112310886383,,,
18,1,8,5.329437255859375,1.0000042915344238,0.800388753414154,0.009655534289777279,,,
18,1,9,5.412954330444336,1.000006914138794,0.7799661159515381,0.006954029202461243,,,
18,1,10,4.44948673248291,1.000014066696167,0.6042520999908447,0.04082741215825081,,,
18,1,11,1.7257742881774902,1.0000282526016235,0.7686076760292053,0.6748239994049072,,,
18,2,0,2.546351671218872,1.0000009536743164,0.8885894417762756,0.09676573425531387,,,
18,2,1,4.740596294403076,1.0000008344650269,0.8741784691810608,0.010789467953145504,,,
18,2,2,1.0886517763137817,1.0000042915344238,0.888938307762146,0.12118026614189148,,,
18,2,3,1.9441453218460083,1.0000051259994507,0.8612627387046814,0.13064154982566833,,,
18,2,4,1.7046122550964355,1.000000238418579,0.874778151512146,0.08095511794090271,,,
18,2,5,1.8423014879226685,1.0000046491622925,0.8788596987724304,0.1357724666595459,,,
18,2,6,2.7632291316986084,1.0000050067901611,0.8155964016914368,0.07819321751594543,,,
18,2,7,2.609326124191284,1.0,0.8471032977104187,0.03255247324705124,,,
18,2,8,1.8977410793304443,1.0000016689300537,0.8989089727401733,0.11093314737081528,,,
18,2,9,1.764320969581604,1.0000035762786865,0.8716253638267517,0.12325482070446014,,,
18,2,10,3.113693952560425,1.0000286102294922,0.5059278011322021,0.12696397304534912,,,
18,2,11,3.134078025817871,1.0000003576278687,0.8884755969047546,0.10841972380876541,,,
18,3,0,2.737949848175049,1.0,0.9939693808555603,0.0649125874042511,,,
18,3,1,1.894281029701233,1.0,0.9941969513893127,0.05910312384366989,,,
18,3,2,1.401442527770996,1.0000003576278687,0.9858514666557312,0.10772312432527542,,,
18,3,3,0.903030514717102,1.0,0.9939801692962646,0.056987762451171875,,,
18,3,4,3.525993585586548,1.0,0.9942994713783264,0.009003685787320137,,,
18,3,5,2.7100095748901367,1.0,0.9951402544975281,0.03795264661312103,,,
18,3,6,1.7030233144760132,1.0000003576278687,0.9872381091117859,0.1504686027765274,,,
18,3,7,1.4334532022476196,1.000000238418579,0.9917469024658203,0.11152709275484085,,,
18,3,8,1.550748586654663,1.0000003576278687,0.9900459051132202,0.11572464555501938,,,
18,3,9,1.551312804222107,1.0,0.9949588775634766,0.07182042300701141,,,
18,3,10,1.785032868385315,1.0,0.99419766664505,0.15900637209415436,,,
18,3,11,1.7838340997695923,1.0000001192092896,0.9926179647445679,0.09813179820775986,,,
18,4,0,1.2286107540130615,1.0,0.91644287109375,0.058232445269823074,,,
18,4,1,1.590220332145691,1.0,0.9177011847496033,0.0593009889125824,,,
18,4,2,2.2372424602508545,1.0,0.9149215221405029,0.015914423391222954,,,
18,4,3,1.56580650806427,1.0,0.917390763759613,0.06708221137523651,,,
18,4,4,2.9280002117156982,1.0,0.9159078598022461,0.04039420560002327,,,
18,4,5,1.4971710443496704,1.0,0.916341245174408,0.06488300114870071,,,
18,4,6,2.0222654342651367,1.0,0.9165944457054138,0.03953607752919197,,,
18,4,7,1.8461016416549683,1.0000005960464478,0.9190269112586975,0.47465258836746216,,,
18,4,8,3.60665225982666,1.0,0.9181799292564392,0.016172058880329132,,,
18,4,9,1.834232211112976,1.0,0.9167166352272034,0.03783383592963219,,,
18,4,10,3.285161256790161,1.0,0.9159176349639893,0.013276295736432076,,,
18,4,11,0.010596239939332008,1.0000290870666504,0.13508673012256622,0.003550291061401367,,,
18,5,0,2.2142882347106934,1.0,0.9980154037475586,0.014056727290153503,,,
18,5,1,0.22473913431167603,1.0,0.9974694848060608,0.004495380446314812,,,
18,5,2,1.4219781160354614,1.0,0.9979469180107117,0.021081333979964256,,,
18,5,3,2.2538647651672363,1.0,0.9957417845726013,0.034168899059295654,,,
18,5,4,1.519296407699585,1.0,0.9977909326553345,0.051328182220458984,,,
18,5,5,2.0339715480804443,1.0,0.9980291724205017,0.0114023732021451,,,
18,5,6,0.6804877519607544,1.0,0.9977500438690186,0.024740533903241158,,,
18,5,7,0.9799255728721619,1.0,0.9977882504463196,0.04453328996896744,,,
18,5,8,1.131514072418213,1.0,0.9979166388511658,0.026543740183115005,,,
18,5,9,2.852154016494751,1.0,0.9982383847236633,0.006930318661034107,,,
18,5,10,3.675706624984741,1.0000003576278687,0.9857235550880432,0.044751279056072235,,,
18,5,11,2.596964120864868,1.0,0.9980855584144592,0.10339618474245071,,,
18,6,0,1.7695341110229492,1.0,0.9964694380760193,0.03484472259879112,,,
18,6,1,0.7521297931671143,1.0,0.998291015625,0.02180243842303753,,,
18,6,2,3.498852252960205,1.0,0.998115599155426,0.013423238880932331,,,
18,6,3,1.548012375831604,1.0,0.9986140727996826,0.016551503911614418,,,
18,6,4,3.6873743534088135,1.000000238418579,0.9942100644111633,0.021762322634458542,,,
18,6,5,1.7162848711013794,1.0,0.9987055063247681,0.06108032166957855,,,
18,6,6,2.704826831817627,1.0,0.9987647533416748,0.06637105345726013,,,
18,6,7,2.203903913497925,1.0,0.9982383251190186,0.0460621677339077,,,
18,6,8,1.1993502378463745,1.0,0.9985716342926025,0.02713320031762123,,,
18,6,9,0.6680964827537537,1.0,0.9981849789619446,0.005919929593801498,,,
18,6,10,3.4957356452941895,1.0,0.9985116720199585,0.011728945188224316,,,
18,6,11,1.5376530885696411,1.0,0.9984216094017029,0.04697168990969658,,,
18,7,0,1.1214503049850464,1.0,0.9989398717880249,0.028239645063877106,,,
18,7,1,2.627211570739746,1.0,0.9989429712295532,0.016469847410917282,,,
18,7,2,0.5162271857261658,1.0,0.999208390712738,0.003570845117792487,,,
18,7,3,1.5267753601074219,1.0,0.9994657039642334,0.04539300501346588,,,
18,7,4,0.9452697038650513,1.0,0.9993629455566406,0.015859169885516167,,,
18,7,5,2.725369453430176,1.0,0.9977567791938782,0.025981174781918526,,,
18,7,6,3.164236068725586,1.0,0.9992622137069702,0.010997168719768524,,,
18,7,7,1.8878198862075806,1.0,0.9994068145751953,0.012579674832522869,,,
18,7,8,1.2960541248321533,1.0,0.9991336464881897,0.042379215359687805,,,
18,7,9,1.3727201223373413,1.0,0.9993665814399719,0.02898355945944786,,,
18,7,10,0.742099404335022,1.0,0.9992594122886658,0.0051087127067148685,,,
18,7,11,2.282254457473755,1.0,0.9994106292724609,0.007993456907570362,,,
18,8,0,3.3090524673461914,1.0,0.9980466365814209,0.02213486097753048,,,
18,8,1,1.0102399587631226,1.0,0.9978233575820923,0.0073149679228663445,,,
18,8,2,4.275667667388916,1.000000238418579,0.9869415163993835,0.013057799078524113,,,
18,8,3,1.948256492614746,1.0,0.9981947541236877,0.01964573934674263,,,
18,8,4,1.1386486291885376,1.0,0.99802565574646,0.04728826880455017,,,
18,8,5,1.911644458770752,1.0,0.9979029297828674,0.038430798798799515,,,
18,8,6,2.173224449157715,1.0,0.9982500672340393,0.01891179196536541,,,
18,8,7,1.2630364894866943,1.0,0.9975383877754211,0.053660035133361816,,,
18,8,8,2.359161138534546,1.0,0.9978906512260437,0.03432874754071236,,,
18,8,9,2.1349055767059326,1.0,0.9982597231864929,0.02826116979122162,,,
18,8,10,2.2082009315490723,1.0,0.998394250869751,0.06260751187801361,,,
18,8,11,1.8291066884994507,1.0,0.9979717135429382,0.015543170273303986,,,
18,9,0,2.479793071746826,1.0,0.9957322478294373,0.03914637491106987,,,
18,9,1,1.8577630519866943,1.0,0.9985914826393127,0.010747131891548634,,,
18,9,2,2.426974058151245,1.0,0.9984796047210693,0.017768869176506996,,,
18,9,3,1.6420834064483643,1.0,0.9978573322296143,0.045793257653713226,,,
18,9,4,1.7560877799987793,1.0,0.9987909197807312,0.012489307671785355,,,
18,9,5,2.2266128063201904,1.0,0.9988672733306885,0.029789552092552185,,,
18,9,6,1.438353419303894,1.0,0.9987550973892212,0.0060661970637738705,,,
18,9,7,1.8830488920211792,1.0,0.9987806677818298,0.020619263872504234,,,
18,9,8,2.437835216522217,1.0,0.997046709060669,0.009532131254673004,,,
18,9,9,1.2977957725524902,1.0,0.9987785220146179,0.005703286733478308,,,
18,9,10,1.1447550058364868,1.0,0.9985893368721008,0.04002346470952034,,,
18,9,11,2.656480073928833,1.0,0.9970920085906982,0.0058364905416965485,,,
18,10,0,2.436122179031372,1.0,0.9970157742500305,0.012948062270879745,,,
18,10,1,1.6745352745056152,1.0,0.9985676407814026,0.00920102372765541,,,
18,10,2,2.1930489540100098,1.0,0.9979620575904846,0.00965751614421606,,,
18,10,3,2.889591932296753,1.0,0.996647298336029,0.01277904026210308,,,
18,10,4,3.0424752235412598,1.0,0.9973663687705994,0.020998947322368622,,,
18,10,5,1.007091999053955,1.0,0.9984219074249268,0.02867746166884899,,,
18,10,6,1.9370191097259521,1.0,0.9981241822242737,0.009750274010002613,,,
18,10,7,2.638512134552002,1.0,0.9985418915748596,0.030730871483683586,,,
18,10,8,2.156104803085327,1.0,0.998516857624054,0.011463564820587635,,,
18,10,9,1.4155805110931396,1.0,0.998538613319397,0.06463088095188141,,,
18,10,10,1.7224944829940796,1.0,0.9985045790672302,0.007744685281068087,,,
18,10,11,1.9504908323287964,1.0,0.9985199570655823,0.03833088278770447,,,
18,11,0,4.648003101348877,1.0000008344650269,0.8981209397315979,0.0282308179885149,,,
18,11,1,2.6586785316467285,1.0,0.9093771576881409,0.014330098405480385,,,
18,11,2,2.452714443206787,1.0,0.9086430072784424,0.00843071099370718,,,
18,11,3,2.3780298233032227,1.0,0.9101988077163696,0.031662650406360626,,,
18,11,4,3.8339548110961914,1.0,0.913590669631958,0.016212396323680878,,,
18,11,5,2.121361494064331,1.0,0.9080402851104736,0.01141742616891861,,,
18,11,6,1.9342306852340698,1.0,0.9076331853866577,0.007162423338741064,,,
18,11,7,2.740699529647827,1.0,0.910243570804596,0.016724806278944016,,,
18,11,8,3.8190948963165283,1.0000231266021729,0.09233396500349045,0.09029585868120193,,,
18,11,9,1.8677113056182861,1.0,0.9074282050132751,0.007678568363189697,,,
18,11,10,2.7089948654174805,1.0,0.9124329090118408,0.04779685661196709,,,
18,11,11,2.7444357872009277,1.0,0.9128698706626892,0.044311314821243286,,,
19,0,0,4.491436958312988,1.00001859664917,0.8172652721405029,0.01864660158753395,,,
19,0,1,0.44687870144844055,1.0000331401824951,0.8154566287994385,0.8593893051147461,,,
19,0,2,4.681467056274414,1.000014305114746,0.804818868637085,0.04078511893749237,,,
19,0,3,0.4131837785243988,1.0000320672988892,0.7992071509361267,0.8361290693283081,,,
19,0,4,1.1179262399673462,1.000029444694519,0.7940292954444885,0.6040332913398743,,,
19,0,5,1.3705017566680908,1.0000277757644653,0.786969780921936,0.6522663235664368,,,
19,0,6,4.376884460449219,1.0000227689743042,0.7570032477378845,0.029512682929635048,,,
19,0,7,1.8511875867843628,1.0000299215316772,0.7607090473175049,0.15874706208705902,,,
19,0,8,4.258117198944092,1.0000258684158325,0.8243589401245117,0.061805471777915955,,,
19,0,9,4.670782089233398,1.000019907951355,0.857343316078186,0.020128821954131126,,,
19,0,10,4.266968727111816,1.000027060508728,0.886082112789154,0.15764355659484863,,,
19,0,11,5.5081987380981445,1.0000156164169312,0.7338810563087463,0.006880220957100391,,,
19,1,0,2.3193471431732178,1.0000288486480713,0.7172664403915405,0.10381917655467987,,,
19,1,1,2.7493696212768555,1.0000232458114624,0.7250871658325195,0.0981951355934143,,,
19,1,2,4.774245738983154,1.0000159740447998,0.7119890451431274,0.02522285468876362,,,
19,1,3,4.3401336669921875,1.0000015497207642,0.7027755379676819,0.0353066511452198,,,
19,1,4,3.7382545471191406,1.0000115633010864,0.8253734111785889,0.06935921311378479,,,
19,1,5,4.6151323318481445,1.0000132322311401,0.8399695754051208,0.07663220912218094,,,
19,1,6,4.50314474105835,1.0000108480453491,0.828199028968811,0.03689597174525261,,,
19,1,7,4.952960968017578,1.000013828277588,0.8372303247451782,0.01763494499027729,,,
19,1,8,5.387575626373291,1.0000046491622925,0.808387041091919,0.009345808997750282,,,
19,1,9,5.502589702606201,1.0000077486038208,0.79445481300354,0.006574688944965601,,,
19,1,10,4.494452953338623,1.0000149011611938,0.6226381659507751,0.04030449315905571,,,
19,1,11,1.7345960140228271,1.0000290870666504,0.7691723108291626,0.6670292615890503,,,
19,2,0,2.5086209774017334,1.0000009536743164,0.8932645916938782,0.09923413395881653,,,
19,2,1,4.762861251831055,1.0000008344650269,0.8821927905082703,0.010432218201458454,,,
19,2,2,1.0809237957000732,1.0000048875808716,0.8879142999649048,0.12213610112667084,,,
19,2,3,1.9101170301437378,1.000003695487976,0.8729414343833923,0.1379530131816864,,,
19,2,4,1.693744421005249,1.0000001192092896,0.8786877989768982,0.08521316945552826,,,
19,2,5,1.8335283994674683,1.0000046491622925,0.8821626305580139,0.14550967514514923,,,
19,2,6,2.762659788131714,1.0000032186508179,0.8475239276885986,0.07728405296802521,,,
19,2,7,2.5081562995910645,1.0,0.8521249294281006,0.031794652342796326,,,
19,2,8,1.8625975847244263,1.0000020265579224,0.9021152853965759,0.11482635140419006,,,
19,2,9,1.7447547912597656,1.0000048875808716,0.8655354976654053,0.1320754587650299,,,
19,2,10,3.105013370513916,1.0000301599502563,0.5003413558006287,0.128668874502182,,,
19,2,11,3.1493101119995117,1.0000003576278687,0.8948574066162109,0.1106703132390976,,,
19,3,0,2.7441608905792236,1.0,0.9951387643814087,0.06928548216819763,,,
19,3,1,1.8542951345443726,1.0,0.9951325058937073,0.061492159962654114,,,
19,3,2,1.4220912456512451,1.0000003576278687,0.9891345500946045,0.11435133218765259,,,
19,3,3,0.8971162438392639,1.0,0.995175302028656,0.059312913566827774,,,
19,3,4,3.6141200065612793,1.0,0.9953431487083435,0.008321329951286316,,,
19,3,5,2.628141164779663,1.0,0.9959598183631897,0.035491518676280975,,,
19,3,6,1.6841095685958862,1.0000003576278687,0.9894561767578125,0.16019490361213684,,,
19,3,7,1.4226418733596802,1.000000238418579,0.9927799701690674,0.11615277081727982,,,
19,3,8,1.525418996810913,1.000000238418579,0.9913601279258728,0.11649125814437866,,,
19,3,9,1.5271186828613281,1.0,0.9957489371299744,0.07171660661697388,,,
19,3,10,1.7624905109405518,1.0,0.9952898621559143,0.16226807236671448,,,
19,3,11,1.774181842803955,1.0,0.9947448372840881,0.10475178062915802,,,
19,4,0,1.2290855646133423,1.0,0.9163474440574646,0.05268177390098572,,,
19,4,1,1.5761101245880127,1.0,0.9174082279205322,0.06356532126665115,,,
19,4,2,2.144334316253662,1.0,0.9145568609237671,0.014378804713487625,,,
19,4,3,1.5945143699645996,1.0000001192092896,0.9172925353050232,0.07084744423627853,,,
19,4,4,2.9553747177124023,1.0,0.9157833456993103,0.04195038229227066,,,
19,4,5,1.5199755430221558,1.0,0.9162353277206421,0.06819172948598862,,,
19,4,6,2.0136404037475586,1.0,0.916377067565918,0.04107905179262161,,,
19,4,7,1.8608437776565552,1.0000004768371582,0.9187990427017212,0.4695252776145935,,,
19,4,8,3.5075385570526123,1.0,0.9173864722251892,0.01481990423053503,,,
19,4,9,1.810933232307434,1.0,0.9162595272064209,0.038472842425107956,,,
19,4,10,3.180879592895508,1.0,0.9154306054115295,0.012532716616988182,,,
19,4,11,0.009554988704621792,1.000031590461731,0.12964510917663574,0.003705038223415613,,,
19,5,0,2.3208324909210205,1.0,0.9981880187988281,0.012159870006144047,,,
19,5,1,0.2949106991291046,1.0,0.9978021383285522,0.0037645220290869474,,,
19,5,2,1.407589077949524,1.0,0.9981346130371094,0.021612482145428658,,,
19,5,3,2.2340452671051025,1.0000001192092896,0.9965903759002686,0.03130362182855606,,,
19,5,4,1.481450080871582,1.0,0.9979881048202515,0.05070819705724716,,,
19,5,5,1.9256170988082886,1.0,0.998204231262207,0.011227031238377094,,,
19,5,6,0.6442552208900452,1.0,0.9979764819145203,0.02300335466861725,,,
19,5,7,0.9389749765396118,1.0,0.9980304837226868,0.041470132768154144,,,
19,5,8,1.0535694360733032,1.0,0.998091459274292,0.025421466678380966,,,
19,5,9,2.9231321811676025,1.0,0.9983945488929749,0.006145483814179897,,,
19,5,10,3.6517064571380615,1.000000238418579,0.9867368340492249,0.04361894354224205,,,
19,5,11,2.5801050662994385,1.0,0.9982536435127258,0.09482169151306152,,,
19,6,0,1.8199622631072998,1.0,0.9959388375282288,0.034647636115550995,,,
19,6,1,0.7326961755752563,1.0,0.99832683801651,0.020946001634001732,,,
19,6,2,3.4397194385528564,1.0,0.9980730414390564,0.012285742908716202,,,
19,6,3,1.5057299137115479,1.0,0.9986261129379272,0.015306849963963032,,,
19,6,4,3.5651609897613525,1.0000001192092896,0.9945729970932007,0.022014060989022255,,,
19,6,5,1.6921056509017944,1.0,0.9987263083457947,0.061240196228027344,,,
19,6,6,2.7286038398742676,1.0,0.9987655282020569,0.06349492818117142,,,
19,6,7,2.22528076171875,1.0,0.9984865188598633,0.046445127576589584,,,
19,6,8,1.1869956254959106,1.0,0.9985776543617249,0.026161763817071915,,,
19,6,9,0.6681961417198181,1.0,0.998270571231842,0.004013043828308582,,,
19,6,10,3.4046695232391357,1.0,0.9984632730484009,0.010580895468592644,,,
19,6,11,1.5544936656951904,1.0,0.998485803604126,0.04434606805443764,,,
19,7,0,1.1043144464492798,1.0,0.9990845322608948,0.02664058469235897,,,
19,7,1,2.5385663509368896,1.0,0.9991922974586487,0.01179414801299572,,,
19,7,2,0.6769856214523315,1.0,0.9994051456451416,0.0034899283200502396,,,
19,7,3,1.4592465162277222,1.0,0.9995861649513245,0.042885951697826385,,,
19,7,4,0.9561434984207153,1.0,0.9995065331459045,0.014505237340927124,,,
19,7,5,2.528653383255005,1.0,0.9985966086387634,0.023971419781446457,,,
19,7,6,3.028468608856201,1.0,0.9995123147964478,0.010448848828673363,,,
19,7,7,2.260286808013916,1.0,0.9993927478790283,0.014085114933550358,,,
19,7,8,1.2941715717315674,1.0,0.9993722438812256,0.03418048098683357,,,
19,7,9,1.3567005395889282,1.0,0.9995070099830627,0.025508856400847435,,,
19,7,10,0.7515814304351807,1.0,0.9994097352027893,0.004124822095036507,,,
19,7,11,2.3512372970581055,1.0,0.9995040893554688,0.006828562822192907,,,
19,8,0,3.229161262512207,1.0,0.9986205697059631,0.01992398127913475,,,
19,8,1,1.2496535778045654,1.0,0.9986934661865234,0.00846930593252182,,,
19,8,2,3.9655966758728027,1.0000001192092896,0.9942754507064819,0.011028395965695381,,,
19,8,3,1.6996146440505981,1.0,0.998863935470581,0.01634792797267437,,,
19,8,4,1.1057214736938477,1.0,0.9988081455230713,0.04300573840737343,,,
19,8,5,1.9269973039627075,1.0,0.9983596205711365,0.036072295159101486,,,
19,8,6,2.242955446243286,1.0,0.9988395571708679,0.017187688499689102,,,
19,8,7,1.2880370616912842,1.0,0.9980207681655884,0.055091116577386856,,,
19,8,8,2.229860544204712,1.0,0.9986329674720764,0.030199702829122543,,,
19,8,9,2.005913019180298,1.0,0.9989166855812073,0.02687767893075943,,,
19,8,10,2.152461051940918,1.0,0.9990327954292297,0.05922497436404228,,,
19,8,11,1.7772842645645142,1.0,0.9987667202949524,0.01747323013842106,,,
19,9,0,2.430554151535034,1.0,0.9978653192520142,0.039374589920043945,,,
19,9,1,1.8469973802566528,1.0,0.9989282488822937,0.00876177940517664,,,
19,9,2,2.320378065109253,1.0,0.9989526867866516,0.015885116532444954,,,
19,9,3,1.6785866022109985,1.0,0.9981868267059326,0.048207804560661316,,,
19,9,4,1.6606782674789429,1.0,0.9990628957748413,0.011660316959023476,,,
19,9,5,2.1663761138916016,1.0,0.9991395473480225,0.0289011187851429,,,
19,9,6,1.427107334136963,1.0,0.9990734457969666,0.004801909904927015,,,
19,9,7,1.8184908628463745,1.0,0.999022901058197,0.019721098244190216,,,
19,9,8,2.4311537742614746,1.0,0.9971843361854553,0.010239459574222565,,,
19,9,9,1.2173056602478027,1.0,0.9990495443344116,0.004959048703312874,,,
19,9,10,1.1034775972366333,1.0,0.9989538788795471,0.03582555055618286,,,
19,9,11,2.6475324630737305,1.0,0.9972120523452759,0.005308703985065222,,,
19,10,0,2.599835157394409,1.0,0.9962667226791382,0.014507131651043892,,,
19,10,1,1.6841939687728882,1.0,0.9980776309967041,0.007724721450358629,,,
19,10,2,1.9599449634552002,1.0,0.9953776001930237,0.0065289949998259544,,,
19,10,3,2.7034411430358887,1.0,0.994316041469574,0.010803292505443096,,,
19,10,4,3.0074141025543213,1.0,0.9968135356903076,0.019982967525720596,,,
19,10,5,0.9735544919967651,1.0,0.997965395450592,0.02480858564376831,,,
19,10,6,1.748598337173462,1.0,0.9980599880218506,0.007150840945541859,,,
19,10,7,2.539921522140503,1.0,0.9981916546821594,0.026665622368454933,,,
19,10,8,2.190668821334839,1.0,0.9981263875961304,0.008898593485355377,,,
19,10,9,1.4391430616378784,1.0,0.9979797005653381,0.0632530152797699,,,
19,10,10,1.7433710098266602,1.0,0.9980314373970032,0.00755373015999794,,,
19,10,11,2.1098594665527344,1.0,0.9980104565620422,0.04166067764163017,,,
19,11,0,4.6563897132873535,1.0000007152557373,0.9058517217636108,0.025003135204315186,,,
19,11,1,2.579083204269409,1.0,0.9108985662460327,0.014827260747551918,,,
19,11,2,2.3719775676727295,1.0000001192092896,0.9084675312042236,0.008022353053092957,,,
19,11,3,2.2706143856048584,1.0,0.9107940793037415,0.027460439130663872,,,
19,11,4,3.6587095260620117,1.0,0.913588285446167,0.014534687623381615,,,
19,11,5,1.9805033206939697,1.0,0.9092700481414795,0.00924241729080677,,,
19,11,6,1.878340721130371,1.0,0.9089480042457581,0.006781034637242556,,,
19,11,7,2.4084982872009277,1.0,0.910578727722168,0.019292188808321953,,,
19,11,8,3.7580690383911133,1.0000228881835938,0.07884680479764938,0.09016899019479752,,,
19,11,9,1.8317811489105225,1.0,0.9090964794158936,0.006256076041609049,,,
19,11,10,2.516221523284912,1.0,0.9124219417572021,0.04024912416934967,,,
19,11,11,2.6376829147338867,1.0,0.9126808643341064,0.037804022431373596,,,
20,0,0,4.474584102630615,1.0000176429748535,0.814069926738739,0.0188699159771204,,,
20,0,1,0.44735658168792725,1.0000311136245728,0.8160558342933655,0.862636387348175,,,
20,0,2,4.644133567810059,1.0000133514404297,0.8040090203285217,0.0402386412024498,,,
20,0,3,0.44272568821907043,1.000030755996704,0.7969645857810974,0.8225575685501099,,,
20,0,4,1.15409255027771,1.0000286102294922,0.7951158285140991,0.5855293869972229,,,
20,0,5,1.339734673500061,1.0000258684158325,0.7824730277061462,0.6694077253341675,,,
20,0,6,4.343944072723389,1.0000203847885132,0.7380958199501038,0.028353534638881683,,,
20,0,7,1.835675597190857,1.000028371810913,0.7672842144966125,0.159947469830513,,,
20,0,8,4.252696990966797,1.000024676322937,0.8181052803993225,0.059218879789114,,,
20,0,9,4.657317161560059,1.0000180006027222,0.8486536145210266,0.020784860476851463,,,
20,0,10,4.252363681793213,1.0000252723693848,0.8840599060058594,0.1582341492176056,,,
20,0,11,5.413450717926025,1.000015377998352,0.730648398399353,0.007940161973237991,,,
20,1,0,2.312683343887329,1.0000267028808594,0.706524670124054,0.09953858703374863,,,
20,1,1,2.769217014312744,1.000022292137146,0.7119383215904236,0.09734833240509033,,,
20,1,2,4.75890588760376,1.0000172853469849,0.6745887994766235,0.025886107236146927,,,
20,1,3,4.29894495010376,1.0000014305114746,0.6932350397109985,0.034605272114276886,,,
20,1,4,3.761935234069824,1.0000107288360596,0.8175033926963806,0.06878749281167984,,,
20,1,5,4.58960485458374,1.000012993812561,0.835750162601471,0.08204228430986404,,,
20,1,6,4.461036205291748,1.0000091791152954,0.8210952877998352,0.03568375110626221,,,
20,1,7,4.934448719024658,1.0000112056732178,0.8300673961639404,0.0183675829321146,,,
20,1,8,5.328705310821533,1.0000041723251343,0.8021867275238037,0.009705888107419014,,,
20,1,9,5.3828959465026855,1.0000078678131104,0.7753483057022095,0.007041845005005598,,,
20,1,10,4.449166297912598,1.0000139474868774,0.6077684760093689,0.040507733821868896,,,
20,1,11,1.7425702810287476,1.0000275373458862,0.7658655047416687,0.6681868433952332,,,
20,2,0,2.511061668395996,1.000001072883606,0.8899261355400085,0.09786546975374222,,,
20,2,1,4.663492679595947,1.0000008344650269,0.8798830509185791,0.010917003266513348,,,
20,2,2,1.0864064693450928,1.0000054836273193,0.8824171423912048,0.1106271892786026,,,
20,2,3,1.9235444068908691,1.0000042915344238,0.8620189428329468,0.12879109382629395,,,
20,2,4,1.675123929977417,1.0000001192092896,0.8772343993186951,0.08354736864566803,,,
20,2,5,1.8593151569366455,1.0000038146972656,0.8824310302734375,0.13548564910888672,,,
20,2,6,2.8141446113586426,1.0000035762786865,0.8382863998413086,0.07542794197797775,,,
20,2,7,2.640752077102661,1.0,0.8501590490341187,0.03239091858267784,,,
20,2,8,1.9159914255142212,1.000002145767212,0.8999462723731995,0.1087244376540184,,,
20,2,9,1.7715375423431396,1.0000039339065552,0.8677066564559937,0.12327103316783905,,,
20,2,10,3.136185646057129,1.00002920627594,0.4997941851615906,0.1259513944387436,,,
20,2,11,3.124547004699707,1.000000238418579,0.8893287181854248,0.10693519562482834,,,
20,3,0,2.6779778003692627,1.0,0.993649423122406,0.06477760523557663,,,
20,3,1,1.9069015979766846,1.0,0.9938235878944397,0.05998736247420311,,,
20,3,2,1.4291828870773315,1.0000005960464478,0.9853858947753906,0.10465939342975616,,,
20,3,3,0.9349313378334045,1.0,0.9938255548477173,0.058326754719018936,,,
20,3,4,3.47609281539917,1.0,0.9940194487571716,0.008716058917343616,,,
20,3,5,2.668069362640381,1.0,0.9948890209197998,0.03379516676068306,,,
20,3,6,1.7179368734359741,1.0000003576278687,0.9855928421020508,0.15133298933506012,,,
20,3,7,1.4477812051773071,1.000000238418579,0.9912751913070679,0.10593708604574203,,,
20,3,8,1.5647484064102173,1.0000003576278687,0.9896587133407593,0.11029038578271866,,,
20,3,9,1.5580017566680908,1.0,0.9944800734519958,0.07202955335378647,,,
20,3,10,1.7771748304367065,1.0,0.993908166885376,0.15519419312477112,,,
20,3,11,1.8055237531661987,1.0,0.9927677512168884,0.09985288232564926,,,
20,4,0,1.256730318069458,1.0,0.9162992238998413,0.05870779976248741,,,
20,4,1,1.5962244272232056,1.0,0.9178476929664612,0.06165876239538193,,,
20,4,2,2.269563674926758,1.0,0.9149429798126221,0.01547436136752367,,,
20,4,3,1.5896104574203491,1.0,0.917184591293335,0.06692247092723846,,,
20,4,4,2.9479494094848633,1.0,0.9159664511680603,0.04112089052796364,,,
20,4,5,1.5366965532302856,1.0,0.916491687297821,0.06271650642156601,,,
20,4,6,2.0351436138153076,1.0,0.9165254831314087,0.039327602833509445,,,
20,4,7,1.871119737625122,1.0000005960464478,0.919137716293335,0.47472497820854187,,,
20,4,8,3.552971839904785,1.0,0.9178157448768616,0.015171419829130173,,,
20,4,9,1.865003228187561,1.0,0.9165252447128296,0.03695407509803772,,,
20,4,10,3.2549405097961426,1.0,0.9158008694648743,0.013177119195461273,,,
20,4,11,0.010732844471931458,1.0000286102294922,0.1365831047296524,0.0036490645725280046,,,
20,5,0,2.076107978820801,1.0,0.9982355237007141,0.011673973873257637,,,
20,5,1,0.24416756629943848,1.0,0.997837245464325,0.004647905007004738,,,
20,5,2,1.4500683546066284,1.0,0.9981397986412048,0.020940057933330536,,,
20,5,3,2.252695083618164,1.0,0.9960397481918335,0.03181145712733269,,,
20,5,4,1.5012294054031372,1.0,0.9980983138084412,0.04701000452041626,,,
20,5,5,1.8811947107315063,1.0,0.9982271194458008,0.011560837738215923,,,
20,5,6,0.660621702671051,1.0,0.9980461001396179,0.022609781473875046,,,
20,5,7,0.9919016361236572,1.0,0.9980819821357727,0.041621074080467224,,,
20,5,8,1.090134620666504,1.0,0.9981712698936462,0.02528177946805954,,,
20,5,9,2.711900472640991,1.0,0.9984474182128906,0.0063415332697331905,,,
20,5,10,3.546161413192749,1.000000238418579,0.9876232147216797,0.04255850985646248,,,
20,5,11,2.5816872119903564,1.0,0.9983095526695251,0.10248959064483643,,,
20,6,0,1.8239048719406128,1.0000001192092896,0.9965032339096069,0.033136237412691116,,,
20,6,1,0.680778980255127,1.0,0.9984398484230042,0.018955981358885765,,,
20,6,2,3.461033582687378,1.0,0.9981818795204163,0.012850471772253513,,,
20,6,3,1.5075918436050415,1.0,0.9987680315971375,0.014253651723265648,,,
20,6,4,3.5613338947296143,1.0,0.995629072189331,0.02028397098183632,,,
20,6,5,1.6514275074005127,1.0,0.9988376498222351,0.05904777720570564,,,
20,6,6,2.6395490169525146,1.0,0.9988890290260315,0.06512914597988129,,,
20,6,7,2.189044952392578,1.0,0.9985679388046265,0.04204539209604263,,,
20,6,8,1.2474660873413086,1.0,0.9987402558326721,0.02692764438688755,,,
20,6,9,0.5839734077453613,1.0,0.9983723163604736,0.005414594430476427,,,
20,6,10,3.2011163234710693,1.0,0.9987888336181641,0.010138632729649544,,,
20,6,11,1.5568987131118774,1.0,0.9985293745994568,0.045555781573057175,,,
20,7,0,1.1210534572601318,1.0,0.9989365935325623,0.025401493534445763,,,
20,7,1,2.3678641319274902,1.0,0.9992126822471619,0.01258351281285286,,,
20,7,2,0.5039950013160706,1.0,0.9993143081665039,0.0033265952952206135,,,
20,7,3,1.4539697170257568,1.0,0.999523937702179,0.03827778622508049,,,
20,7,4,0.9254550337791443,1.0,0.9994407296180725,0.013142871670424938,,,
20,7,5,2.6126065254211426,1.0,0.9982118606567383,0.022594934329390526,,,
20,7,6,2.938987970352173,1.0,0.9994143843650818,0.010438377968966961,,,
20,7,7,1.9339133501052856,1.0,0.9994286894798279,0.013258812017738819,,,
20,7,8,1.3188917636871338,1.0,0.9991903901100159,0.03409704566001892,,,
20,7,9,1.3899552822113037,1.0,0.9993619918823242,0.02539920248091221,,,
20,7,10,0.6655752062797546,1.0,0.9993525147438049,0.004429607652127743,,,
20,7,11,2.1560118198394775,1.0,0.9992538094520569,0.007223716005682945,,,
20,8,0,3.2397468090057373,1.0,0.9985122680664062,0.021700026467442513,,,
20,8,1,1.0594327449798584,1.0,0.9984945058822632,0.0075330897234380245,,,
20,8,2,3.9951322078704834,1.0000001192092896,0.9931974411010742,0.011858934536576271,,,
20,8,3,1.768001914024353,1.0,0.9987419247627258,0.015576203353703022,,,
20,8,4,1.1781690120697021,1.0,0.9986787438392639,0.0451471321284771,,,
20,8,5,1.9150100946426392,1.0,0.9982869625091553,0.03462090343236923,,,
20,8,6,2.200989007949829,1.0,0.9987480640411377,0.016025003045797348,,,
20,8,7,1.3027268648147583,1.0,0.9979180693626404,0.0518895722925663,,,
20,8,8,2.202037811279297,1.0,0.9984831213951111,0.02912796661257744,,,
20,8,9,2.0461668968200684,1.0,0.9988003373146057,0.025502527132630348,,,
20,8,10,2.0918238162994385,1.0,0.998923122882843,0.05175616964697838,,,
20,8,11,1.7241249084472656,1.0,0.9986972808837891,0.01490908395498991,,,
20,9,0,2.3748228549957275,1.0,0.9975746273994446,0.037603817880153656,,,
20,9,1,1.7712953090667725,1.0,0.9989394545555115,0.009677556343376637,,,
20,9,2,2.4661920070648193,1.0,0.9983978271484375,0.01978469267487526,,,
20,9,3,1.697307825088501,1.0,0.9979473352432251,0.04792571812868118,,,
20,9,4,1.64080810546875,1.0,0.9991104602813721,0.012286352925002575,,,
20,9,5,2.1356875896453857,1.0,0.9992043972015381,0.029412278905510902,,,
20,9,6,1.347572922706604,1.0,0.9990761280059814,0.005621463060379028,,,
20,9,7,1.7652580738067627,1.0,0.9990752935409546,0.017226098105311394,,,
20,9,8,2.3995347023010254,1.0,0.9979752898216248,0.00827833916991949,,,
20,9,9,1.1024763584136963,1.0,0.9990639090538025,0.00516100088134408,,,
20,9,10,1.1530505418777466,1.0,0.9989782571792603,0.03751770779490471,,,
20,9,11,2.436250686645508,1.0,0.9983344674110413,0.005757530685514212,,,
20,10,0,2.386920928955078,1.0,0.9961709976196289,0.012457176111638546,,,
20,10,1,1.5770394802093506,1.0,0.9983413219451904,0.008647601120173931,,,
20,10,2,1.8367706537246704,1.0,0.9978420734405518,0.007876050658524036,,,
20,10,3,2.7717185020446777,1.0,0.995766282081604,0.015515121631324291,,,
20,10,4,2.9597792625427246,1.0,0.9975144863128662,0.019944706931710243,,,
20,10,5,1.0082088708877563,1.0,0.9983841180801392,0.02520754188299179,,,
20,10,6,1.6618587970733643,1.0,0.9976505637168884,0.008332720026373863,,,
20,10,7,2.4410758018493652,1.0,0.9985623955726624,0.029072750359773636,,,
20,10,8,2.0952060222625732,1.0,0.9984883666038513,0.010118805803358555,,,
20,10,9,1.4353989362716675,1.0,0.9983935952186584,0.06227388605475426,,,
20,10,10,1.5876717567443848,1.0,0.9983670711517334,0.007088249083608389,,,
20,10,11,1.970422387123108,1.0,0.9983167052268982,0.04018648341298103,,,
20,11,0,4.657966136932373,1.0000009536743164,0.90073162317276,0.02662273496389389,,,
20,11,1,2.475403070449829,1.0,0.909807026386261,0.016927920281887054,,,
20,11,2,2.124115228652954,1.0,0.907182514667511,0.007882429286837578,,,
20,11,3,2.1746532917022705,1.0,0.9099244475364685,0.027529729530215263,,,
20,11,4,3.5902509689331055,1.0,0.912902295589447,0.015182675793766975,,,
20,11,5,1.9226012229919434,1.0,0.9087291955947876,0.011328143067657948,,,
20,11,6,1.7162015438079834,1.0,0.9078629016876221,0.006208858452737331,,,
20,11,7,2.25700044631958,1.0,0.909727156162262,0.02007783204317093,,,
20,11,8,3.7770097255706787,1.0000232458114624,0.08642370253801346,0.0947839543223381,,,
20,11,9,1.6536359786987305,1.0,0.9078891277313232,0.006839995738118887,,,
20,11,10,2.5142464637756348,1.0,0.9120531678199768,0.045324891805648804,,,
20,11,11,2.714817762374878,1.0,0.9123560190200806,0.03994005173444748,,,
21,0,0,4.499211311340332,1.000017523765564,0.8228456974029541,0.020084306597709656,,,
21,0,1,0.41423141956329346,1.0000301599502563,0.8172151446342468,0.8734369874000549,,,
21,0,2,4.643373012542725,1.0000152587890625,0.8078258037567139,0.038486212491989136,,,
21,0,3,0.4280439019203186,1.0000303983688354,0.8063943982124329,0.8474420309066772,,,
21,0,4,1.1400867700576782,1.0000277757644653,0.7962788939476013,0.6022722125053406,,,
21,0,5,1.2950001955032349,1.0000252723693848,0.7832343578338623,0.6721888780593872,,,
21,0,6,4.353618144989014,1.0000221729278564,0.7493040561676025,0.030640223994851112,,,
21,0,7,1.8811187744140625,1.0000275373458862,0.7556199431419373,0.15970152616500854,,,
21,0,8,4.275067329406738,1.0000240802764893,0.8186622858047485,0.05964851751923561,,,
21,0,9,4.65523099899292,1.0000180006027222,0.8569107055664062,0.02021208219230175,,,
21,0,10,4.239126205444336,1.0000239610671997,0.8864865899085999,0.1608463078737259,,,
21,0,11,5.40160608291626,1.000015377998352,0.7354252338409424,0.00759954284876585,,,
21,1,0,2.3753581047058105,1.0000271797180176,0.70840984582901,0.09905128180980682,,,
21,1,1,2.7343976497650146,1.0000215768814087,0.690159022808075,0.09388723224401474,,,
21,1,2,4.747580528259277,1.0000174045562744,0.6642456650733948,0.0263547170907259,,,
21,1,3,4.28756046295166,1.000001072883606,0.688815712928772,0.03480954095721245,,,
21,1,4,3.763315439224243,1.0000102519989014,0.8139458298683167,0.06851383298635483,,,
21,1,5,4.559363842010498,1.0000112056732178,0.8353776335716248,0.08544032275676727,,,
21,1,6,4.445103168487549,1.0000104904174805,0.8247966170310974,0.041469790041446686,,,
21,1,7,4.9331746101379395,1.0000131130218506,0.8364172577857971,0.01803440973162651,,,
21,1,8,5.31089448928833,1.0000042915344238,0.8039159774780273,0.009637349285185337,,,
21,1,9,5.377404689788818,1.000006079673767,0.7752691507339478,0.007055997382849455,,,
21,1,10,4.441327095031738,1.0000134706497192,0.6069775819778442,0.04078147932887077,,,
21,1,11,1.717489242553711,1.0000264644622803,0.7746414542198181,0.6731032133102417,,,
21,2,0,2.5145490169525146,1.000001311302185,0.8798936605453491,0.09771603345870972,,,
21,2,1,4.623936176300049,1.0000005960464478,0.8679452538490295,0.011053790338337421,,,
21,2,2,1.1100784540176392,1.0000039339065552,0.8869819641113281,0.1251307874917984,,,
21,2,3,1.920037865638733,1.0000053644180298,0.8543359637260437,0.13157570362091064,,,
21,2,4,1.6699680089950562,1.0000001192092896,0.8630238175392151,0.08369994908571243,,,
21,2,5,1.8107212781906128,1.0000051259994507,0.8663890361785889,0.13524648547172546,,,
21,2,6,2.7147512435913086,1.0000057220458984,0.792640745639801,0.07647746801376343,,,
21,2,7,2.6692416667938232,1.0,0.8359792232513428,0.032338548451662064,,,
21,2,8,1.8677423000335693,1.000002145767212,0.8900197744369507,0.10916683077812195,,,
21,2,9,1.7227848768234253,1.0000061988830566,0.8415383696556091,0.12156622111797333,,,
21,2,10,3.1179418563842773,1.0000286102294922,0.49913129210472107,0.1273859739303589,,,
21,2,11,3.0982766151428223,1.000000238418579,0.8773845434188843,0.10782119631767273,,,
21,3,0,2.703136920928955,1.0,0.9941131472587585,0.06569457799196243,,,
21,3,1,1.886655330657959,1.0,0.9940454363822937,0.061617299914360046,,,
21,3,2,1.4124770164489746,1.0000003576278687,0.9870086908340454,0.11355631053447723,,,
21,3,3,0.9179587960243225,1.0,0.9940669536590576,0.05912627652287483,,,
21,3,4,3.5197064876556396,1.0,0.9944218993186951,0.009082399308681488,,,
21,3,5,2.7090506553649902,1.0,0.9952834844589233,0.03628882020711899,,,
21,3,6,1.7092204093933105,1.0000003576278687,0.9879217743873596,0.15696504712104797,,,
21,3,7,1.41017484664917,1.0000003576278687,0.9917051792144775,0.10878017544746399,,,
21,3,8,1.515040397644043,1.000000238418579,0.9890211224555969,0.1130298525094986,,,
21,3,9,1.5680334568023682,1.0,0.9949623346328735,0.06781526654958725,,,
21,3,10,1.7836436033248901,1.0,0.9943286776542664,0.16166701912879944,,,
21,3,11,1.769763469696045,1.0,0.9937162399291992,0.10018248856067657,,,
21,4,0,1.2038922309875488,1.000000238418579,0.9164668917655945,0.05732966959476471,,,
21,4,1,1.5842934846878052,1.0,0.9174383282661438,0.061528753489255905,,,
21,4,2,2.343013048171997,1.0,0.9149965643882751,0.016563275828957558,,,
21,4,3,1.5863380432128906,1.0000001192092896,0.9175376296043396,0.0711485892534256,,,
21,4,4,2.8699049949645996,1.0,0.9155692458152771,0.041134461760520935,,,
21,4,5,1.476261854171753,1.0,0.9158709049224854,0.06367573887109756,,,
21,4,6,2.037156581878662,1.0,0.9166122674942017,0.040515344589948654,,,
21,4,7,1.8561646938323975,1.0000005960464478,0.9178362488746643,0.4763861298561096,,,
21,4,8,3.5567550659179688,1.0,0.9178245663642883,0.016065262258052826,,,
21,4,9,1.8293063640594482,1.0,0.9164783954620361,0.03667839989066124,,,
21,4,10,3.272118330001831,1.0,0.9156689047813416,0.012857047840952873,,,
21,4,11,0.011274733580648899,1.0000280141830444,0.13993453979492188,0.0037223310209810734,,,
21,5,0,2.1437675952911377,1.0,0.9983709454536438,0.013880148530006409,,,
21,5,1,0.27895164489746094,1.0,0.9979471564292908,0.005310433451086283,,,
21,5,2,1.4209305047988892,1.0,0.9982748627662659,0.023413266986608505,,,
21,5,3,2.2596240043640137,1.0000001192092896,0.9963092803955078,0.03535662963986397,,,
21,5,4,1.5145609378814697,1.0,0.9981762170791626,0.05617246404290199,,,
21,5,5,1.9090889692306519,1.0,0.9983716607093811,0.012551946565508842,,,
21,5,6,0.6568820476531982,1.0,0.998168408870697,0.02451014146208763,,,
21,5,7,0.9805484414100647,1.0,0.9981855154037476,0.04451482743024826,,,
21,5,8,1.0922178030014038,1.0,0.9982940554618835,0.03030877746641636,,,
21,5,9,2.7879796028137207,1.0,0.9985814690589905,0.006536745000630617,,,
21,5,10,3.512660026550293,1.000000238418579,0.9895797371864319,0.04905063658952713,,,
21,5,11,2.591757297515869,1.0,0.9984331727027893,0.10101696848869324,,,
21,6,0,1.8005952835083008,1.0000001192092896,0.9954933524131775,0.037503473460674286,,,
21,6,1,0.6559984683990479,1.0,0.9980258345603943,0.020106639713048935,,,
21,6,2,3.5222113132476807,1.0,0.9976600408554077,0.013266327790915966,,,
21,6,3,1.568476676940918,1.0,0.9984340667724609,0.017361871898174286,,,
21,6,4,3.6254305839538574,1.0000001192092896,0.993306577205658,0.02367098070681095,,,
21,6,5,1.6645663976669312,1.0,0.9985021352767944,0.06217699870467186,,,
21,6,6,2.647219657897949,1.0,0.9985623955726624,0.06426125764846802,,,
21,6,7,2.152557849884033,1.0,0.998309314250946,0.04567192494869232,,,
21,6,8,1.210819125175476,1.0,0.9983799457550049,0.028608890250325203,,,
21,6,9,0.5968942046165466,1.0,0.997964084148407,0.004453776869922876,,,
21,6,10,3.3502707481384277,1.0,0.9981956481933594,0.012132196687161922,,,
21,6,11,1.536320447921753,1.0,0.9982889294624329,0.04691276326775551,,,
21,7,0,1.09467351436615,1.0,0.998974621295929,0.029405467212200165,,,
21,7,1,2.551025152206421,1.0,0.9991218447685242,0.015925435349345207,,,
21,7,2,0.687429666519165,1.0,0.9992970824241638,0.00420444505289197,,,
21,7,3,1.5272399187088013,1.0,0.9995173811912537,0.045354750007390976,,,
21,7,4,0.9495463967323303,1.0,0.999407947063446,0.01576274074614048,,,
21,7,5,2.5872066020965576,1.0,0.9984136819839478,0.02532142400741577,,,
21,7,6,3.1246986389160156,1.0,0.999306321144104,0.010838301852345467,,,
21,7,7,2.0512773990631104,1.0,0.9993507266044617,0.013269172981381416,,,
21,7,8,1.3112287521362305,1.0,0.9991391897201538,0.040321141481399536,,,
21,7,9,1.3631075620651245,1.0,0.999398410320282,0.029235055670142174,,,
21,7,10,0.7704856991767883,1.0,0.9993040561676025,0.00422167032957077,,,
21,7,11,2.356311559677124,1.0,0.999415397644043,0.007921164855360985,,,
21,8,0,3.4254817962646484,1.0,0.9981765747070312,0.02037796750664711,,,
21,8,1,1.131520390510559,1.0,0.998146116733551,0.007784615270793438,,,
21,8,2,4.210882663726807,1.000000238418579,0.990796685218811,0.011586442589759827,,,
21,8,3,1.8535858392715454,1.0,0.9984748363494873,0.020185383036732674,,,
21,8,4,1.1859430074691772,1.0,0.9983486533164978,0.050973959267139435,,,
21,8,5,1.9160109758377075,1.0,0.997699499130249,0.037353891879320145,,,
21,8,6,2.2853009700775146,1.0,0.9983319640159607,0.01840764842927456,,,
21,8,7,1.1956390142440796,1.0,0.9978746175765991,0.05746646970510483,,,
21,8,8,2.2206945419311523,1.0,0.9983670711517334,0.034236177802085876,,,
21,8,9,1.9876136779785156,1.0,0.9984643459320068,0.028588788583874702,,,
21,8,10,2.228278160095215,1.0,0.9986644983291626,0.06530231982469559,,,
21,8,11,1.9209599494934082,1.0,0.9983503222465515,0.01582595892250538,,,
21,9,0,2.5207619667053223,1.0,0.9956491589546204,0.04854034259915352,,,
21,9,1,2.02469801902771,1.0,0.9983606934547424,0.01117219589650631,,,
21,9,2,2.450688362121582,1.0,0.998033344745636,0.02115057222545147,,,
21,9,3,1.6153563261032104,1.0,0.9978957772254944,0.046456124633550644,,,
21,9,4,1.8928613662719727,1.0,0.9985446929931641,0.013076911680400372,,,
21,9,5,2.2780046463012695,1.0,0.9986871480941772,0.03329182416200638,,,
21,9,6,1.5813349485397339,1.0,0.9986280798912048,0.005961906164884567,,,
21,9,7,1.8740520477294922,1.0,0.9985455870628357,0.02113431692123413,,,
21,9,8,2.3965799808502197,1.0,0.9978837966918945,0.00952745322138071,,,
21,9,9,1.491675615310669,1.0,0.9986122250556946,0.006031476426869631,,,
21,9,10,1.1066697835922241,1.0,0.9984624981880188,0.03977672755718231,,,
21,9,11,2.8344388008117676,1.0,0.993796706199646,0.006168557330965996,,,
21,10,0,2.515363931655884,1.0,0.9953105449676514,0.012857346795499325,,,
21,10,1,1.8218989372253418,1.0,0.9974998831748962,0.008932473137974739,,,
21,10,2,2.4068315029144287,1.0,0.9951395392417908,0.008990523405373096,,,
21,10,3,2.9617364406585693,1.0000001192092896,0.9906801581382751,0.01135281752794981,,,
21,10,4,3.2579848766326904,1.0,0.9951034784317017,0.021640194579958916,,,
21,10,5,1.0030407905578613,1.0,0.9973119497299194,0.027604632079601288,,,
21,10,6,1.9905717372894287,1.0,0.997093141078949,0.011386034078896046,,,
21,10,7,2.5602521896362305,1.0,0.9976743459701538,0.030214721336960793,,,
21,10,8,2.3593623638153076,1.0,0.9973472952842712,0.010846495628356934,,,
21,10,9,1.4332010746002197,1.0,0.9974059462547302,0.06554971635341644,,,
21,10,10,1.8439223766326904,1.0,0.9975494742393494,0.007640746422111988,,,
21,10,11,1.9135493040084839,1.0,0.9975066781044006,0.042519375681877136,,,
21,11,0,4.705245018005371,1.000001072883606,0.8949447274208069,0.025875989347696304,,,
21,11,1,2.7378909587860107,1.0,0.9095780849456787,0.017266958951950073,,,
21,11,2,2.456028461456299,1.0,0.9065338373184204,0.008197512477636337,,,
21,11,3,2.2967329025268555,1.0,0.9092142581939697,0.03223688155412674,,,
21,11,4,3.7895689010620117,1.0000001192092896,0.9128498435020447,0.015742041170597076,,,
21,11,5,2.266094207763672,1.0,0.9079123139381409,0.011357580311596394,,,
21,11,6,2.020822763442993,1.0,0.9072009921073914,0.006865453440696001,,,
21,11,7,2.4489946365356445,1.0,0.9085931181907654,0.017683230340480804,,,
21,11,8,3.8505003452301025,1.0000221729278564,0.09166303277015686,0.09187333285808563,,,
21,11,9,2.000012159347534,1.0,0.9073019027709961,0.00715223141014576,,,
21,11,10,2.506751775741577,1.0,0.9107382297515869,0.04616827517747879,,,
21,11,11,2.6585636138916016,1.0,0.91152024269104,0.04664837568998337,,,
22,0,0,4.513935089111328,1.0000193119049072,0.8226454257965088,0.021474294364452362,,,
22,0,1,0.37790626287460327,1.000032663345337,0.8225520849227905,0.8858135938644409,,,
22,0,2,4.704301834106445,1.0000144243240356,0.8021078705787659,0.03995298594236374,,,
22,0,3,0.396261990070343,1.000032663345337,0.8065491318702698,0.8393073678016663,,,
22,0,4,1.0962729454040527,1.0000301599502563,0.7970728278160095,0.60015469789505,,,
22,0,5,1.2080775499343872,1.000028133392334,0.7969680428504944,0.6904638409614563,,,
22,0,6,4.4094719886779785,1.0000228881835938,0.7485883235931396,0.026654552668333054,,,
22,0,7,1.827077031135559,1.0000299215316772,0.7646865844726562,0.15210092067718506,,,
22,0,8,4.286224365234375,1.0000264644622803,0.8285109996795654,0.058969657868146896,,,
22,0,9,4.675951957702637,1.0000202655792236,0.8614619970321655,0.019954264163970947,,,
22,0,10,4.261261940002441,1.0000269412994385,0.8884468674659729,0.16342081129550934,,,
22,0,11,5.511577129364014,1.0000160932540894,0.7317922711372375,0.007018962875008583,,,
22,1,0,2.3516111373901367,1.000029444694519,0.7135199904441833,0.10062775760889053,,,
22,1,1,2.7494802474975586,1.000024437904358,0.7172746062278748,0.0958019569516182,,,
22,1,2,4.774024486541748,1.0000158548355103,0.7134189009666443,0.025248752906918526,,,
22,1,3,4.3532023429870605,1.0000016689300537,0.6966511011123657,0.03499428182840347,,,
22,1,4,3.7475147247314453,1.0000122785568237,0.8266422152519226,0.06956019252538681,,,
22,1,5,4.67788028717041,1.000012755393982,0.8398985266685486,0.07739637047052383,,,
22,1,6,4.486225128173828,1.0000110864639282,0.8244922161102295,0.038737520575523376,,,
22,1,7,4.977265357971191,1.000015139579773,0.830527126789093,0.016972364857792854,,,
22,1,8,5.394740104675293,1.0000053644180298,0.8087952136993408,0.009296655654907227,,,
22,1,9,5.500266075134277,1.0000081062316895,0.7901535630226135,0.006455754861235619,,,
22,1,10,4.507129192352295,1.0000145435333252,0.6270902752876282,0.039875827729701996,,,
22,1,11,1.6619051694869995,1.0000296831130981,0.7715526819229126,0.6907122135162354,,,
22,2,0,2.5473792552948,1.0000008344650269,0.8923195004463196,0.09919541329145432,,,
22,2,1,4.87502908706665,1.0000011920928955,0.8810075521469116,0.012167531065642834,,,
22,2,2,1.1068063974380493,1.0000030994415283,0.9004299640655518,0.12348608672618866,,,
22,2,3,1.9322177171707153,1.000004529953003,0.871074914932251,0.13712209463119507,,,
22,2,4,1.707576870918274,1.000000238418579,0.8748785257339478,0.0830131396651268,,,
22,2,5,1.8259007930755615,1.0000042915344238,0.8822537064552307,0.13885383307933807,,,
22,2,6,2.7714436054229736,1.000004529953003,0.840786874294281,0.07683593034744263,,,
22,2,7,2.512972593307495,1.0,0.8512723445892334,0.03182303160429001,,,
22,2,8,1.920249104499817,1.0000017881393433,0.9009277820587158,0.11271921545267105,,,
22,2,9,1.7288289070129395,1.0000048875808716,0.8577551245689392,0.1276431679725647,,,
22,2,10,3.102607250213623,1.000030517578125,0.48538559675216675,0.1290929615497589,,,
22,2,11,3.1491281986236572,1.0000003576278687,0.8938074111938477,0.1112203598022461,,,
22,3,0,2.845228433609009,1.0,0.9952908158302307,0.07918938994407654,,,
22,3,1,1.8482944965362549,1.0,0.9951618313789368,0.062303606420755386,,,
22,3,2,1.4357041120529175,1.0000003576278687,0.9908832311630249,0.11284754425287247,,,
22,3,3,0.915525496006012,1.0,0.995137631893158,0.060562942177057266,,,
22,3,4,3.7435364723205566,1.0,0.9955311417579651,0.008299577049911022,,,
22,3,5,2.661773920059204,1.0,0.9960600137710571,0.03836585208773613,,,
22,3,6,1.669288992881775,1.0000003576278687,0.9876207113265991,0.15648120641708374,,,
22,3,7,1.4085102081298828,1.0000001192092896,0.9925143718719482,0.10619325190782547,,,
22,3,8,1.5303343534469604,1.0000001192092896,0.9920641183853149,0.11463098973035812,,,
22,3,9,1.4861094951629639,1.0,0.9956541657447815,0.06946636736392975,,,
22,3,10,1.7797911167144775,1.0,0.9953212738037109,0.15689802169799805,,,
22,3,11,1.7598471641540527,1.0,0.9951589107513428,0.09685516357421875,,,
22,4,0,1.196247935295105,1.0,0.9158893823623657,0.05617775768041611,,,
22,4,1,1.5692263841629028,1.0,0.9168283343315125,0.062453094869852066,,,
22,4,2,2.165456533432007,1.0,0.9143932461738586,0.015172713436186314,,,
22,4,3,1.593904733657837,1.0000001192092896,0.9170465469360352,0.07259566336870193,,,
22,4,4,2.98376202583313,1.0,0.9155820608139038,0.040771979838609695,,,
22,4,5,1.5094550848007202,1.0,0.9160178899765015,0.06550959497690201,,,
22,4,6,2.009239435195923,1.0,0.9161606431007385,0.03973507508635521,,,
22,4,7,1.8817331790924072,1.0000005960464478,0.9180047512054443,0.47181570529937744,,,
22,4,8,3.7582273483276367,1.0,0.9180594086647034,0.01594366319477558,,,
22,4,9,1.7316005229949951,1.0,0.9156864285469055,0.03764403611421585,,,
22,4,10,3.339092254638672,1.0,0.9156221747398376,0.0130619490519166,,,
22,4,11,0.009658330120146275,1.000030755996704,0.13092738389968872,0.0037317548412829638,,,
22,5,0,2.4323835372924805,1.0,0.9980756640434265,0.013118008151650429,,,
22,5,1,0.2923433184623718,1.0,0.9977172613143921,0.004487831611186266,,,
22,5,2,1.3846774101257324,1.0,0.9980442523956299,0.020313281565904617,,,
22,5,3,2.20040225982666,1.0,0.9968570470809937,0.033739183098077774,,,
22,5,4,1.4349576234817505,1.0,0.9979813098907471,0.049330830574035645,,,
22,5,5,1.994134783744812,1.0,0.9981712102890015,0.011037020944058895,,,
22,5,6,0.6298070549964905,1.0,0.9979045987129211,0.021188484504818916,,,
22,5,7,0.9312373399734497,1.0,0.9979310631752014,0.04166920855641365,,,
22,5,8,1.0735692977905273,1.0,0.998049795627594,0.026219381019473076,,,
22,5,9,3.015990972518921,1.0,0.9983466863632202,0.006399214267730713,,,
22,5,10,3.6747891902923584,1.0000003576278687,0.9856917858123779,0.04781978577375412,,,
22,5,11,2.631505012512207,1.0,0.9982146620750427,0.08956021815538406,,,
22,6,0,1.7634992599487305,1.0,0.9969542026519775,0.033945027738809586,,,
22,6,1,0.6368924975395203,1.0,0.998481035232544,0.019010154530405998,,,
22,6,2,3.4180619716644287,1.0,0.9984241724014282,0.012634450569748878,,,
22,6,3,1.4807310104370117,1.0,0.9987996816635132,0.015919890254735947,,,
22,6,4,3.6559054851531982,1.0,0.9951391220092773,0.024267077445983887,,,
22,6,5,1.667544960975647,1.0,0.9988811612129211,0.06023109331727028,,,
22,6,6,2.771829128265381,1.0,0.9989287853240967,0.061570633202791214,,,
22,6,7,2.1438002586364746,1.0,0.9985952377319336,0.045602235943078995,,,
22,6,8,1.1616491079330444,1.0,0.9987131357192993,0.025352362543344498,,,
22,6,9,0.6582099795341492,1.0,0.9984452724456787,0.004373522941023111,,,
22,6,10,3.556896924972534,1.0,0.9984254837036133,0.011250164359807968,,,
22,6,11,1.4687265157699585,1.0,0.9986540079116821,0.04807225614786148,,,
22,7,0,1.07221257686615,1.0,0.9990519881248474,0.026932017877697945,,,
22,7,1,2.6479034423828125,1.0,0.9991884827613831,0.015935266390442848,,,
22,7,2,0.7576025724411011,1.0,0.9993928670883179,0.0038931556046009064,,,
22,7,3,1.3957407474517822,1.0,0.9995637536048889,0.04094238951802254,,,
22,7,4,0.8922171592712402,1.0,0.9994695782661438,0.014255954883992672,,,
22,7,5,2.527130365371704,1.0,0.9987273812294006,0.023971140384674072,,,
22,7,6,3.1785552501678467,1.0,0.9993646740913391,0.011067720130085945,,,
22,7,7,2.3171565532684326,1.0,0.9993674755096436,0.012562048621475697,,,
22,7,8,1.196797490119934,1.0,0.9991315603256226,0.03340951353311539,,,
22,7,9,1.2354055643081665,1.0,0.9994790554046631,0.02568463236093521,,,
22,7,10,0.7510663866996765,1.0,0.9993876814842224,0.004316783510148525,,,
22,7,11,2.401756763458252,1.0,0.9994524121284485,0.006887846626341343,,,
22,8,0,3.2826571464538574,1.0,0.9986172318458557,0.01872263476252556,,,
22,8,1,1.3059930801391602,1.0,0.9987585544586182,0.0084053510800004,,,
22,8,2,3.951925039291382,1.0000001192092896,0.9941518306732178,0.010863695293664932,,,
22,8,3,1.6626434326171875,1.0,0.9989073276519775,0.01717531867325306,,,
22,8,4,1.0952296257019043,1.0,0.9988357424736023,0.046519841998815536,,,
22,8,5,1.8283607959747314,1.0,0.998557448387146,0.0363340750336647,,,
22,8,6,2.4240453243255615,1.0,0.9988812804222107,0.019467785954475403,,,
22,8,7,1.2377088069915771,1.0,0.998253583908081,0.05371535196900368,,,
22,8,8,2.1543362140655518,1.0,0.9985969066619873,0.030038289725780487,,,
22,8,9,1.9135215282440186,1.0,0.9989269375801086,0.025923991575837135,,,
22,8,10,2.1368935108184814,1.0,0.999052107334137,0.06017550453543663,,,
22,8,11,1.8357157707214355,1.0,0.998788595199585,0.018663208931684494,,,
22,9,0,2.3976826667785645,1.0,0.9969809055328369,0.043306540697813034,,,
22,9,1,1.8456931114196777,1.0,0.998769998550415,0.009670226834714413,,,
22,9,2,2.334521532058716,1.0,0.9985905289649963,0.018451498821377754,,,
22,9,3,1.608941912651062,1.0,0.99820876121521,0.04769834131002426,,,
22,9,4,1.6392512321472168,1.0,0.9989335536956787,0.012922429479658604,,,
22,9,5,2.025912284851074,1.0,0.9990076422691345,0.02857929840683937,,,
22,9,6,1.458914875984192,1.0,0.9989750385284424,0.0062770964577794075,,,
22,9,7,1.6326404809951782,1.0,0.9988736510276794,0.017912978306412697,,,
22,9,8,2.1466262340545654,1.0,0.9986781477928162,0.008984456770122051,,,
22,9,9,1.2292801141738892,1.0,0.998944878578186,0.005901681259274483,,,
22,9,10,1.035827398300171,1.0,0.9988179802894592,0.03479978069663048,,,
22,9,11,2.7188918590545654,1.0,0.9951566457748413,0.0054261088371276855,,,
22,10,0,2.4286930561065674,1.0,0.9974371194839478,0.015669304877519608,,,
22,10,1,1.709370732307434,1.0,0.998015820980072,0.009182717651128769,,,
22,10,2,2.092550754547119,1.0000001192092896,0.9955832958221436,0.007510534953325987,,,
22,10,3,2.5784220695495605,1.0000001192092896,0.9954460263252258,0.009578331373631954,,,
22,10,4,2.992032766342163,1.0,0.9973143935203552,0.020570263266563416,,,
22,10,5,0.9619075059890747,1.0,0.9980928301811218,0.02580287493765354,,,
22,10,6,1.7687559127807617,1.0,0.9981676340103149,0.008898427709937096,,,
22,10,7,2.403315782546997,1.0,0.998451828956604,0.025735830888152122,,,
22,10,8,2.2276010513305664,1.0,0.9982606768608093,0.009670051746070385,,,
22,10,9,1.4000134468078613,1.0,0.9981136322021484,0.06410171091556549,,,
22,10,10,1.6817680597305298,1.0,0.9983004927635193,0.008314660750329494,,,
22,10,11,2.0599186420440674,1.0,0.99819415807724,0.0393204428255558,,,
22,11,0,4.605604648590088,1.0000005960464478,0.9079328179359436,0.026246290653944016,,,
22,11,1,2.3462653160095215,1.0,0.9101688861846924,0.014317207038402557,,,
22,11,2,2.2221596240997314,1.0000001192092896,0.9083366990089417,0.007495693862438202,,,
22,11,3,2.139355421066284,1.0,0.9107253551483154,0.02882303111255169,,,
22,11,4,3.640528678894043,1.0000001192092896,0.9134541153907776,0.015318749472498894,,,
22,11,5,1.9245226383209229,1.0,0.9093782305717468,0.010832816362380981,,,
22,11,6,1.879166603088379,1.0,0.9091320633888245,0.007347344886511564,,,
22,11,7,2.2943246364593506,1.0,0.9105953574180603,0.019067320972681046,,,
22,11,8,3.8781559467315674,1.0000237226486206,0.07889344543218613,0.09533005207777023,,,
22,11,9,1.7983241081237793,1.0,0.9091883301734924,0.006806999910622835,,,
22,11,10,2.4091124534606934,1.0,0.912335991859436,0.04263573884963989,,,
22,11,11,2.675853967666626,1.0,0.9130354523658752,0.0385001003742218,,,
23,0,0,4.230215072631836,1.0000115633010864,0.7816402912139893,0.020539620891213417,,,
23,0,1,0.416217178106308,1.0000251531600952,0.7900179028511047,0.8718801140785217,,,
23,0,2,4.455984115600586,1.0000091791152954,0.7915775775909424,0.04568647965788841,,,
23,0,3,0.4296811819076538,1.0000245571136475,0.7694976925849915,0.8225035667419434,,,
23,0,4,1.245249629020691,1.0000211000442505,0.7860645055770874,0.5682731866836548,,,
23,0,5,1.2235047817230225,1.0000195503234863,0.7750183343887329,0.6812812089920044,,,
23,0,6,4.088374614715576,1.0000152587890625,0.7245500683784485,0.03276407718658447,,,
23,0,7,1.9079163074493408,1.000022292137146,0.7535471320152283,0.16891053318977356,,,
23,0,8,4.112836837768555,1.0000180006027222,0.8067927956581116,0.06421303004026413,,,
23,0,9,4.53480339050293,1.0000123977661133,0.8373013138771057,0.022944284602999687,,,
23,0,10,4.126715183258057,1.0000191926956177,0.8758476376533508,0.15997286140918732,,,
23,0,11,5.032462120056152,1.000011920928955,0.7388153672218323,0.011012835428118706,,,
23,1,0,2.285395383834839,1.0000218152999878,0.7010328769683838,0.10646971315145493,,,
23,1,1,2.6951262950897217,1.0000170469284058,0.7181631326675415,0.09906753152608871,,,
23,1,2,4.489278793334961,1.0000137090682983,0.6209952235221863,0.03448906168341637,,,
23,1,3,3.9346237182617188,1.0000005960464478,0.6789268255233765,0.041384659707546234,,,
23,1,4,3.7089579105377197,1.0000066757202148,0.8053749203681946,0.07096340507268906,,,
23,1,5,4.331699848175049,1.0000087022781372,0.8297615051269531,0.08640603721141815,,,
23,1,6,4.191892623901367,1.0000067949295044,0.8088788390159607,0.03935249522328377,,,
23,1,7,4.6532206535339355,1.0000090599060059,0.8185318112373352,0.021846046671271324,,,
23,1,8,4.978023052215576,1.0000035762786865,0.8035597205162048,0.012853854335844517,,,
23,1,9,4.961521625518799,1.0000048875808716,0.7647823691368103,0.009563958272337914,,,
23,1,10,4.316530227661133,1.0000096559524536,0.5571488738059998,0.0403791107237339,,,
23,1,11,1.6582685708999634,1.000020980834961,0.7529566287994385,0.6707426905632019,,,
23,2,0,2.421895742416382,1.000001311302185,0.8870745301246643,0.10322698950767517,,,
23,2,1,4.3738203048706055,1.0000016689300537,0.8653956055641174,0.01644524186849594,,,
23,2,2,1.1191141605377197,1.0000033378601074,0.8911506533622742,0.12038236856460571,,,
23,2,3,1.9000474214553833,1.0000048875808716,0.8585700988769531,0.13279560208320618,,,
23,2,4,1.6017831563949585,1.000000238418579,0.8690323233604431,0.08452676236629486,,,
23,2,5,1.8297227621078491,1.0000033378601074,0.8784406781196594,0.13647447526454926,,,
23,2,6,2.7489590644836426,1.0000029802322388,0.83530193567276,0.08059107512235641,,,
23,2,7,2.992603302001953,1.0,0.8509675860404968,0.037285078316926956,,,
23,2,8,1.8689175844192505,1.000002145767212,0.8950494527816772,0.1149020865559578,,,
23,2,9,1.740674376487732,1.0000041723251343,0.8568726181983948,0.1264561414718628,,,
23,2,10,3.064020872116089,1.0000221729278564,0.5356199741363525,0.13131193816661835,,,
23,2,11,2.7578892707824707,1.0000001192092896,0.8705503940582275,0.10468121618032455,,,
23,3,0,2.493328332901001,1.0,0.9902197122573853,0.08583121746778488,,,
23,3,1,1.9024839401245117,1.0,0.9903129935264587,0.06819814443588257,,,
23,3,2,1.4203742742538452,1.0000005960464478,0.9789010882377625,0.11916530877351761,,,
23,3,3,0.9441161751747131,1.0,0.9903833270072937,0.0648011788725853,,,
23,3,4,3.184915781021118,1.0,0.9906720519065857,0.013348559848964214,,,
23,3,5,2.718994617462158,1.0,0.9921495914459229,0.03979363664984703,,,
23,3,6,1.6925748586654663,1.0000007152557373,0.9776158928871155,0.15930308401584625,,,
23,3,7,1.4128693342208862,1.0000003576278687,0.9853482842445374,0.11817266047000885,,,
23,3,8,1.5398277044296265,1.0000003576278687,0.9839687943458557,0.12414635717868805,,,
23,3,9,1.5133841037750244,1.0,0.9913201928138733,0.07657119631767273,,,
23,3,10,1.7308356761932373,1.0,0.9905661940574646,0.15961502492427826,,,
23,3,11,1.767730712890625,1.000000238418579,0.9895442724227905,0.10207611322402954,,,
23,4,0,1.2049312591552734,1.0000001192092896,0.9170867800712585,0.06361618638038635,,,
23,4,1,1.587480902671814,1.0000001192092896,0.9191234111785889,0.06983856856822968,,,
23,4,2,2.279080629348755,1.0,0.9157735705375671,0.01728193089365959,,,
23,4,3,1.6006282567977905,1.0,0.9188465476036072,0.08019333332777023,,,
23,4,4,2.736950635910034,1.0,0.916782796382904,0.047010064125061035,,,
23,4,5,1.5002750158309937,1.0,0.9176038503646851,0.06933233141899109,,,
23,4,6,2.014727830886841,1.0,0.9180753827095032,0.04674142226576805,,,
23,4,7,1.7629890441894531,1.0000005960464478,0.9177679419517517,0.4898401200771332,,,
23,4,8,3.2580981254577637,1.0,0.9187983870506287,0.01970624178647995,,,
23,4,9,1.8155747652053833,1.0,0.9176635146141052,0.03966812416911125,,,
23,4,10,2.891643524169922,1.0,0.9162843823432922,0.015524487011134624,,,
23,4,11,0.013128106482326984,1.0000256299972534,0.16586700081825256,0.005789737217128277,,,
23,5,0,1.6897125244140625,1.0,0.9971834421157837,0.018441427499055862,,,
23,5,1,0.1913749873638153,1.0,0.9965198040008545,0.006463592406362295,,,
23,5,2,1.4169572591781616,1.0,0.99709552526474,0.0236168522387743,,,
23,5,3,2.3047149181365967,1.0000001192092896,0.9929056763648987,0.03639897704124451,,,
23,5,4,1.5075263977050781,1.0,0.9970183968544006,0.05407899245619774,,,
23,5,5,1.752388596534729,1.0,0.9972553849220276,0.01445901021361351,,,
23,5,6,0.6648885011672974,1.0,0.9968730807304382,0.026291651651263237,,,
23,5,7,0.9366112947463989,1.0,0.9969803094863892,0.04031623527407646,,,
23,5,8,1.0659271478652954,1.0,0.9970651865005493,0.028746843338012695,,,
23,5,9,2.601518392562866,1.0,0.9975023865699768,0.00896728876978159,,,
23,5,10,3.454969882965088,1.0000003576278687,0.980607807636261,0.04433487355709076,,,
23,5,11,2.367786169052124,1.0,0.9973488450050354,0.10520894825458527,,,
23,6,0,1.805554747581482,1.0000001192092896,0.994486391544342,0.03772001713514328,,,
23,6,1,0.6872888207435608,1.0,0.9971780776977539,0.02250276878476143,,,
23,6,2,3.2389769554138184,1.0,0.9970706701278687,0.014352595433592796,,,
23,6,3,1.547681212425232,1.0,0.9977478384971619,0.018034428358078003,,,
23,6,4,3.5189523696899414,1.000000238418579,0.9887863397598267,0.02716086246073246,,,
23,6,5,1.7080302238464355,1.0,0.9978895783424377,0.06616412103176117,,,
23,6,6,2.4354798793792725,1.0,0.9979162812232971,0.07421422749757767,,,
23,6,7,2.2386574745178223,1.0,0.997187614440918,0.046663615852594376,,,
23,6,8,1.2463104724884033,1.0,0.997672975063324,0.02870076708495617,,,
23,6,9,0.538932740688324,1.0,0.9970436692237854,0.006336181424558163,,,
23,6,10,2.719980239868164,1.0,0.9978200793266296,0.015074764378368855,,,
23,6,11,1.5805824995040894,1.0,0.997407853603363,0.050067342817783356,,,
23,7,0,1.087889552116394,1.0,0.9986737966537476,0.028778288513422012,,,
23,7,1,2.406860113143921,1.0,0.9986913800239563,0.020675821229815483,,,
23,7,2,0.3691726326942444,1.0,0.9990095496177673,0.0050287023186683655,,,
23,7,3,1.5292690992355347,1.0,0.999355673789978,0.047427091747522354,,,
23,7,4,0.9962853789329529,1.0,0.9992630481719971,0.016706861555576324,,,
23,7,5,2.548215627670288,1.0,0.997711181640625,0.025395924225449562,,,
23,7,6,2.7412915229797363,1.0,0.9992263317108154,0.013293886557221413,,,
23,7,7,1.5709693431854248,1.0,0.999296247959137,0.018264001235365868,,,
23,7,8,1.3042185306549072,1.0,0.9988467693328857,0.03663692995905876,,,
23,7,9,1.458773136138916,1.0,0.9991526007652283,0.03178251534700394,,,
23,7,10,0.702490508556366,1.0,0.9991188049316406,0.006551466882228851,,,
23,7,11,1.658376693725586,1.0,0.9992704391479492,0.008934603072702885,,,
23,8,0,2.8526556491851807,1.0,0.9982476830482483,0.024028580635786057,,,
23,8,1,0.9441639184951782,1.0,0.9978119134902954,0.010726368986070156,,,
23,8,2,3.7817680835723877,1.0000001192092896,0.9916860461235046,0.016341466456651688,,,
23,8,3,2.0150694847106934,1.0,0.9982900619506836,0.021394627168774605,,,
23,8,4,1.1593904495239258,1.0,0.9981012344360352,0.04985392838716507,,,
23,8,5,1.8984519243240356,1.0,0.9974750876426697,0.04067283496260643,,,
23,8,6,1.9067068099975586,1.0,0.9982723593711853,0.024478690698742867,,,
23,8,7,1.214198112487793,1.0,0.9972765445709229,0.054374560713768005,,,
23,8,8,2.4066030979156494,1.0,0.9970982074737549,0.03545904904603958,,,
23,8,9,2.1407268047332764,1.0,0.9984143972396851,0.03162131831049919,,,
23,8,10,2.0816900730133057,1.0,0.9985503554344177,0.06295514851808548,,,
23,8,11,1.7869255542755127,1.0,0.9981325268745422,0.015465598553419113,,,
23,9,0,2.4903581142425537,1.0000001192092896,0.9955686330795288,0.035085953772068024,,,
23,9,1,1.762657642364502,1.0,0.9976739287376404,0.014361976645886898,,,
23,9,2,2.5417070388793945,1.0,0.9970352649688721,0.018857065588235855,,,
23,9,3,1.6917219161987305,1.0,0.9964439868927002,0.052469685673713684,,,
23,9,4,1.6823930740356445,1.0,0.9981111288070679,0.015063672326505184,,,
23,9,5,2.0393471717834473,1.0,0.9982519745826721,0.03350577875971794,,,
23,9,6,1.4790786504745483,1.0,0.9981582164764404,0.008481132797896862,,,
23,9,7,1.7883418798446655,1.0,0.998115599155426,0.020960353314876556,,,
23,9,8,2.4547829627990723,1.0,0.9930964112281799,0.012724547646939754,,,
23,9,9,1.4868299961090088,1.0,0.9981563687324524,0.009387939237058163,,,
23,9,10,1.1470415592193604,1.0,0.9978489279747009,0.042818713933229446,,,
23,9,11,2.185481548309326,1.0,0.996891975402832,0.008189897984266281,,,
23,10,0,2.271491765975952,1.0,0.9955707788467407,0.012585131451487541,,,
23,10,1,1.7443122863769531,1.0,0.9972719550132751,0.013768993318080902,,,
23,10,2,2.0957236289978027,1.0,0.9954847693443298,0.011977278627455235,,,
23,10,3,2.686864137649536,1.0000001192092896,0.994147539138794,0.015110460110008717,,,
23,10,4,2.913203716278076,1.0000001192092896,0.9940276741981506,0.024534126743674278,,,
23,10,5,1.0855292081832886,1.0,0.9970218539237976,0.03240485489368439,,,
23,10,6,2.132291078567505,1.0,0.9965202808380127,0.011638474650681019,,,
23,10,7,2.462049722671509,1.0,0.9976617693901062,0.032221898436546326,,,
23,10,8,1.9253993034362793,1.0,0.9972065091133118,0.014081296510994434,,,
23,10,9,1.4303555488586426,1.0,0.9971892833709717,0.06899434328079224,,,
23,10,10,1.668263554573059,1.0,0.9973368048667908,0.009376903995871544,,,
23,10,11,2.0110819339752197,1.0,0.9967249035835266,0.052505601197481155,,,
23,11,0,4.321200847625732,1.0000011920928955,0.8868467211723328,0.03657357022166252,,,
23,11,1,2.6955535411834717,1.0,0.9090439081192017,0.020565327256917953,,,
23,11,2,2.184624671936035,1.0000001192092896,0.9012660384178162,0.008904645219445229,,,
23,11,3,2.2474169731140137,1.0,0.9082782864570618,0.03165781870484352,,,
23,11,4,3.5153024196624756,1.0,0.9115829467773438,0.0172291062772274,,,
23,11,5,2.198420524597168,1.0,0.9073641300201416,0.014286186546087265,,,
23,11,6,1.9206937551498413,1.0,0.9058107733726501,0.008907385170459747,,,
23,11,7,2.4085347652435303,1.0,0.9084169268608093,0.020505309104919434,,,
23,11,8,3.5235073566436768,1.000017762184143,0.11446031928062439,0.1045663133263588,,,
23,11,9,1.7952370643615723,1.0,0.9055718779563904,0.009319736622273922,,,
23,11,10,2.609251022338867,1.0,0.9120438098907471,0.0549909807741642,,,
23,11,11,2.6439266204833984,1.0,0.9118673801422119,0.048105668276548386,,,
24,0,0,4.485936641693115,1.0000178813934326,0.8225727081298828,0.021803680807352066,,,
24,0,1,0.3785388767719269,1.0000323057174683,0.8152240514755249,0.883752167224884,,,
24,0,2,4.699943542480469,1.000012755393982,0.8016032576560974,0.036502011120319366,,,
24,0,3,0.3893749713897705,1.0000312328338623,0.798214852809906,0.8341014385223389,,,
24,0,4,1.0901821851730347,1.0000290870666504,0.7961118817329407,0.5931020379066467,,,
24,0,5,1.2004735469818115,1.0000275373458862,0.7968003749847412,0.698150634765625,,,
24,0,6,4.364624977111816,1.000022292137146,0.7618312835693359,0.03148464113473892,,,
24,0,7,1.8252278566360474,1.0000287294387817,0.767869770526886,0.15307870507240295,,,
24,0,8,4.294275283813477,1.0000247955322266,0.8277537822723389,0.06003677099943161,,,
24,0,9,4.6619553565979,1.000019907951355,0.8608869314193726,0.020221197977662086,,,
24,0,10,4.236581802368164,1.0000255107879639,0.8874940276145935,0.1655278354883194,,,
24,0,11,5.475590705871582,1.000015139579773,0.7360063791275024,0.0070081246085464954,,,
24,1,0,2.3139801025390625,1.0000288486480713,0.7131032347679138,0.09737341105937958,,,
24,1,1,2.7620081901550293,1.0000228881835938,0.7213695049285889,0.09652090817689896,,,
24,1,2,4.766035079956055,1.000016689300537,0.702004611492157,0.02569013275206089,,,
24,1,3,4.324169635772705,1.0000014305114746,0.6992202401161194,0.03524761646986008,,,
24,1,4,3.7446165084838867,1.0000118017196655,0.8236908316612244,0.06963969022035599,,,
24,1,5,4.606971740722656,1.0000110864639282,0.838941216468811,0.08278403431177139,,,
24,1,6,4.495090484619141,1.0000113248825073,0.827887773513794,0.03619413822889328,,,
24,1,7,4.995319366455078,1.0000133514404297,0.8297809362411499,0.01707126945257187,,,
24,1,8,5.358554363250732,1.0000053644180298,0.8048899173736572,0.009175123646855354,,,
24,1,9,5.469394683837891,1.000006914138794,0.7882046103477478,0.006471619009971619,,,
24,1,10,4.47520112991333,1.000014305114746,0.6218790411949158,0.04043261334300041,,,
24,1,11,1.6320165395736694,1.0000277757644653,0.7677304744720459,0.6925113201141357,,,
24,2,0,2.5350053310394287,1.0000008344650269,0.8927497863769531,0.0995693951845169,,,
24,2,1,4.852190971374512,1.0000020265579224,0.868150532245636,0.012583143077790737,,,
24,2,2,1.0709885358810425,1.0000033378601074,0.8935197591781616,0.11785581707954407,,,
24,2,3,1.9229685068130493,1.0000040531158447,0.8725430965423584,0.13669037818908691,,,
24,2,4,1.6425412893295288,1.0000001192092896,0.8761497735977173,0.0799655094742775,,,
24,2,5,1.8399995565414429,1.0000032186508179,0.8868098855018616,0.13907594978809357,,,
24,2,6,2.7606611251831055,1.0000035762786865,0.8438411951065063,0.07515467703342438,,,
24,2,7,2.55552077293396,1.0,0.8517385721206665,0.03202449157834053,,,
24,2,8,1.901010513305664,1.0000016689300537,0.9035075902938843,0.11735597997903824,,,
24,2,9,1.7787415981292725,1.0000042915344238,0.8733821511268616,0.12966206669807434,,,
24,2,10,3.113515853881836,1.0000300407409668,0.49307000637054443,0.12872356176376343,,,
24,2,11,3.134640693664551,1.000000238418579,0.8933029770851135,0.11096876114606857,,,
24,3,0,2.7415788173675537,1.0,0.9949390292167664,0.0766201764345169,,,
24,3,1,1.8353582620620728,1.0,0.9949230551719666,0.0611371286213398,,,
24,3,2,1.406701922416687,1.0000003576278687,0.9876036047935486,0.11045470833778381,,,
24,3,3,0.8947376608848572,1.0,0.9948667883872986,0.0587315671145916,,,
24,3,4,3.622389316558838,1.0,0.9952101111412048,0.009366876445710659,,,
24,3,5,2.6787023544311523,1.0,0.9958446621894836,0.03550785034894943,,,
24,3,6,1.6888606548309326,1.0000003576278687,0.9890013337135315,0.15260715782642365,,,
24,3,7,1.430344820022583,1.0000001192092896,0.9931830763816833,0.11255855113267899,,,
24,3,8,1.535175085067749,1.0000001192092896,0.9914045929908752,0.11492591351270676,,,
24,3,9,1.5399506092071533,1.0,0.9956176280975342,0.07174726575613022,,,
24,3,10,1.7376446723937988,1.0,0.9950487017631531,0.1630002111196518,,,
24,3,11,1.7564090490341187,1.0000001192092896,0.9945592880249023,0.10075774788856506,,,
24,4,0,1.2073750495910645,1.0000001192092896,0.9160977005958557,0.053016483783721924,,,
24,4,1,1.5598955154418945,1.0,0.9172054529190063,0.0602622888982296,,,
24,4,2,2.1645638942718506,1.0,0.9145578742027283,0.015254191122949123,,,
24,4,3,1.5773811340332031,1.0,0.917080283164978,0.06844104826450348,,,
24,4,4,2.834524154663086,1.0,0.9153844714164734,0.04119730368256569,,,
24,4,5,1.4833428859710693,1.0,0.9162595868110657,0.0709606409072876,,,
24,4,6,1.9829319715499878,1.0,0.9161151647567749,0.03906375542283058,,,
24,4,7,1.8004722595214844,1.0000005960464478,0.9179549813270569,0.4878680109977722,,,
24,4,8,3.679976224899292,1.0,0.9179393649101257,0.015277593396604061,,,
24,4,9,1.7804847955703735,1.0,0.916068434715271,0.03650560975074768,,,
24,4,10,3.1490204334259033,1.0,0.9152387380599976,0.012275063432753086,,,
24,4,11,0.011051945388317108,1.000030517578125,0.1317744255065918,0.0036809297744184732,,,
24,5,0,2.373896360397339,1.0,0.9975175261497498,0.013812457211315632,,,
24,5,1,0.2413889318704605,1.0,0.9970203042030334,0.004454529378563166,,,
24,5,2,1.384564757347107,1.0,0.9973941445350647,0.021144695580005646,,,
24,5,3,2.217679977416992,1.0,0.995642900466919,0.03366907685995102,,,
24,5,4,1.4566822052001953,1.0,0.997402012348175,0.04915075749158859,,,
24,5,5,2.0832607746124268,1.0,0.9975424408912659,0.012592991814017296,,,
24,5,6,0.6550827026367188,1.0,0.9972347617149353,0.023056447505950928,,,
24,5,7,0.956150472164154,1.0,0.9972423315048218,0.03977389633655548,,,
24,5,8,1.057633876800537,1.0,0.9973506331443787,0.027093324810266495,,,
24,5,9,3.022240161895752,1.0,0.9977447390556335,0.006447776220738888,,,
24,5,10,3.745537519454956,1.0000003576278687,0.9792466759681702,0.04022175818681717,,,
24,5,11,2.5816919803619385,1.0,0.9976152181625366,0.09971476346254349,,,
24,6,0,1.788234829902649,1.0,0.9966005086898804,0.03465644642710686,,,
24,6,1,0.627475917339325,1.0,0.9981134533882141,0.018439799547195435,,,
24,6,2,3.5086090564727783,1.0,0.9979960918426514,0.012570172548294067,,,
24,6,3,1.5480759143829346,1.0,0.998491644859314,0.015195918269455433,,,
24,6,4,3.7738842964172363,1.0000001192092896,0.9923239350318909,0.02254900150001049,,,
24,6,5,1.710636019706726,1.0,0.9985790252685547,0.06286267191171646,,,
24,6,6,2.7575314044952393,1.0,0.9986366033554077,0.06674010306596756,,,
24,6,7,2.194626808166504,1.0,0.9983648657798767,0.04533043131232262,,,
24,6,8,1.1753009557724,1.0,0.9984138011932373,0.02623191475868225,,,
24,6,9,0.635857343673706,1.0,0.9980869293212891,0.004959395155310631,,,
24,6,10,3.4296457767486572,1.0,0.9983894228935242,0.010230790823698044,,,
24,6,11,1.5227015018463135,1.0,0.9982993602752686,0.04592765495181084,,,
24,7,0,1.099944829940796,1.0,0.9989303946495056,0.030062362551689148,,,
24,7,1,2.7431130409240723,1.0,0.99893718957901,0.016380194574594498,,,
24,7,2,0.5447792410850525,1.0,0.9992334246635437,0.0036173765547573566,,,
24,7,3,1.4976608753204346,1.0,0.9994592070579529,0.04365898296236992,,,
24,7,4,0.8614973425865173,1.0,0.9993509650230408,0.013378560543060303,,,
24,7,5,2.6370749473571777,1.0,0.9978553652763367,0.02454092912375927,,,
24,7,6,3.106161117553711,1.0,0.9993383288383484,0.010599217377603054,,,
24,7,7,1.904184341430664,1.0,0.9994043111801147,0.011247659102082253,,,
24,7,8,1.2359505891799927,1.0,0.9991326928138733,0.03598908334970474,,,
24,7,9,1.3549681901931763,1.0,0.9992721676826477,0.02813326194882393,,,
24,7,10,0.7397303581237793,1.0,0.9992715716362,0.004701670724898577,,,
24,7,11,2.332193613052368,1.0,0.9993406534194946,0.007624657358974218,,,
24,8,0,3.2532520294189453,1.0,0.9985097646713257,0.020864123478531837,,,
24,8,1,0.9909119606018066,1.0,0.9984115958213806,0.00740300165489316,,,
24,8,2,4.04328727722168,1.000000238418579,0.9920654296875,0.010940110310912132,,,
24,8,3,1.9378478527069092,1.0,0.9986878037452698,0.01789230667054653,,,
24,8,4,1.066420078277588,1.0,0.9985803365707397,0.0448240227997303,,,
24,8,5,1.8535236120224,1.0,0.9981508255004883,0.03645411133766174,,,
24,8,6,2.175065279006958,1.0,0.9986999034881592,0.018383724614977837,,,
24,8,7,1.2411067485809326,1.0,0.9981594085693359,0.051100391894578934,,,
24,8,8,2.337209701538086,1.0,0.9980295300483704,0.033015456050634384,,,
24,8,9,2.0900051593780518,1.0,0.9987432360649109,0.027374612167477608,,,
24,8,10,2.087226629257202,1.0,0.9988271594047546,0.06019352376461029,,,
24,8,11,1.7133320569992065,1.0,0.9985888004302979,0.015071729198098183,,,
24,9,0,2.5112826824188232,1.0,0.9974403977394104,0.039885956794023514,,,
24,9,1,1.8286387920379639,1.0,0.9989674091339111,0.010550735518336296,,,
24,9,2,2.6407341957092285,1.0,0.9980737566947937,0.020582569763064384,,,
24,9,3,1.6212682723999023,1.0,0.99814772605896,0.04518676921725273,,,
24,9,4,1.7135326862335205,1.0,0.9990621209144592,0.011549357324838638,,,
24,9,5,2.1663217544555664,1.0,0.999149739742279,0.03332661837339401,,,
24,9,6,1.6038094758987427,1.0,0.9990492463111877,0.006428195629268885,,,
24,9,7,1.7842469215393066,1.0,0.9990078210830688,0.01842254213988781,,,
24,9,8,2.3158624172210693,1.0,0.9988540410995483,0.00920186284929514,,,
24,9,9,1.4304536581039429,1.0,0.9990211725234985,0.006176240276545286,,,
24,9,10,1.0439943075180054,1.0,0.9989517331123352,0.03579104691743851,,,
24,9,11,2.5272536277770996,1.0,0.997258186340332,0.00521373376250267,,,
24,10,0,2.5398011207580566,1.0,0.9960351586341858,0.015325473621487617,,,
24,10,1,1.7982919216156006,1.0,0.9977779984474182,0.008977478370070457,,,
24,10,2,2.131697416305542,1.0,0.9972349405288696,0.009384092874825,,,
24,10,3,2.72977614402771,1.0,0.9905704259872437,0.011991248466074467,,,
24,10,4,2.999797821044922,1.0,0.9969071745872498,0.02018461376428604,,,
24,10,5,0.9808328151702881,1.0,0.9978382587432861,0.026031585410237312,,,
24,10,6,1.872824788093567,1.0,0.9976799488067627,0.010215035639703274,,,
24,10,7,2.4040980339050293,1.0,0.99812912940979,0.027666348963975906,,,
24,10,8,2.2121763229370117,1.0,0.9980039000511169,0.01047411747276783,,,
24,10,9,1.4327418804168701,1.0,0.9979282021522522,0.0582360103726387,,,
24,10,10,1.8838820457458496,1.0,0.9977647662162781,0.008568103425204754,,,
24,10,11,2.058471918106079,1.0,0.997890293598175,0.04619210958480835,,,
24,11,0,4.637938499450684,1.0000005960464478,0.9066288471221924,0.026270190253853798,,,
24,11,1,2.494879722595215,1.0,0.9107639789581299,0.015554670244455338,,,
24,11,2,2.309061050415039,1.0,0.9096771478652954,0.00839022733271122,,,
24,11,3,2.26284122467041,1.0,0.9114084243774414,0.03134249895811081,,,
24,11,4,3.6556336879730225,1.0000001192092896,0.9132564067840576,0.01464677695184946,,,
24,11,5,2.003429889678955,1.0,0.9097219705581665,0.010159622877836227,,,
24,11,6,1.9422550201416016,1.0,0.909314751625061,0.006666035391390324,,,
24,11,7,2.354365825653076,1.0,0.9107382297515869,0.017955923452973366,,,
24,11,8,3.8120527267456055,1.0000237226486206,0.08050956577062607,0.09534124284982681,,,
24,11,9,1.8623502254486084,1.0,0.90923672914505,0.007362093776464462,,,
24,11,10,2.3298487663269043,1.0,0.9119883179664612,0.046270281076431274,,,
24,11,11,2.5651228427886963,1.0,0.9125612378120422,0.040144871920347214,,,
25,0,0,4.479293346405029,1.0000184774398804,0.8105725646018982,0.017583727836608887,,,
25,0,1,0.428896427154541,1.0000309944152832,0.8118553161621094,0.8654651641845703,,,
25,0,2,4.660098075866699,1.000012993812561,0.8021783828735352,0.041736703366041183,,,
25,0,3,0.4203713834285736,1.000031590461731,0.80055832862854,0.8326889872550964,,,
25,0,4,1.1383689641952515,1.0000288486480713,0.8007375597953796,0.6030400991439819,,,
25,0,5,1.3060616254806519,1.000028133392334,0.7943859100341797,0.685128927230835,,,
25,0,6,4.35428524017334,1.0000214576721191,0.752031147480011,0.026945073157548904,,,
25,0,7,1.8292722702026367,1.0000284910202026,0.7625852227210999,0.15509644150733948,,,
25,0,8,4.261142253875732,1.0000247955322266,0.829145073890686,0.059541504830121994,,,
25,0,9,4.661043167114258,1.000018835067749,0.8562979102134705,0.020094972103834152,,,
25,0,10,4.256557464599609,1.0000258684158325,0.8860544562339783,0.1587398797273636,,,
25,0,11,5.441014766693115,1.0000146627426147,0.7297243475914001,0.006920378655195236,,,
25,1,0,2.373136520385742,1.0000277757644653,0.7033424377441406,0.10117344558238983,,,
25,1,1,2.7683303356170654,1.0000219345092773,0.7035229206085205,0.09709177911281586,,,
25,1,2,4.753222942352295,1.0000170469284058,0.6856573224067688,0.02586330473423004,,,
25,1,3,4.309326171875,1.000001311302185,0.6957997679710388,0.034692853689193726,,,
25,1,4,3.748619556427002,1.0000102519989014,0.8171947002410889,0.06940826773643494,,,
25,1,5,4.618718147277832,1.0000121593475342,0.8358875513076782,0.07505176961421967,,,
25,1,6,4.478793144226074,1.0000091791152954,0.8169119358062744,0.03604418784379959,,,
25,1,7,4.957361221313477,1.0000128746032715,0.8324564099311829,0.017952367663383484,,,
25,1,8,5.344607353210449,1.0000040531158447,0.8046802878379822,0.009331420063972473,,,
25,1,9,5.414004325866699,1.0000073909759521,0.7778055667877197,0.0068038832396268845,,,
25,1,10,4.462527275085449,1.0000135898590088,0.6118302941322327,0.040365442633628845,,,
25,1,11,1.7986671924591064,1.0000277757644653,0.7602870464324951,0.6567271947860718,,,
25,2,0,2.5415308475494385,1.0000009536743164,0.8857581615447998,0.09886889159679413,,,
25,2,1,4.604045867919922,1.0000005960464478,0.8723785281181335,0.010974857024848461,,,
25,2,2,1.0760999917984009,1.0000042915344238,0.8845552802085876,0.12409796565771103,,,
25,2,3,1.9153718948364258,1.000005841255188,0.8565189242362976,0.13941523432731628,,,
25,2,4,1.6824668645858765,1.000000238418579,0.871105432510376,0.08852055668830872,,,
25,2,5,1.8169649839401245,1.0000039339065552,0.8754802942276001,0.14276067912578583,,,
25,2,6,2.7184786796569824,1.0000048875808716,0.8220216631889343,0.07723163068294525,,,
25,2,7,2.596489191055298,1.0,0.8452172875404358,0.0326661542057991,,,
25,2,8,1.929203987121582,1.0000020265579224,0.8990009427070618,0.11818552017211914,,,
25,2,9,1.7538789510726929,1.0000046491622925,0.8567237854003906,0.1276148408651352,,,
25,2,10,3.1144862174987793,1.0000284910202026,0.49240824580192566,0.12780866026878357,,,
25,2,11,3.122826099395752,1.000000238418579,0.8866449594497681,0.10994866490364075,,,
25,3,0,2.6917121410369873,1.0,0.9945583939552307,0.06953097879886627,,,
25,3,1,1.8361692428588867,1.0,0.9945142865180969,0.06265450268983841,,,
25,3,2,1.414457082748413,1.0000003576278687,0.9872466921806335,0.11600810289382935,,,
25,3,3,0.9013421535491943,1.0,0.9945344924926758,0.06023159250617027,,,
25,3,4,3.4901351928710938,1.0,0.9948896765708923,0.008877011947333813,,,
25,3,5,2.6259446144104004,1.0,0.9954540729522705,0.03458213061094284,,,
25,3,6,1.6889941692352295,1.0000003576278687,0.9873435497283936,0.16026297211647034,,,
25,3,7,1.4095797538757324,1.0000003576278687,0.9912920594215393,0.10813961923122406,,,
25,3,8,1.5114059448242188,1.0000003576278687,0.9906513690948486,0.11618135869503021,,,
25,3,9,1.5223333835601807,1.0,0.9952183365821838,0.06946100294589996,,,
25,3,10,1.7949259281158447,1.0,0.9948163628578186,0.16197705268859863,,,
25,3,11,1.7722978591918945,1.0,0.9947248101234436,0.10135026276111603,,,
25,4,0,1.236730694770813,1.0,0.9163682460784912,0.05892494320869446,,,
25,4,1,1.5299878120422363,1.0,0.9168484210968018,0.060013338923454285,,,
25,4,2,2.083932876586914,1.0,0.9143747091293335,0.015006190165877342,,,
25,4,3,1.6000642776489258,1.0,0.9174743294715881,0.07160481065511703,,,
25,4,4,2.9111404418945312,1.0,0.9157796502113342,0.03951265290379524,,,
25,4,5,1.5080459117889404,1.0,0.9161707162857056,0.06640948355197906,,,
25,4,6,2.018087387084961,1.0,0.916550874710083,0.041589539498090744,,,
25,4,7,1.8568767309188843,1.0000008344650269,0.9182596206665039,0.4731675982475281,,,
25,4,8,3.5957741737365723,1.0,0.9179431796073914,0.0165458582341671,,,
25,4,9,1.7397229671478271,1.0,0.9157156348228455,0.0339127853512764,,,
25,4,10,3.2373359203338623,1.0,0.9156659841537476,0.012462463229894638,,,
25,4,11,0.0087822824716568,1.0000290870666504,0.13394512236118317,0.003104838542640209,,,
25,5,0,2.398158073425293,1.0,0.998133659362793,0.012753143906593323,,,
25,5,1,0.27287596464157104,1.0,0.9978505969047546,0.004086087457835674,,,
25,5,2,1.4339656829833984,1.0,0.9981386661529541,0.02139100804924965,,,
25,5,3,2.178274631500244,1.0,0.9968153238296509,0.033047765493392944,,,
25,5,4,1.4746816158294678,1.0,0.9980701208114624,0.04922696202993393,,,
25,5,5,1.7807363271713257,1.0,0.9982955455780029,0.010838022455573082,,,
25,5,6,0.6216623187065125,1.0,0.9980194568634033,0.021781515330076218,,,
25,5,7,0.8958153128623962,1.0,0.9980918765068054,0.039091557264328,,,
25,5,8,1.1194727420806885,1.0,0.9982185959815979,0.026065148413181305,,,
25,5,9,2.841388702392578,1.0,0.9984581470489502,0.006990152411162853,,,
25,5,10,3.5089566707611084,1.0000003576278687,0.987697184085846,0.04569154605269432,,,
25,5,11,2.5771923065185547,1.0,0.9983436465263367,0.09179079532623291,,,
25,6,0,1.7801570892333984,1.0,0.9969109892845154,0.03699107468128204,,,
25,6,1,0.7186017036437988,1.0,0.9986431002616882,0.019644537940621376,,,
25,6,2,3.3838725090026855,1.0,0.9983282089233398,0.01274492871016264,,,
25,6,3,1.491217017173767,1.0,0.9989179968833923,0.016172092407941818,,,
25,6,4,3.3743739128112793,1.0,0.9960231184959412,0.02210831455886364,,,
25,6,5,1.647775650024414,1.0,0.9990009069442749,0.06380690634250641,,,
25,6,6,2.6956019401550293,1.0,0.999036431312561,0.06571954488754272,,,
25,6,7,2.1414692401885986,1.0,0.9987451434135437,0.04467583820223808,,,
25,6,8,1.169906735420227,1.0,0.9988305568695068,0.0245602335780859,,,
25,6,9,0.5973405838012695,1.0,0.9985616207122803,0.004425514489412308,,,
25,6,10,3.2293033599853516,1.0,0.9987474083900452,0.011406876146793365,,,
25,6,11,1.4505627155303955,1.0,0.9987574219703674,0.04168226569890976,,,
25,7,0,1.1193816661834717,1.0,0.9990091919898987,0.027483563870191574,,,
25,7,1,2.3880538940429688,1.0,0.9994691610336304,0.013843323104083538,,,
25,7,2,0.5811350345611572,1.0,0.9994630217552185,0.0033520953729748726,,,
25,7,3,1.3987059593200684,1.0,0.9996415972709656,0.041017305105924606,,,
25,7,4,0.9087013006210327,1.0,0.9995622038841248,0.015103807672858238,,,
25,7,5,2.4469542503356934,1.0,0.9988248944282532,0.02448446676135063,,,
25,7,6,2.8580188751220703,1.0,0.9995474219322205,0.012465305626392365,,,
25,7,7,2.059631109237671,1.0,0.9994974732398987,0.01288759708404541,,,
25,7,8,1.2086881399154663,1.0,0.9993967413902283,0.03395189344882965,,,
25,7,9,1.2384990453720093,1.0,0.9995694756507874,0.023933585733175278,,,
25,7,10,0.6212239265441895,1.0,0.9994750618934631,0.003983073867857456,,,
25,7,11,2.15372896194458,1.0,0.999558687210083,0.007032136898487806,,,
25,8,0,3.087663173675537,1.0,0.9987855553627014,0.0216046329587698,,,
25,8,1,1.04241943359375,1.0,0.9988599419593811,0.00849464163184166,,,
25,8,2,3.7331225872039795,1.0,0.9958582520484924,0.010835918597877026,,,
25,8,3,1.6525148153305054,1.0,0.999027669429779,0.019713550806045532,,,
25,8,4,1.0457172393798828,1.0,0.9989730715751648,0.04359009861946106,,,
25,8,5,1.7939033508300781,1.0,0.9987409710884094,0.03742280602455139,,,
25,8,6,2.289604902267456,1.0,0.9989256262779236,0.019070511683821678,,,
25,8,7,1.2462091445922852,1.0,0.998211145401001,0.05566297471523285,,,
25,8,8,2.0962252616882324,1.0,0.9987406134605408,0.03131658211350441,,,
25,8,9,1.8412823677062988,1.0,0.9990877509117126,0.0289491917937994,,,
25,8,10,2.068458318710327,1.0,0.9992055892944336,0.06078484654426575,,,
25,8,11,1.7534208297729492,1.0,0.9989461898803711,0.018263665959239006,,,
25,9,0,2.2945141792297363,1.0,0.9978806972503662,0.043363552540540695,,,
25,9,1,1.783116340637207,1.0,0.9992311596870422,0.010544611141085625,,,
25,9,2,2.2051191329956055,1.0,0.9990623593330383,0.017746441066265106,,,
25,9,3,1.6303174495697021,1.0,0.9985196590423584,0.04746847599744797,,,
25,9,4,1.5735807418823242,1.0,0.9993165731430054,0.013583425432443619,,,
25,9,5,1.97100830078125,1.0,0.9994489550590515,0.030759893357753754,,,
25,9,6,1.2192878723144531,1.0,0.9993680715560913,0.005023973993957043,,,
25,9,7,1.6440889835357666,1.0,0.9993574023246765,0.020308446139097214,,,
25,9,8,2.0419979095458984,1.0,0.9989781975746155,0.008668627589941025,,,
25,9,9,1.0039353370666504,1.0,0.9993343353271484,0.0054543595761060715,,,
25,9,10,1.0079059600830078,1.0,0.9992915987968445,0.03395737707614899,,,
25,9,11,2.4430904388427734,1.0,0.9990028738975525,0.00586385652422905,,,
25,10,0,2.2854485511779785,1.0,0.9981982707977295,0.015388023108243942,,,
25,10,1,1.4438413381576538,1.0,0.9990556836128235,0.008168122731149197,,,
25,10,2,1.791730284690857,1.0,0.9991874694824219,0.00885007157921791,,,
25,10,3,2.4800565242767334,1.0,0.9970789551734924,0.012039875611662865,,,
25,10,4,2.8644044399261475,1.0,0.9981757998466492,0.021403025835752487,,,
25,10,5,0.9396265745162964,1.0,0.9990308284759521,0.025118013843894005,,,
25,10,6,1.6525520086288452,1.0,0.9985920190811157,0.008519025519490242,,,
25,10,7,2.319530725479126,1.0,0.9990296959877014,0.028002720326185226,,,
25,10,8,2.046255588531494,1.0,0.9990543127059937,0.010002106428146362,,,
25,10,9,1.3679225444793701,1.0,0.9990133047103882,0.06271049380302429,,,
25,10,10,1.5471738576889038,1.0,0.9989057779312134,0.007590109016746283,,,
25,10,11,1.881718397140503,1.0,0.9989766478538513,0.04236955568194389,,,
25,11,0,4.443417549133301,1.0000003576278687,0.9112628698348999,0.02902030572295189,,,
25,11,1,2.3224711418151855,1.0,0.9119083881378174,0.016043974086642265,,,
25,11,2,1.965354323387146,1.0,0.9111144542694092,0.00778195820748806,,,
25,11,3,2.0824267864227295,1.0,0.9121013283729553,0.027128703892230988,,,
25,11,4,3.409151792526245,1.0,0.9140614867210388,0.015418432652950287,,,
25,11,5,1.9331681728363037,1.0,0.9110296368598938,0.01052819099277258,,,
25,11,6,1.665350317955017,1.0,0.9103434085845947,0.007398076355457306,,,
25,11,7,2.1629650592803955,1.0,0.9116893410682678,0.019340122118592262,,,
25,11,8,3.7854132652282715,1.000022053718567,0.07380097359418869,0.09048539400100708,,,
25,11,9,1.540554404258728,1.0,0.9102105498313904,0.005863731727004051,,,
25,11,10,2.256951332092285,1.0,0.9132962822914124,0.04430322349071503,,,
25,11,11,2.441262722015381,1.0,0.9136353135108948,0.03944108262658119,,,
26,0,0,4.474402904510498,1.000017762184143,0.8158262372016907,0.01850382797420025,,,
26,0,1,0.40538039803504944,1.0000306367874146,0.8133192658424377,0.8771741986274719,,,
26,0,2,4.6591691970825195,1.000014066696167,0.8065938949584961,0.041007690131664276,,,
26,0,3,0.40507063269615173,1.000030279159546,0.7948560118675232,0.8224632143974304,,,
26,0,4,1.143255352973938,1.0000280141830444,0.7993144392967224,0.5919392704963684,,,
26,0,5,1.2445271015167236,1.000028133392334,0.79720139503479,0.696160614490509,,,
26,0,6,4.362002849578857,1.000020980834961,0.7557291388511658,0.027608204632997513,,,
26,0,7,1.8199647665023804,1.000028371810913,0.754916787147522,0.15350668132305145,,,
26,0,8,4.254406929016113,1.0000240802764893,0.8235785961151123,0.05942702665925026,,,
26,0,9,4.6588006019592285,1.0000181198120117,0.8571529984474182,0.01982821151614189,,,
26,0,10,4.2519073486328125,1.0000264644622803,0.8863775134086609,0.1606096774339676,,,
26,0,11,5.4196271896362305,1.0000150203704834,0.7360067367553711,0.007638487499207258,,,
26,1,0,2.3477649688720703,1.000028133392334,0.7054382562637329,0.10340119153261185,,,
26,1,1,2.7384533882141113,1.0000216960906982,0.7058721780776978,0.09503457695245743,,,
26,1,2,4.751938819885254,1.0000168085098267,0.6808906197547913,0.025813858956098557,,,
26,1,3,4.2951340675354,1.0000011920928955,0.6947066783905029,0.03503289073705673,,,
26,1,4,3.754074811935425,1.0000101327896118,0.8173892498016357,0.06913021206855774,,,
26,1,5,4.545604228973389,1.0000121593475342,0.8358699679374695,0.08399088680744171,,,
26,1,6,4.417715549468994,1.0000102519989014,0.8268555998802185,0.039093732833862305,,,
26,1,7,4.976541519165039,1.0000122785568237,0.8403451442718506,0.01785651594400406,,,
26,1,8,5.326847553253174,1.0000054836273193,0.8092462420463562,0.009682788513600826,,,
26,1,9,5.386529922485352,1.0000081062316895,0.7760708332061768,0.007053387816995382,,,
26,1,10,4.442878723144531,1.0000137090682983,0.6101546883583069,0.04100970923900604,,,
26,1,11,1.7382301092147827,1.0000267028808594,0.7689783573150635,0.6707910895347595,,,
26,2,0,2.496532678604126,1.0000011920928955,0.8818938732147217,0.10016944259405136,,,
26,2,1,4.630605697631836,1.0000004768371582,0.8719338774681091,0.0111993458122015,,,
26,2,2,1.081061840057373,1.0000061988830566,0.8791269659996033,0.12334614992141724,,,
26,2,3,1.9116774797439575,1.0000053644180298,0.8585144281387329,0.1339562088251114,,,
26,2,4,1.6327944993972778,1.000000238418579,0.8663638830184937,0.08191534876823425,,,
26,2,5,1.8034539222717285,1.0000042915344238,0.8719156384468079,0.1378800868988037,,,
26,2,6,2.7060706615448,1.0000056028366089,0.8110018372535706,0.0754714235663414,,,
26,2,7,2.6200129985809326,1.0,0.8399851322174072,0.03241502493619919,,,
26,2,8,1.8554459810256958,1.0000027418136597,0.8926587700843811,0.11552553623914719,,,
26,2,9,1.722615361213684,1.0000072717666626,0.8442158102989197,0.12555183470249176,,,
26,2,10,3.1031739711761475,1.0000288486480713,0.5097411274909973,0.12804095447063446,,,
26,2,11,3.0978140830993652,1.0000003576278687,0.8811254501342773,0.10872303694486618,,,
26,3,0,2.6815152168273926,1.0,0.994300127029419,0.07552715390920639,,,
26,3,1,1.8484965562820435,1.0,0.9941350817680359,0.06052734702825546,,,
26,3,2,1.420183539390564,1.0000003576278687,0.9882236123085022,0.11631574481725693,,,
26,3,3,0.8987783789634705,1.0,0.9943364858627319,0.055816277861595154,,,
26,3,4,3.482942819595337,1.0,0.9946537613868713,0.008968010544776917,,,
26,3,5,2.6263844966888428,1.0,0.9952995181083679,0.036657460033893585,,,
26,3,6,1.662688970565796,1.0000003576278687,0.9862787127494812,0.16315904259681702,,,
26,3,7,1.4072883129119873,1.000000238418579,0.9916385412216187,0.10645895451307297,,,
26,3,8,1.5178091526031494,1.0000003576278687,0.9897302985191345,0.1153380498290062,,,
26,3,9,1.5111507177352905,1.0,0.9950246810913086,0.07037438452243805,,,
26,3,10,1.7731523513793945,1.0,0.994540274143219,0.16246598958969116,,,
26,3,11,1.779054880142212,1.0000001192092896,0.9941717386245728,0.10011409223079681,,,
26,4,0,1.2138804197311401,1.0000001192092896,0.9166964888572693,0.05335608869791031,,,
26,4,1,1.5533027648925781,1.0,0.9174607992172241,0.06124897301197052,,,
26,4,2,2.1195812225341797,1.0,0.9145936369895935,0.01460695918649435,,,
26,4,3,1.568165898323059,1.0,0.9176418781280518,0.06905145198106766,,,
26,4,4,2.898895263671875,1.0,0.9158443808555603,0.04034347087144852,,,
26,4,5,1.5058972835540771,1.0,0.9163978099822998,0.06762909144163132,,,
26,4,6,2.021336555480957,1.0,0.9166158437728882,0.040611520409584045,,,
26,4,7,1.864885687828064,1.0000005960464478,0.9184436798095703,0.47783777117729187,,,
26,4,8,3.5295798778533936,1.0,0.9178054332733154,0.01651223562657833,,,
26,4,9,1.7742828130722046,1.0,0.9162204265594482,0.03629889339208603,,,
26,4,10,3.1629140377044678,1.0,0.9156938195228577,0.013378811068832874,,,
26,4,11,0.009858356788754463,1.000028371810913,0.13573646545410156,0.0038736085407435894,,,
26,5,0,2.411724328994751,1.0,0.9982509613037109,0.012093923054635525,,,
26,5,1,0.2751462459564209,1.0,0.997886061668396,0.0041502402164042,,,
26,5,2,1.4118406772613525,1.0,0.9982187151908875,0.021857650950551033,,,
26,5,3,2.213876247406006,1.0,0.9962267279624939,0.03241394832730293,,,
26,5,4,1.493044137954712,1.0,0.9981141686439514,0.05246422067284584,,,
26,5,5,1.8549742698669434,1.0,0.9983441829681396,0.011384997516870499,,,
26,5,6,0.6526385545730591,1.0,0.9981100559234619,0.024391483515501022,,,
26,5,7,0.9530186057090759,1.0,0.9981611371040344,0.04085846617817879,,,
26,5,8,1.1092478036880493,1.0,0.9982572793960571,0.027847986668348312,,,
26,5,9,2.760700225830078,1.0,0.99853515625,0.006141206715255976,,,
26,5,10,3.5225367546081543,1.000000238418579,0.9891887903213501,0.04730984941124916,,,
26,5,11,2.6372289657592773,1.0,0.9984104037284851,0.09985126554965973,,,
26,6,0,1.7469849586486816,1.0000001192092896,0.9964828491210938,0.03500056639313698,,,
26,6,1,0.6971735954284668,1.0,0.9985647797584534,0.020208649337291718,,,
26,6,2,3.435546636581421,1.0,0.9983163475990295,0.01259338203817606,,,
26,6,3,1.489327073097229,1.0,0.9988695383071899,0.015406530350446701,,,
26,6,4,3.4775946140289307,1.0000001192092896,0.9965454339981079,0.02203841507434845,,,
26,6,5,1.7018680572509766,1.0,0.9989687204360962,0.06126588582992554,,,
26,6,6,2.65358567237854,1.0,0.9989874362945557,0.0586325004696846,,,
26,6,7,2.136794090270996,1.0,0.9986568689346313,0.0450671911239624,,,
26,6,8,1.1909770965576172,1.0,0.9987852573394775,0.026968879625201225,,,
26,6,9,0.5580021142959595,1.0,0.9984619617462158,0.004312537144869566,,,
26,6,10,3.419318199157715,1.0,0.9985832571983337,0.011050480417907238,,,
26,6,11,1.477484107017517,1.0,0.9987514615058899,0.041189610958099365,,,
26,7,0,1.0875120162963867,1.0,0.9989778995513916,0.027357976883649826,,,
26,7,1,2.441898822784424,1.0,0.999340832233429,0.015049274079501629,,,
26,7,2,0.6418576240539551,1.0,0.9993637204170227,0.003720731008797884,,,
26,7,3,1.445418357849121,1.0,0.9995664358139038,0.04267453774809837,,,
26,7,4,0.9350041151046753,1.0,0.9994802474975586,0.01482523325830698,,,
26,7,5,2.529874086380005,1.0,0.998649001121521,0.023516548797488213,,,
26,7,6,3.059335947036743,1.0,0.9994255304336548,0.010906210169196129,,,
26,7,7,2.3548004627227783,1.0,0.999298632144928,0.01347760483622551,,,
26,7,8,1.2204854488372803,1.0,0.9993131756782532,0.03618604689836502,,,
26,7,9,1.2511341571807861,1.0,0.9994670748710632,0.025358477607369423,,,
26,7,10,0.6097729802131653,1.0,0.999350905418396,0.00400539580732584,,,
26,7,11,2.415292263031006,1.0,0.9994404315948486,0.006656921934336424,,,
26,8,0,3.2149364948272705,1.0,0.9984861016273499,0.021579621359705925,,,
26,8,1,1.1676241159439087,1.0,0.9986028075218201,0.008475951850414276,,,
26,8,2,3.881800651550293,1.0000001192092896,0.9938823580741882,0.010679359547793865,,,
26,8,3,1.5890629291534424,1.0,0.9988138675689697,0.017039133235812187,,,
26,8,4,1.1311713457107544,1.0,0.9987635016441345,0.04805043712258339,,,
26,8,5,1.8085404634475708,1.0,0.9983939528465271,0.03590911254286766,,,
26,8,6,2.412524700164795,1.0,0.9987282156944275,0.019728999584913254,,,
26,8,7,1.2132320404052734,1.0,0.9980739951133728,0.05864919722080231,,,
26,8,8,2.1615641117095947,1.0,0.9984683990478516,0.033034805208444595,,,
26,8,9,1.8937638998031616,1.0,0.9988541007041931,0.027683313935995102,,,
26,8,10,2.1359596252441406,1.0,0.9989668130874634,0.058778464794158936,,,
26,8,11,1.8414102792739868,1.0,0.9987480640411377,0.01909344270825386,,,
26,9,0,2.2393524646759033,1.0,0.9979189038276672,0.043853551149368286,,,
26,9,1,1.8076746463775635,1.0,0.9990529417991638,0.008667482994496822,,,
26,9,2,2.176175355911255,1.0,0.9986587166786194,0.01897062547504902,,,
26,9,3,1.6032392978668213,1.0,0.9983404278755188,0.046828243881464005,,,
26,9,4,1.5332541465759277,1.0,0.999168336391449,0.010829227976500988,,,
26,9,5,2.039961814880371,1.0,0.9993054866790771,0.02941408008337021,,,
26,9,6,1.1639817953109741,1.0,0.9992267489433289,0.005242117214947939,,,
26,9,7,1.6718943119049072,1.0,0.9991636872291565,0.01832818239927292,,,
26,9,8,2.102289915084839,1.0,0.9989707469940186,0.010395267978310585,,,
26,9,9,0.8743886351585388,1.0,0.9991746544837952,0.004385225474834442,,,
26,9,10,1.026402473449707,1.0,0.9991391897201538,0.035598427057266235,,,
26,9,11,2.5450894832611084,1.0,0.9975637197494507,0.0058510215021669865,,,
26,10,0,2.3112261295318604,1.0,0.9973995089530945,0.01624019257724285,,,
26,10,1,1.4385124444961548,1.0,0.9985707998275757,0.007417724933475256,,,
26,10,2,1.8270996809005737,1.0,0.9971449375152588,0.006901581306010485,,,
26,10,3,2.603630781173706,1.0,0.9959869980812073,0.00950530543923378,,,
26,10,4,2.8946373462677,1.0,0.9977096915245056,0.020330490544438362,,,
26,10,5,0.9509592652320862,1.0,0.9985566735267639,0.02621520683169365,,,
26,10,6,1.6073755025863647,1.0,0.9985551834106445,0.008163766004145145,,,
26,10,7,2.4493956565856934,1.0,0.9985824823379517,0.030376005917787552,,,
26,10,8,2.0943496227264404,1.0,0.9986085891723633,0.009838534519076347,,,
26,10,9,1.3753503561019897,1.0,0.9985026717185974,0.06325448304414749,,,
26,10,10,1.4970887899398804,1.0,0.9986507892608643,0.006989696528762579,,,
26,10,11,1.8831052780151367,1.0,0.9985344409942627,0.041886817663908005,,,
26,11,0,4.536106109619141,1.0000005960464478,0.9064422249794006,0.027158139273524284,,,
26,11,1,2.3859055042266846,1.0,0.9109470248222351,0.014971865341067314,,,
26,11,2,2.1061084270477295,1.0,0.9083665609359741,0.007270309142768383,,,
26,11,3,2.2004950046539307,1.0,0.9112209677696228,0.02943943813443184,,,
26,11,4,3.6263644695281982,1.0,0.9135705828666687,0.014741932973265648,,,
26,11,5,1.8938249349594116,1.0,0.9097585082054138,0.010190102271735668,,,
26,11,6,1.6427001953125,1.0,0.9089977741241455,0.005855789873749018,,,
26,11,7,2.211169481277466,1.0,0.910387396812439,0.0157297533005476,,,
26,11,8,3.7897651195526123,1.0000221729278564,0.07826047390699387,0.09021161496639252,,,
26,11,9,1.6930311918258667,1.0,0.9092258214950562,0.006785630248486996,,,
26,11,10,2.3818342685699463,1.0,0.9123081564903259,0.04152059555053711,,,
26,11,11,2.4397292137145996,1.0,0.9125450253486633,0.03931237384676933,,,
27,0,0,4.43471097946167,1.000016689300537,0.8067492842674255,0.019518546760082245,,,
27,0,1,0.44870343804359436,1.000030517578125,0.8113979697227478,0.8583768606185913,,,
27,0,2,4.6346306800842285,1.0000131130218506,0.8059793710708618,0.040499791502952576,,,
27,0,3,0.44040924310684204,1.0000301599502563,0.8008896112442017,0.8384612202644348,,,
27,0,4,1.17097008228302,1.0000267028808594,0.7869979739189148,0.5777307748794556,,,
27,0,5,1.4092978239059448,1.0000250339508057,0.7851448655128479,0.6491659879684448,,,
27,0,6,4.307825088500977,1.0000208616256714,0.7324737906455994,0.030186885967850685,,,
27,0,7,1.874888300895691,1.0000272989273071,0.7596184015274048,0.16134478151798248,,,
27,0,8,4.242140769958496,1.0000245571136475,0.8059155941009521,0.059995152056217194,,,
27,0,9,4.6396355628967285,1.000017523765564,0.8546008467674255,0.021730054169893265,,,
27,0,10,4.221761703491211,1.0000247955322266,0.8823220729827881,0.15760734677314758,,,
27,0,11,5.390782356262207,1.0000146627426147,0.7322889566421509,0.007597647607326508,,,
27,1,0,2.3157267570495605,1.0000269412994385,0.7174499034881592,0.10301116853952408,,,
27,1,1,2.7257068157196045,1.0000219345092773,0.7085427641868591,0.09503787755966187,,,
27,1,2,4.7416791915893555,1.0000168085098267,0.6650638580322266,0.026497546583414078,,,
27,1,3,4.2727508544921875,1.0000011920928955,0.6898947358131409,0.035148508846759796,,,
27,1,4,3.7481229305267334,1.0000101327896118,0.8143967986106873,0.06956691294908524,,,
27,1,5,4.522607326507568,1.000012993812561,0.8335114121437073,0.08600011467933655,,,
27,1,6,4.3997344970703125,1.0000097751617432,0.8086180090904236,0.038474492728710175,,,
27,1,7,4.929962635040283,1.0000123977661133,0.8293302655220032,0.019518811255693436,,,
27,1,8,5.31144380569458,1.0000042915344238,0.7995479106903076,0.009591839276254177,,,
27,1,9,5.375776290893555,1.0000070333480835,0.773381233215332,0.007062586955726147,,,
27,1,10,4.433857440948486,1.000012993812561,0.6030155420303345,0.04119432717561722,,,
27,1,11,1.7151048183441162,1.0000274181365967,0.7601606249809265,0.666571319103241,,,
27,2,0,2.536761522293091,1.000001072883606,0.8880342841148376,0.10154744982719421,,,
27,2,1,4.73342227935791,1.000001072883606,0.8735280632972717,0.01153884269297123,,,
27,2,2,1.097019910812378,1.0000041723251343,0.889056384563446,0.12453616410493851,,,
27,2,3,1.9309459924697876,1.000005841255188,0.8633304834365845,0.13268768787384033,,,
27,2,4,1.6905359029769897,1.0000001192092896,0.8703855872154236,0.087752565741539,,,
27,2,5,1.8005177974700928,1.0000044107437134,0.8760592937469482,0.13788972795009613,,,
27,2,6,2.8086891174316406,1.0000052452087402,0.8177649974822998,0.08111266046762466,,,
27,2,7,2.659879684448242,1.0,0.8426917791366577,0.03291589021682739,,,
27,2,8,1.88188898563385,1.0000020265579224,0.8968543410301208,0.11147411167621613,,,
27,2,9,1.7437431812286377,1.000004768371582,0.8656354546546936,0.12679815292358398,,,
27,2,10,3.1173300743103027,1.0000286102294922,0.5200210213661194,0.12791398167610168,,,
27,2,11,3.1017372608184814,1.0000003576278687,0.8835782408714294,0.1077314019203186,,,
27,3,0,2.7904012203216553,1.0,0.993839681148529,0.06848611682653427,,,
27,3,1,1.919858694076538,1.0,0.9937608242034912,0.062023017555475235,,,
27,3,2,1.4010224342346191,1.0000003576278687,0.9864678978919983,0.11219314485788345,,,
27,3,3,0.9182238578796387,1.0,0.993679404258728,0.05980536341667175,,,
27,3,4,3.623591661453247,1.0,0.9943296909332275,0.009582996368408203,,,
27,3,5,2.7643723487854004,1.0,0.9949674010276794,0.03870377317070961,,,
27,3,6,1.700117826461792,1.0000004768371582,0.9862914681434631,0.15528936684131622,,,
27,3,7,1.431496024131775,1.0000001192092896,0.9916881322860718,0.10815706849098206,,,
27,3,8,1.530747413635254,1.0000003576278687,0.9895725250244141,0.11952392756938934,,,
27,3,9,1.5621390342712402,1.0,0.9946298599243164,0.07432252913713455,,,
27,3,10,1.7644370794296265,1.0,0.9938837289810181,0.15563075244426727,,,
27,3,11,1.7502866983413696,1.000000238418579,0.9926422238349915,0.0983533039689064,,,
27,4,0,1.1779497861862183,1.0,0.9162998199462891,0.058966297656297684,,,
27,4,1,1.5986857414245605,1.0000001192092896,0.9178739786148071,0.06584982573986053,,,
27,4,2,2.294264078140259,1.0,0.9150629639625549,0.015879971906542778,,,
27,4,3,1.5743104219436646,1.0000001192092896,0.917030930519104,0.0744931623339653,,,
27,4,4,2.9483540058135986,1.0,0.9160903692245483,0.04228311777114868,,,
27,4,5,1.4649320840835571,1.0,0.9159637093544006,0.06569804251194,,,
27,4,6,2.030144453048706,1.0,0.9167569875717163,0.044104110449552536,,,
27,4,7,1.8140265941619873,1.0000005960464478,0.9187380075454712,0.48806798458099365,,,
27,4,8,3.6638312339782715,1.0,0.918602705001831,0.017581524327397346,,,
27,4,9,1.8219479322433472,1.0,0.916682779788971,0.03660240024328232,,,
27,4,10,3.1720776557922363,1.0,0.9157346487045288,0.012593274936079979,,,
27,4,11,0.010545631870627403,1.0000282526016235,0.13816024363040924,0.004057464189827442,,,
27,5,0,2.140767812728882,1.0,0.9977295398712158,0.013224444352090359,,,
27,5,1,0.2424859255552292,1.0,0.9971723556518555,0.004081833176314831,,,
27,5,2,1.3951144218444824,1.0,0.9976428747177124,0.022147970274090767,,,
27,5,3,2.307415008544922,1.0,0.9951046109199524,0.03562436252832413,,,
27,5,4,1.4722272157669067,1.0,0.9974878430366516,0.05297299474477768,,,
27,5,5,2.0705881118774414,1.0,0.9976854920387268,0.013008209876716137,,,
27,5,6,0.6702004075050354,1.0,0.9974365830421448,0.024497905746102333,,,
27,5,7,0.9477730989456177,1.0,0.9975159168243408,0.04030739516019821,,,
27,5,8,1.1478066444396973,1.0,0.9976104497909546,0.027241354808211327,,,
27,5,9,2.9622974395751953,1.0,0.9979711771011353,0.007004901301115751,,,
27,5,10,3.674267292022705,1.0000003576278687,0.983026921749115,0.04428556561470032,,,
27,5,11,2.5713236331939697,1.0,0.9977867007255554,0.10931683331727982,,,
27,6,0,1.723479151725769,1.0000001192092896,0.9967461228370667,0.03584622964262962,,,
27,6,1,0.6711143255233765,1.0,0.9980699419975281,0.020052244886755943,,,
27,6,2,3.492837429046631,1.0,0.9980748891830444,0.013235319405794144,,,
27,6,3,1.6634886264801025,1.0,0.9985189437866211,0.017456216737627983,,,
27,6,4,3.6973071098327637,1.0000001192092896,0.9927469491958618,0.02304937317967415,,,
27,6,5,1.718359112739563,1.0,0.9985637664794922,0.06192367896437645,,,
27,6,6,2.683886766433716,1.0,0.9986057877540588,0.07321691513061523,,,
27,6,7,2.212083339691162,1.0,0.998258650302887,0.04379384592175484,,,
27,6,8,1.220359206199646,1.0,0.9984264373779297,0.028448324650526047,,,
27,6,9,0.7070675492286682,1.0,0.998018205165863,0.006631094496697187,,,
27,6,10,3.5249245166778564,1.0,0.9982038140296936,0.011045257560908794,,,
27,6,11,1.5512367486953735,1.0,0.9982349872589111,0.049906160682439804,,,
27,7,0,1.0963016748428345,1.0,0.9990567564964294,0.028939686715602875,,,
27,7,1,2.5568881034851074,1.0,0.9992292523384094,0.01619327999651432,,,
27,7,2,0.5179142355918884,1.0,0.9992069005966187,0.003935988061130047,,,
27,7,3,1.5725524425506592,1.0,0.9994890093803406,0.04777543619275093,,,
27,7,4,0.9409219026565552,1.0,0.99936443567276,0.016040092334151268,,,
27,7,5,2.7488951683044434,1.0,0.997775673866272,0.026192031800746918,,,
27,7,6,3.133563995361328,1.0,0.9992965459823608,0.01094722654670477,,,
27,7,7,1.828872561454773,1.0,0.9994072318077087,0.011743641458451748,,,
27,7,8,1.3219083547592163,1.0,0.9990754723548889,0.03843393921852112,,,
27,7,9,1.481419563293457,1.0,0.9993441104888916,0.029701348394155502,,,
27,7,10,0.7757941484451294,1.0,0.9992605447769165,0.00664353696629405,,,
27,7,11,2.2747280597686768,1.0,0.9993724226951599,0.007644083816558123,,,
27,8,0,3.3065857887268066,1.0,0.997943639755249,0.0217601228505373,,,
27,8,1,1.060892939567566,1.0,0.9976938366889954,0.0087096793577075,,,
27,8,2,4.213911533355713,1.000000238418579,0.9881486892700195,0.012420890852808952,,,
27,8,3,2.163428544998169,1.0,0.9981635808944702,0.021184228360652924,,,
27,8,4,1.1486189365386963,1.0,0.9979888796806335,0.049083903431892395,,,
27,8,5,1.9453253746032715,1.0,0.9976180791854858,0.03855160251259804,,,
27,8,6,2.2217185497283936,1.0,0.9981890320777893,0.018512751907110214,,,
27,8,7,1.2059378623962402,1.0,0.9977627396583557,0.056725647300481796,,,
27,8,8,2.4268717765808105,1.0,0.9972927570343018,0.032019320875406265,,,
27,8,9,2.2093605995178223,1.0,0.9982327818870544,0.030037470161914825,,,
27,8,10,2.2411794662475586,1.0,0.9983671307563782,0.06364072114229202,,,
27,8,11,1.9190908670425415,1.0,0.9979072213172913,0.01635029725730419,,,
27,9,0,2.3311800956726074,1.0,0.9980495572090149,0.0373498760163784,,,
27,9,1,2.0099313259124756,1.0,0.9988136887550354,0.0118618318811059,,,
27,9,2,2.556938648223877,1.0,0.9980688095092773,0.019043341279029846,,,
27,9,3,1.6500568389892578,1.0,0.9982194304466248,0.046425461769104004,,,
27,9,4,1.9089603424072266,1.0,0.9989977478981018,0.015067089349031448,,,
27,9,5,2.141953229904175,1.0,0.9990625381469727,0.0327540822327137,,,
27,9,6,1.5581024885177612,1.0,0.998974621295929,0.0067689865827560425,,,
27,9,7,1.9179637432098389,1.0,0.9989613890647888,0.02007221430540085,,,
27,9,8,2.555060863494873,1.0,0.9971656799316406,0.009271182119846344,,,
27,9,9,1.530930995941162,1.0,0.9990003108978271,0.007195387966930866,,,
27,9,10,1.1489753723144531,1.0,0.9988546371459961,0.040287140756845474,,,
27,9,11,2.6142287254333496,1.0,0.9974346160888672,0.005884934216737747,,,
27,10,0,2.4906094074249268,1.0,0.996228814125061,0.012705243192613125,,,
27,10,1,1.8926312923431396,1.0,0.9974073171615601,0.011289609596133232,,,
27,10,2,2.3245465755462646,1.0,0.9969883561134338,0.010553239844739437,,,
27,10,3,3.073286771774292,1.0000001192092896,0.9909753203392029,0.01338244415819645,,,
27,10,4,3.1486032009124756,1.0,0.9958997368812561,0.022223105654120445,,,
27,10,5,1.0594223737716675,1.0,0.9974213242530823,0.02712220512330532,,,
27,10,6,2.0701851844787598,1.0,0.9974031448364258,0.00994803849607706,,,
27,10,7,2.6987063884735107,1.0,0.9978545904159546,0.0289964210242033,,,
27,10,8,2.3290085792541504,1.0,0.997678816318512,0.0126852011308074,,,
27,10,9,1.426229476928711,1.0,0.997623085975647,0.06693310290575027,,,
27,10,10,1.9576135873794556,1.0,0.9971380233764648,0.008880579844117165,,,
27,10,11,2.0212600231170654,1.0,0.9976698160171509,0.044976890087127686,,,
27,11,0,4.710339546203613,1.000001072883606,0.8951337337493896,0.025920424610376358,,,
27,11,1,2.87337064743042,1.0,0.9090478420257568,0.01594984531402588,,,
27,11,2,2.650244951248169,1.0,0.9075946807861328,0.008516005240380764,,,
27,11,3,2.522918939590454,1.0,0.9100826382637024,0.033876724541187286,,,
27,11,4,3.875936269760132,1.0000001192092896,0.9120137691497803,0.015396513044834137,,,
27,11,5,2.241286277770996,1.0,0.9073394536972046,0.012502401135861874,,,
27,11,6,2.1261813640594482,1.0,0.9070239663124084,0.007344922982156277,,,
27,11,7,2.4365317821502686,1.0,0.9080067276954651,0.017483757808804512,,,
27,11,8,3.75044584274292,1.0000218152999878,0.09981191903352737,0.09964355081319809,,,
27,11,9,2.016343832015991,1.0,0.906677782535553,0.008392048068344593,,,
27,11,10,2.7221710681915283,1.0,0.9118184447288513,0.04919255152344704,,,
27,11,11,2.7658469676971436,1.0,0.9117729663848877,0.040407851338386536,,,
28,0,0,4.383392333984375,1.0000172853469849,0.8011637330055237,0.021828945726156235,,,
28,0,1,0.5214013457298279,1.0000303983688354,0.8046576976776123,0.8369637131690979,,,
28,0,2,4.586061477661133,1.0000121593475342,0.7948794960975647,0.041902873665094376,,,
28,0,3,0.4458666443824768,1.0000299215316772,0.7859144806861877,0.8340582251548767,,,
28,0,4,1.243665099143982,1.000027060508728,0.7865356802940369,0.5777691006660461,,,
28,0,5,1.521842122077942,1.0000234842300415,0.766593337059021,0.5888618230819702,,,
28,0,6,4.2013840675354,1.000020980834961,0.7212134003639221,0.031725384294986725,,,
28,0,7,1.8911677598953247,1.000027060508728,0.7459707856178284,0.16467636823654175,,,
28,0,8,4.203407287597656,1.0000228881835938,0.8004882335662842,0.06005195528268814,,,
28,0,9,4.610104084014893,1.0000168085098267,0.8427299857139587,0.02205587737262249,,,
28,0,10,4.197025299072266,1.0000232458114624,0.8769598007202148,0.15504980087280273,,,
28,0,11,5.328457832336426,1.0000145435333252,0.7298063039779663,0.0082986606284976,,,
28,1,0,2.3882317543029785,1.0000269412994385,0.7072716355323792,0.1026708334684372,,,
28,1,1,2.718031883239746,1.0000219345092773,0.6920259594917297,0.09291298687458038,,,
28,1,2,4.7134785652160645,1.0000170469284058,0.6399850249290466,0.027604034170508385,,,
28,1,3,4.221944332122803,1.000001072883606,0.6776277422904968,0.03584659844636917,,,
28,1,4,3.7561612129211426,1.0000096559524536,0.80515056848526,0.0684279054403305,,,
28,1,5,4.406533241271973,1.0000110864639282,0.8264049291610718,0.09360191226005554,,,
28,1,6,4.354804992675781,1.0000083446502686,0.7736617922782898,0.034242112189531326,,,
28,1,7,4.894125938415527,1.0000120401382446,0.8235242962837219,0.02010752446949482,,,
28,1,8,5.2529072761535645,1.0000041723251343,0.788535475730896,0.010004701092839241,,,
28,1,9,5.278182029724121,1.0000053644180298,0.7657018303871155,0.00752269709482789,,,
28,1,10,4.396487236022949,1.000011920928955,0.5883750319480896,0.04112611711025238,,,
28,1,11,1.7780897617340088,1.0000264644622803,0.7544654607772827,0.6453817486763,,,
28,2,0,2.5213370323181152,1.000001311302185,0.8794096112251282,0.10355495661497116,,,
28,2,1,4.736783504486084,1.0000014305114746,0.8610695004463196,0.011957588605582714,,,
28,2,2,1.143377423286438,1.0000042915344238,0.8811193108558655,0.1265077441930771,,,
28,2,3,1.945743203163147,1.0000053644180298,0.8510208129882812,0.13096210360527039,,,
28,2,4,1.7093292474746704,1.0000001192092896,0.8629019260406494,0.08681247383356094,,,
28,2,5,1.8203175067901611,1.0000039339065552,0.8724024295806885,0.13397398591041565,,,
28,2,6,2.8328299522399902,1.0000065565109253,0.7984504699707031,0.0804591029882431,,,
28,2,7,2.7578935623168945,1.0,0.8354443907737732,0.03354816883802414,,,
28,2,8,1.889389157295227,1.0000025033950806,0.8885732293128967,0.10989633947610855,,,
28,2,9,1.7615013122558594,1.0000053644180298,0.8580568432807922,0.12369515001773834,,,
28,2,10,3.123257637023926,1.0000269412994385,0.5174893736839294,0.12289070338010788,,,
28,2,11,3.050302267074585,1.000000238418579,0.8733839392662048,0.10307370871305466,,,
28,3,0,2.8790853023529053,1.0,0.9925512671470642,0.07218655198812485,,,
28,3,1,1.9633046388626099,1.0000001192092896,0.99212247133255,0.060367561876773834,,,
28,3,2,1.4459638595581055,1.0000003576278687,0.9828602075576782,0.1115870326757431,,,
28,3,3,0.9926795363426208,1.0,0.9922500848770142,0.06218782812356949,,,
28,3,4,3.7424509525299072,1.0,0.9927722811698914,0.011802583932876587,,,
28,3,5,2.7932121753692627,1.0,0.9937954545021057,0.035369064658880234,,,
28,3,6,1.7458782196044922,1.0000004768371582,0.9845849871635437,0.15934623777866364,,,
28,3,7,1.4559730291366577,1.0000004768371582,0.9895896315574646,0.11828915774822235,,,
28,3,8,1.5462861061096191,1.0000003576278687,0.9855003356933594,0.11816921085119247,,,
28,3,9,1.6210094690322876,1.0000001192092896,0.9929792284965515,0.06982717663049698,,,
28,3,10,1.8269375562667847,1.0,0.9923773407936096,0.15692093968391418,,,
28,3,11,1.8163151741027832,1.0000001192092896,0.9900246262550354,0.09766729176044464,,,
28,4,0,1.312575101852417,1.0,0.9160661697387695,0.060008760541677475,,,
28,4,1,1.5985809564590454,1.0,0.9176352024078369,0.06373511254787445,,,
28,4,2,2.3602898120880127,1.0,0.9148040413856506,0.015786591917276382,,,
28,4,3,1.5910121202468872,1.0,0.9167366027832031,0.06656159460544586,,,
28,4,4,3.0818898677825928,1.0,0.9164178371429443,0.044735778123140335,,,
28,4,5,1.5240768194198608,1.0,0.9157297611236572,0.06573918461799622,,,
28,4,6,2.111173152923584,1.0,0.9167993664741516,0.0429677814245224,,,
28,4,7,1.875488042831421,1.0000004768371582,0.917745053768158,0.4847913980484009,,,
28,4,8,3.5635805130004883,1.0,0.9179964661598206,0.01621384359896183,,,
28,4,9,1.9338798522949219,1.0,0.9171466827392578,0.037562962621450424,,,
28,4,10,3.392435312271118,1.0,0.9160089492797852,0.014672480523586273,,,
28,4,11,0.010365918278694153,1.000029444694519,0.1465153843164444,0.0037269368767738342,,,
28,5,0,1.739527940750122,1.0,0.9958208203315735,0.010922616347670555,,,
28,5,1,0.28946542739868164,1.0,0.9952871799468994,0.004761979915201664,,,
28,5,2,1.5251199007034302,1.0,0.995861291885376,0.02181902900338173,,,
28,5,3,2.366334915161133,1.0000001192092896,0.9926767945289612,0.03534945473074913,,,
28,5,4,1.5719175338745117,1.0,0.9958728551864624,0.049488600343465805,,,
28,5,5,2.0253984928131104,1.0,0.9959567785263062,0.012433580122888088,,,
28,5,6,0.712553858757019,1.0,0.9955702424049377,0.026060117408633232,,,
28,5,7,1.0973206758499146,1.0,0.9956624507904053,0.04080444946885109,,,
28,5,8,1.1475026607513428,1.0,0.9957330822944641,0.025680379942059517,,,
28,5,9,2.9348268508911133,1.0,0.9963254928588867,0.007665279787033796,,,
28,5,10,3.599647283554077,1.0000007152557373,0.965562105178833,0.036467354744672775,,,
28,5,11,2.8203203678131104,1.0,0.9960002899169922,0.12042523175477982,,,
28,6,0,1.860982894897461,1.0,0.9961124658584595,0.036407552659511566,,,
28,6,1,0.7984877228736877,1.0,0.9977259039878845,0.02321164309978485,,,
28,6,2,3.600172996520996,1.0,0.9974628686904907,0.013468996621668339,,,
28,6,3,1.786018967628479,1.0,0.9982295632362366,0.018379535526037216,,,
28,6,4,3.6368041038513184,1.000000238418579,0.9911895394325256,0.020375637337565422,,,
28,6,5,1.7368779182434082,1.0,0.9981977343559265,0.060800857841968536,,,
28,6,6,2.884854793548584,1.0,0.9983361959457397,0.0820247083902359,,,
28,6,7,2.3590290546417236,1.0,0.9975642561912537,0.042637720704078674,,,
28,6,8,1.2960604429244995,1.0,0.9981222152709961,0.030588841065764427,,,
28,6,9,0.7353172898292542,1.0,0.9976170063018799,0.0058410135097801685,,,
28,6,10,3.095994234085083,1.0,0.9980495572090149,0.010354160331189632,,,
28,6,11,1.648733377456665,1.0,0.9978574514389038,0.04609416425228119,,,
28,7,0,1.1179076433181763,1.0,0.9987373948097229,0.027702925726771355,,,
28,7,1,2.275575637817383,1.0,0.9989230632781982,0.012472505681216717,,,
28,7,2,0.4328700304031372,1.0,0.9989805221557617,0.0036104058381170034,,,
28,7,3,1.5279338359832764,1.0,0.9992921948432922,0.045944757759571075,,,
28,7,4,0.9843425154685974,1.0,0.9991825222969055,0.016567781567573547,,,
28,7,5,2.8066835403442383,1.0,0.9965853095054626,0.022978423163294792,,,
28,7,6,3.2004411220550537,1.0,0.99873948097229,0.011442259885370731,,,
28,7,7,1.3660824298858643,1.0,0.9991570115089417,0.009855288080871105,,,
28,7,8,1.3726946115493774,1.0,0.998723566532135,0.040091488510370255,,,
28,7,9,1.4564754962921143,1.0,0.9991851449012756,0.03004370629787445,,,
28,7,10,0.8533130288124084,1.0,0.9990662932395935,0.005226680543273687,,,
28,7,11,1.9827265739440918,1.0,0.9991797804832458,0.007445499766618013,,,
28,8,0,3.307805299758911,1.0,0.9965384006500244,0.023774396628141403,,,
28,8,1,1.0760661363601685,1.0,0.9960483312606812,0.00725219864398241,,,
28,8,2,4.437058448791504,1.0000005960464478,0.972007155418396,0.013908077962696552,,,
28,8,3,2.117220401763916,1.0,0.996687650680542,0.01920931041240692,,,
28,8,4,1.286629557609558,1.0,0.9963779449462891,0.04858628660440445,,,
28,8,5,2.0084447860717773,1.0,0.9962103366851807,0.04331110790371895,,,
28,8,6,1.8303642272949219,1.0,0.9964988231658936,0.01667523942887783,,,
28,8,7,1.327567458152771,1.0,0.9959903359413147,0.05484356731176376,,,
28,8,8,2.3507394790649414,1.0,0.9963120818138123,0.02741365134716034,,,
28,8,9,2.343257188796997,1.0,0.9966522455215454,0.028918253257870674,,,
28,8,10,2.3251585960388184,1.0,0.9968639612197876,0.06093417480587959,,,
28,8,11,1.9022517204284668,1.0,0.9957653284072876,0.011747307144105434,,,
28,9,0,2.3312056064605713,1.0,0.9951223134994507,0.025620004162192345,,,
28,9,1,2.0040125846862793,1.0,0.9971885085105896,0.010700443759560585,,,
28,9,2,2.7914817333221436,1.0,0.9938855767250061,0.017363090068101883,,,
28,9,3,1.6624051332473755,1.0,0.9965046048164368,0.047630153596401215,,,
28,9,4,1.8873815536499023,1.0,0.997456967830658,0.013622873462736607,,,
28,9,5,2.304391384124756,1.0,0.9976921677589417,0.031110886484384537,,,
28,9,6,1.5117703676223755,1.0,0.9974701404571533,0.004766108002513647,,,
28,9,7,2.120574951171875,1.0,0.9974470138549805,0.019514335319399834,,,
28,9,8,2.6715610027313232,1.0,0.9933509230613708,0.007542668841779232,,,
28,9,9,1.6666827201843262,1.0,0.997471272945404,0.006124426145106554,,,
28,9,10,1.2891353368759155,1.0,0.9971500039100647,0.046524230390787125,,,
28,9,11,2.554596185684204,1.000000238418579,0.9909368753433228,0.0059824297204613686,,,
28,10,0,2.7530651092529297,1.0000001192092896,0.9862943291664124,0.009233194403350353,,,
28,10,1,1.9164804220199585,1.0,0.9960885643959045,0.00808338075876236,,,
28,10,2,2.4388530254364014,1.0,0.9928426146507263,0.009847079403698444,,,
28,10,3,3.1445319652557373,1.000000238418579,0.9911957383155823,0.012406118214130402,,,
28,10,4,3.2868003845214844,1.0000001192092896,0.9939209222793579,0.018667858093976974,,,
28,10,5,1.0165666341781616,1.0,0.9957256317138672,0.026303410530090332,,,
28,10,6,2.1312475204467773,1.0,0.9962416291236877,0.009151794947683811,,,
28,10,7,2.8412582874298096,1.0,0.996131181716919,0.02951940707862377,,,
28,10,8,2.3578076362609863,1.0,0.9961610436439514,0.012024176307022572,,,
28,10,9,1.414944052696228,1.0,0.9960355758666992,0.06968032568693161,,,
28,10,10,1.951826810836792,1.0,0.9964037537574768,0.007017040159553289,,,
28,10,11,1.9408241510391235,1.0,0.9960255026817322,0.044850919395685196,,,
28,11,0,4.779016971588135,1.000002145767212,0.858481228351593,0.02600739523768425,,,
28,11,1,2.991849660873413,1.0,0.9050947427749634,0.0171812791377306,,,
28,11,2,2.7881250381469727,1.0000001192092896,0.9038013815879822,0.00869388785213232,,,
28,11,3,2.3258280754089355,1.0,0.903007447719574,0.026567848399281502,,,
28,11,4,4.014769554138184,1.000000238418579,0.9081323742866516,0.015983449295163155,,,
28,11,5,2.287580728530884,1.0,0.902224600315094,0.011753139086067677,,,
28,11,6,2.0781030654907227,1.0,0.901829719543457,0.006519821472465992,,,
28,11,7,2.7104601860046387,1.0,0.9040660858154297,0.0203991886228323,,,
28,11,8,3.722994565963745,1.000019907951355,0.1110014021396637,0.10187839716672897,,,
28,11,9,1.826330304145813,1.0,0.9010111093521118,0.007085196673870087,,,
28,11,10,2.9681172370910645,1.0,0.9083670973777771,0.04601956531405449,,,
28,11,11,2.9512076377868652,1.0,0.9082170128822327,0.04118265584111214,,,
29,0,0,4.405344486236572,1.0000170469284058,0.7846062183380127,0.02009565196931362,,,
29,0,1,0.6375723481178284,1.000030755996704,0.8060092329978943,0.797154426574707,,,
29,0,2,4.472665309906006,1.000012755393982,0.7959828972816467,0.052152909338474274,,,
29,0,3,0.46579062938690186,1.0000286102294922,0.7875341176986694,0.828292727470398,,,
29,0,4,1.2494484186172485,1.0000280141830444,0.7957122325897217,0.5822405815124512,,,
29,0,5,1.7360446453094482,1.0000237226486206,0.764678955078125,0.5447472929954529,,,
29,0,6,4.18332052230835,1.000020146369934,0.6981862783432007,0.03124561347067356,,,
29,0,7,1.8849215507507324,1.000027060508728,0.7406110167503357,0.18169420957565308,,,
29,0,8,4.196877956390381,1.0000237226486206,0.7979496121406555,0.06025034189224243,,,
29,0,9,4.610883712768555,1.0000184774398804,0.8408761620521545,0.023032324388623238,,,
29,0,10,4.219788551330566,1.0000252723693848,0.8746076226234436,0.1452047973871231,,,
29,0,11,5.340470314025879,1.000014305114746,0.7230854630470276,0.007922128774225712,,,
29,1,0,2.410609245300293,1.0000263452529907,0.7135953903198242,0.11222982406616211,,,
29,1,1,2.7037436962127686,1.0000207424163818,0.6889072060585022,0.09567051380872726,,,
29,1,2,4.71506929397583,1.0000168085098267,0.6448332071304321,0.02782098948955536,,,
29,1,3,4.226690292358398,1.000001072883606,0.6717067956924438,0.03620333969593048,,,
29,1,4,3.7451064586639404,1.0000097751617432,0.8034934401512146,0.06989036500453949,,,
29,1,5,4.388747692108154,1.000014305114746,0.8254262804985046,0.08847236633300781,,,
29,1,6,4.406344413757324,1.00001060962677,0.8063703775405884,0.03697831928730011,,,
29,1,7,4.808207035064697,1.0000137090682983,0.8209857940673828,0.021259985864162445,,,
29,1,8,5.2663750648498535,1.0000042915344238,0.7831798195838928,0.009820018894970417,,,
29,1,9,5.291369915008545,1.000006914138794,0.754726231098175,0.007673691958189011,,,
29,1,10,4.400330066680908,1.0000125169754028,0.5898557901382446,0.04157402366399765,,,
29,1,11,1.982871651649475,1.0000264644622803,0.7587104439735413,0.604156494140625,,,
29,2,0,2.5066192150115967,1.000001311302185,0.8715288043022156,0.1080951988697052,,,
29,2,1,4.618932247161865,1.000001072883606,0.8480249047279358,0.01088530384004116,,,
29,2,2,1.1542221307754517,1.0000056028366089,0.8732300400733948,0.13290253281593323,,,
29,2,3,1.9487276077270508,1.0000063180923462,0.8489459753036499,0.1382419615983963,,,
29,2,4,1.7180901765823364,1.0000001192092896,0.8507238030433655,0.09918785095214844,,,
29,2,5,1.7645496129989624,1.0000048875808716,0.8553475737571716,0.1431775838136673,,,
29,2,6,2.8108255863189697,1.000008225440979,0.7536489367485046,0.08282184600830078,,,
29,2,7,2.7186288833618164,1.0,0.8228837847709656,0.03394652158021927,,,
29,2,8,1.8821287155151367,1.0000028610229492,0.8761596083641052,0.11282544583082199,,,
29,2,9,1.746090054512024,1.0000046491622925,0.8436898589134216,0.12867729365825653,,,
29,2,10,3.1085591316223145,1.0000282526016235,0.510726809501648,0.12519024312496185,,,
29,2,11,3.0452568531036377,1.000000238418579,0.8625566959381104,0.10463560372591019,,,
29,3,0,3.0393190383911133,1.0,0.9927852153778076,0.06434480845928192,,,
29,3,1,1.9782721996307373,1.0000001192092896,0.9925526976585388,0.0655147135257721,,,
29,3,2,1.4607021808624268,1.0000003576278687,0.987571120262146,0.11966770887374878,,,
29,3,3,1.0069060325622559,1.0,0.9923816919326782,0.07179950177669525,,,
29,3,4,3.821845054626465,1.0,0.9931955933570862,0.011065701954066753,,,
29,3,5,2.7919440269470215,1.0,0.9939610958099365,0.03568248823285103,,,
29,3,6,1.7229468822479248,1.0000005960464478,0.9839141964912415,0.15213170647621155,,,
29,3,7,1.451389193534851,1.0000003576278687,0.9892419576644897,0.12123484909534454,,,
29,3,8,1.4994595050811768,1.0000003576278687,0.9843849539756775,0.1318364143371582,,,
29,3,9,1.638266682624817,1.0,0.9934638738632202,0.07748926430940628,,,
29,3,10,1.8406366109848022,1.0,0.9927234649658203,0.15602447092533112,,,
29,3,11,1.8236925601959229,1.000000238418579,0.9907659292221069,0.1107652485370636,,,
29,4,0,1.2738386392593384,1.0,0.9157695770263672,0.06019558012485504,,,
29,4,1,1.5654525756835938,1.0,0.9177579283714294,0.0679602175951004,,,
29,4,2,2.16858172416687,1.0,0.9144626259803772,0.01529008336365223,,,
29,4,3,1.5779820680618286,1.0000001192092896,0.9168253540992737,0.07270336896181107,,,
29,4,4,3.308720588684082,1.0,0.9173347353935242,0.04327954351902008,,,
29,4,5,1.4535421133041382,1.0,0.9155445694923401,0.05508476123213768,,,
29,4,6,2.0903031826019287,1.0,0.9171466827392578,0.05048681050539017,,,
29,4,7,1.8484995365142822,1.0000005960464478,0.9203008413314819,0.48466023802757263,,,
29,4,8,3.7447855472564697,1.0,0.9188703894615173,0.01598353683948517,,,
29,4,9,1.9342505931854248,1.0,0.9171013236045837,0.038241781294345856,,,
29,4,10,3.5871105194091797,1.0,0.9168665409088135,0.016167713329195976,,,
29,4,11,0.009771068580448627,1.000030517578125,0.14559338986873627,0.0042162383906543255,,,
29,5,0,2.110018730163574,1.0,0.9967380166053772,0.011032266542315483,,,
29,5,1,0.33687537908554077,1.0,0.9961309432983398,0.004568176809698343,,,
29,5,2,1.5002442598342896,1.0,0.9966345429420471,0.022408708930015564,,,
29,5,3,2.2961764335632324,1.0,0.9946497082710266,0.0356966070830822,,,
29,5,4,1.5274375677108765,1.0,0.9966510534286499,0.05182109400629997,,,
29,5,5,2.1389074325561523,1.0,0.9967359304428101,0.013783863745629787,,,
29,5,6,0.6952484250068665,1.0,0.9963792562484741,0.025227542966604233,,,
29,5,7,0.9991532564163208,1.0,0.9964532256126404,0.03278608247637749,,,
29,5,8,1.1445574760437012,1.0,0.996564507484436,0.02886839024722576,,,
29,5,9,2.9575581550598145,1.0,0.997065544128418,0.008820494636893272,,,
29,5,10,3.731553077697754,1.0000005960464478,0.9731916785240173,0.03676745295524597,,,
29,5,11,2.934178352355957,1.0,0.9968204498291016,0.1105094850063324,,,
29,6,0,1.8643494844436646,1.0,0.9958570599555969,0.03956381604075432,,,
29,6,1,0.95823734998703,1.0,0.9982063174247742,0.02757277525961399,,,
29,6,2,3.590710163116455,1.0,0.9978740215301514,0.014592600055038929,,,
29,6,3,1.6564313173294067,1.0,0.9984984993934631,0.017986705526709557,,,
29,6,4,3.4166393280029297,1.0,0.9964308142662048,0.01693544164299965,,,
29,6,5,1.6286842823028564,1.0,0.9985112547874451,0.06125545874238014,,,
29,6,6,3.0815281867980957,1.0,0.9985830187797546,0.07783612608909607,,,
29,6,7,2.293858766555786,1.0,0.997205913066864,0.04491070657968521,,,
29,6,8,1.2811481952667236,1.0,0.9984626770019531,0.028529290109872818,,,
29,6,9,0.900158166885376,1.0,0.9980469346046448,0.006765466183423996,,,
29,6,10,3.463862180709839,1.0,0.9979062676429749,0.010835185647010803,,,
29,6,11,1.5969232320785522,1.0,0.9983064532279968,0.045435093343257904,,,
29,7,0,1.0824531316757202,1.0,0.9988991022109985,0.025244025513529778,,,
29,7,1,2.3138577938079834,1.0,0.9990469217300415,0.010161759331822395,,,
29,7,2,0.6153415441513062,1.0,0.9990480542182922,0.0038060410879552364,,,
29,7,3,1.5237401723861694,1.0,0.9992946982383728,0.0452578105032444,,,
29,7,4,0.9895628094673157,1.0,0.999203085899353,0.01656665839254856,,,
29,7,5,2.768052339553833,1.0,0.9968701004981995,0.0216889176517725,,,
29,7,6,3.1742005348205566,1.0,0.9990844130516052,0.011803428642451763,,,
29,7,7,1.8968833684921265,1.0,0.9992184042930603,0.017123084515333176,,,
29,7,8,1.4092719554901123,1.0,0.9984064102172852,0.038591619580984116,,,
29,7,9,1.4610202312469482,1.0,0.9992401599884033,0.029756031930446625,,,
29,7,10,0.9199204444885254,1.0,0.9991271495819092,0.006040827836841345,,,
29,7,11,2.3704915046691895,1.0,0.9991858005523682,0.007782908156514168,,,
29,8,0,3.2661356925964355,1.0,0.9965663552284241,0.022184176370501518,,,
29,8,1,1.2672218084335327,1.0,0.996132493019104,0.009560110978782177,,,
29,8,2,4.363116264343262,1.0000005960464478,0.9730732440948486,0.011771829798817635,,,
29,8,3,2.043003559112549,1.0,0.9965576529502869,0.016628345474600792,,,
29,8,4,1.3397139310836792,1.0,0.996462881565094,0.04910137131810188,,,
29,8,5,1.9298841953277588,1.0,0.9966018795967102,0.04102290794253349,,,
29,8,6,2.404182195663452,1.0,0.9965759515762329,0.018306555226445198,,,
29,8,7,1.3644979000091553,1.0,0.9960830211639404,0.05695901811122894,,,
29,8,8,2.4263322353363037,1.0,0.9957097768783569,0.03163565322756767,,,
29,8,9,2.3775267601013184,1.0,0.9966542720794678,0.03318741172552109,,,
29,8,10,2.441887378692627,1.0,0.9968526363372803,0.059424325823783875,,,
29,8,11,1.8973954916000366,1.0,0.9963138103485107,0.01720970682799816,,,
29,9,0,2.1533620357513428,1.0,0.9973697066307068,0.026055606082081795,,,
29,9,1,2.1742992401123047,1.0,0.9982005953788757,0.010971457697451115,,,
29,9,2,2.176372766494751,1.0,0.9982696175575256,0.01591646857559681,,,
29,9,3,1.6374553442001343,1.0,0.9978531002998352,0.046475253999233246,,,
29,9,4,1.903192400932312,1.0,0.9986000657081604,0.012478773482143879,,,
29,9,5,2.2290091514587402,1.0,0.9987058639526367,0.027631042525172234,,,
29,9,6,1.264722228050232,1.0,0.9985717535018921,0.004717938136309385,,,
29,9,7,1.947039246559143,1.0,0.9985219836235046,0.016319062560796738,,,
29,9,8,2.8127899169921875,1.0,0.9933927655220032,0.010491508059203625,,,
29,9,9,1.4065526723861694,1.0,0.9986065030097961,0.005768462084233761,,,
29,9,10,1.2845453023910522,1.0,0.9983952045440674,0.04092688113451004,,,
29,9,11,2.521487236022949,1.0,0.9962701797485352,0.005472897086292505,,,
29,10,0,2.077030897140503,1.0,0.9966379404067993,0.008760620839893818,,,
29,10,1,1.5086663961410522,1.0,0.9974375367164612,0.008035588078200817,,,
29,10,2,2.009262800216675,1.0,0.9962165951728821,0.00753785390406847,,,
29,10,3,3.154186725616455,1.000000238418579,0.9938449859619141,0.01474087219685316,,,
29,10,4,3.244030475616455,1.0,0.9959222674369812,0.017453694716095924,,,
29,10,5,1.0153554677963257,1.0,0.9973299503326416,0.02300707809627056,,,
29,10,6,1.6861894130706787,1.0,0.9976252913475037,0.008187314495444298,,,
29,10,7,3.091529369354248,1.0,0.994676947593689,0.02585822343826294,,,
29,10,8,2.318187952041626,1.0,0.9975550174713135,0.011015643365681171,,,
29,10,9,1.3442445993423462,1.0,0.9975664615631104,0.06913312524557114,,,
29,10,10,1.6653283834457397,1.0,0.9971752166748047,0.006008223630487919,,,
29,10,11,2.1512436866760254,1.0,0.9972927570343018,0.04418060928583145,,,
29,11,0,4.83367395401001,1.0000017881393433,0.8762150406837463,0.025076603516936302,,,
29,11,1,2.6574928760528564,1.0,0.9061469435691833,0.014407830312848091,,,
29,11,2,2.7557692527770996,1.0000001192092896,0.9052062630653381,0.008013034239411354,,,
29,11,3,2.2579448223114014,1.0,0.9063459038734436,0.02970045432448387,,,
29,11,4,3.8886752128601074,1.0,0.9090051651000977,0.014987104572355747,,,
29,11,5,2.160391330718994,1.0,0.904780387878418,0.010069361887872219,,,
29,11,6,1.9273505210876465,1.0,0.9041876196861267,0.005978620145469904,,,
29,11,7,2.559490203857422,1.0,0.9061100482940674,0.017664724960923195,,,
29,11,8,3.861689567565918,1.0000226497650146,0.10720942169427872,0.09166442602872849,,,
29,11,9,1.8029500246047974,1.0,0.9038046002388,0.006664224434643984,,,
29,11,10,3.1528255939483643,1.0,0.9119842052459717,0.04528013989329338,,,
29,11,11,2.625070095062256,1.0,0.9092341065406799,0.031480491161346436,,,
30,0,0,4.369285583496094,1.0000170469284058,0.8065621852874756,0.02091301791369915,,,
30,0,1,0.529435396194458,1.0000298023223877,0.8066365718841553,0.8348482847213745,,,
30,0,2,4.443080902099609,1.0000122785568237,0.7895960211753845,0.04572352021932602,,,
30,0,3,0.439928263425827,1.0000298023223877,0.794291079044342,0.8430228233337402,,,
30,0,4,1.2501583099365234,1.0000272989273071,0.7946758270263672,0.5812219977378845,,,
30,0,5,1.5458672046661377,1.000025987625122,0.7724378108978271,0.5776299834251404,,,
30,0,6,4.21670389175415,1.00002121925354,0.735766589641571,0.03365527093410492,,,
30,0,7,1.8989559412002563,1.0000271797180176,0.7526460289955139,0.1670626848936081,,,
30,0,8,4.171979904174805,1.000022530555725,0.7997981905937195,0.059360142797231674,,,
30,0,9,4.601510047912598,1.0000168085098267,0.8478742241859436,0.021916279569268227,,,
30,0,10,4.197166442871094,1.000023365020752,0.8809829950332642,0.15249215066432953,,,
30,0,11,5.340898513793945,1.0000145435333252,0.7278751730918884,0.008234056644141674,,,
30,1,0,2.3985795974731445,1.0000258684158325,0.7125492095947266,0.10532588511705399,,,
30,1,1,2.7219808101654053,1.0000207424163818,0.7065749764442444,0.0939154252409935,,,
30,1,2,4.725409984588623,1.0000163316726685,0.6427958011627197,0.027356307953596115,,,
30,1,3,4.236387729644775,1.000001072883606,0.6867700219154358,0.036175407469272614,,,
30,1,4,3.75779128074646,1.000008225440979,0.8096344470977783,0.06851968914270401,,,
30,1,5,4.400277614593506,1.0000123977661133,0.8331403732299805,0.0878765657544136,,,
30,1,6,4.44743537902832,1.000009298324585,0.8194116950035095,0.03510179743170738,,,
30,1,7,4.859551906585693,1.0000118017196655,0.8302050232887268,0.020849252119660378,,,
30,1,8,5.247661113739014,1.0000040531158447,0.7934510707855225,0.010258137248456478,,,
30,1,9,5.272322654724121,1.0000059604644775,0.7681570053100586,0.007866721600294113,,,
30,1,10,4.4083356857299805,1.0000132322311401,0.5928522944450378,0.041753724217414856,,,
30,1,11,1.7432613372802734,1.000026822090149,0.7599501013755798,0.6552630662918091,,,
30,2,0,2.5339624881744385,1.000001311302185,0.8866406083106995,0.10162127017974854,,,
30,2,1,4.6496171951293945,1.0000007152557373,0.8761782050132751,0.010828271508216858,,,
30,2,2,1.1601550579071045,1.000004529953003,0.8951711058616638,0.1263817697763443,,,
30,2,3,1.9619191884994507,1.0000059604644775,0.8583185076713562,0.12879368662834167,,,
30,2,4,1.7263776063919067,1.0000001192092896,0.8705402612686157,0.08899412304162979,,,
30,2,5,1.8144599199295044,1.0000048875808716,0.8688558340072632,0.1329781711101532,,,
30,2,6,2.783238172531128,1.0000064373016357,0.8019192218780518,0.08199784904718399,,,
30,2,7,2.7091386318206787,1.0,0.8442022800445557,0.03345051035284996,,,
30,2,8,1.8658063411712646,1.0000022649765015,0.8929641246795654,0.10471929609775543,,,
30,2,9,1.7759945392608643,1.0000042915344238,0.8694932460784912,0.12112901359796524,,,
30,2,10,3.120772123336792,1.0000280141830444,0.5223028063774109,0.123219333589077,,,
30,2,11,3.065887451171875,1.000000238418579,0.8815829753875732,0.10251184552907944,,,
30,3,0,2.7784430980682373,1.0,0.9926769137382507,0.06469669938087463,,,
30,3,1,1.9813693761825562,1.0,0.9920514822006226,0.05745558440685272,,,
30,3,2,1.4449989795684814,1.0000003576278687,0.9865249395370483,0.1137828603386879,,,
30,3,3,0.9803259372711182,1.0,0.9924997687339783,0.06610949337482452,,,
30,3,4,3.5969531536102295,1.0,0.9930702447891235,0.01051498856395483,,,
30,3,5,2.7141213417053223,1.0,0.9939642548561096,0.035367224365472794,,,
30,3,6,1.710878610610962,1.0000005960464478,0.9810095429420471,0.15234853327274323,,,
30,3,7,1.4588478803634644,1.0000003576278687,0.9910019040107727,0.11634134501218796,,,
30,3,8,1.5421664714813232,1.0000003576278687,0.9858138561248779,0.1153370589017868,,,
30,3,9,1.5987164974212646,1.0,0.9935325384140015,0.07301565259695053,,,
30,3,10,1.8486690521240234,1.0,0.9928498864173889,0.1609388142824173,,,
30,3,11,1.812116026878357,1.0000001192092896,0.9900464415550232,0.10253974050283432,,,
30,4,0,1.2267576456069946,1.0000001192092896,0.9160812497138977,0.05892343446612358,,,
30,4,1,1.6183290481567383,1.0,0.9179956912994385,0.0675029456615448,,,
30,4,2,2.308850049972534,1.0,0.914815366268158,0.015517144463956356,,,
30,4,3,1.5841976404190063,1.0000001192092896,0.9168322086334229,0.0748157799243927,,,
30,4,4,3.117327928543091,1.0,0.9165365695953369,0.04356994107365608,,,
30,4,5,1.4562045335769653,1.0,0.9155310988426208,0.06086576730012894,,,
30,4,6,2.0908761024475098,1.0,0.9168973565101624,0.04520289972424507,,,
30,4,7,1.8714196681976318,1.0000004768371582,0.9183223843574524,0.477664053440094,,,
30,4,8,3.3199610710144043,1.0,0.9170152544975281,0.01461874321103096,,,
30,4,9,1.8982579708099365,1.0,0.9170215129852295,0.03692842647433281,,,
30,4,10,3.275031566619873,1.0,0.9157994985580444,0.013285531662404537,,,
30,4,11,0.010844884440302849,1.000029444694519,0.14423003792762756,0.004714456852525473,,,
30,5,0,1.907734751701355,1.0,0.9972719550132751,0.010722264647483826,,,
30,5,1,0.3051445186138153,1.0,0.9967332482337952,0.003895179368555546,,,
30,5,2,1.4626444578170776,1.0,0.9973152279853821,0.0215932484716177,,,
30,5,3,2.3708882331848145,1.0000001192092896,0.9933423399925232,0.03669305145740509,,,
30,5,4,1.527056336402893,1.0,0.997210681438446,0.04884863272309303,,,
30,5,5,2.031837224960327,1.0,0.9973287582397461,0.011622229591012001,,,
30,5,6,0.7370962500572205,1.0,0.9970447421073914,0.02829635888338089,,,
30,5,7,1.0055091381072998,1.0,0.9970347881317139,0.03860203176736832,,,
30,5,8,1.141538381576538,1.0,0.9971535205841064,0.02697507105767727,,,
30,5,9,2.855098009109497,1.0,0.997597873210907,0.007923608645796776,,,
30,5,10,3.640080690383911,1.0000003576278687,0.9811696410179138,0.040397170931100845,,,
30,5,11,2.9002223014831543,1.0,0.9973214864730835,0.11180101335048676,,,
30,6,0,1.8167256116867065,1.0000001192092896,0.9959180355072021,0.03784431144595146,,,
30,6,1,0.7976900339126587,1.0,0.998135507106781,0.024198686704039574,,,
30,6,2,3.6507349014282227,1.0,0.9975614547729492,0.014045033603906631,,,
30,6,3,1.6468833684921265,1.0,0.9985237121582031,0.01597657985985279,,,
30,6,4,3.50447678565979,1.0,0.9958347082138062,0.01907784678041935,,,
30,6,5,1.738269329071045,1.0,0.9986043572425842,0.06264832615852356,,,
30,6,6,2.9481301307678223,1.0,0.9986663460731506,0.07453205436468124,,,
30,6,7,2.2878708839416504,1.0,0.9977746605873108,0.044468797743320465,,,
30,6,8,1.2792508602142334,1.0,0.9984951019287109,0.031634148210287094,,,
30,6,9,0.8599255681037903,1.0,0.9980674982070923,0.005600200966000557,,,
30,6,10,3.1309449672698975,1.0,0.9984737634658813,0.008916324004530907,,,
30,6,11,1.6100208759307861,1.0,0.998099684715271,0.04670095443725586,,,
30,7,0,1.106773853302002,1.0,0.9989296197891235,0.027611322700977325,,,
30,7,1,2.365750789642334,1.0,0.9991444945335388,0.012597061693668365,,,
30,7,2,0.6010779142379761,1.0,0.9990753531455994,0.0037437102291733027,,,
30,7,3,1.5632041692733765,1.0,0.999349057674408,0.04513540118932724,,,
30,7,4,0.9957177042961121,1.0,0.999257504940033,0.015131166204810143,,,
30,7,5,2.737666606903076,1.0,0.9965055584907532,0.02473835088312626,,,
30,7,6,3.166388988494873,1.0,0.9990209341049194,0.010528103448450565,,,
30,7,7,1.6291929483413696,1.0,0.9993009567260742,0.012140986509621143,,,
30,7,8,1.3556042909622192,1.0,0.9990864396095276,0.03546034172177315,,,
30,7,9,1.5860414505004883,1.0,0.9992484450340271,0.0322173573076725,,,
30,7,10,0.9880880117416382,1.0,0.9991464018821716,0.005782552994787693,,,
30,7,11,2.162529945373535,1.0,0.999207079410553,0.007396264933049679,,,
30,8,0,3.222569704055786,1.0,0.9962313175201416,0.02292817085981369,,,
30,8,1,1.1668702363967896,1.0,0.9956552386283875,0.007949281483888626,,,
30,8,2,4.506309509277344,1.0000005960464478,0.9688087105751038,0.012701905332505703,,,
30,8,3,2.1967732906341553,1.0,0.9963327050209045,0.016502687707543373,,,
30,8,4,1.2639793157577515,1.0,0.9960249066352844,0.05423128232359886,,,
30,8,5,2.0545413494110107,1.0,0.9955909848213196,0.04127662256360054,,,
30,8,6,1.9102684259414673,1.0,0.9961843490600586,0.015636777505278587,,,
30,8,7,1.286665678024292,1.0,0.9958143830299377,0.05589872598648071,,,
30,8,8,2.4469616413116455,1.0,0.9954988956451416,0.03082379885017872,,,
30,8,9,2.495181083679199,1.0,0.9962842464447021,0.030741579830646515,,,
30,8,10,2.382249593734741,1.0,0.9965116381645203,0.05638016015291214,,,
30,8,11,1.8858681917190552,1.0,0.9959573149681091,0.01322182361036539,,,
30,9,0,2.426443338394165,1.0,0.996164858341217,0.023601748049259186,,,
30,9,1,1.978574514389038,1.0,0.9980440735816956,0.009650670923292637,,,
30,9,2,2.4422032833099365,1.0,0.9977379441261292,0.01461282279342413,,,
30,9,3,1.7164949178695679,1.0,0.9972209334373474,0.049992434680461884,,,
30,9,4,1.865064024925232,1.0,0.9983986020088196,0.011135256849229336,,,
30,9,5,2.4657986164093018,1.0,0.9984875321388245,0.03118826635181904,,,
30,9,6,1.5480531454086304,1.0,0.9984142780303955,0.004403513390570879,,,
30,9,7,2.0632381439208984,1.0,0.998297929763794,0.018480433151125908,,,
30,9,8,2.4151570796966553,1.0,0.9977407455444336,0.007624520920217037,,,
30,9,9,1.6066972017288208,1.0,0.9984257221221924,0.005962969269603491,,,
30,9,10,1.2753089666366577,1.0,0.9981651306152344,0.041925717145204544,,,
30,9,11,2.545255422592163,1.0,0.9920967221260071,0.004988206084817648,,,
30,10,0,2.4728822708129883,1.0000001192092896,0.9931089282035828,0.00971521157771349,,,
30,10,1,1.7706964015960693,1.0,0.9972703456878662,0.007656214293092489,,,
30,10,2,2.4567818641662598,1.0000001192092896,0.9950243234634399,0.007225815672427416,,,
30,10,3,2.9107558727264404,1.0,0.9951404333114624,0.010304893366992474,,,
30,10,4,3.281557559967041,1.0,0.9953976273536682,0.021128704771399498,,,
30,10,5,1.0875545740127563,1.0,0.9970408082008362,0.02592076174914837,,,
30,10,6,2.1456947326660156,1.0,0.9972696900367737,0.01022309996187687,,,
30,10,7,3.0252273082733154,1.0,0.9955213665962219,0.026490261778235435,,,
30,10,8,2.308945417404175,1.0,0.9973058700561523,0.010075456462800503,,,
30,10,9,1.3691192865371704,1.0,0.997239351272583,0.06539053469896317,,,
30,10,10,1.8112742900848389,1.0,0.9972137212753296,0.00610811822116375,,,
30,10,11,2.053903102874756,1.0,0.997327446937561,0.039046477526426315,,,
30,11,0,4.800396919250488,1.0000022649765015,0.864199697971344,0.026557184755802155,,,
30,11,1,2.630695343017578,1.0,0.9039714336395264,0.013295275159180164,,,
30,11,2,2.707580089569092,1.0,0.9039886593818665,0.0076269591227173805,,,
30,11,3,2.5424866676330566,1.0,0.9055785536766052,0.02995535358786583,,,
30,11,4,4.144876956939697,1.000000238418579,0.9083923101425171,0.017319584265351295,,,
30,11,5,2.212822198867798,1.0,0.9021422863006592,0.011100629344582558,,,
30,11,6,1.939780592918396,1.0,0.9019767642021179,0.0056051346473395824,,,
30,11,7,2.8888635635375977,1.0,0.9051771759986877,0.015359554439783096,,,
30,11,8,3.736248254776001,1.0000207424163818,0.10831670463085175,0.0921567901968956,,,
30,11,9,1.7717703580856323,1.0,0.9009986519813538,0.0073458789847791195,,,
30,11,10,3.1218204498291016,1.0,0.9094952940940857,0.042747464030981064,,,
30,11,11,2.8372204303741455,1.0,0.9081870913505554,0.031650226563215256,,,
31,0,0,4.3500213623046875,1.000016212463379,0.7909210324287415,0.019584888592362404,,,
31,0,1,0.5351913571357727,1.0000293254852295,0.8006673455238342,0.8279651999473572,,,
31,0,2,4.553754806518555,1.0000114440917969,0.7851765155792236,0.04388058930635452,,,
31,0,3,0.43502524495124817,1.0000282526016235,0.781170666217804,0.8211346864700317,,,
31,0,4,1.221046805381775,1.0000261068344116,0.7875938415527344,0.5819660425186157,,,
31,0,5,1.5096540451049805,1.0000227689743042,0.7658830285072327,0.5793556571006775,,,
31,0,6,4.264156341552734,1.0000207424163818,0.7324439883232117,0.03183937817811966,,,
31,0,7,1.9210835695266724,1.0000251531600952,0.7412925362586975,0.1722300946712494,,,
31,0,8,4.1665472984313965,1.0000227689743042,0.8063151836395264,0.06250590831041336,,,
31,0,9,4.612570285797119,1.000016212463379,0.8446516394615173,0.02242925390601158,,,
31,0,10,4.203799247741699,1.0000232458114624,0.8779293298721313,0.1515190750360489,,,
31,0,11,5.2970123291015625,1.0000128746032715,0.7316749691963196,0.008362670429050922,,,
31,1,0,2.40126371383667,1.0000264644622803,0.712939441204071,0.10659259557723999,,,
31,1,1,2.717841148376465,1.0000202655792236,0.7055476903915405,0.09748990088701248,,,
31,1,2,4.684480667114258,1.0000163316726685,0.6322763562202454,0.028149569407105446,,,
31,1,3,4.178093433380127,1.000001072883606,0.6830130219459534,0.03725191950798035,,,
31,1,4,3.7442691326141357,1.000008463859558,0.8065588474273682,0.06940172612667084,,,
31,1,5,4.424990653991699,1.000011682510376,0.8293812274932861,0.08712068200111389,,,
31,1,6,4.478391647338867,1.0000077486038208,0.8109071850776672,0.032770223915576935,,,
31,1,7,4.874477386474609,1.0000109672546387,0.8227144479751587,0.01972241699695587,,,
31,1,8,5.21552038192749,1.000003695487976,0.7924060821533203,0.01028690580278635,,,
31,1,9,5.259481906890869,1.0000046491622925,0.7707204222679138,0.00751134380698204,,,
31,1,10,4.37734842300415,1.0000123977661133,0.5860846042633057,0.042124565690755844,,,
31,1,11,1.8197234869003296,1.0000262260437012,0.7492635250091553,0.6353784799575806,,,
31,2,0,2.4637503623962402,1.0000014305114746,0.8756107687950134,0.10145406424999237,,,
31,2,1,4.667545795440674,1.000001072883606,0.8611564636230469,0.011297747492790222,,,
31,2,2,1.1478484869003296,1.0000057220458984,0.8775432705879211,0.13029025495052338,,,
31,2,3,1.9354404211044312,1.0000053644180298,0.8607210516929626,0.13774383068084717,,,
31,2,4,1.708644986152649,1.000000238418579,0.8572797775268555,0.08949033915996552,,,
31,2,5,1.7648435831069946,1.0000046491622925,0.858567476272583,0.14174392819404602,,,
31,2,6,2.768564224243164,1.0000061988830566,0.7869488000869751,0.07917191088199615,,,
31,2,7,2.7472779750823975,1.0,0.8333223462104797,0.0340309776365757,,,
31,2,8,1.8286125659942627,1.0000028610229492,0.8861358165740967,0.10869334638118744,,,
31,2,9,1.7357828617095947,1.0000052452087402,0.8492597341537476,0.12708039581775665,,,
31,2,10,3.1120386123657227,1.0000271797180176,0.512637197971344,0.12401709705591202,,,
31,2,11,3.000880718231201,1.0000001192092896,0.8694217801094055,0.10421842336654663,,,
31,3,0,2.85860538482666,1.0,0.9926546216011047,0.08024146407842636,,,
31,3,1,1.9675850868225098,1.0,0.992077648639679,0.06164109706878662,,,
31,3,2,1.451018214225769,1.0000003576278687,0.9855442047119141,0.1180715560913086,,,
31,3,3,0.977571427822113,1.0,0.9920386672019958,0.06431080400943756,,,
31,3,4,3.8411741256713867,1.0,0.993098258972168,0.010486713610589504,,,
31,3,5,2.761667490005493,1.0,0.9939708113670349,0.03534003347158432,,,
31,3,6,1.7361600399017334,1.0000003576278687,0.9842768311500549,0.1611170470714569,,,
31,3,7,1.4393658638000488,1.000000238418579,0.9892042279243469,0.11263487488031387,,,
31,3,8,1.5225976705551147,1.000000238418579,0.9854904413223267,0.12120114266872406,,,
31,3,9,1.5724176168441772,1.0000001192092896,0.9931657314300537,0.06853006780147552,,,
31,3,10,1.8663625717163086,1.0,0.9927030205726624,0.16365499794483185,,,
31,3,11,1.8111035823822021,1.000000238418579,0.9911549091339111,0.1025758758187294,,,
31,4,0,1.2461684942245483,1.0,0.9157131314277649,0.06036364287137985,,,
31,4,1,1.58975088596344,1.0000001192092896,0.918034017086029,0.06840077042579651,,,
31,4,2,2.1309237480163574,1.0,0.9137335419654846,0.014667903073132038,,,
31,4,3,1.591526746749878,1.0,0.9165710806846619,0.06483571231365204,,,
31,4,4,3.2485523223876953,1.0,0.9167816042900085,0.045505501329898834,,,
31,4,5,1.472734808921814,1.0,0.9152357578277588,0.06068680062890053,,,
31,4,6,2.122763156890869,1.0,0.9168071746826172,0.04604416713118553,,,
31,4,7,1.8768506050109863,1.0000005960464478,0.917179524898529,0.49435243010520935,,,
31,4,8,3.535172700881958,1.0,0.9173593521118164,0.014620523899793625,,,
31,4,9,1.8968290090560913,1.0,0.9166911840438843,0.038008011877536774,,,
31,4,10,3.223018169403076,1.0,0.9150974750518799,0.012563351541757584,,,
31,4,11,0.011262105777859688,1.000028371810913,0.15091605484485626,0.00455819396302104,,,
31,5,0,1.9007874727249146,1.0,0.9964587688446045,0.011128989979624748,,,
31,5,1,0.3113546073436737,1.0,0.9957735538482666,0.004270317032933235,,,
31,5,2,1.4609750509262085,1.0,0.996417224407196,0.019830653443932533,,,
31,5,3,2.342129945755005,1.0000001192092896,0.9923330545425415,0.03404563292860985,,,
31,5,4,1.545009970664978,1.0,0.9964675903320312,0.05558961629867554,,,
31,5,5,2.1849615573883057,1.0,0.996511697769165,0.01340965274721384,,,
31,5,6,0.70970618724823,1.0,0.9960628151893616,0.026260510087013245,,,
31,5,7,1.0425368547439575,1.0,0.9961642622947693,0.04037856310606003,,,
31,5,8,1.2076469659805298,1.0,0.9963138103485107,0.027683937922120094,,,
31,5,9,3.092125415802002,1.0,0.9968475103378296,0.007934450171887875,,,
31,5,10,3.732194423675537,1.0000005960464478,0.9733396172523499,0.03883318230509758,,,
31,5,11,2.8634138107299805,1.0,0.996608555316925,0.11942919343709946,,,
31,6,0,1.8699618577957153,1.0,0.9947837591171265,0.037359826266765594,,,
31,6,1,0.8586219549179077,1.0,0.9979751706123352,0.023715360090136528,,,
31,6,2,3.5324528217315674,1.0,0.9976673722267151,0.013380144722759724,,,
31,6,3,1.729135513305664,1.0,0.9983780384063721,0.017803549766540527,,,
31,6,4,3.4715776443481445,1.0000001192092896,0.9955495595932007,0.020697912201285362,,,
31,6,5,1.7769134044647217,1.0,0.9984238147735596,0.0659010037779808,,,
31,6,6,3.02763032913208,1.0,0.9983831644058228,0.07844666391611099,,,
31,6,7,2.4065957069396973,1.0,0.9971714019775391,0.04431705176830292,,,
31,6,8,1.3110328912734985,1.0,0.9983254075050354,0.03025558963418007,,,
31,6,9,0.8873352408409119,1.0,0.9978898763656616,0.006431826390326023,,,
31,6,10,2.968843936920166,1.0,0.9982933402061462,0.01028096117079258,,,
31,6,11,1.6469005346298218,1.0,0.9981276988983154,0.05086098238825798,,,
31,7,0,1.0672094821929932,1.0,0.9989525079727173,0.02607065811753273,,,
31,7,1,2.6015260219573975,1.0,0.9984167218208313,0.01639537513256073,,,
31,7,2,0.5157602429389954,1.0,0.9990401864051819,0.004324112553149462,,,
31,7,3,1.5992324352264404,1.0,0.9993014931678772,0.04436022788286209,,,
31,7,4,0.9979792237281799,1.0,0.9992073178291321,0.014573473483324051,,,
31,7,5,2.6050662994384766,1.0,0.9973266124725342,0.022819634526968002,,,
31,7,6,3.1181282997131348,1.0,0.9990665316581726,0.012486029416322708,,,
31,7,7,1.4332588911056519,1.0,0.9992219805717468,0.015023535117506981,,,
31,7,8,1.3662846088409424,1.0,0.9988231658935547,0.030279330909252167,,,
31,7,9,1.5961798429489136,1.0,0.9990836977958679,0.03295623138546944,,,
31,7,10,1.026536226272583,1.0,0.9991646409034729,0.006343310233205557,,,
31,7,11,1.9486175775527954,1.0,0.9992490410804749,0.0074585177935659885,,,
31,8,0,3.1912450790405273,1.0,0.9971311688423157,0.026432940736413002,,,
31,8,1,1.247023344039917,1.0,0.9967653155326843,0.010168173350393772,,,
31,8,2,4.280097007751465,1.0000003576278687,0.9817133545875549,0.012531017884612083,,,
31,8,3,2.377657651901245,1.0,0.9972116351127625,0.020221522077918053,,,
31,8,4,1.2379529476165771,1.0,0.9970384240150452,0.05432507395744324,,,
31,8,5,1.9418641328811646,1.0,0.9968248009681702,0.037968479096889496,,,
31,8,6,1.8671672344207764,1.0,0.9971677660942078,0.019133834168314934,,,
31,8,7,1.2457914352416992,1.0,0.9967204928398132,0.05745768919587135,,,
31,8,8,2.582308769226074,1.0000001192092896,0.994577944278717,0.03123762644827366,,,
31,8,9,2.357691526412964,1.0,0.9973415732383728,0.029404116794466972,,,
31,8,10,2.402540683746338,1.0,0.9975147843360901,0.06647201627492905,,,
31,8,11,1.8658593893051147,1.0,0.9971280694007874,0.01294186245650053,,,
31,9,0,2.5798897743225098,1.0,0.9962291121482849,0.027295511215925217,,,
31,9,1,2.2367889881134033,1.0,0.9982965588569641,0.011347771622240543,,,
31,9,2,2.7848429679870605,1.0000001192092896,0.9959487915039062,0.015157561749219894,,,
31,9,3,1.685509204864502,1.0,0.9976119995117188,0.0467485710978508,,,
31,9,4,1.8926748037338257,1.0,0.9986408352851868,0.011799918487668037,,,
31,9,5,2.534620523452759,1.0,0.9987764358520508,0.032094117254018784,,,
31,9,6,1.8126276731491089,1.0,0.9986350536346436,0.005984132643789053,,,
31,9,7,1.9471884965896606,1.0,0.9985561966896057,0.01751806028187275,,,
31,9,8,2.2783942222595215,1.0,0.9985431432723999,0.00673974072560668,,,
31,9,9,1.975733995437622,1.0,0.9986284375190735,0.00803122017532587,,,
31,9,10,1.2361987829208374,1.0,0.9983896613121033,0.04454756900668144,,,
31,9,11,2.2921743392944336,1.0,0.9972546100616455,0.005633659660816193,,,
31,10,0,2.7600796222686768,1.000000238418579,0.9926199316978455,0.010857262648642063,,,
31,10,1,2.1519405841827393,1.0,0.9959054589271545,0.00923233199864626,,,
31,10,2,2.506317138671875,1.0,0.995274007320404,0.010168761014938354,,,
31,10,3,2.813241958618164,1.0,0.9928808212280273,0.010176615789532661,,,
31,10,4,3.3754544258117676,1.0000001192092896,0.9946041703224182,0.019118648022413254,,,
31,10,5,1.0490124225616455,1.0,0.9963893890380859,0.026568502187728882,,,
31,10,6,1.925573706626892,1.0,0.9964852929115295,0.0075270021334290504,,,
31,10,7,3.050469160079956,1.0000001192092896,0.9951075911521912,0.027699124068021774,,,
31,10,8,2.321772575378418,1.0,0.9964945316314697,0.01297854259610176,,,
31,10,9,1.371282696723938,1.0,0.996739387512207,0.0673554316163063,,,
31,10,10,2.0405375957489014,1.0,0.9964425563812256,0.007173499092459679,,,
31,10,11,2.049520492553711,1.0,0.9967467784881592,0.03921138495206833,,,
31,11,0,4.792716979980469,1.000002145767212,0.8672891855239868,0.0255606546998024,,,
31,11,1,2.6992361545562744,1.0,0.9046735763549805,0.013064560480415821,,,
31,11,2,2.6387903690338135,1.0,0.9035680294036865,0.007679059635847807,,,
31,11,3,2.0336811542510986,1.0,0.9029397368431091,0.020775670185685158,,,
31,11,4,3.9281394481658936,1.000000238418579,0.9059762358665466,0.01670105569064617,,,
31,11,5,2.3880887031555176,1.0,0.9035763144493103,0.011830725707113743,,,
31,11,6,2.2882235050201416,1.0,0.9026318192481995,0.007265883032232523,,,
31,11,7,2.879828929901123,1.0,0.9056292176246643,0.02143377624452114,,,
31,11,8,3.6905574798583984,1.0000214576721191,0.10908334702253342,0.09464949369430542,,,
31,11,9,2.022641658782959,1.0,0.9021238684654236,0.007124129217118025,,,
31,11,10,2.971884250640869,1.0,0.9090434908866882,0.04538256675004959,,,
31,11,11,3.1534340381622314,1.000000238418579,0.9084197878837585,0.034676168113946915,,,
32,0,0,4.40875768661499,1.000016212463379,0.8012252449989319,0.017796261236071587,,,
32,0,1,0.5687252283096313,1.000029444694519,0.8058053851127625,0.8223012089729309,,,
32,0,2,4.5507307052612305,1.0000113248825073,0.7933455109596252,0.04192858189344406,,,
32,0,3,0.4367673397064209,1.0000284910202026,0.786612331867218,0.8372579216957092,,,
32,0,4,1.235016942024231,1.0000271797180176,0.7904085516929626,0.5788741111755371,,,
32,0,5,1.6020628213882446,1.0000216960906982,0.7542895674705505,0.5430790185928345,,,
32,0,6,4.197783946990967,1.0000206232070923,0.7212526798248291,0.03232735022902489,,,
32,0,7,1.861363172531128,1.0000256299972534,0.7518495321273804,0.16531088948249817,,,
32,0,8,4.173777103424072,1.0000224113464355,0.8005809783935547,0.0629616379737854,,,
32,0,9,4.606879711151123,1.000015377998352,0.8401089310646057,0.022644847631454468,,,
32,0,10,4.199807167053223,1.0000230073928833,0.8770300149917603,0.1529034674167633,,,
32,0,11,5.311281681060791,1.000014305114746,0.7335573434829712,0.008529050275683403,,,
32,1,0,2.353386402130127,1.0000264644622803,0.711618959903717,0.1089935451745987,,,
32,1,1,2.7062106132507324,1.0000202655792236,0.7011335492134094,0.09573738276958466,,,
32,1,2,4.702539443969727,1.000016212463379,0.6361168622970581,0.027665967121720314,,,
32,1,3,4.199659824371338,1.000001072883606,0.6817566156387329,0.036946672946214676,,,
32,1,4,3.746479034423828,1.0000091791152954,0.8072397112846375,0.06884496659040451,,,
32,1,5,4.438477993011475,1.0000121593475342,0.8259139657020569,0.09080404788255692,,,
32,1,6,4.392305850982666,1.0000081062316895,0.8077881336212158,0.03534148633480072,,,
32,1,7,4.880837440490723,1.0000113248825073,0.8290399312973022,0.021164709702134132,,,
32,1,8,5.240450382232666,1.0000040531158447,0.7942959070205688,0.010400556959211826,,,
32,1,9,5.251407146453857,1.0000066757202148,0.7695513367652893,0.007657814305275679,,,
32,1,10,4.3843255043029785,1.0000126361846924,0.5881713628768921,0.04197070002555847,,,
32,1,11,1.7747983932495117,1.0000263452529907,0.7501377463340759,0.6470096111297607,,,
32,2,0,2.518087863922119,1.000001072883606,0.8772246837615967,0.10257937759160995,,,
32,2,1,4.5835418701171875,1.0000005960464478,0.86147141456604,0.010368065908551216,,,
32,2,2,1.146254301071167,1.0000076293945312,0.8634220361709595,0.12612171471118927,,,
32,2,3,1.9395140409469604,1.0000061988830566,0.8424980640411377,0.1346644014120102,,,
32,2,4,1.702273964881897,1.0000001192092896,0.8595152497291565,0.08849100023508072,,,
32,2,5,1.8010088205337524,1.0000057220458984,0.8600674271583557,0.13911356031894684,,,
32,2,6,2.8470685482025146,1.000006079673767,0.7889009118080139,0.08230706304311752,,,
32,2,7,2.7661654949188232,1.0,0.831210196018219,0.033957816660404205,,,
32,2,8,1.8920581340789795,1.0000029802322388,0.882265031337738,0.10897869616746902,,,
32,2,9,1.7905150651931763,1.000004768371582,0.8540584444999695,0.12968695163726807,,,
32,2,10,3.1277143955230713,1.0000272989273071,0.5139620900154114,0.12405537813901901,,,
32,2,11,3.0384621620178223,1.000000238418579,0.8686901330947876,0.1047355979681015,,,
32,3,0,2.8349030017852783,1.0,0.991788923740387,0.0666075199842453,,,
32,3,1,1.9769566059112549,1.0000001192092896,0.9920709133148193,0.061097245663404465,,,
32,3,2,1.435973882675171,1.0000005960464478,0.9783540964126587,0.11498047411441803,,,
32,3,3,1.014639139175415,1.0,0.9916166067123413,0.06622544676065445,,,
32,3,4,3.7164669036865234,1.0,0.9923107624053955,0.01104405801743269,,,
32,3,5,2.7149288654327393,1.0,0.993001401424408,0.03388966619968414,,,
32,3,6,1.7337450981140137,1.0000004768371582,0.981418788433075,0.15178881585597992,,,
32,3,7,1.4805628061294556,1.000000238418579,0.9898549914360046,0.1233261376619339,,,
32,3,8,1.5641578435897827,1.0000004768371582,0.9841611981391907,0.12283102422952652,,,
32,3,9,1.6423625946044922,1.0,0.9926450252532959,0.074150450527668,,,
32,3,10,1.8491846323013306,1.0,0.9918646216392517,0.16186736524105072,,,
32,3,11,1.8442178964614868,1.0000001192092896,0.9912160634994507,0.10260456800460815,,,
32,4,0,1.2894339561462402,1.0000001192092896,0.9164400696754456,0.06166534125804901,,,
32,4,1,1.6209235191345215,1.0000001192092896,0.9183102250099182,0.06674094498157501,,,
32,4,2,2.327324628829956,1.0,0.9153136610984802,0.015506062656641006,,,
32,4,3,1.6593406200408936,1.0,0.9173858165740967,0.07230028510093689,,,
32,4,4,3.2004897594451904,1.0,0.9173088073730469,0.04716077074408531,,,
32,4,5,1.4631811380386353,1.0,0.9158527255058289,0.056824859231710434,,,
32,4,6,2.1182241439819336,1.0,0.917468786239624,0.04679379239678383,,,
32,4,7,1.9014283418655396,1.0000003576278687,0.9204640984535217,0.46653905510902405,,,
32,4,8,3.190497636795044,1.0,0.9169195294380188,0.016066426411271095,,,
32,4,9,1.928290843963623,1.0,0.9173902273178101,0.03616774454712868,,,
32,4,10,3.3767666816711426,1.0,0.9164236187934875,0.014036761596798897,,,
32,4,11,0.012836122885346413,1.0000296831130981,0.14557050168514252,0.004565346520394087,,,
32,5,0,1.6440984010696411,1.0,0.9970898032188416,0.012094320729374886,,,
32,5,1,0.34669435024261475,1.0,0.996718168258667,0.004881139844655991,,,
32,5,2,1.4332876205444336,1.0,0.9970852136611938,0.02090873196721077,,,
32,5,3,2.3340282440185547,1.0000001192092896,0.9940569400787354,0.03669330105185509,,,
32,5,4,1.4716646671295166,1.0,0.997069776058197,0.04975443333387375,,,
32,5,5,1.8796592950820923,1.0,0.9971632361412048,0.011852463707327843,,,
32,5,6,0.6932728886604309,1.0,0.9968644976615906,0.026667362079024315,,,
32,5,7,1.0054752826690674,1.0,0.9968946576118469,0.037587542086839676,,,
32,5,8,1.093003749847412,1.0,0.9969894886016846,0.030975155532360077,,,
32,5,9,2.7561206817626953,1.0,0.9974544644355774,0.007926199585199356,,,
32,5,10,3.5894856452941895,1.0000004768371582,0.9778972864151001,0.0316825695335865,,,
32,5,11,2.8661117553710938,1.0,0.9971800446510315,0.11581208556890488,,,
32,6,0,1.8817867040634155,1.0000001192092896,0.9958598613739014,0.03336600586771965,,,
32,6,1,0.7802194952964783,1.0,0.9982300400733948,0.021851520985364914,,,
32,6,2,3.6068003177642822,1.0,0.9975029230117798,0.0143518578261137,,,
32,6,3,1.6390550136566162,1.0,0.9986221194267273,0.016821663826704025,,,
32,6,4,3.3444273471832275,1.0,0.9967607855796814,0.018737172707915306,,,
32,6,5,1.6850848197937012,1.0,0.9986782670021057,0.060928333550691605,,,
32,6,6,2.935908794403076,1.0,0.9987313747406006,0.08299393206834793,,,
32,6,7,2.305957317352295,1.0,0.9978853464126587,0.04323768988251686,,,
32,6,8,1.2609062194824219,1.0,0.9985157251358032,0.02926703914999962,,,
32,6,9,0.8647232055664062,1.0,0.9982450008392334,0.006972414907068014,,,
32,6,10,3.175490140914917,1.0,0.9984397292137146,0.011176975443959236,,,
32,6,11,1.5562644004821777,1.0,0.9984914660453796,0.04546787962317467,,,
32,7,0,1.136839747428894,1.0,0.9988513588905334,0.02740808017551899,,,
32,7,1,2.2321057319641113,1.0,0.9990009665489197,0.008625838905572891,,,
32,7,2,0.6858972311019897,1.0,0.9991468191146851,0.00383929000236094,,,
32,7,3,1.4006166458129883,1.0,0.9992977380752563,0.043029990047216415,,,
32,7,4,0.9300887584686279,1.0,0.9992376565933228,0.014912032522261143,,,
32,7,5,2.684810161590576,1.0,0.9974327087402344,0.02325955033302307,,,
32,7,6,3.1087424755096436,1.0,0.9990915060043335,0.011388029903173447,,,
32,7,7,1.6275439262390137,1.0,0.9992178082466125,0.011899109929800034,,,
32,7,8,1.4236164093017578,1.0,0.9988559484481812,0.03869473934173584,,,
32,7,9,1.360356092453003,1.0,0.9992443323135376,0.027752503752708435,,,
32,7,10,1.0421476364135742,1.0,0.9991805553436279,0.004560926929116249,,,
32,7,11,2.0164947509765625,1.0,0.9984020590782166,0.007965262979269028,,,
32,8,0,3.3338117599487305,1.0,0.996731698513031,0.025684459134936333,,,
32,8,1,1.3457881212234497,1.0,0.9970110058784485,0.007987795397639275,,,
32,8,2,4.290019512176514,1.0000003576278687,0.9798221588134766,0.012891734950244427,,,
32,8,3,2.037524700164795,1.0,0.9973272681236267,0.017155904322862625,,,
32,8,4,1.2016574144363403,1.0,0.9971340298652649,0.04972321540117264,,,
32,8,5,1.9748042821884155,1.0,0.9970443248748779,0.04277351498603821,,,
32,8,6,1.9467800855636597,1.0,0.9972887635231018,0.016427747905254364,,,
32,8,7,1.3608880043029785,1.0,0.9967591762542725,0.0557209849357605,,,
32,8,8,2.3169002532958984,1.0,0.9968265891075134,0.027826640754938126,,,
32,8,9,2.2819650173187256,1.0,0.9973029494285583,0.027445225045084953,,,
32,8,10,2.3416152000427246,1.0,0.997538149356842,0.064125195145607,,,
32,8,11,1.9291054010391235,1.0,0.9970307946205139,0.01627448946237564,,,
32,9,0,2.499847412109375,1.0,0.9946277141571045,0.02461407519876957,,,
32,9,1,1.9496517181396484,1.0,0.9976539015769958,0.010417674668133259,,,
32,9,2,2.540855884552002,1.0,0.9965938925743103,0.014493179507553577,,,
32,9,3,1.7047139406204224,1.0,0.9967966675758362,0.051109302788972855,,,
32,9,4,1.7651586532592773,1.0,0.9981178641319275,0.010251563973724842,,,
32,9,5,2.2780368328094482,1.0,0.9982074499130249,0.03099720925092697,,,
32,9,6,1.5310766696929932,1.0,0.998094916343689,0.005064005497843027,,,
32,9,7,1.9340349435806274,1.0,0.9979902505874634,0.01882130652666092,,,
32,9,8,2.828465223312378,1.0,0.9962713122367859,0.009831277653574944,,,
32,9,9,1.7284908294677734,1.0,0.9980760812759399,0.00666135223582387,,,
32,9,10,1.1736961603164673,1.0,0.9978274703025818,0.03662537410855293,,,
32,9,11,2.753653049468994,1.0000001192092896,0.992327094078064,0.007452377583831549,,,
32,10,0,2.548858880996704,1.0,0.9956883788108826,0.00982190016657114,,,
32,10,1,1.7763763666152954,1.0,0.9972946047782898,0.008083092980086803,,,
32,10,2,2.263296365737915,1.0,0.9953615069389343,0.009826362133026123,,,
32,10,3,3.184771776199341,1.0000001192092896,0.993466317653656,0.014190878719091415,,,
32,10,4,3.2676854133605957,1.0000001192092896,0.995823860168457,0.018769394606351852,,,
32,10,5,1.0146750211715698,1.0,0.9970436692237854,0.025933504104614258,,,
32,10,6,1.9228883981704712,1.0,0.9971210360527039,0.007640474941581488,,,
32,10,7,2.8793957233428955,1.0,0.9964973330497742,0.03006252832710743,,,
32,10,8,2.3452224731445312,1.0,0.9972782731056213,0.012866979464888573,,,
32,10,9,1.3970893621444702,1.0,0.9972837567329407,0.07180019468069077,,,
32,10,10,1.9125057458877563,1.0,0.9972797632217407,0.007005033083260059,,,
32,10,11,2.0579240322113037,1.0,0.9969213008880615,0.038128141313791275,,,
32,11,0,4.728870868682861,1.0000019073486328,0.877074658870697,0.02619612216949463,,,
32,11,1,2.779477119445801,1.0,0.9064186215400696,0.015104696154594421,,,
32,11,2,2.668998956680298,1.0000001192092896,0.9029520153999329,0.007882868871092796,,,
32,11,3,2.238224744796753,1.0,0.905636191368103,0.028212659060955048,,,
32,11,4,3.8062894344329834,1.0,0.9098239541053772,0.01603282429277897,,,
32,11,5,2.394927501678467,1.0,0.9053192734718323,0.011313538067042828,,,
32,11,6,2.0339393615722656,1.0,0.9041962027549744,0.0062981536611914635,,,
32,11,7,2.6044046878814697,1.0,0.9061231017112732,0.017807696014642715,,,
32,11,8,3.6929125785827637,1.0000197887420654,0.10686321556568146,0.11795596778392792,,,
32,11,9,1.8702589273452759,1.0,0.904348611831665,0.006690579000860453,,,
32,11,10,2.953585624694824,1.0,0.9105861186981201,0.0471007339656353,,,
32,11,11,2.8946685791015625,1.0000001192092896,0.910069465637207,0.03774779289960861,,,
33,0,0,4.347640037536621,1.000016212463379,0.7911950945854187,0.020231975242495537,,,
33,0,1,0.5471265316009521,1.0000278949737549,0.8030864596366882,0.8297945261001587,,,
33,0,2,4.512114524841309,1.000011682510376,0.7901806235313416,0.04431264102458954,,,
33,0,3,0.45976874232292175,1.0000274181365967,0.7789661288261414,0.8208977580070496,,,
33,0,4,1.2789486646652222,1.0000258684158325,0.7942407131195068,0.5777573585510254,,,
33,0,5,1.5843883752822876,1.0000226497650146,0.7650671601295471,0.578831136226654,,,
33,0,6,4.184277057647705,1.0000202655792236,0.7162997722625732,0.0329432338476181,,,
33,0,7,1.883033275604248,1.000024676322937,0.740801215171814,0.17664411664009094,,,
33,0,8,4.144880294799805,1.0000218152999878,0.8000422120094299,0.06001367047429085,,,
33,0,9,4.597108364105225,1.000015377998352,0.8405285477638245,0.02325085923075676,,,
33,0,10,4.1956305503845215,1.0000228881835938,0.8771811127662659,0.14986254274845123,,,
33,0,11,5.26595401763916,1.0000134706497192,0.7273913025856018,0.008731255307793617,,,
33,1,0,2.377362012863159,1.0000252723693848,0.7129119634628296,0.10655226558446884,,,
33,1,1,2.7275164127349854,1.000018835067749,0.7042850255966187,0.09272551536560059,,,
33,1,2,4.6624603271484375,1.0000156164169312,0.6286821365356445,0.028598247095942497,,,
33,1,3,4.161163330078125,1.0000009536743164,0.6794578433036804,0.03733467310667038,,,
33,1,4,3.751800775527954,1.0000087022781372,0.807932436466217,0.06914496421813965,,,
33,1,5,4.323513031005859,1.0000123977661133,0.8264408707618713,0.09091386198997498,,,
33,1,6,4.369991779327393,1.0000091791152954,0.802007257938385,0.03499019518494606,,,
33,1,7,4.807999610900879,1.0000110864639282,0.8268154263496399,0.020014163106679916,,,
33,1,8,5.1966633796691895,1.000004529953003,0.7938791513442993,0.010619883425533772,,,
33,1,9,5.201456546783447,1.0000067949295044,0.7688515186309814,0.007989941164851189,,,
33,1,10,4.378549575805664,1.0000121593475342,0.5827843546867371,0.041729822754859924,,,
33,1,11,1.8889278173446655,1.0000251531600952,0.7618110775947571,0.626072883605957,,,
33,2,0,2.453479766845703,1.0000014305114746,0.8772972226142883,0.1038498803973198,,,
33,2,1,4.481252193450928,1.0000005960464478,0.8628528118133545,0.010970326140522957,,,
33,2,2,1.1369190216064453,1.0000056028366089,0.8769492506980896,0.12241087108850479,,,
33,2,3,1.9186538457870483,1.0000054836273193,0.8534810543060303,0.13301651179790497,,,
33,2,4,1.6681766510009766,1.0000003576278687,0.8616082668304443,0.08960693329572678,,,
33,2,5,1.7887513637542725,1.0000042915344238,0.8649446964263916,0.13342146575450897,,,
33,2,6,2.80655837059021,1.0000057220458984,0.7874933481216431,0.07943253219127655,,,
33,2,7,2.7960963249206543,1.0,0.8347858190536499,0.03424903750419617,,,
33,2,8,1.834771990776062,1.0000027418136597,0.8825792670249939,0.10953602939844131,,,
33,2,9,1.729232668876648,1.0000051259994507,0.8458621501922607,0.12362400442361832,,,
33,2,10,3.1142523288726807,1.0000261068344116,0.5072743892669678,0.12400397658348083,,,
33,2,11,2.980679988861084,1.0000001192092896,0.8689892292022705,0.10389786958694458,,,
33,3,0,2.858492136001587,1.0,0.9932927489280701,0.06804418563842773,,,
33,3,1,1.952918291091919,1.0000001192092896,0.9929912090301514,0.05868043377995491,,,
33,3,2,1.4517107009887695,1.0000003576278687,0.9877007007598877,0.11518265306949615,,,
33,3,3,0.9662940502166748,1.0,0.992894172668457,0.05985906347632408,,,
33,3,4,3.7021162509918213,1.0,0.9936456084251404,0.010560721158981323,,,
33,3,5,2.7429606914520264,1.0,0.9943885207176208,0.03495188057422638,,,
33,3,6,1.746966004371643,1.0000003576278687,0.9847419261932373,0.15358014404773712,,,
33,3,7,1.4304332733154297,1.000000238418579,0.9899997711181641,0.1140485405921936,,,
33,3,8,1.5228395462036133,1.0000004768371582,0.9864293932914734,0.12172223627567291,,,
33,3,9,1.6351300477981567,1.0,0.9939386248588562,0.07464034110307693,,,
33,3,10,1.806613802909851,1.0,0.9932363629341125,0.15493199229240417,,,
33,3,11,1.7931190729141235,1.0000001192092896,0.9913826584815979,0.10469936579465866,,,
33,4,0,1.250510573387146,1.0000001192092896,0.9160317778587341,0.06073383986949921,,,
33,4,1,1.5879355669021606,1.0000001192092896,0.9181013107299805,0.06277956068515778,,,
33,4,2,2.222973346710205,1.0,0.9147992730140686,0.015588481910526752,,,
33,4,3,1.59620201587677,1.0,0.9165275692939758,0.0793512761592865,,,
33,4,4,3.1444971561431885,1.0,0.9171211123466492,0.044221218675374985,,,
33,4,5,1.4659086465835571,1.0,0.9158279299736023,0.05930792912840843,,,
33,4,6,2.0900537967681885,1.0,0.9172918796539307,0.04481720179319382,,,
33,4,7,1.841882348060608,1.0000005960464478,0.9200315475463867,0.4909883141517639,,,
33,4,8,3.524745464324951,1.0,0.9181423187255859,0.016079425811767578,,,
33,4,9,1.948677659034729,1.0,0.9177658557891846,0.041399210691452026,,,
33,4,10,3.325192451477051,1.0,0.9163396954536438,0.01424699742347002,,,
33,4,11,0.013319460675120354,1.0000274181365967,0.15018458664417267,0.005141862668097019,,,
33,5,0,1.9606608152389526,1.0,0.9942863583564758,0.012547648511826992,,,
33,5,1,0.3016583025455475,1.0,0.9935230612754822,0.004494434222579002,,,
33,5,2,1.4648008346557617,1.0,0.9942907691001892,0.022886373102664948,,,
33,5,3,2.3576197624206543,1.0000001192092896,0.9909861087799072,0.03521646931767464,,,
33,5,4,1.4962371587753296,1.0,0.9941825270652771,0.051728613674640656,,,
33,5,5,2.1529881954193115,1.0,0.9943963885307312,0.014701483771204948,,,
33,5,6,0.6937077641487122,1.0,0.9938411712646484,0.025170806795358658,,,
33,5,7,1.0230462551116943,1.0,0.9939699769020081,0.039842639118433,,,
33,5,8,1.173973560333252,1.0,0.99407559633255,0.02947978302836418,,,
33,5,9,3.001149892807007,1.0,0.9947942495346069,0.007944373413920403,,,
33,5,10,3.5494112968444824,1.000001072883606,0.9486455917358398,0.04416632652282715,,,
33,5,11,2.9183504581451416,1.0,0.9945442080497742,0.11949994415044785,,,
33,6,0,1.8494338989257812,1.0000001192092896,0.9944984316825867,0.04200455918908119,,,
33,6,1,0.8177273869514465,1.0,0.9979249835014343,0.02301320992410183,,,
33,6,2,3.5683982372283936,1.0,0.9975782632827759,0.013954519294202328,,,
33,6,3,1.7491638660430908,1.0,0.9983409643173218,0.01889592967927456,,,
33,6,4,3.42289137840271,1.0000001192092896,0.9954109787940979,0.02018406055867672,,,
33,6,5,1.7559093236923218,1.0,0.9983705282211304,0.06233536824584007,,,
33,6,6,2.9136810302734375,1.0,0.9984599947929382,0.07719159126281738,,,
33,6,7,2.3564629554748535,1.0,0.9972456097602844,0.04497987776994705,,,
33,6,8,1.3302946090698242,1.0,0.9983211159706116,0.030109481886029243,,,
33,6,9,0.8412536382675171,1.0,0.997753918170929,0.006800418253988028,,,
33,6,10,3.273885488510132,1.0,0.9980217218399048,0.01018823217600584,,,
33,6,11,1.6220979690551758,1.0,0.9980869293212891,0.04696420207619667,,,
33,7,0,1.108976125717163,1.0,0.9983135461807251,0.027824847027659416,,,
33,7,1,2.3690073490142822,1.0,0.9982328414916992,0.013922368176281452,,,
33,7,2,0.5050615072250366,1.0,0.9984248876571655,0.0035542685072869062,,,
33,7,3,1.5927574634552002,1.0,0.9987024664878845,0.045955024659633636,,,
33,7,4,1.009347677230835,1.0,0.9986161589622498,0.015945157036185265,,,
33,7,5,2.681291103363037,1.0,0.9960413575172424,0.025146035477519035,,,
33,7,6,3.110762357711792,1.0,0.9984925985336304,0.011472485028207302,,,
33,7,7,1.7280981540679932,1.0,0.9986817836761475,0.013828414492309093,,,
33,7,8,1.3841805458068848,1.0,0.9980497360229492,0.03746877983212471,,,
33,7,9,1.578773856163025,1.0,0.9985108971595764,0.030561452731490135,,,
33,7,10,0.8580748438835144,1.0,0.9985254406929016,0.005233957432210445,,,
33,7,11,2.0697903633117676,1.0,0.992985725402832,0.006473173387348652,,,
33,8,0,3.3756251335144043,1.0,0.9969176650047302,0.02360096015036106,,,
33,8,1,1.227100133895874,1.0,0.9967264533042908,0.00920324120670557,,,
33,8,2,4.33109188079834,1.0000003576278687,0.9803205728530884,0.01251054834574461,,,
33,8,3,2.240467071533203,1.0,0.9972488284111023,0.0211582500487566,,,
33,8,4,1.3525034189224243,1.0,0.9971027374267578,0.05174315720796585,,,
33,8,5,2.016685962677002,1.0,0.9965139627456665,0.04187403619289398,,,
33,8,6,1.951540470123291,1.0,0.997166097164154,0.017614712938666344,,,
33,8,7,1.3389006853103638,1.0,0.9967639446258545,0.0656522661447525,,,
33,8,8,2.5089316368103027,1.0,0.9965254068374634,0.030672850087285042,,,
33,8,9,2.3669180870056152,1.0,0.9972597360610962,0.0303232129663229,,,
33,8,10,2.3974249362945557,1.0,0.9974861741065979,0.06544186174869537,,,
33,8,11,2.0082125663757324,1.0,0.9967582821846008,0.01765604503452778,,,
33,9,0,2.3530168533325195,1.0,0.996589720249176,0.027859067544341087,,,
33,9,1,2.1388516426086426,1.0,0.9984214305877686,0.011786933057010174,,,
33,9,2,2.5031721591949463,1.0,0.9981357455253601,0.015605265274643898,,,
33,9,3,1.6557207107543945,1.0,0.9982883930206299,0.04667995125055313,,,
33,9,4,1.761804461479187,1.0,0.9989119172096252,0.01265338808298111,,,
33,9,5,2.4417824745178223,1.0,0.9989895224571228,0.03398595750331879,,,
33,9,6,1.2698063850402832,1.0,0.9988317489624023,0.0055520436726510525,,,
33,9,7,1.9048784971237183,1.0,0.9987944960594177,0.017742225900292397,,,
33,9,8,2.387509822845459,1.0,0.9975348114967346,0.009611428715288639,,,
33,9,9,1.403357982635498,1.0,0.9988426566123962,0.006467165891081095,,,
33,9,10,1.3583159446716309,1.0,0.9986095428466797,0.05235520005226135,,,
33,9,11,2.5406360626220703,1.0,0.9977841973304749,0.005909592378884554,,,
33,10,0,2.384596109390259,1.0,0.9975614547729492,0.011263265274465084,,,
33,10,1,1.5585445165634155,1.0,0.9980644583702087,0.007929001934826374,,,
33,10,2,2.106818437576294,1.0,0.9985658526420593,0.008186288177967072,,,
33,10,3,2.984884023666382,1.0000001192092896,0.9945129156112671,0.01360065396875143,,,
33,10,4,3.022444725036621,1.0,0.9971807599067688,0.017387347295880318,,,
33,10,5,1.0801293849945068,1.0,0.9982330203056335,0.02791496179997921,,,
33,10,6,1.2738730907440186,1.0,0.998369574546814,0.006098524201661348,,,
33,10,7,2.852811336517334,1.0,0.997100293636322,0.030333945527672768,,,
33,10,8,2.118961811065674,1.0,0.9982843399047852,0.010072673670947552,,,
33,10,9,1.4331352710723877,1.0,0.9983524680137634,0.07494299858808517,,,
33,10,10,1.5209996700286865,1.0,0.9983603954315186,0.006657470017671585,,,
33,10,11,1.9629697799682617,1.0,0.9982779026031494,0.04637786000967026,,,
33,11,0,4.769094944000244,1.0000019073486328,0.8763712048530579,0.025613514706492424,,,
33,11,1,3.196249485015869,1.0,0.9090967178344727,0.022278711199760437,,,
33,11,2,2.326223373413086,1.0,0.9053008556365967,0.011014373041689396,,,
33,11,3,1.8262525796890259,1.0,0.9042121767997742,0.018179474398493767,,,
33,11,4,3.886021137237549,1.0,0.9116336703300476,0.019304003566503525,,,
33,11,5,2.3866636753082275,1.0,0.9058158993721008,0.013749197125434875,,,
33,11,6,1.8990057706832886,1.0,0.9036950469017029,0.007256350014358759,,,
33,11,7,2.822643995285034,1.0,0.9079561829566956,0.023068256676197052,,,
33,11,8,3.874624013900757,1.0000205039978027,0.10996020585298538,0.08337018638849258,,,
33,11,9,1.6326467990875244,1.0,0.903445303440094,0.007001759950071573,,,
33,11,10,3.0183663368225098,1.0000001192092896,0.9116237759590149,0.0570053867995739,,,
33,11,11,3.0451717376708984,1.0,0.9111003875732422,0.03910499066114426,,,
34,0,0,4.3881754875183105,1.0000159740447998,0.807840883731842,0.019940251484513283,,,
34,0,1,0.497249960899353,1.000030755996704,0.8098056316375732,0.8462138772010803,,,
34,0,2,4.563349723815918,1.0000128746032715,0.8050363063812256,0.04410295933485031,,,
34,0,3,0.4234973192214966,1.000029444694519,0.797431230545044,0.8517912030220032,,,
34,0,4,1.260032296180725,1.0000271797180176,0.8008956909179688,0.5877724885940552,,,
34,0,5,1.41657292842865,1.000024676322937,0.7870579361915588,0.6278548836708069,,,
34,0,6,4.232944965362549,1.000020980834961,0.7309362888336182,0.03258240595459938,,,
34,0,7,1.8841557502746582,1.0000262260437012,0.7451227307319641,0.1692592203617096,,,
34,0,8,4.1941423416137695,1.0000234842300415,0.8182256817817688,0.06052428483963013,,,
34,0,9,4.61338472366333,1.0000170469284058,0.8515452742576599,0.022048000246286392,,,
34,0,10,4.207558631896973,1.0000230073928833,0.883161723613739,0.15256424248218536,,,
34,0,11,5.342153072357178,1.000014066696167,0.7339605093002319,0.008402837440371513,,,
34,1,0,2.401479959487915,1.0000264644622803,0.7144169211387634,0.10604461282491684,,,
34,1,1,2.6902644634246826,1.0000207424163818,0.7052921652793884,0.0982036143541336,,,
34,1,2,4.702818870544434,1.000016450881958,0.6421383023262024,0.027839960530400276,,,
34,1,3,4.201807022094727,1.000001072883606,0.683234453201294,0.03683570772409439,,,
34,1,4,3.7310051918029785,1.000009298324585,0.8099944591522217,0.07019558548927307,,,
34,1,5,4.3998517990112305,1.0000121593475342,0.8334745764732361,0.0906401127576828,,,
34,1,6,4.499180793762207,1.0000102519989014,0.8117013573646545,0.035352908074855804,,,
34,1,7,4.866377353668213,1.000011682510376,0.8269717693328857,0.019930919632315636,,,
34,1,8,5.248991966247559,1.0000046491622925,0.7936930060386658,0.01035625021904707,,,
34,1,9,5.304590702056885,1.0000065565109253,0.7726011276245117,0.007909533567726612,,,
34,1,10,4.384751796722412,1.0000126361846924,0.5935912728309631,0.042231325060129166,,,
34,1,11,1.847459077835083,1.0000267028808594,0.7601357102394104,0.6393969058990479,,,
34,2,0,2.485944986343384,1.0000011920928955,0.8854448199272156,0.10283683985471725,,,
34,2,1,4.554711818695068,1.0000005960464478,0.8730119466781616,0.010951394215226173,,,
34,2,2,1.1237672567367554,1.000004768371582,0.8861868381500244,0.12818381190299988,,,
34,2,3,1.9737310409545898,1.0000038146972656,0.870434045791626,0.13800597190856934,,,
34,2,4,1.705183506011963,1.0000001192092896,0.8694956302642822,0.09261110424995422,,,
34,2,5,1.7632555961608887,1.0000040531158447,0.8664506673812866,0.14169690012931824,,,
34,2,6,2.703587532043457,1.0000057220458984,0.8023707866668701,0.07914885878562927,,,
34,2,7,2.684821844100952,1.0,0.8459312319755554,0.03362143784761429,,,
34,2,8,1.8746832609176636,1.000002145767212,0.8946583271026611,0.11882565915584564,,,
34,2,9,1.7376041412353516,1.0000038146972656,0.8626169562339783,0.1248784288764,,,
34,2,10,3.093148946762085,1.0000272989273071,0.5033369660377502,0.12701863050460815,,,
34,2,11,3.038609743118286,1.0000001192092896,0.8825859427452087,0.10657474398612976,,,
34,3,0,2.8072612285614014,1.0,0.9944629073143005,0.07130727916955948,,,
34,3,1,1.8762156963348389,1.0000001192092896,0.994096040725708,0.06379175186157227,,,
34,3,2,1.4662370681762695,1.000000238418579,0.9905901551246643,0.11601074039936066,,,
34,3,3,0.962131142616272,1.0,0.9944162964820862,0.0661320611834526,,,
34,3,4,3.62300968170166,1.0,0.9947711825370789,0.011890307068824768,,,
34,3,5,2.598893642425537,1.0,0.995286226272583,0.03360636904835701,,,
34,3,6,1.6996183395385742,1.0000003576278687,0.987311601638794,0.15184515714645386,,,
34,3,7,1.3961079120635986,1.000000238418579,0.9916955828666687,0.11464511603116989,,,
34,3,8,1.481161117553711,1.0000003576278687,0.9889931082725525,0.12597906589508057,,,
34,3,9,1.5473182201385498,1.0,0.9950155019760132,0.07223179936408997,,,
34,3,10,1.8057277202606201,1.0,0.9946768283843994,0.15843310952186584,,,
34,3,11,1.7834137678146362,1.0000001192092896,0.9934105277061462,0.10055910050868988,,,
34,4,0,1.2037358283996582,1.0,0.9159510135650635,0.057557251304388046,,,
34,4,1,1.4745324850082397,1.0,0.9172390103340149,0.06239703670144081,,,
34,4,2,2.070218324661255,1.0,0.9143953919410706,0.01468564011156559,,,
34,4,3,1.5511406660079956,1.0,0.9173412919044495,0.07136240601539612,,,
34,4,4,3.1495659351348877,1.0,0.9170727133750916,0.047736067324876785,,,
34,4,5,1.4461334943771362,1.0,0.9160155653953552,0.06193986162543297,,,
34,4,6,2.0720455646514893,1.0,0.917065441608429,0.04529811069369316,,,
34,4,7,1.8464919328689575,1.0000004768371582,0.917890727519989,0.4848998785018921,,,
34,4,8,3.358038902282715,1.0,0.9173325896263123,0.015501496382057667,,,
34,4,9,1.9029560089111328,1.0,0.9168779253959656,0.03828444331884384,,,
34,4,10,3.256894826889038,1.0,0.9160847067832947,0.014400795102119446,,,
34,4,11,0.010582420974969864,1.0000299215316772,0.14205633103847504,0.00438697962090373,,,
34,5,0,1.834611415863037,1.0,0.9970173239707947,0.00958415400236845,,,
34,5,1,0.27115190029144287,1.0,0.9965268969535828,0.0037916344590485096,,,
34,5,2,1.4559563398361206,1.0,0.9969615340232849,0.02186731994152069,,,
34,5,3,2.264681100845337,1.0,0.9942217469215393,0.03866821527481079,,,
34,5,4,1.4412815570831299,1.0,0.9969604015350342,0.05164150148630142,,,
34,5,5,1.8284461498260498,1.0,0.9971861243247986,0.011505342088639736,,,
34,5,6,0.6720073819160461,1.0,0.9967398047447205,0.02532975934445858,,,
34,5,7,1.0354268550872803,1.0,0.9967817664146423,0.039714373648166656,,,
34,5,8,1.1089974641799927,1.0,0.9969456195831299,0.027613988146185875,,,
34,5,9,2.6845850944519043,1.0,0.9973469376564026,0.00803935807198286,,,
34,5,10,3.5636703968048096,1.0000005960464478,0.9765058755874634,0.04046834260225296,,,
34,5,11,2.7923033237457275,1.0,0.9970567226409912,0.11894620954990387,,,
34,6,0,1.8434175252914429,1.0000001192092896,0.9957339763641357,0.03971468284726143,,,
34,6,1,0.8999204635620117,1.0,0.9982269406318665,0.02435752935707569,,,
34,6,2,3.5482277870178223,1.0,0.9976559281349182,0.013511507771909237,,,
34,6,3,1.6448252201080322,1.0,0.9985624551773071,0.01931464858353138,,,
34,6,4,3.3708548545837402,1.0,0.9958404302597046,0.01824512518942356,,,
34,6,5,1.6270759105682373,1.0,0.9985557794570923,0.06395689398050308,,,
34,6,6,2.9395322799682617,1.0,0.9986198544502258,0.07778216153383255,,,
34,6,7,2.2734551429748535,1.0,0.9973472952842712,0.047069381922483444,,,
34,6,8,1.2576981782913208,1.0,0.9984793066978455,0.029982175678014755,,,
34,6,9,0.739936888217926,1.0,0.9980966448783875,0.005984390154480934,,,
34,6,10,2.9173648357391357,1.0,0.9984365701675415,0.009786983020603657,,,
34,6,11,1.574276089668274,1.0,0.9982581734657288,0.05027010291814804,,,
34,7,0,1.092732310295105,1.0,0.998924970626831,0.02833034284412861,,,
34,7,1,2.2040436267852783,1.0,0.9989503622055054,0.012350879609584808,,,
34,7,2,0.47480204701423645,1.0,0.9990971088409424,0.0035887479316443205,,,
34,7,3,1.4486955404281616,1.0,0.9993475079536438,0.04873231425881386,,,
34,7,4,0.9858967065811157,1.0,0.999265730381012,0.016533683985471725,,,
34,7,5,2.6423723697662354,1.0000001192092896,0.9967060685157776,0.024545913562178612,,,
34,7,6,2.9511704444885254,1.0,0.9991539120674133,0.01231676060706377,,,
34,7,7,1.4977046251296997,1.0,0.9992426037788391,0.012447010725736618,,,
34,7,8,1.3569623231887817,1.0,0.9987634420394897,0.04483823850750923,,,
34,7,9,1.4191712141036987,1.0,0.9992217421531677,0.03220689669251442,,,
34,7,10,0.7065144181251526,1.0,0.9991672039031982,0.00440864497795701,,,
34,7,11,1.9697015285491943,1.0,0.9992620348930359,0.006753656547516584,,,
34,8,0,3.1883530616760254,1.0,0.9977416396141052,0.023441854864358902,,,
34,8,1,1.1009728908538818,1.0,0.9976825714111328,0.008500504307448864,,,
34,8,2,4.145381450653076,1.0000003576278687,0.9872259497642517,0.01161429937928915,,,
34,8,3,1.9145830869674683,1.0,0.9980626702308655,0.01683635078370571,,,
34,8,4,1.2004348039627075,1.0,0.9979263544082642,0.053025584667921066,,,
34,8,5,1.8992891311645508,1.0,0.9975805282592773,0.04321708530187607,,,
34,8,6,2.014309883117676,1.0,0.9980272054672241,0.016327228397130966,,,
34,8,7,1.2741641998291016,1.0,0.9975346922874451,0.0613371767103672,,,
34,8,8,2.330315589904785,1.0,0.996914267539978,0.03353963792324066,,,
34,8,9,2.1731648445129395,1.0,0.9980915188789368,0.031662262976169586,,,
34,8,10,2.235609769821167,1.0,0.9982418417930603,0.06257099658250809,,,
34,8,11,1.6942046880722046,1.0,0.9978533387184143,0.013266308233141899,,,
34,9,0,2.171273946762085,1.0,0.9973548650741577,0.030127331614494324,,,
34,9,1,1.8714109659194946,1.0,0.9988836646080017,0.01005542278289795,,,
34,9,2,2.5318479537963867,1.0,0.997706949710846,0.020994549617171288,,,
34,9,3,1.6357777118682861,1.0,0.9982772469520569,0.053118396550416946,,,
34,9,4,1.5993560552597046,1.0,0.9991365075111389,0.01289614662528038,,,
34,9,5,2.3909075260162354,1.0,0.9991933703422546,0.03427474573254585,,,
34,9,6,1.360351324081421,1.0,0.9990800619125366,0.006138425320386887,,,
34,9,7,1.856742262840271,1.0,0.9990271925926208,0.018449334427714348,,,
34,9,8,2.222066640853882,1.0,0.9988552331924438,0.009186268784105778,,,
34,9,9,1.2710484266281128,1.0,0.999058723449707,0.005853188689798117,,,
34,9,10,1.2079964876174927,1.0,0.9989336133003235,0.046594664454460144,,,
34,9,11,2.239851474761963,1.0,0.9986509680747986,0.005742279812693596,,,
34,10,0,2.487135648727417,1.0,0.9934507608413696,0.0112308906391263,,,
34,10,1,1.5082305669784546,1.0,0.9974961876869202,0.008290736004710197,,,
34,10,2,1.8679802417755127,1.0,0.9983416199684143,0.009454462677240372,,,
34,10,3,2.650495767593384,1.0,0.994466245174408,0.013933849520981312,,,
34,10,4,2.976219654083252,1.0,0.9964126944541931,0.019095920026302338,,,
34,10,5,1.046210765838623,1.0,0.9980000853538513,0.03000512160360813,,,
34,10,6,1.3221997022628784,1.0,0.9979681372642517,0.006493656430393457,,,
34,10,7,2.758866310119629,1.0,0.9973555207252502,0.03095870278775692,,,
34,10,8,2.1117873191833496,1.0,0.9980718493461609,0.01205308735370636,,,
34,10,9,1.2877216339111328,1.0,0.9981462359428406,0.06782285869121552,,,
34,10,10,1.5696098804473877,1.0,0.9981045126914978,0.0075606489554047585,,,
34,10,11,1.8697600364685059,1.0,0.9977937340736389,0.054320078343153,,,
34,11,0,4.6702094078063965,1.0000011920928955,0.8938151001930237,0.027407044544816017,,,
34,11,1,2.6739680767059326,1.0,0.9097451567649841,0.017365161329507828,,,
34,11,2,2.393374443054199,1.0,0.9087216854095459,0.01078544370830059,,,
34,11,3,1.8999335765838623,1.0,0.907911479473114,0.022373495623469353,,,
34,11,4,3.7307515144348145,1.0000001192092896,0.9129253625869751,0.01966463215649128,,,
34,11,5,2.0186967849731445,1.0,0.9080118536949158,0.012023217044770718,,,
34,11,6,1.5733319520950317,1.0,0.9065444469451904,0.006399911362677813,,,
34,11,7,2.4741649627685547,1.0,0.9094179272651672,0.022015156224370003,,,
34,11,8,3.7733898162841797,1.0000224113464355,0.0936470702290535,0.0920976996421814,,,
34,11,9,1.5239577293395996,1.0,0.9065670371055603,0.00650792894884944,,,
34,11,10,2.7413485050201416,1.0,0.9123481512069702,0.053171854466199875,,,
34,11,11,2.6976420879364014,1.0,0.9121159911155701,0.043985240161418915,,,
35,0,0,4.3776421546936035,1.0000159740447998,0.8062553405761719,0.01965864561498165,,,
35,0,1,0.6086230874061584,1.0000289678573608,0.8012498617172241,0.8061680197715759,,,
35,0,2,4.45232629776001,1.000011920928955,0.7932320237159729,0.04418923333287239,,,
35,0,3,0.44699737429618835,1.0000272989273071,0.7864404320716858,0.832488477230072,,,
35,0,4,1.2678494453430176,1.0000265836715698,0.7971385717391968,0.5737676620483398,,,
35,0,5,1.5883913040161133,1.0000232458114624,0.7662761211395264,0.5544994473457336,,,
35,0,6,4.174588680267334,1.0000196695327759,0.7299976944923401,0.0333080068230629,,,
35,0,7,1.9043314456939697,1.0000256299972534,0.7533002495765686,0.1719927191734314,,,
35,0,8,4.198544025421143,1.0000215768814087,0.7910723090171814,0.056163135915994644,,,
35,0,9,4.596744537353516,1.000015139579773,0.8462491631507874,0.022122863680124283,,,
35,0,10,4.1835246086120605,1.0000232458114624,0.8797426819801331,0.15032102167606354,,,
35,0,11,5.27839994430542,1.0000137090682983,0.7311182618141174,0.008677688427269459,,,
35,1,0,2.367912769317627,1.0000249147415161,0.7211850881576538,0.10776727646589279,,,
35,1,1,2.666090726852417,1.0000197887420654,0.7069094181060791,0.09855014085769653,,,
35,1,2,4.667707920074463,1.000016212463379,0.6206617951393127,0.02887236326932907,,,
35,1,3,4.155336380004883,1.0000009536743164,0.6873416304588318,0.037855055183172226,,,
35,1,4,3.7297842502593994,1.000008463859558,0.8058509230613708,0.06946530938148499,,,
35,1,5,4.334320545196533,1.0000118017196655,0.8264144659042358,0.08878307789564133,,,
35,1,6,4.360658168792725,1.0000089406967163,0.8064733147621155,0.04003344848752022,,,
35,1,7,4.791953086853027,1.0000104904174805,0.8300060629844666,0.020919326692819595,,,
35,1,8,5.198903560638428,1.0000042915344238,0.7947621941566467,0.010421223007142544,,,
35,1,9,5.236469745635986,1.0000057220458984,0.7684764862060547,0.007651209831237793,,,
35,1,10,4.357672214508057,1.0000123977661133,0.5708452463150024,0.042583074420690536,,,
35,1,11,1.8360340595245361,1.0000252723693848,0.751543402671814,0.623005747795105,,,
35,2,0,2.4526829719543457,1.0000016689300537,0.8785783648490906,0.10822488367557526,,,
35,2,1,4.533295154571533,1.0000005960464478,0.870708703994751,0.012335960753262043,,,
35,2,2,1.1456468105316162,1.0000038146972656,0.8884525299072266,0.13375461101531982,,,
35,2,3,1.9317108392715454,1.0000051259994507,0.8578809499740601,0.1382492482662201,,,
35,2,4,1.694995641708374,1.0000001192092896,0.865399956703186,0.09328613430261612,,,
35,2,5,1.7479777336120605,1.000004529953003,0.8671947121620178,0.1375109702348709,,,
35,2,6,2.7132349014282227,1.0000059604644775,0.7916480898857117,0.08224006742238998,,,
35,2,7,2.759455680847168,1.0,0.8395144939422607,0.03460707142949104,,,
35,2,8,1.8010824918746948,1.000002145767212,0.8863441944122314,0.11086475104093552,,,
35,2,9,1.7372324466705322,1.0000053644180298,0.8535282611846924,0.12474696338176727,,,
35,2,10,3.085970640182495,1.0000262260437012,0.5314903259277344,0.12659062445163727,,,
35,2,11,2.9709627628326416,1.0000001192092896,0.8747140765190125,0.1061519980430603,,,
35,3,0,2.7502574920654297,1.0,0.9933772683143616,0.06630237400531769,,,
35,3,1,1.9456754922866821,1.0000001192092896,0.9926751852035522,0.06493963301181793,,,
35,3,2,1.4469295740127563,1.0000003576278687,0.9870747923851013,0.12484610825777054,,,
35,3,3,0.9651660323143005,1.0,0.9930996298789978,0.06402796506881714,,,
35,3,4,3.6077229976654053,1.0,0.993802011013031,0.010171997360885143,,,
35,3,5,2.6027705669403076,1.0,0.9942991733551025,0.03299017250537872,,,
35,3,6,1.70485258102417,1.0000004768371582,0.9845290780067444,0.16350513696670532,,,
35,3,7,1.4236962795257568,1.0000001192092896,0.9917056560516357,0.1156696304678917,,,
35,3,8,1.4969685077667236,1.0000004768371582,0.9863792657852173,0.12290402501821518,,,
35,3,9,1.598866581916809,1.0,0.9939989447593689,0.07673872262239456,,,
35,3,10,1.7973837852478027,1.0,0.9934255480766296,0.1600087583065033,,,
35,3,11,1.7850607633590698,1.000000238418579,0.9920898675918579,0.10361114889383316,,,
35,4,0,1.2219152450561523,1.0,0.9167226552963257,0.06355680525302887,,,
35,4,1,1.5908575057983398,1.0,0.9187252521514893,0.0669950544834137,,,
35,4,2,2.240525722503662,1.0,0.9152995944023132,0.015388182364404202,,,
35,4,3,1.5997750759124756,1.0,0.9178369045257568,0.07003713399171829,,,
35,4,4,3.107757091522217,1.0,0.9175596833229065,0.04805388301610947,,,
35,4,5,1.4438413381576538,1.0,0.9162907004356384,0.06739234179258347,,,
35,4,6,2.090308666229248,1.0,0.9178252816200256,0.045650653541088104,,,
35,4,7,1.8878450393676758,1.0000004768371582,0.9207735657691956,0.4655577540397644,,,
35,4,8,3.1507420539855957,1.0,0.9171779751777649,0.01512744277715683,,,
35,4,9,1.9249290227890015,1.0,0.9181398153305054,0.039115212857723236,,,
35,4,10,3.1587986946105957,1.0,0.9163074493408203,0.014665245078504086,,,
35,4,11,0.014530578628182411,1.0000288486480713,0.1464681476354599,0.004455969203263521,,,
35,5,0,1.8386797904968262,1.0,0.9974530935287476,0.011374113149940968,,,
35,5,1,0.3288474380970001,1.0,0.996866762638092,0.004449106752872467,,,
35,5,2,1.4792752265930176,1.0,0.9973435997962952,0.023442396894097328,,,
35,5,3,2.321639060974121,1.0000001192092896,0.9936718344688416,0.03675610199570656,,,
35,5,4,1.5319280624389648,1.0,0.997363269329071,0.055161286145448685,,,
35,5,5,2.089498519897461,1.0,0.9974991083145142,0.012263879179954529,,,
35,5,6,0.7381783127784729,1.0,0.9971506595611572,0.02976725623011589,,,
35,5,7,1.0331720113754272,1.0,0.9972310662269592,0.041044652462005615,,,
35,5,8,1.1791378259658813,1.0,0.9973302483558655,0.02878454513847828,,,
35,5,9,2.809752941131592,1.0,0.9977457523345947,0.008515078574419022,,,
35,5,10,3.614614248275757,1.0000003576278687,0.9831362366676331,0.03729360178112984,,,
35,5,11,2.8897314071655273,1.0,0.9974749088287354,0.11710915714502335,,,
35,6,0,1.8699584007263184,1.0000001192092896,0.9941316843032837,0.041016023606061935,,,
35,6,1,0.831165611743927,1.0,0.9980217218399048,0.02504388988018036,,,
35,6,2,3.6131300926208496,1.0,0.9976037740707397,0.014235757291316986,,,
35,6,3,1.714508295059204,1.0,0.9984676241874695,0.018559323623776436,,,
35,6,4,3.4151859283447266,1.0,0.9959695339202881,0.0200185626745224,,,
35,6,5,1.75726318359375,1.0,0.9985124468803406,0.06379548460245132,,,
35,6,6,2.92950439453125,1.0,0.9985450506210327,0.07430710643529892,,,
35,6,7,2.270416259765625,1.0,0.9981374740600586,0.03883318603038788,,,
35,6,8,1.3502209186553955,1.0,0.9984147548675537,0.03273335471749306,,,
35,6,9,0.880654513835907,1.0,0.997960090637207,0.005826660897582769,,,
35,6,10,2.9151766300201416,1.0,0.9984431862831116,0.010003237053751945,,,
35,6,11,1.6071053743362427,1.0,0.9980590343475342,0.04752248525619507,,,
35,7,0,1.084593653678894,1.0,0.9990314841270447,0.026950208470225334,,,
35,7,1,2.439049005508423,1.0,0.9988517761230469,0.012956681661307812,,,
35,7,2,0.5053566694259644,1.0,0.9990671277046204,0.004021052271127701,,,
35,7,3,1.6812264919281006,1.0,0.9993271231651306,0.054236941039562225,,,
35,7,4,1.0585564374923706,1.0,0.9992724061012268,0.01667446829378605,,,
35,7,5,2.628403902053833,1.0,0.9973639845848083,0.02549157291650772,,,
35,7,6,3.175506830215454,1.0,0.9989326000213623,0.010579708032310009,,,
35,7,7,1.5082807540893555,1.0,0.999271035194397,0.012685210444033146,,,
35,7,8,1.3754987716674805,1.0,0.9989275336265564,0.03683652728796005,,,
35,7,9,1.6496942043304443,1.0,0.9991390109062195,0.03725564479827881,,,
35,7,10,0.9839686155319214,1.0,0.9991723895072937,0.005754726938903332,,,
35,7,11,1.9777384996414185,1.0,0.9992969036102295,0.006656421814113855,,,
35,8,0,3.1949546337127686,1.0,0.997575044631958,0.02716943249106407,,,
35,8,1,1.0374550819396973,1.0,0.9972093105316162,0.00905054435133934,,,
35,8,2,4.255221843719482,1.0000003576278687,0.9849595427513123,0.012578682042658329,,,
35,8,3,2.192408323287964,1.0,0.9977869391441345,0.017370887100696564,,,
35,8,4,1.3048499822616577,1.0,0.9975607395172119,0.06019255891442299,,,
35,8,5,2.018773317337036,1.0000001192092896,0.9962922930717468,0.045417238026857376,,,
35,8,6,1.7048916816711426,1.0,0.9976171255111694,0.016573630273342133,,,
35,8,7,1.2545158863067627,1.0,0.9972283840179443,0.05899263545870781,,,
35,8,8,2.401925563812256,1.0,0.9974283576011658,0.028143245726823807,,,
35,8,9,2.409777879714966,1.0,0.9977941513061523,0.029569704085588455,,,
35,8,10,2.439138412475586,1.0,0.9980039596557617,0.06300122290849686,,,
35,8,11,1.868231177330017,1.0,0.9974388480186462,0.01279642153531313,,,
35,9,0,2.4198763370513916,1.0,0.9970600605010986,0.02535289339721203,,,
35,9,1,1.8241585493087769,1.0,0.9986633658409119,0.009748685173690319,,,
35,9,2,2.68823504447937,1.0,0.9973442554473877,0.014662230387330055,,,
35,9,3,1.6709613800048828,1.0,0.9981124997138977,0.04621870070695877,,,
35,9,4,1.7795499563217163,1.0,0.9989845156669617,0.011558120138943195,,,
35,9,5,2.4611423015594482,1.0,0.9990515112876892,0.032258085906505585,,,
35,9,6,1.3977891206741333,1.0,0.9989277124404907,0.004048892296850681,,,
35,9,7,2.072528839111328,1.0,0.99887615442276,0.01798776164650917,,,
35,9,8,2.511549949645996,1.0,0.998431921005249,0.009104966185986996,,,
35,9,9,1.5240460634231567,1.0,0.9989742636680603,0.005135528277605772,,,
35,9,10,1.2938238382339478,1.0,0.9987068772315979,0.04568922147154808,,,
35,9,11,2.0256640911102295,1.0,0.9983178973197937,0.005252668634057045,,,
35,10,0,2.159794569015503,1.0,0.9969835877418518,0.008443553000688553,,,
35,10,1,1.8955039978027344,1.0,0.997819721698761,0.008339110761880875,,,
35,10,2,2.130736827850342,1.0,0.9973097443580627,0.007820733822882175,,,
35,10,3,2.7324602603912354,1.0,0.9953092336654663,0.010426569730043411,,,
35,10,4,3.0218544006347656,1.0,0.996412456035614,0.019133983179926872,,,
35,10,5,1.1304442882537842,1.0,0.9978859424591064,0.029312368482351303,,,
35,10,6,2.2052979469299316,1.0,0.9976940155029297,0.010430963709950447,,,
35,10,7,2.9898576736450195,1.0,0.9961555600166321,0.029728617519140244,,,
35,10,8,2.026033878326416,1.0,0.9977585077285767,0.011514424346387386,,,
35,10,9,1.370261788368225,1.0,0.9980552196502686,0.0703480914235115,,,
35,10,10,1.6867573261260986,1.0,0.9981899857521057,0.0061234841123223305,,,
35,10,11,1.9575889110565186,1.0,0.997881293296814,0.04365795478224754,,,
35,11,0,4.684532642364502,1.0000016689300537,0.8747920989990234,0.027013441547751427,,,
35,11,1,2.899078845977783,1.0,0.9079112410545349,0.016249358654022217,,,
35,11,2,2.3058431148529053,1.0,0.9037012457847595,0.00662963604554534,,,
35,11,3,2.271202325820923,1.0,0.9067689776420593,0.02649758942425251,,,
35,11,4,3.9222359657287598,1.0,0.9115285277366638,0.017154427245259285,,,
35,11,5,2.2628328800201416,1.0,0.9054033756256104,0.011647060513496399,,,
35,11,6,1.8640543222427368,1.0,0.904187023639679,0.005786016117781401,,,
35,11,7,2.689626693725586,1.0,0.9067375063896179,0.017374347895383835,,,
35,11,8,3.6159017086029053,1.0000207424163818,0.09947824478149414,0.10034795850515366,,,
35,11,9,1.7560091018676758,1.0,0.904259443283081,0.006464943289756775,,,
35,11,10,2.8996715545654297,1.0,0.9099851250648499,0.04471995681524277,,,
35,11,11,2.7716431617736816,1.0,0.9095058441162109,0.03482874482870102,,,
36,0,0,4.3322834968566895,1.0000171661376953,0.7916381359100342,0.020312249660491943,,,
36,0,1,0.548739492893219,1.0000296831130981,0.7998684048652649,0.8215349912643433,,,
36,0,2,4.552929878234863,1.0000108480453491,0.785449206829071,0.04598119109869003,,,
36,0,3,0.4598448574542999,1.000029444694519,0.7862745523452759,0.8248232007026672,,,
36,0,4,1.2574743032455444,1.0000275373458862,0.7867311239242554,0.5751988291740417,,,
36,0,5,1.5549787282943726,1.0000243186950684,0.7673215270042419,0.5696401000022888,,,
36,0,6,4.21677303314209,1.0000202655792236,0.7199081182479858,0.029767343774437904,,,
36,0,7,1.890584945678711,1.000027060508728,0.7476462721824646,0.17120732367038727,,,
36,0,8,4.164575099945068,1.0000224113464355,0.8046501278877258,0.05936387926340103,,,
36,0,9,4.604513168334961,1.000016450881958,0.8435035943984985,0.023115692660212517,,,
36,0,10,4.199934005737305,1.0000245571136475,0.8769455552101135,0.14905330538749695,,,
36,0,11,5.325876235961914,1.000014066696167,0.722777783870697,0.007903597317636013,,,
36,1,0,2.4054207801818848,1.0000261068344116,0.7162349224090576,0.114726722240448,,,
36,1,1,2.7009828090667725,1.0000221729278564,0.7012342810630798,0.09653552621603012,,,
36,1,2,4.706465721130371,1.000016450881958,0.6404796242713928,0.02780691348016262,,,
36,1,3,4.215821266174316,1.000001072883606,0.6852743029594421,0.036471765488386154,,,
36,1,4,3.7508392333984375,1.0000098943710327,0.8086506128311157,0.06961926817893982,,,
36,1,5,4.391746997833252,1.0000114440917969,0.8283975124359131,0.0898953229188919,,,
36,1,6,4.474242210388184,1.000008463859558,0.8031057715415955,0.03201832249760628,,,
36,1,7,4.922645092010498,1.0000134706497192,0.8232067227363586,0.018835419788956642,,,
36,1,8,5.243748188018799,1.0000038146972656,0.7891876101493835,0.009807556867599487,,,
36,1,9,5.284656047821045,1.0000053644180298,0.7683422565460205,0.007682163268327713,,,
36,1,10,4.388838768005371,1.000012993812561,0.5881707072257996,0.04187789559364319,,,
36,1,11,1.8678228855133057,1.0000265836715698,0.7465617656707764,0.6193960309028625,,,
36,2,0,2.51167893409729,1.0000014305114746,0.8691873550415039,0.10344395786523819,,,
36,2,1,4.618495464324951,1.0000008344650269,0.8489024639129639,0.011772457510232925,,,
36,2,2,1.135148525238037,1.0000081062316895,0.8566327691078186,0.13069887459278107,,,
36,2,3,1.9347763061523438,1.0000051259994507,0.8480863571166992,0.13839207589626312,,,
36,2,4,1.7444498538970947,1.000000238418579,0.84759521484375,0.09652577340602875,,,
36,2,5,1.7456367015838623,1.0000057220458984,0.8445508480072021,0.1433679163455963,,,
36,2,6,2.731466293334961,1.0000083446502686,0.758689284324646,0.07759561389684677,,,
36,2,7,2.73880934715271,1.0,0.8201155066490173,0.03335564211010933,,,
36,2,8,1.8722026348114014,1.0000022649765015,0.8780975937843323,0.11747674643993378,,,
36,2,9,1.7507998943328857,1.000006079673767,0.8359029293060303,0.12706606090068817,,,
36,2,10,3.12178373336792,1.0000269412994385,0.5182588696479797,0.1230953112244606,,,
36,2,11,3.042454481124878,1.0000003576278687,0.8591275811195374,0.10261242091655731,,,
36,3,0,2.9467456340789795,1.0,0.9934449791908264,0.08208045363426208,,,
36,3,1,1.9783718585968018,1.0,0.9930633902549744,0.063715860247612,,,
36,3,2,1.4525554180145264,1.0000003576278687,0.9878333806991577,0.12163158506155014,,,
36,3,3,1.0061067342758179,1.0,0.9928964376449585,0.0728665143251419,,,
36,3,4,3.853499174118042,1.0,0.9938198328018188,0.01288228016346693,,,
36,3,5,2.7465217113494873,1.0,0.9944673776626587,0.03648519888520241,,,
36,3,6,1.734476089477539,1.0000003576278687,0.9836278557777405,0.1603766530752182,,,
36,3,7,1.4591678380966187,1.000000238418579,0.9906882643699646,0.11108198761940002,,,
36,3,8,1.524795413017273,1.000000238418579,0.9872984290122986,0.13255777955055237,,,
36,3,9,1.5826207399368286,1.0,0.9939704537391663,0.07752587646245956,,,
36,3,10,1.8552358150482178,1.0,0.9934297204017639,0.16001874208450317,,,
36,3,11,1.8028720617294312,1.0000001192092896,0.9931736588478088,0.10087694227695465,,,
36,4,0,1.255541205406189,1.0000001192092896,0.9159113168716431,0.0645994320511818,,,
36,4,1,1.5985536575317383,1.0,0.9180876016616821,0.06923189014196396,,,
36,4,2,2.171668767929077,1.0,0.9143104553222656,0.016033155843615532,,,
36,4,3,1.5995382070541382,1.000000238418579,0.9170348644256592,0.06678501516580582,,,
36,4,4,3.3250086307525635,1.0,0.9174653887748718,0.04792918264865875,,,
36,4,5,1.4311190843582153,1.0,0.9155309796333313,0.05988987162709236,,,
36,4,6,2.164167881011963,1.0,0.9174767136573792,0.04844376817345619,,,
36,4,7,1.8528790473937988,1.0000005960464478,0.9189885854721069,0.4983474612236023,,,
36,4,8,3.4626684188842773,1.0,0.9176416397094727,0.01779938116669655,,,
36,4,9,1.903765082359314,1.0,0.9166426062583923,0.03762156888842583,,,
36,4,10,3.227585554122925,1.0,0.9156473278999329,0.012963858433067799,,,
36,4,11,0.010451411828398705,1.000029444694519,0.14720430970191956,0.004472570493817329,,,
36,5,0,1.7853734493255615,1.0,0.9969707727432251,0.013345403596758842,,,
36,5,1,0.2798755466938019,1.0,0.9964046478271484,0.004376841243356466,,,
36,5,2,1.4118592739105225,1.0,0.9969631433486938,0.019296379759907722,,,
36,5,3,2.260836124420166,1.0000001192092896,0.9943568706512451,0.0356878824532032,,,
36,5,4,1.4924267530441284,1.0,0.9969497919082642,0.0549761988222599,,,
36,5,5,1.9853023290634155,1.0,0.9970287680625916,0.014349845238029957,,,
36,5,6,0.6593502163887024,1.0,0.996608555316925,0.024643562734127045,,,
36,5,7,0.9978956580162048,1.0,0.9967113733291626,0.0368771068751812,,,
36,5,8,1.1459147930145264,1.0,0.9968604445457458,0.027227185666561127,,,
36,5,9,2.9880590438842773,1.0,0.9972940683364868,0.01039058342576027,,,
36,5,10,3.6439361572265625,1.0000004768371582,0.9756481051445007,0.041252680122852325,,,
36,5,11,2.7090938091278076,1.0,0.9970777630805969,0.11696073412895203,,,
36,6,0,1.8332933187484741,1.0000001192092896,0.9949197173118591,0.03868561238050461,,,
36,6,1,0.9358280301094055,1.0,0.9981662631034851,0.026799215003848076,,,
36,6,2,3.5733633041381836,1.0,0.9979358911514282,0.013999569229781628,,,
36,6,3,1.7169688940048218,1.0,0.9985184073448181,0.018927259370684624,,,
36,6,4,3.4163644313812256,1.0,0.9965524077415466,0.022413214668631554,,,
36,6,5,1.7432469129562378,1.0,0.9985681176185608,0.06737718731164932,,,
36,6,6,2.9884424209594727,1.0,0.9986198544502258,0.08321575075387955,,,
36,6,7,2.437439203262329,1.0,0.997107744216919,0.046066764742136,,,
36,6,8,1.2863295078277588,1.0,0.998482882976532,0.028362397104501724,,,
36,6,9,0.8903294205665588,1.0,0.9980361461639404,0.006508518010377884,,,
36,6,10,3.069260358810425,1.0,0.9983760714530945,0.012267020530998707,,,
36,6,11,1.5968170166015625,1.0,0.9983388781547546,0.04885099083185196,,,
36,7,0,1.0610140562057495,1.0,0.999001681804657,0.025262529030442238,,,
36,7,1,2.586435079574585,1.0,0.9983982443809509,0.014967294409871101,,,
36,7,2,0.5617456436157227,1.0,0.9990532398223877,0.004646673798561096,,,
36,7,3,1.509932518005371,1.0,0.9993115067481995,0.0466039702296257,,,
36,7,4,1.015001893043518,1.0,0.9992292523384094,0.016566257923841476,,,
36,7,5,2.6648550033569336,1.0,0.9972505569458008,0.024753104895353317,,,
36,7,6,3.0999321937561035,1.0,0.9990777969360352,0.013877902179956436,,,
36,7,7,1.7382179498672485,1.0,0.9992494583129883,0.01732543855905533,,,
36,7,8,1.409401535987854,1.0,0.9986700415611267,0.03204478695988655,,,
36,7,9,1.5017727613449097,1.0,0.9992313385009766,0.03183380141854286,,,
36,7,10,1.0044106245040894,1.0,0.9991706609725952,0.006882364861667156,,,
36,7,11,2.0370841026306152,1.0,0.9992316961288452,0.008371621370315552,,,
36,8,0,3.2959048748016357,1.0,0.9972425699234009,0.026195449754595757,,,
36,8,1,1.2229456901550293,1.0,0.9972009658813477,0.010280199348926544,,,
36,8,2,4.1523518562316895,1.0000003576278687,0.9857923984527588,0.01329637411981821,,,
36,8,3,2.240919589996338,1.0,0.9976528286933899,0.020399805158376694,,,
36,8,4,1.224530816078186,1.0,0.9974138140678406,0.05023163557052612,,,
36,8,5,1.8986550569534302,1.0,0.9972739815711975,0.040656931698322296,,,
36,8,6,1.9370743036270142,1.0,0.9975047707557678,0.02179906889796257,,,
36,8,7,1.2435400485992432,1.0,0.9972755908966064,0.052570246160030365,,,
36,8,8,2.604036331176758,1.0000001192092896,0.9938259720802307,0.03816447779536247,,,
36,8,9,2.218925714492798,1.0,0.9976927042007446,0.029662787914276123,,,
36,8,10,2.307999849319458,1.0,0.9978646636009216,0.06736376881599426,,,
36,8,11,1.7986185550689697,1.0,0.9974440932273865,0.014722931198775768,,,
36,9,0,2.4759340286254883,1.0,0.99715256690979,0.02551192045211792,,,
36,9,1,2.033299207687378,1.0,0.9987432360649109,0.011507146991789341,,,
36,9,2,2.571828842163086,1.0,0.9978477358818054,0.014813099056482315,,,
36,9,3,1.6990089416503906,1.0,0.998080849647522,0.049106743186712265,,,
36,9,4,1.7752106189727783,1.0,0.9989542365074158,0.012900112196803093,,,
36,9,5,2.331167221069336,1.0,0.9990598559379578,0.03400654345750809,,,
36,9,6,1.697702169418335,1.0,0.9989877939224243,0.006223250180482864,,,
36,9,7,1.9566911458969116,1.0,0.998914361000061,0.01941661536693573,,,
36,9,8,2.268009901046753,1.0,0.99888014793396,0.009958421811461449,,,
36,9,9,1.7829949855804443,1.0,0.9989194869995117,0.009286793880164623,,,
36,9,10,1.2082120180130005,1.0,0.9987619519233704,0.04008382186293602,,,
36,9,11,2.4039552211761475,1.0,0.9973024129867554,0.005783445201814175,,,
36,10,0,2.599337100982666,1.0,0.9964951872825623,0.011360052041709423,,,
36,10,1,1.9246522188186646,1.0,0.9974760413169861,0.010170080699026585,,,
36,10,2,2.571436882019043,1.0,0.995771586894989,0.010754718445241451,,,
36,10,3,2.795954942703247,1.0,0.9932087063789368,0.01046379841864109,,,
36,10,4,3.2920544147491455,1.0000001192092896,0.9947168827056885,0.02252320572733879,,,
36,10,5,1.0335357189178467,1.0,0.9969995617866516,0.026741864159703255,,,
36,10,6,1.8588169813156128,1.0,0.997070848941803,0.007188988849520683,,,
36,10,7,3.019225597381592,1.0,0.995908796787262,0.028818268328905106,,,
36,10,8,2.3101372718811035,1.0,0.9971924424171448,0.01205900963395834,,,
36,10,9,1.304897427558899,1.0,0.9973154067993164,0.06657002121210098,,,
36,10,10,1.9236947298049927,1.0,0.996791422367096,0.008657468482851982,,,
36,10,11,2.165653944015503,1.0,0.9972215890884399,0.037840764969587326,,,
36,11,0,4.782632827758789,1.0000016689300537,0.8834747076034546,0.025829095393419266,,,
36,11,1,2.6797502040863037,1.0,0.906292736530304,0.013863256201148033,,,
36,11,2,2.5016300678253174,1.0,0.9050741195678711,0.009020665660500526,,,
36,11,3,2.0648162364959717,1.0,0.9051425457000732,0.023059751838445663,,,
36,11,4,3.9593634605407715,1.0000001192092896,0.9098209738731384,0.018419496715068817,,,
36,11,5,2.4815118312835693,1.0,0.9060035943984985,0.013156617991626263,,,
36,11,6,2.128638744354248,1.0,0.9047874212265015,0.008316156454384327,,,
36,11,7,2.9644176959991455,1.0,0.9078654646873474,0.020470941439270973,,,
36,11,8,3.7691216468811035,1.000022053718567,0.10694083571434021,0.1146330013871193,,,
36,11,9,2.1178598403930664,1.0,0.9048303365707397,0.008209225721657276,,,
36,11,10,3.0420620441436768,1.0000001192092896,0.9116955399513245,0.047029055655002594,,,
36,11,11,3.0942583084106445,1.0000001192092896,0.9110729694366455,0.03802329674363136,,,
37,0,0,4.3784332275390625,1.0000158548355103,0.7989864349365234,0.02174682356417179,,,
37,0,1,0.56504225730896,1.0000295639038086,0.806549608707428,0.8227002620697021,,,
37,0,2,4.488574504852295,1.0000121593475342,0.7964560985565186,0.04705408588051796,,,
37,0,3,0.4452715218067169,1.0000298023223877,0.7933431267738342,0.8486530184745789,,,
37,0,4,1.294920802116394,1.0000284910202026,0.8006415963172913,0.5751416683197021,,,
37,0,5,1.6145259141921997,1.0000245571136475,0.7702392935752869,0.5684175491333008,,,
37,0,6,4.1838202476501465,1.00002121925354,0.7204775214195251,0.03115525282919407,,,
37,0,7,1.9019505977630615,1.0000264644622803,0.7476131916046143,0.17083045840263367,,,
37,0,8,4.195895671844482,1.0000224113464355,0.7988747954368591,0.060251470655202866,,,
37,0,9,4.610725402832031,1.0000165700912476,0.8457968235015869,0.022000694647431374,,,
37,0,10,4.20014762878418,1.0000238418579102,0.8788414597511292,0.15181010961532593,,,
37,0,11,5.35966682434082,1.0000141859054565,0.7281675338745117,0.007806870620697737,,,
37,1,0,2.35794997215271,1.0000256299972534,0.7080662250518799,0.10762766003608704,,,
37,1,1,2.6855411529541016,1.0000205039978027,0.6922734975814819,0.09407160431146622,,,
37,1,2,4.729390621185303,1.0000180006027222,0.646497905254364,0.0269521065056324,,,
37,1,3,4.2452569007873535,1.0000015497207642,0.6840366125106812,0.03587370738387108,,,
37,1,4,3.7642691135406494,1.0000094175338745,0.8099091053009033,0.06817051768302917,,,
37,1,5,4.416500568389893,1.0000121593475342,0.8279200196266174,0.0869234949350357,,,
37,1,6,4.3813958168029785,1.0000098943710327,0.8063556551933289,0.03530339524149895,,,
37,1,7,4.834150791168213,1.0000132322311401,0.8245503902435303,0.02153584361076355,,,
37,1,8,5.2787346839904785,1.0000035762786865,0.7909420132637024,0.010059671476483345,,,
37,1,9,5.317975044250488,1.0000057220458984,0.7719469666481018,0.007686315570026636,,,
37,1,10,4.406796455383301,1.000012993812561,0.5922539830207825,0.041968636214733124,,,
37,1,11,1.8241506814956665,1.0000261068344116,0.7553914785385132,0.6365624070167542,,,
37,2,0,2.510831356048584,1.000001311302185,0.8835070133209229,0.10283119231462479,,,
37,2,1,4.604428768157959,1.0000008344650269,0.8711979389190674,0.010625760070979595,,,
37,2,2,1.1479830741882324,1.0000042915344238,0.8868399262428284,0.12992745637893677,,,
37,2,3,1.9199800491333008,1.0000042915344238,0.8614063262939453,0.13265763223171234,,,
37,2,4,1.7194793224334717,1.0000001192092896,0.8672781586647034,0.09450455754995346,,,
37,2,5,1.7958935499191284,1.0000040531158447,0.870434045791626,0.14135028421878815,,,
37,2,6,2.759486675262451,1.0000072717666626,0.7767158150672913,0.0823778584599495,,,
37,2,7,2.7081761360168457,1.0,0.8405088186264038,0.033801816403865814,,,
37,2,8,1.8614954948425293,1.000002145767212,0.8909848928451538,0.11068636178970337,,,
37,2,9,1.7591145038604736,1.000003695487976,0.8623532652854919,0.12702535092830658,,,
37,2,10,3.1252541542053223,1.000027060508728,0.523684024810791,0.12461238354444504,,,
37,2,11,3.072824001312256,1.000000238418579,0.8788501620292664,0.10439364612102509,,,
37,3,0,2.8045835494995117,1.0,0.9931120276451111,0.06126180291175842,,,
37,3,1,1.9459571838378906,1.0000001192092896,0.9925336241722107,0.06221916526556015,,,
37,3,2,1.4202173948287964,1.0000003576278687,0.9863987565040588,0.11364153772592545,,,
37,3,3,0.9943191409111023,1.0,0.99306321144104,0.06864083558320999,,,
37,3,4,3.6560728549957275,1.0,0.9936128258705139,0.0118801798671484,,,
37,3,5,2.7237181663513184,1.0,0.9943656325340271,0.03495008870959282,,,
37,3,6,1.7162326574325562,1.0000003576278687,0.9844698309898376,0.15344300866127014,,,
37,3,7,1.4487404823303223,1.000000238418579,0.9908351898193359,0.12276668101549149,,,
37,3,8,1.5063726902008057,1.0000003576278687,0.9871591925621033,0.12425322830677032,,,
37,3,9,1.5938117504119873,1.0,0.9939762353897095,0.07176356762647629,,,
37,3,10,1.8222235441207886,1.0,0.993277907371521,0.15891267359256744,,,
37,3,11,1.7704963684082031,1.0000001192092896,0.9920005202293396,0.10236049443483353,,,
37,4,0,1.217649221420288,1.0000001192092896,0.9165396094322205,0.06144798919558525,,,
37,4,1,1.5418401956558228,1.0,0.9176988005638123,0.06644879281520844,,,
37,4,2,2.1259639263153076,1.0,0.9149307012557983,0.015459295362234116,,,
37,4,3,1.585559606552124,1.0000001192092896,0.9171804785728455,0.07154909521341324,,,
37,4,4,3.036630868911743,1.0,0.9168542623519897,0.04328000918030739,,,
37,4,5,1.435050368309021,1.0,0.9159073233604431,0.05873639136552811,,,
37,4,6,2.063913345336914,1.0,0.9173212051391602,0.04951093718409538,,,
37,4,7,1.8507659435272217,1.0000003576278687,0.9200584292411804,0.4741765558719635,,,
37,4,8,3.303079128265381,1.0,0.9175317883491516,0.015883298590779305,,,
37,4,9,1.8047844171524048,1.0,0.9168145656585693,0.034854523837566376,,,
37,4,10,3.312791109085083,1.0,0.91647869348526,0.015338312834501266,,,
37,4,11,0.010069366544485092,1.0000293254852295,0.13813582062721252,0.003834438044577837,,,
37,5,0,1.7339574098587036,1.0,0.9972910284996033,0.011183282360434532,,,
37,5,1,0.32580864429473877,1.0,0.9968822002410889,0.004204961005598307,,,
37,5,2,1.4018791913986206,1.0,0.9972381591796875,0.022732114419341087,,,
37,5,3,2.2499489784240723,1.0000001192092896,0.9952012896537781,0.0364023894071579,,,
37,5,4,1.4617938995361328,1.0,0.9972591400146484,0.051879994571208954,,,
37,5,5,1.9421058893203735,1.0,0.9973905682563782,0.011670109815895557,,,
37,5,6,0.673211395740509,1.0,0.9970571398735046,0.025741463527083397,,,
37,5,7,0.9931806921958923,1.0,0.9970644116401672,0.04055081307888031,,,
37,5,8,1.0873810052871704,1.0,0.9971991181373596,0.02723974548280239,,,
37,5,9,2.738445520401001,1.0,0.9975988268852234,0.0086569394916296,,,
37,5,10,3.5746712684631348,1.0000003576278687,0.9782268404960632,0.031953997910022736,,,
37,5,11,2.8131372928619385,1.0,0.9973249435424805,0.10743927955627441,,,
37,6,0,1.8200591802597046,1.0,0.9967727065086365,0.03579966351389885,,,
37,6,1,0.7823182344436646,1.0,0.9981502294540405,0.02277415245771408,,,
37,6,2,3.4967918395996094,1.0,0.9979072213172913,0.01425427570939064,,,
37,6,3,1.6292622089385986,1.0,0.9985479712486267,0.017498956993222237,,,
37,6,4,3.5581247806549072,1.0000001192092896,0.9943107962608337,0.01744065247476101,,,
37,6,5,1.6684303283691406,1.0,0.9985799789428711,0.06297994405031204,,,
37,6,6,2.8930294513702393,1.0,0.9986990094184875,0.0783374160528183,,,
37,6,7,2.2936534881591797,1.0,0.9979004263877869,0.043098364025354385,,,
37,6,8,1.269314169883728,1.0,0.9984716773033142,0.030171634629368782,,,
37,6,9,0.8758948445320129,1.0,0.9981518387794495,0.005434279330074787,,,
37,6,10,3.2282516956329346,1.0,0.9981880784034729,0.011261538602411747,,,
37,6,11,1.532728672027588,1.0,0.9983768463134766,0.04708990827202797,,,
37,7,0,1.058571696281433,1.0,0.9990943670272827,0.026270946487784386,,,
37,7,1,2.2868642807006836,1.0,0.9990634322166443,0.010827667079865932,,,
37,7,2,0.5995845198631287,1.0,0.9991722702980042,0.0035904827527701855,,,
37,7,3,1.4829357862472534,1.0,0.9993801116943359,0.04490234702825546,,,
37,7,4,0.9380134344100952,1.0,0.9992992281913757,0.01585756428539753,,,
37,7,5,2.768855094909668,1.0000001192092896,0.9966740012168884,0.022842366248369217,,,
37,7,6,3.0782887935638428,1.0,0.9990940093994141,0.011768009513616562,,,
37,7,7,1.428783893585205,1.0,0.999306321144104,0.011507201939821243,,,
37,7,8,1.403598666191101,1.0,0.998971164226532,0.03692258521914482,,,
37,7,9,1.4041563272476196,1.0,0.999288022518158,0.029016274958848953,,,
37,7,10,0.868310272693634,1.0,0.9992141127586365,0.004515955690294504,,,
37,7,11,1.9628853797912598,1.0,0.9992673397064209,0.007623676676303148,,,
37,8,0,3.2574005126953125,1.0,0.9973880648612976,0.02470920793712139,,,
37,8,1,1.0802099704742432,1.0,0.997273862361908,0.0071896896697580814,,,
37,8,2,4.231044292449951,1.0000003576278687,0.9834703803062439,0.011555051431059837,,,
37,8,3,2.1375629901885986,1.0,0.9977661371231079,0.018234621733427048,,,
37,8,4,1.248557448387146,1.0,0.9975550174713135,0.04970504343509674,,,
37,8,5,1.9548488855361938,1.0,0.9973588585853577,0.042782027274370193,,,
37,8,6,1.9579417705535889,1.0,0.9976985454559326,0.016129570081830025,,,
37,8,7,1.297367811203003,1.0,0.9974483847618103,0.05915146693587303,,,
37,8,8,2.481403112411499,1.0,0.9969705939292908,0.029763702303171158,,,
37,8,9,2.3096845149993896,1.0,0.9977662563323975,0.02895502746105194,,,
37,8,10,2.3791961669921875,1.0,0.9979291558265686,0.0589645616710186,,,
37,8,11,1.911447286605835,1.0,0.9973569512367249,0.013911404646933079,,,
37,9,0,2.2956907749176025,1.0,0.9979436993598938,0.018237216398119926,,,
37,9,1,2.0075037479400635,1.0,0.9982499480247498,0.010478473268449306,,,
37,9,2,2.4770827293395996,1.0,0.9978799223899841,0.01438424363732338,,,
37,9,3,1.6210885047912598,1.0,0.9979463219642639,0.04608236625790596,,,
37,9,4,1.74921715259552,1.0,0.9985384345054626,0.01086345687508583,,,
37,9,5,2.1549489498138428,1.0,0.998661458492279,0.027253596112132072,,,
37,9,6,1.3402925729751587,1.0,0.9985408782958984,0.0042592608369886875,,,
37,9,7,1.9866976737976074,1.0,0.998500406742096,0.019193606451153755,,,
37,9,8,3.0124475955963135,1.0,0.9927034974098206,0.011716261506080627,,,
37,9,9,1.535477638244629,1.0,0.998455822467804,0.005065697245299816,,,
37,9,10,1.2030855417251587,1.0,0.9983404278755188,0.04323619231581688,,,
37,9,11,2.467092990875244,1.0,0.9970784783363342,0.006432477384805679,,,
37,10,0,2.269771099090576,1.0,0.9964675903320312,0.008080008439719677,,,
37,10,1,1.6042442321777344,1.0,0.9981825351715088,0.007174232508987188,,,
37,10,2,2.090562343597412,1.0,0.9973817467689514,0.009353908710181713,,,
37,10,3,3.197497606277466,1.0,0.9940260052680969,0.01254663709551096,,,
37,10,4,3.027048110961914,1.0,0.9967279434204102,0.017895834520459175,,,
37,10,5,1.0491957664489746,1.0,0.9979729056358337,0.028553128242492676,,,
37,10,6,2.1725642681121826,1.0,0.9980505108833313,0.009065690450370312,,,
37,10,7,2.95811128616333,1.0,0.9975354671478271,0.026800720021128654,,,
37,10,8,2.0486817359924316,1.0,0.9980758428573608,0.011701167561113834,,,
37,10,9,1.3379944562911987,1.0,0.9981414675712585,0.06616175174713135,,,
37,10,10,1.6914423704147339,1.0,0.998197615146637,0.006239910610020161,,,
37,10,11,1.8405483961105347,1.0,0.9980552196502686,0.032141972333192825,,,
37,11,0,4.630012512207031,1.000001072883606,0.8942379355430603,0.030116109177470207,,,
37,11,1,2.9213151931762695,1.0,0.9097076058387756,0.020416682586073875,,,
37,11,2,2.73799729347229,1.0,0.9070392847061157,0.008211236447095871,,,
37,11,3,2.1045663356781006,1.0,0.9074914455413818,0.026211077347397804,,,
37,11,4,3.9394259452819824,1.0000001192092896,0.9120585918426514,0.01673050969839096,,,
37,11,5,2.1567225456237793,1.0,0.9072879552841187,0.009459063410758972,,,
37,11,6,1.9291551113128662,1.0,0.9066891074180603,0.0059450482949614525,,,
37,11,7,2.7517449855804443,1.0,0.9090526700019836,0.017295237630605698,,,
37,11,8,3.7160468101501465,1.000022053718567,0.09823822975158691,0.1036495640873909,,,
37,11,9,1.706080675125122,1.0,0.9061319828033447,0.0062711178325116634,,,
37,11,10,2.8915581703186035,1.0,0.9120199084281921,0.04252010956406593,,,
37,11,11,2.6767160892486572,1.0,0.9111210107803345,0.03968661278486252,,,
38,0,0,4.414409160614014,1.0000170469284058,0.8040174841880798,0.02081611007452011,,,
38,0,1,0.5624858736991882,1.0000298023223877,0.8002588152885437,0.8181291222572327,,,
38,0,2,4.4953131675720215,1.0000115633010864,0.780998170375824,0.041260652244091034,,,
38,0,3,0.44586607813835144,1.0000290870666504,0.7783056497573853,0.8165556788444519,,,
38,0,4,1.2117040157318115,1.0000269412994385,0.7798572182655334,0.5652104020118713,,,
38,0,5,1.5881688594818115,1.0000230073928833,0.754890501499176,0.5496929287910461,,,
38,0,6,4.232485771179199,1.0000207424163818,0.7359268665313721,0.032121460884809494,,,
38,0,7,1.876174807548523,1.000026822090149,0.7523930072784424,0.1670120358467102,,,
38,0,8,4.2011027336120605,1.0000224113464355,0.7993316650390625,0.062410108745098114,,,
38,0,9,4.616777420043945,1.0000163316726685,0.840592622756958,0.02185061387717724,,,
38,0,10,4.212709903717041,1.000023603439331,0.8751915097236633,0.14941781759262085,,,
38,0,11,5.325056552886963,1.000014066696167,0.7343299388885498,0.008376463316380978,,,
38,1,0,2.3876194953918457,1.0000261068344116,0.7205002307891846,0.11075466126203537,,,
38,1,1,2.665787696838379,1.0000211000442505,0.6897948980331421,0.09440937638282776,,,
38,1,2,4.69650936126709,1.0000165700912476,0.6354783177375793,0.02773057483136654,,,
38,1,3,4.185100555419922,1.0000011920928955,0.6738448739051819,0.03651174530386925,,,
38,1,4,3.7357935905456543,1.0000087022781372,0.7995613217353821,0.06942741572856903,,,
38,1,5,4.405242919921875,1.0000121593475342,0.8153161406517029,0.08623050898313522,,,
38,1,6,4.237854480743408,1.0000100135803223,0.7947574257850647,0.03799482807517052,,,
38,1,7,4.832039833068848,1.000011920928955,0.8200118541717529,0.020144937559962273,,,
38,1,8,5.242264747619629,1.0000044107437134,0.7898439764976501,0.010408492758870125,,,
38,1,9,5.240928649902344,1.000007152557373,0.7555885910987854,0.00801732949912548,,,
38,1,10,4.3894124031066895,1.0000132322311401,0.588519811630249,0.04195542633533478,,,
38,1,11,1.7906900644302368,1.0000271797180176,0.7450135946273804,0.6408424973487854,,,
38,2,0,2.4738118648529053,1.0000014305114746,0.8763396739959717,0.1059257835149765,,,
38,2,1,4.630807399749756,1.0000011920928955,0.8632745146751404,0.012738916091620922,,,
38,2,2,1.1090501546859741,1.000006079673767,0.8735681772232056,0.12369329482316971,,,
38,2,3,1.9112014770507812,1.0000046491622925,0.854442834854126,0.1328812837600708,,,
38,2,4,1.6893807649612427,1.000000238418579,0.855294406414032,0.08579869568347931,,,
38,2,5,1.7800902128219604,1.0000046491622925,0.8631969690322876,0.1376667618751526,,,
38,2,6,2.738919496536255,1.0000078678131104,0.7802122235298157,0.08016650378704071,,,
38,2,7,2.730374813079834,1.0,0.8284177184104919,0.03355411812663078,,,
38,2,8,1.8091665506362915,1.0000026226043701,0.8814170956611633,0.10966409742832184,,,
38,2,9,1.7363284826278687,1.0000070333480835,0.8418341279029846,0.13107310235500336,,,
38,2,10,3.10504150390625,1.0000271797180176,0.5280141234397888,0.12463545799255371,,,
38,2,11,3.0151681900024414,1.0000003576278687,0.867872953414917,0.10524995625019073,,,
38,3,0,2.8826422691345215,1.0,0.9922286868095398,0.06984023749828339,,,
38,3,1,1.9656466245651245,1.000000238418579,0.9914169907569885,0.0628063753247261,,,
38,3,2,1.4321296215057373,1.0000005960464478,0.9839625954627991,0.12127822637557983,,,
38,3,3,0.9516541957855225,1.0,0.9915263652801514,0.06035343185067177,,,
38,3,4,3.7998387813568115,1.0,0.9926655292510986,0.010688050650060177,,,
38,3,5,2.761490821838379,1.0,0.9933314919471741,0.036602459847927094,,,
38,3,6,1.726546287536621,1.0000003576278687,0.9809213876724243,0.16203570365905762,,,
38,3,7,1.4682137966156006,1.000000238418579,0.9902322292327881,0.12121636420488358,,,
38,3,8,1.533233880996704,1.0000003576278687,0.9844637513160706,0.12034185975790024,,,
38,3,9,1.6152329444885254,1.0,0.9929983019828796,0.07569979131221771,,,
38,3,10,1.8108007907867432,1.0,0.9919610619544983,0.15693610906600952,,,
38,3,11,1.797620415687561,1.000000238418579,0.9909349679946899,0.10549888759851456,,,
38,4,0,1.2168819904327393,1.0,0.916292130947113,0.06157262995839119,,,
38,4,1,1.5752454996109009,1.0,0.9183252453804016,0.0667678490281105,,,
38,4,2,2.2941534519195557,1.0,0.9150760173797607,0.016566019505262375,,,
38,4,3,1.5880950689315796,1.0,0.9170054793357849,0.06864256411790848,,,
38,4,4,3.1269452571868896,1.0,0.9168459177017212,0.04509885236620903,,,
38,4,5,1.4228367805480957,1.0,0.9156383872032166,0.062486469745635986,,,
38,4,6,2.1069698333740234,1.0,0.917371928691864,0.046993959695100784,,,
38,4,7,1.8049753904342651,1.0000004768371582,0.9188051819801331,0.4946921169757843,,,
38,4,8,3.4786746501922607,1.0,0.91791170835495,0.017413636669516563,,,
38,4,9,1.8669987916946411,1.0,0.916796088218689,0.0370623804628849,,,
38,4,10,3.249899387359619,1.0,0.916002631187439,0.012829897925257683,,,
38,4,11,0.010693453252315521,1.0000300407409668,0.1454903930425644,0.004299976397305727,,,
38,5,0,1.9230985641479492,1.0,0.9967346787452698,0.012786343693733215,,,
38,5,1,0.3172895908355713,1.0,0.9960601329803467,0.0043404605239629745,,,
38,5,2,1.4274680614471436,1.0,0.996726930141449,0.022080283612012863,,,
38,5,3,2.368314266204834,1.0000001192092896,0.9923585653305054,0.0366511233150959,,,
38,5,4,1.5104279518127441,1.0,0.9966617822647095,0.05230744555592537,,,
38,5,5,2.2025508880615234,1.0,0.9967279434204102,0.01311308704316616,,,
38,5,6,0.6855064630508423,1.0,0.9963207840919495,0.025611527264118195,,,
38,5,7,0.9846076965332031,1.0,0.9964262247085571,0.037565045058727264,,,
38,5,8,1.1807833909988403,1.0,0.9965688586235046,0.02842959575355053,,,
38,5,9,3.1336255073547363,1.0,0.9971005916595459,0.007967375218868256,,,
38,5,10,3.720738649368286,1.0000004768371582,0.9765371680259705,0.03820708766579628,,,
38,5,11,2.8369903564453125,1.0,0.9968958497047424,0.11396537721157074,,,
38,6,0,1.814974308013916,1.0,0.9951229095458984,0.04082232713699341,,,
38,6,1,0.7985692024230957,1.0,0.997582197189331,0.022655291482806206,,,
38,6,2,3.6207380294799805,1.0,0.9973602294921875,0.013373412191867828,,,
38,6,3,1.7450065612792969,1.0,0.9980752468109131,0.0189825352281332,,,
38,6,4,3.645587682723999,1.0000001192092896,0.9924588799476624,0.021632611751556396,,,
38,6,5,1.7508841753005981,1.0,0.9980952739715576,0.06270669400691986,,,
38,6,6,3.008899211883545,1.0,0.9982284307479858,0.08086782693862915,,,
38,6,7,2.344642162322998,1.0,0.9972185492515564,0.04450768232345581,,,
38,6,8,1.2936028242111206,1.0,0.9980192184448242,0.03032112680375576,,,
38,6,9,0.9412753582000732,1.0,0.9975608587265015,0.005923861172050238,,,
38,6,10,3.258600950241089,1.0,0.9978010654449463,0.011812436394393444,,,
38,6,11,1.6331425905227661,1.0,0.9976863861083984,0.052372150123119354,,,
38,7,0,1.0686757564544678,1.0,0.9989640712738037,0.026132358238101006,,,
38,7,1,2.7251648902893066,1.0,0.9982920289039612,0.015772979706525803,,,
38,7,2,0.5997443795204163,1.0,0.9990142583847046,0.004348511807620525,,,
38,7,3,1.5935864448547363,1.0,0.9992855191230774,0.04857948049902916,,,
38,7,4,0.9644570350646973,1.0,0.9991872906684875,0.015807980671525,,,
38,7,5,2.7077267169952393,1.0,0.9972102642059326,0.02406713366508484,,,
38,7,6,3.2399404048919678,1.0,0.9990413784980774,0.011174566112458706,,,
38,7,7,1.5125315189361572,1.0,0.9992115497589111,0.013669991865754128,,,
38,7,8,1.440595030784607,1.0,0.9988453388214111,0.03750568628311157,,,
38,7,9,1.5611295700073242,1.0,0.9991742968559265,0.03555219620466232,,,
38,7,10,1.1688532829284668,1.0,0.9991493225097656,0.007454498205333948,,,
38,7,11,1.9761884212493896,1.0,0.99920654296875,0.006977440323680639,,,
38,8,0,3.2974233627319336,1.0,0.9975153207778931,0.023245781660079956,,,
38,8,1,1.222290277481079,1.0,0.9971018433570862,0.008599788881838322,,,
38,8,2,4.271486759185791,1.0000003576278687,0.9834825396537781,0.012200333178043365,,,
38,8,3,2.3738036155700684,1.0,0.9974371194839478,0.020007813349366188,,,
38,8,4,1.2693790197372437,1.0,0.9974189400672913,0.054493390023708344,,,
38,8,5,1.973235011100769,1.0,0.9969120621681213,0.04161959886550903,,,
38,8,6,2.0615897178649902,1.0,0.9975828528404236,0.01624908670783043,,,
38,8,7,1.2258763313293457,1.0,0.9970834851264954,0.0513191781938076,,,
38,8,8,2.5068166255950928,1.0,0.9967514276504517,0.03140179440379143,,,
38,8,9,2.490947961807251,1.0,0.997643232345581,0.03111407160758972,,,
38,8,10,2.360185146331787,1.0,0.9978296756744385,0.061855096369981766,,,
38,8,11,2.0572879314422607,1.0,0.9974066019058228,0.013648692518472672,,,
38,9,0,2.5385076999664307,1.0,0.995863139629364,0.02896745689213276,,,
38,9,1,2.015239953994751,1.0,0.998365581035614,0.009561433456838131,,,
38,9,2,2.70993709564209,1.0,0.9977545142173767,0.016689419746398926,,,
38,9,3,1.6628316640853882,1.0,0.9979392886161804,0.04622393846511841,,,
38,9,4,2.113941192626953,1.0,0.9987461566925049,0.012090479023754597,,,
38,9,5,2.314995527267456,1.0,0.9988109469413757,0.028943637385964394,,,
38,9,6,1.8336468935012817,1.0,0.9985248446464539,0.005127181299030781,,,
38,9,7,2.0628950595855713,1.0,0.9986028075218201,0.01944124884903431,,,
38,9,8,2.4954793453216553,1.0,0.9972257018089294,0.00725229037925601,,,
38,9,9,2.0286247730255127,1.0,0.9987249374389648,0.006951718591153622,,,
38,9,10,1.245967149734497,1.0,0.9985086917877197,0.047622501850128174,,,
38,9,11,2.545619010925293,1.0,0.9980512857437134,0.005430455319583416,,,
38,10,0,2.6353626251220703,1.0,0.9950399398803711,0.008328675292432308,,,
38,10,1,2.124131202697754,1.0,0.9970821142196655,0.009522037580609322,,,
38,10,2,2.6216721534729004,1.0,0.9971464276313782,0.007429565768688917,,,
38,10,3,2.9631402492523193,1.0000001192092896,0.9948041439056396,0.01056754495948553,,,
38,10,4,3.4380693435668945,1.0000001192092896,0.9942408204078674,0.021970171481370926,,,
38,10,5,1.0461183786392212,1.0,0.9969766139984131,0.028103845193982124,,,
38,10,6,2.1450581550598145,1.0,0.9969732761383057,0.008116659708321095,,,
38,10,7,2.947657823562622,1.0,0.9966705441474915,0.029138782992959023,,,
38,10,8,2.299241065979004,1.0,0.9971643686294556,0.011967387981712818,,,
38,10,9,1.3738430738449097,1.0,0.9973028302192688,0.06169586256146431,,,
38,10,10,2.1583685874938965,1.0,0.9969539642333984,0.006141314748674631,,,
38,10,11,2.042543411254883,1.0,0.9971996545791626,0.0422167032957077,,,
38,11,0,4.7361297607421875,1.000001072883606,0.8976162075996399,0.024069523438811302,,,
38,11,1,3.321086883544922,1.0000001192092896,0.9094590544700623,0.0174961369484663,,,
38,11,2,2.946864604949951,1.0,0.9086090326309204,0.009051970206201077,,,
38,11,3,2.5121705532073975,1.0,0.9084848165512085,0.02680092304944992,,,
38,11,4,4.187489032745361,1.0000001192092896,0.9121928811073303,0.01670970395207405,,,
38,11,5,2.57661509513855,1.0,0.9075070023536682,0.01217000000178814,,,
38,11,6,2.284931182861328,1.0,0.906541109085083,0.005627944599837065,,,
38,11,7,2.870361089706421,1.0,0.9084059000015259,0.01826653815805912,,,
38,11,8,3.7262938022613525,1.0000207424163818,0.10871326178312302,0.08981934189796448,,,
38,11,9,2.309755325317383,1.0,0.9065540432929993,0.007348471321165562,,,
38,11,10,2.9992873668670654,1.0000001192092896,0.9130516052246094,0.04716397449374199,,,
38,11,11,3.0518040657043457,1.0,0.911992073059082,0.0373636893928051,,,
39,0,0,4.396513938903809,1.000017762184143,0.8014892339706421,0.018619617447257042,,,
39,0,1,0.5573182106018066,1.0000296831130981,0.805701494216919,0.819780707359314,,,
39,0,2,4.583251476287842,1.0000118017196655,0.793063759803772,0.03957856073975563,,,
39,0,3,0.42307618260383606,1.0000290870666504,0.7849464416503906,0.8365016579627991,,,
39,0,4,1.1980657577514648,1.000027060508728,0.7969121932983398,0.5966660380363464,,,
39,0,5,1.5339479446411133,1.0000228881835938,0.7555065751075745,0.5373685956001282,,,
39,0,6,4.267730236053467,1.0000203847885132,0.7424007058143616,0.03061418980360031,,,
39,0,7,1.8752440214157104,1.000027060508728,0.7500653862953186,0.16891320049762726,,,
39,0,8,4.217658519744873,1.000022530555725,0.8159011602401733,0.062077753245830536,,,
39,0,9,4.62163782119751,1.0000159740447998,0.8430988788604736,0.021982941776514053,,,
39,0,10,4.201249599456787,1.0000232458114624,0.8798285126686096,0.15766534209251404,,,
39,0,11,5.335616588592529,1.0000145435333252,0.7345746755599976,0.008198870345950127,,,
39,1,0,2.349699020385742,1.0000269412994385,0.7075251936912537,0.10872142761945724,,,
39,1,1,2.709942579269409,1.0000205039978027,0.7007557153701782,0.09803515672683716,,,
39,1,2,4.707990646362305,1.000016689300537,0.6445615887641907,0.02790742553770542,,,
39,1,3,4.209833145141602,1.0000009536743164,0.6836378574371338,0.03622128814458847,,,
39,1,4,3.7484679222106934,1.0000091791152954,0.8052346706390381,0.0699220523238182,,,
39,1,5,4.511300563812256,1.0000123977661133,0.8272203207015991,0.08161532878875732,,,
39,1,6,4.618257999420166,1.0000091791152954,0.8070180416107178,0.03415374457836151,,,
39,1,7,4.931146621704102,1.0000107288360596,0.8283538222312927,0.019507892429828644,,,
39,1,8,5.232882022857666,1.0000040531158447,0.7888084053993225,0.010071814060211182,,,
39,1,9,5.298608779907227,1.0000059604644775,0.766581118106842,0.007430907338857651,,,
39,1,10,4.3936920166015625,1.000012993812561,0.5885300636291504,0.041309162974357605,,,
39,1,11,1.7509269714355469,1.0000269412994385,0.7423744201660156,0.646081805229187,,,
39,2,0,2.5201032161712646,1.000001072883606,0.8781148791313171,0.1011083647608757,,,
39,2,1,4.636270999908447,1.0000009536743164,0.8598561882972717,0.010993188247084618,,,
39,2,2,1.1343251466751099,1.0000053644180298,0.8771210312843323,0.1278425008058548,,,
39,2,3,1.9219568967819214,1.0000061988830566,0.8466904163360596,0.1334260106086731,,,
39,2,4,1.6873449087142944,1.0000001192092896,0.8579186797142029,0.08750738203525543,,,
39,2,5,1.8069086074829102,1.0000040531158447,0.863752543926239,0.1388005167245865,,,
39,2,6,2.767460823059082,1.0000061988830566,0.7780436873435974,0.07806388288736343,,,
39,2,7,2.740597724914551,1.0,0.8342298865318298,0.03388894721865654,,,
39,2,8,1.8584065437316895,1.0000025033950806,0.8846309185028076,0.1121244877576828,,,
39,2,9,1.8108062744140625,1.0000038146972656,0.8613556027412415,0.1322096884250641,,,
39,2,10,3.130897283554077,1.0000272989273071,0.498719185590744,0.124766044318676,,,
39,2,11,3.04154109954834,1.0000003576278687,0.8708061575889587,0.10410867631435394,,,
39,3,0,2.8526554107666016,1.0,0.9927969574928284,0.06986099481582642,,,
39,3,1,1.91570246219635,1.0,0.9932642579078674,0.06189503148198128,,,
39,3,2,1.4485307931900024,1.0000003576278687,0.9864211678504944,0.1194365993142128,,,
39,3,3,0.9566404223442078,1.0,0.9932441115379333,0.06409357488155365,,,
39,3,4,3.91192889213562,1.0,0.9932296276092529,0.010852482169866562,,,
39,3,5,2.626727342605591,1.0,0.9946107268333435,0.03236551582813263,,,
39,3,6,1.7073705196380615,1.0000003576278687,0.9857355356216431,0.1542845517396927,,,
39,3,7,1.4559382200241089,1.0000001192092896,0.9916868805885315,0.11532829701900482,,,
39,3,8,1.5336920022964478,1.0000003576278687,0.9881242513656616,0.12154556065797806,,,
39,3,9,1.543176531791687,1.0,0.994132399559021,0.07236873358488083,,,
39,3,10,1.7907993793487549,1.0,0.9935775399208069,0.16442884504795074,,,
39,3,11,1.7296719551086426,1.0,0.9922723770141602,0.09452652186155319,,,
39,4,0,1.2591755390167236,1.0000001192092896,0.9162399768829346,0.06068127974867821,,,
39,4,1,1.574811339378357,1.0,0.917961061000824,0.06120729818940163,,,
39,4,2,2.187194585800171,1.0,0.9145435094833374,0.014918879605829716,,,
39,4,3,1.6076509952545166,1.0000001192092896,0.9175512790679932,0.06724748015403748,,,
39,4,4,3.269160509109497,1.0,0.9172813892364502,0.0461236797273159,,,
39,4,5,1.4618932008743286,1.0,0.9159989953041077,0.062159981578588486,,,
39,4,6,2.1064584255218506,1.0,0.9171596765518188,0.04536052048206329,,,
39,4,7,1.876802682876587,1.0000005960464478,0.9203043580055237,0.4784049391746521,,,
39,4,8,3.479308605194092,1.0,0.9175460338592529,0.01536986418068409,,,
39,4,9,1.8721795082092285,1.0,0.9168596267700195,0.0370202399790287,,,
39,4,10,3.3145947456359863,1.0,0.9159231781959534,0.01198514923453331,,,
39,4,11,0.009440628811717033,1.0000296831130981,0.14467373490333557,0.003891939530149102,,,
39,5,0,1.914047122001648,1.0,0.9960120916366577,0.011045371182262897,,,
39,5,1,0.3763856589794159,1.0,0.9954055547714233,0.004209283273667097,,,
39,5,2,1.4379254579544067,1.0,0.9958575963973999,0.02121729589998722,,,
39,5,3,2.3146908283233643,1.0000001192092896,0.9925894141197205,0.03606055676937103,,,
39,5,4,1.4745312929153442,1.0,0.9958032369613647,0.05059438198804855,,,
39,5,5,2.139300584793091,1.0,0.9959107041358948,0.012846997939050198,,,
39,5,6,0.6498277187347412,1.0,0.9955198168754578,0.024062808603048325,,,
39,5,7,0.9708920121192932,1.0,0.9955922961235046,0.039458103477954865,,,
39,5,8,1.10054349899292,1.0,0.9957376718521118,0.02821102738380432,,,
39,5,9,3.2234017848968506,1.0,0.9963437914848328,0.008510652929544449,,,
39,5,10,3.738584518432617,1.0000005960464478,0.9670314788818359,0.03812401741743088,,,
39,5,11,2.8136844635009766,1.0,0.9962368607521057,0.11594472825527191,,,
39,6,0,1.8377313613891602,1.0,0.9958967566490173,0.03747126832604408,,,
39,6,1,0.7817205786705017,1.0,0.9982044100761414,0.021725120022892952,,,
39,6,2,3.5895400047302246,1.0,0.9975996017456055,0.013326299376785755,,,
39,6,3,1.7261866331100464,1.0,0.9986107349395752,0.01856161467730999,,,
39,6,4,3.3420779705047607,1.0,0.9965524077415466,0.01856718584895134,,,
39,6,5,1.6944857835769653,1.0,0.9986422061920166,0.06282158941030502,,,
39,6,6,3.059021234512329,1.0,0.9986305832862854,0.08206778019666672,,,
39,6,7,2.332397937774658,1.0,0.997439980506897,0.043205227702856064,,,
39,6,8,1.2827811241149902,1.0,0.9984753131866455,0.028761345893144608,,,
39,6,9,1.0028769969940186,1.0,0.9981624484062195,0.006255870684981346,,,
39,6,10,2.8840577602386475,1.0,0.9984496831893921,0.00929904542863369,,,
39,6,11,1.5813997983932495,1.0,0.9982955455780029,0.04809296131134033,,,
39,7,0,1.0769703388214111,1.0,0.9989656805992126,0.027467401698231697,,,
39,7,1,2.5145492553710938,1.0,0.9985676407814026,0.012776424176990986,,,
39,7,2,0.5828343033790588,1.0,0.9992349147796631,0.003951177466660738,,,
39,7,3,1.5173895359039307,1.0,0.9994592070579529,0.045243311673402786,,,
39,7,4,0.9038289785385132,1.0,0.9993477463722229,0.01504459884017706,,,
39,7,5,2.467207670211792,1.0,0.9984737038612366,0.023116884753108025,,,
39,7,6,3.0533764362335205,1.0,0.9991549849510193,0.011993399821221828,,,
39,7,7,1.35692298412323,1.0,0.9993730783462524,0.0120293740183115,,,
39,7,8,1.3177862167358398,1.0,0.9989755749702454,0.034748706966638565,,,
39,7,9,1.504930853843689,1.0,0.9993080496788025,0.03478894382715225,,,
39,7,10,1.1147321462631226,1.0,0.9992878437042236,0.006155979819595814,,,
39,7,11,1.858819603919983,1.0,0.9993661642074585,0.007436105981469154,,,
39,8,0,3.114304304122925,1.0,0.9982913732528687,0.02259897068142891,,,
39,8,1,1.1331701278686523,1.0,0.9980372786521912,0.01110899355262518,,,
39,8,2,3.997602939605713,1.000000238418579,0.9906491637229919,0.01176669541746378,,,
39,8,3,2.101475238800049,1.0,0.9983986020088196,0.01855878345668316,,,
39,8,4,1.0906130075454712,1.0,0.9982370734214783,0.04781734570860863,,,
39,8,5,1.8701554536819458,1.0,0.9979724287986755,0.03753107786178589,,,
39,8,6,1.9539061784744263,1.0,0.998401403427124,0.016901126131415367,,,
39,8,7,1.23214590549469,1.0,0.9977777600288391,0.05001317337155342,,,
39,8,8,2.5420126914978027,1.0,0.9966678023338318,0.03113231621682644,,,
39,8,9,2.302297830581665,1.0,0.9984719753265381,0.030242089182138443,,,
39,8,10,2.2365033626556396,1.0,0.9985417723655701,0.06649963557720184,,,
39,8,11,1.716751217842102,1.0,0.998226523399353,0.011285021901130676,,,
39,9,0,2.404336452484131,1.0,0.9969291687011719,0.02203330583870411,,,
39,9,1,2.078902006149292,1.0,0.9984959959983826,0.010588652454316616,,,
39,9,2,2.819437026977539,1.0,0.9971341490745544,0.016809260472655296,,,
39,9,3,1.6452782154083252,1.0,0.9979017376899719,0.043968938291072845,,,
39,9,4,1.984304666519165,1.0,0.9988256692886353,0.012160221114754677,,,
39,9,5,2.3738291263580322,1.0,0.9989039897918701,0.02979622408747673,,,
39,9,6,1.7349480390548706,1.0,0.9986819624900818,0.0061113410629332066,,,
39,9,7,1.9509921073913574,1.0,0.9986929297447205,0.018399536609649658,,,
39,9,8,2.3118057250976562,1.0,0.9988074898719788,0.007830388844013214,,,
39,9,9,1.9269776344299316,1.0,0.9987184405326843,0.007479924708604813,,,
39,9,10,1.1138509511947632,1.0,0.9986007809638977,0.03949818015098572,,,
39,9,11,2.4345715045928955,1.0,0.9966893792152405,0.00557648204267025,,,
39,10,0,2.790128231048584,1.0,0.9928329586982727,0.011088278144598007,,,
39,10,1,2.04247784614563,1.0,0.9966391921043396,0.010397251695394516,,,
39,10,2,2.235335111618042,1.0,0.9960393905639648,0.009270893409848213,,,
39,10,3,2.737206220626831,1.000000238418579,0.9903201460838318,0.011699074879288673,,,
39,10,4,3.1632332801818848,1.0,0.9953867197036743,0.019703511148691177,,,
39,10,5,1.0270657539367676,1.0,0.9965631365776062,0.02788843959569931,,,
39,10,6,1.733311414718628,1.0,0.9965110421180725,0.0074097407050430775,,,
39,10,7,2.8560285568237305,1.0,0.9967740774154663,0.02728734351694584,,,
39,10,8,2.382045269012451,1.0,0.9967626929283142,0.012190407142043114,,,
39,10,9,1.3533889055252075,1.0,0.996829628944397,0.06362723559141159,,,
39,10,10,2.1196014881134033,1.0,0.9967542886734009,0.008131589740514755,,,
39,10,11,2.1881396770477295,1.0,0.9964321255683899,0.045659784227609634,,,
39,11,0,4.678793430328369,1.0000009536743164,0.9000521302223206,0.02461743727326393,,,
39,11,1,2.931955099105835,1.0,0.9098594784736633,0.016379449516534805,,,
39,11,2,2.6499788761138916,1.0,0.9071906805038452,0.010432482697069645,,,
39,11,3,2.1702656745910645,1.0,0.908228874206543,0.02191351167857647,,,
39,11,4,3.9114701747894287,1.000000238418579,0.9110010266304016,0.018385468050837517,,,
39,11,5,2.270768880844116,1.0,0.9081083536148071,0.012208905071020126,,,
39,11,6,2.2719953060150146,1.0,0.9074958562850952,0.00762759568169713,,,
39,11,7,2.8379902839660645,1.0,0.9095506072044373,0.0221339650452137,,,
39,11,8,3.794377088546753,1.0000208616256714,0.09818187355995178,0.09096773713827133,,,
39,11,9,1.9300473928451538,1.0,0.9068694710731506,0.007322479505091906,,,
39,11,10,2.7846767902374268,1.0,0.9123094081878662,0.04721321910619736,,,
39,11,11,2.966539144515991,1.0000001192092896,0.910982072353363,0.038638222962617874,,,
40,0,0,4.4535369873046875,1.0000183582305908,0.797468364238739,0.017831699922680855,,,
40,0,1,0.6376901865005493,1.000030755996704,0.8008444309234619,0.7954176664352417,,,
40,0,2,4.572162628173828,1.0000134706497192,0.7927444577217102,0.04386337473988533,,,
40,0,3,0.47757843136787415,1.0000295639038086,0.7778120636940002,0.805701732635498,,,
40,0,4,1.254496455192566,1.0000287294387817,0.7864633202552795,0.5655782222747803,,,
40,0,5,1.7380130290985107,1.0000226497650146,0.7395375967025757,0.5092323422431946,,,
40,0,6,4.189869403839111,1.0000202655792236,0.7083027362823486,0.03243577852845192,,,
40,0,7,1.8890942335128784,1.0000272989273071,0.7464544773101807,0.17057570815086365,,,
40,0,8,4.2093915939331055,1.0000230073928833,0.7821380496025085,0.0574658177793026,,,
40,0,9,4.635846138000488,1.0000163316726685,0.8428390622138977,0.02236349880695343,,,
40,0,10,4.222942352294922,1.0000245571136475,0.8743464946746826,0.15018120408058167,,,
40,0,11,5.367452621459961,1.000014305114746,0.727893054485321,0.007926995866000652,,,
40,1,0,2.3235294818878174,1.0000282526016235,0.694380521774292,0.10828562825918198,,,
40,1,1,2.7273755073547363,1.0000219345092773,0.69732266664505,0.09502746164798737,,,
40,1,2,4.734818935394287,1.0000170469284058,0.6539437770843506,0.026844756677746773,,,
40,1,3,4.2616095542907715,1.000001311302185,0.682232141494751,0.035544998943805695,,,
40,1,4,3.7646002769470215,1.0000102519989014,0.8048668503761292,0.06857030838727951,,,
40,1,5,4.446293830871582,1.0000132322311401,0.8203271627426147,0.09064806997776031,,,
40,1,6,4.464023113250732,1.0000098943710327,0.8085258603096008,0.028225570917129517,,,
40,1,7,4.973420143127441,1.0000126361846924,0.8297002911567688,0.019706809893250465,,,
40,1,8,5.283912658691406,1.0000042915344238,0.7885005474090576,0.00961722619831562,,,
40,1,9,5.303412914276123,1.0000059604644775,0.7610207200050354,0.007136543747037649,,,
40,1,10,4.421557426452637,1.0000131130218506,0.5981605052947998,0.041356828063726425,,,
40,1,11,1.850003719329834,1.0000274181365967,0.7472617626190186,0.6218912601470947,,,
40,2,0,2.5015039443969727,1.000001311302185,0.8720324039459229,0.10530474036931992,,,
40,2,1,4.582177639007568,1.0000004768371582,0.8537706732749939,0.00936061516404152,,,
40,2,2,1.1337875127792358,1.0000048875808716,0.8725316524505615,0.12404005974531174,,,
40,2,3,1.9280740022659302,1.0000063180923462,0.8414308428764343,0.13214939832687378,,,
40,2,4,1.70526123046875,1.000000238418579,0.8540871143341064,0.09511708468198776,,,
40,2,5,1.7613128423690796,1.0000067949295044,0.8463468551635742,0.14404204487800598,,,
40,2,6,2.8386423587799072,1.0000072717666626,0.7586345076560974,0.07851080596446991,,,
40,2,7,2.721849203109741,1.0,0.8254386782646179,0.03262528404593468,,,
40,2,8,1.91464102268219,1.0000026226043701,0.8818430304527283,0.11255405098199844,,,
40,2,9,1.7730728387832642,1.0000065565109253,0.8450053930282593,0.12919236719608307,,,
40,2,10,3.1474080085754395,1.0000282526016235,0.5124775767326355,0.12232469022274017,,,
40,2,11,3.087254285812378,1.0000001192092896,0.8655666708946228,0.10262046754360199,,,
40,3,0,2.881260871887207,1.0,0.9909393787384033,0.05709461495280266,,,
40,3,1,2.0508406162261963,1.000000238418579,0.9904631972312927,0.05798302963376045,,,
40,3,2,1.4591659307479858,1.0000005960464478,0.9778860211372375,0.1133069097995758,,,
40,3,3,1.0420881509780884,1.0,0.9906765222549438,0.07078316062688828,,,
40,3,4,3.8641698360443115,1.0,0.9914894104003906,0.011095668189227581,,,
40,3,5,2.79347562789917,1.0,0.9921784996986389,0.03387581557035446,,,
40,3,6,1.7537975311279297,1.0000005960464478,0.9788598418235779,0.15164361894130707,,,
40,3,7,1.4750308990478516,1.0000003576278687,0.9877541065216064,0.12080685049295425,,,
40,3,8,1.5552042722702026,1.0000003576278687,0.9819907546043396,0.11929287016391754,,,
40,3,9,1.667409896850586,1.0,0.9916667342185974,0.07811092585325241,,,
40,3,10,1.8401618003845215,1.0,0.9907369613647461,0.16058000922203064,,,
40,3,11,1.851574420928955,1.0000001192092896,0.9902544021606445,0.10254816710948944,,,
40,4,0,1.2789027690887451,1.0,0.9151777625083923,0.05401325225830078,,,
40,4,1,1.6808665990829468,1.0,0.918211042881012,0.06489413976669312,,,
40,4,2,2.539219617843628,1.0,0.915471613407135,0.015277833677828312,,,
40,4,3,1.7029651403427124,1.0000001192092896,0.9175341129302979,0.06729770451784134,,,
40,4,4,3.2819271087646484,1.0,0.916861891746521,0.04333991929888725,,,
40,4,5,1.4865492582321167,1.0,0.915397047996521,0.054120175540447235,,,
40,4,6,2.1627190113067627,1.0,0.9170772433280945,0.04783548787236214,,,
40,4,7,1.903867244720459,1.0000004768371582,0.9192836284637451,0.46997812390327454,,,
40,4,8,3.5622589588165283,1.0,0.9176270961761475,0.01633242517709732,,,
40,4,9,1.9406391382217407,1.0,0.9167400598526001,0.03513482213020325,,,
40,4,10,3.38702392578125,1.0,0.9157238006591797,0.012818880379199982,,,
40,4,11,0.01242190133780241,1.000030279159546,0.14650076627731323,0.003862823359668255,,,
40,5,0,1.9223860502243042,1.0,0.9968109726905823,0.010741887614130974,,,
40,5,1,0.4161965847015381,1.0,0.9963694214820862,0.004076185170561075,,,
40,5,2,1.509926676750183,1.0,0.9968437552452087,0.021285980939865112,,,
40,5,3,2.369887590408325,1.0000001192092896,0.9940326809883118,0.03354370594024658,,,
40,5,4,1.5155075788497925,1.0,0.9967165589332581,0.04977193474769592,,,
40,5,5,2.1383819580078125,1.0,0.99674391746521,0.011404960416257381,,,
40,5,6,0.7367976903915405,1.0,0.996580183506012,0.02771376073360443,,,
40,5,7,1.001731276512146,1.0,0.9965894222259521,0.0361141562461853,,,
40,5,8,1.2294905185699463,1.0,0.9967493414878845,0.02973289228975773,,,
40,5,9,3.078622341156006,1.0,0.9972503185272217,0.008259613066911697,,,
40,5,10,3.700462579727173,1.0000004768371582,0.976442277431488,0.029897045344114304,,,
40,5,11,2.97818922996521,1.0,0.9968814849853516,0.11223017424345016,,,
40,6,0,1.8871413469314575,1.0,0.9952142238616943,0.03808271512389183,,,
40,6,1,0.8764488697052002,1.0,0.9978246092796326,0.02452104352414608,,,
40,6,2,3.7208762168884277,1.0,0.9968273043632507,0.014164903201162815,,,
40,6,3,1.6954234838485718,1.0,0.9982057809829712,0.01732691563665867,,,
40,6,4,3.575307607650757,1.0,0.994037389755249,0.018817581236362457,,,
40,6,5,1.7362858057022095,1.0,0.9982917904853821,0.06081545352935791,,,
40,6,6,3.0663106441497803,1.0,0.9983397126197815,0.07935573160648346,,,
40,6,7,2.2666447162628174,1.0,0.9979570508003235,0.041275754570961,,,
40,6,8,1.314171314239502,1.0,0.9981936812400818,0.028151514008641243,,,
40,6,9,0.9075857400894165,1.0,0.9977694153785706,0.005601897370070219,,,
40,6,10,3.1330370903015137,1.0,0.9980505108833313,0.01090231817215681,,,
40,6,11,1.651511549949646,1.0,0.9979519248008728,0.04953388869762421,,,
40,7,0,1.1364414691925049,1.0,0.9989497661590576,0.02613120898604393,,,
40,7,1,2.515937328338623,1.0,0.998826265335083,0.010050156153738499,,,
40,7,2,0.7658196091651917,1.0,0.9992402791976929,0.004093534778803587,,,
40,7,3,1.5635273456573486,1.0,0.9994227886199951,0.04541338235139847,,,
40,7,4,0.9864873886108398,1.0,0.9993360638618469,0.014607018791139126,,,
40,7,5,2.6574513912200928,1.0,0.9980527758598328,0.02294868603348732,,,
40,7,6,3.1359994411468506,1.0,0.999203085899353,0.01078177522867918,,,
40,7,7,1.528625249862671,1.0,0.9993320107460022,0.012128481641411781,,,
40,7,8,1.3679249286651611,1.0,0.9990928173065186,0.03458544984459877,,,
40,7,9,1.5287697315216064,1.0,0.999310314655304,0.030852211639285088,,,
40,7,10,1.1779826879501343,1.0,0.9992340207099915,0.005503201391547918,,,
40,7,11,1.971599817276001,1.0,0.9992890954017639,0.008247888647019863,,,
40,8,0,3.233264923095703,1.0,0.9978489279747009,0.022160954773426056,,,
40,8,1,1.418891429901123,1.0,0.9978296160697937,0.008314751088619232,,,
40,8,2,4.150628089904785,1.0000003576278687,0.9868139028549194,0.011961736716330051,,,
40,8,3,2.26125168800354,1.0,0.9981185793876648,0.01850966177880764,,,
40,8,4,1.2469305992126465,1.0,0.9979556798934937,0.04854608699679375,,,
40,8,5,2.054469347000122,1.0,0.9973613619804382,0.03818148002028465,,,
40,8,6,2.0601439476013184,1.0,0.9980555176734924,0.01743553765118122,,,
40,8,7,1.3403935432434082,1.0,0.997572660446167,0.051963742822408676,,,
40,8,8,2.0606374740600586,1.0,0.9980588555335999,0.023727305233478546,,,
40,8,9,2.1927378177642822,1.0,0.9980900287628174,0.0244485791772604,,,
40,8,10,2.400376796722412,1.0,0.9982566833496094,0.058743156492710114,,,
40,8,11,1.8149851560592651,1.0,0.9978128671646118,0.012040597386658192,,,
40,9,0,2.483527421951294,1.0,0.9962352514266968,0.01994009129703045,,,
40,9,1,2.11435866355896,1.0,0.9979484677314758,0.009432841092348099,,,
40,9,2,2.5128841400146484,1.0,0.9977503418922424,0.014196358621120453,,,
40,9,3,1.68495774269104,1.0,0.9975464344024658,0.044944677501916885,,,
40,9,4,2.000302314758301,1.0,0.9983839392662048,0.010407875292003155,,,
40,9,5,2.663341999053955,1.0,0.9984209537506104,0.029849179089069366,,,
40,9,6,1.8667335510253906,1.0,0.9982650279998779,0.0045144883915781975,,,
40,9,7,2.105405807495117,1.0,0.9982263445854187,0.018569398671388626,,,
40,9,8,2.7303826808929443,1.0000001192092896,0.9965442419052124,0.008173163048923016,,,
40,9,9,2.019483804702759,1.0,0.998378336429596,0.005410157609730959,,,
40,9,10,1.2306989431381226,1.0,0.9981008172035217,0.04032101854681969,,,
40,9,11,2.700390338897705,1.0000001192092896,0.9931665062904358,0.006194358225911856,,,
40,10,0,2.7262940406799316,1.000000238418579,0.9899852275848389,0.006408782210201025,,,
40,10,1,2.1229279041290283,1.0,0.9951692819595337,0.00673459330573678,,,
40,10,2,2.6774497032165527,1.0000001192092896,0.9916435480117798,0.008177748881280422,,,
40,10,3,3.143667697906494,1.0000001192092896,0.990018904209137,0.010084534995257854,,,
40,10,4,3.4403140544891357,1.0000001192092896,0.9900237917900085,0.019963463768363,,,
40,10,5,1.063752293586731,1.0,0.9946499466896057,0.023887092247605324,,,
40,10,6,2.224365234375,1.0,0.9949613809585571,0.007449465803802013,,,
40,10,7,3.0690653324127197,1.0,0.9949155449867249,0.025876173749566078,,,
40,10,8,2.513430118560791,1.0,0.9949989318847656,0.01207513827830553,,,
40,10,9,1.4036593437194824,1.0,0.9950195550918579,0.064218670129776,,,
40,10,10,2.1061949729919434,1.0,0.9953161478042603,0.005525941029191017,,,
40,10,11,2.032336711883545,1.0,0.9953789114952087,0.027325408533215523,,,
40,11,0,4.750742435455322,1.0000016689300537,0.8828475475311279,0.024355584755539894,,,
40,11,1,3.1865341663360596,1.0,0.9070484042167664,0.016840294003486633,,,
40,11,2,2.927769660949707,1.0000003576278687,0.9019011855125427,0.008059252053499222,,,
40,11,3,2.273392915725708,1.0,0.9045124053955078,0.02714349888265133,,,
40,11,4,4.088984966278076,1.0000001192092896,0.9110893607139587,0.013734985142946243,,,
40,11,5,2.6829781532287598,1.0,0.9052073955535889,0.010384051129221916,,,
40,11,6,2.415579319000244,1.0,0.9047897458076477,0.005761945154517889,,,
40,11,7,2.7056801319122314,1.0,0.9054008722305298,0.016106395050883293,,,
40,11,8,3.6685791015625,1.0000219345092773,0.11004528403282166,0.10008051991462708,,,
40,11,9,2.285731792449951,1.0,0.9042670726776123,0.0061675794422626495,,,
40,11,10,3.103668212890625,1.0,0.9109506011009216,0.04096857085824013,,,
40,11,11,2.89676570892334,1.0,0.9081071615219116,0.03182001784443855,,,
41,0,0,4.364611625671387,1.000016212463379,0.7919740080833435,0.020102309063076973,,,
41,0,1,0.5818819403648376,1.0000293254852295,0.8028035759925842,0.8146339654922485,,,
41,0,2,4.556979656219482,1.0000121593475342,0.7894132733345032,0.04291491210460663,,,
41,0,3,0.44508713483810425,1.0000277757644653,0.7839166522026062,0.8355173468589783,,,
41,0,4,1.3227369785308838,1.0000267028808594,0.793475866317749,0.5598844885826111,,,
41,0,5,1.6058950424194336,1.000022053718567,0.7577973008155823,0.5650848150253296,,,
41,0,6,4.181673049926758,1.0000202655792236,0.7100956439971924,0.03141992911696434,,,
41,0,7,1.8626784086227417,1.0000258684158325,0.7402321100234985,0.16873331367969513,,,
41,0,8,4.212392807006836,1.0000216960906982,0.7902898192405701,0.057509131729602814,,,
41,0,9,4.59753942489624,1.000015377998352,0.8436995148658752,0.023482296615839005,,,
41,0,10,4.180905818939209,1.0000232458114624,0.8754756450653076,0.15373720228672028,,,
41,0,11,5.3082122802734375,1.0000134706497192,0.7313194274902344,0.008418969810009003,,,
41,1,0,2.3875088691711426,1.0000252723693848,0.7251878976821899,0.1046241968870163,,,
41,1,1,2.714113712310791,1.0000200271606445,0.6998217105865479,0.09433327615261078,,,
41,1,2,4.6894402503967285,1.0000172853469849,0.632195234298706,0.028083842247724533,,,
41,1,3,4.182733058929443,1.0000008344650269,0.6791269779205322,0.036888543516397476,,,
41,1,4,3.7501566410064697,1.0000090599060059,0.8058799505233765,0.06903219223022461,,,
41,1,5,4.449465751647949,1.0000115633010864,0.8270923495292664,0.08770167827606201,,,
41,1,6,4.3983001708984375,1.000008463859558,0.7966209053993225,0.03657902777194977,,,
41,1,7,4.849858283996582,1.0000122785568237,0.8152312636375427,0.020184507593512535,,,
41,1,8,5.2175068855285645,1.0000035762786865,0.7870664596557617,0.009893069975078106,,,
41,1,9,5.2763471603393555,1.0000063180923462,0.7661281824111938,0.0071064867079257965,,,
41,1,10,4.38308572769165,1.000011920928955,0.5886690616607666,0.0420510359108448,,,
41,1,11,1.7498645782470703,1.000026822090149,0.750095009803772,0.6412335634231567,,,
41,2,0,2.5100932121276855,1.0000014305114746,0.8782980442047119,0.10373689234256744,,,
41,2,1,4.686946868896484,1.0000014305114746,0.8587564826011658,0.012127285823225975,,,
41,2,2,1.1328961849212646,1.0000046491622925,0.8779361844062805,0.1200992539525032,,,
41,2,3,1.9513933658599854,1.0000054836273193,0.8545463681221008,0.12644241750240326,,,
41,2,4,1.7412413358688354,1.0000001192092896,0.8601291179656982,0.08272803574800491,,,
41,2,5,1.827052354812622,1.0000041723251343,0.8683359026908875,0.1269664168357849,,,
41,2,6,2.803091287612915,1.000005841255188,0.795713484287262,0.07823172211647034,,,
41,2,7,2.7769782543182373,1.0,0.8341783881187439,0.033510446548461914,,,
41,2,8,1.8604050874710083,1.0000022649765015,0.8851436972618103,0.10901538282632828,,,
41,2,9,1.7891851663589478,1.0000040531158447,0.8603212833404541,0.120311439037323,,,
41,2,10,3.141273021697998,1.0000271797180176,0.5156280994415283,0.12148027867078781,,,
41,2,11,3.038416624069214,1.0000003576278687,0.8709508776664734,0.10233449935913086,,,
41,3,0,2.8803842067718506,1.0,0.992362380027771,0.07385913282632828,,,
41,3,1,1.9703545570373535,1.0000001192092896,0.9924696087837219,0.059662140905857086,,,
41,3,2,1.45989990234375,1.0000003576278687,0.9851335287094116,0.10991030931472778,,,
41,3,3,0.996544361114502,1.0,0.9924892783164978,0.06121955066919327,,,
41,3,4,3.6932270526885986,1.0,0.9931325316429138,0.011154159903526306,,,
41,3,5,2.7569847106933594,1.0,0.9938589334487915,0.035247985273599625,,,
41,3,6,1.7267508506774902,1.0000003576278687,0.9838271737098694,0.1455877721309662,,,
41,3,7,1.469012975692749,1.0000001192092896,0.9899460077285767,0.10964842885732651,,,
41,3,8,1.533260703086853,1.0000003576278687,0.9857422113418579,0.11559891700744629,,,
41,3,9,1.6262516975402832,1.0,0.9934813976287842,0.0753135234117508,,,
41,3,10,1.8484467267990112,1.0,0.9926710724830627,0.15496422350406647,,,
41,3,11,1.7953168153762817,1.0000003576278687,0.990685224533081,0.10010179877281189,,,
41,4,0,1.241706132888794,1.0,0.9160822033882141,0.061598170548677444,,,
41,4,1,1.641992211341858,1.0000001192092896,0.9178916811943054,0.06801809370517731,,,
41,4,2,2.221242666244507,1.0,0.9140546321868896,0.0152173126116395,,,
41,4,3,1.5869311094284058,1.0,0.9166435599327087,0.06567946076393127,,,
41,4,4,3.1859989166259766,1.0,0.916412353515625,0.04282407835125923,,,
41,4,5,1.4466617107391357,1.0,0.9153656363487244,0.061409808695316315,,,
41,4,6,2.105006217956543,1.0,0.916655957698822,0.04461921751499176,,,
41,4,7,1.8276985883712769,1.0000005960464478,0.9163475632667542,0.4953736960887909,,,
41,4,8,3.5451624393463135,1.0,0.9176084399223328,0.015315495431423187,,,
41,4,9,1.9130131006240845,1.0,0.9164005517959595,0.03897935152053833,,,
41,4,10,3.1618447303771973,1.0,0.9151100516319275,0.012834380380809307,,,
41,4,11,0.01057435106486082,1.0000286102294922,0.1490423083305359,0.004583194851875305,,,
41,5,0,1.951696753501892,1.0,0.9953920245170593,0.011384768411517143,,,
41,5,1,0.3324309289455414,1.0,0.9946373105049133,0.004376661032438278,,,
41,5,2,1.4885780811309814,1.0,0.9953124523162842,0.020407887175679207,,,
41,5,3,2.388821601867676,1.0000001192092896,0.9917439818382263,0.03502167388796806,,,
41,5,4,1.5748307704925537,1.0,0.9952690601348877,0.053230803459882736,,,
41,5,5,2.2696382999420166,1.0,0.9954928755760193,0.015151942148804665,,,
41,5,6,0.7088775038719177,1.0,0.9949049353599548,0.02506650798022747,,,
41,5,7,1.0692938566207886,1.0,0.9950618743896484,0.036885473877191544,,,
41,5,8,1.1920832395553589,1.0,0.9951323866844177,0.027519701048731804,,,
41,5,9,3.1689116954803467,1.0,0.9959049224853516,0.0090256966650486,,,
41,5,10,3.872375011444092,1.0000008344650269,0.9615767002105713,0.035348210483789444,,,
41,5,11,2.8214149475097656,1.0,0.9956492781639099,0.11916876584291458,,,
41,6,0,1.8655098676681519,1.0,0.9951379299163818,0.03386300429701805,,,
41,6,1,0.835913360118866,1.0,0.9978863000869751,0.023272326216101646,,,
41,6,2,3.595325469970703,1.0,0.9978287220001221,0.013381890021264553,,,
41,6,3,1.7040196657180786,1.0,0.9983068704605103,0.01707790046930313,,,
41,6,4,3.6270432472229004,1.0000001192092896,0.9948256015777588,0.019050357863307,,,
41,6,5,1.8263447284698486,1.0,0.9984385967254639,0.06431310623884201,,,
41,6,6,3.0291311740875244,1.0,0.9984506368637085,0.08116418868303299,,,
41,6,7,2.4042892456054688,1.0,0.9975711703300476,0.04018983989953995,,,
41,6,8,1.3276785612106323,1.0,0.9982491135597229,0.02780493162572384,,,
41,6,9,0.9650115966796875,1.0,0.9978921413421631,0.007457627449184656,,,
41,6,10,3.0629842281341553,1.0,0.998242974281311,0.009700079448521137,,,
41,6,11,1.6777089834213257,1.0,0.9979433417320251,0.04819289594888687,,,
41,7,0,1.0740584135055542,1.0,0.9988325238227844,0.026568671688437462,,,
41,7,1,2.8687288761138916,1.0,0.9978792071342468,0.014762552455067635,,,
41,7,2,0.4890535771846771,1.0,0.9989154934883118,0.004144477192312479,,,
41,7,3,1.6669906377792358,1.0,0.9992181658744812,0.0475226528942585,,,
41,7,4,0.9971781373023987,1.0,0.9990964531898499,0.015324940904974937,,,
41,7,5,2.7804770469665527,1.0,0.9970111846923828,0.02142002061009407,,,
41,7,6,3.136101722717285,1.0,0.9990459680557251,0.011839790269732475,,,
41,7,7,1.4620935916900635,1.0,0.9990852475166321,0.012218145653605461,,,
41,7,8,1.3611425161361694,1.0,0.9988602995872498,0.03204156458377838,,,
41,7,9,1.6227445602416992,1.0,0.9990298748016357,0.03196890279650688,,,
41,7,10,1.1271618604660034,1.0,0.999077558517456,0.0069679152220487595,,,
41,7,11,1.9369665384292603,1.0,0.9991347789764404,0.007893357425928116,,,
41,8,0,3.1599960327148438,1.0,0.9972438216209412,0.026619093492627144,,,
41,8,1,1.2022926807403564,1.0,0.9966551065444946,0.009395272471010685,,,
41,8,2,4.287213325500488,1.0000003576278687,0.9840761423110962,0.01186725590378046,,,
41,8,3,2.497727155685425,1.0,0.9971725344657898,0.01958213932812214,,,
41,8,4,1.196033000946045,1.0,0.9969058632850647,0.045907147228717804,,,
41,8,5,1.9477558135986328,1.0,0.996671736240387,0.03637998551130295,,,
41,8,6,1.8578065633773804,1.0,0.9970739483833313,0.016770724207162857,,,
41,8,7,1.2551497220993042,1.0,0.9966439604759216,0.05264520272612572,,,
41,8,8,2.7676355838775635,1.0000001192092896,0.9928627014160156,0.029627490788698196,,,
41,8,9,2.6877193450927734,1.0,0.9972686767578125,0.032005682587623596,,,
41,8,10,2.480001926422119,1.0,0.99751877784729,0.0636800155043602,,,
41,8,11,1.9836045503616333,1.0,0.9970451593399048,0.015677345916628838,,,
41,9,0,2.5320136547088623,1.0,0.9980822205543518,0.024580268189311028,,,
41,9,1,2.1999166011810303,1.0,0.9984709024429321,0.014318638481199741,,,
41,9,2,2.757229804992676,1.0,0.9960359334945679,0.01628022827208042,,,
41,9,3,1.6311558485031128,1.0,0.9979979991912842,0.0433160699903965,,,
41,9,4,1.9662907123565674,1.0,0.9987831711769104,0.011444995179772377,,,
41,9,5,2.362339496612549,1.0,0.9988367557525635,0.032609015703201294,,,
41,9,6,1.6287033557891846,1.0,0.9987682700157166,0.005667109973728657,,,
41,9,7,1.9157962799072266,1.0,0.998696506023407,0.017220396548509598,,,
41,9,8,2.797903060913086,1.0,0.9970083832740784,0.009018894284963608,,,
41,9,9,1.8845226764678955,1.0,0.998631477355957,0.006547664292156696,,,
41,9,10,1.252787709236145,1.0,0.9985670447349548,0.041210271418094635,,,
41,9,11,2.193958282470703,1.0,0.9975131750106812,0.005603355821222067,,,
41,10,0,2.330533981323242,1.0,0.9940243363380432,0.008301656693220139,,,
41,10,1,2.117117166519165,1.0,0.9938848614692688,0.009779744781553745,,,
41,10,2,2.6667163372039795,1.0,0.9932396411895752,0.009645593352615833,,,
41,10,3,3.3297080993652344,1.0000005960464478,0.9621231555938721,0.014325598254799843,,,
41,10,4,3.318629503250122,1.0000001192092896,0.9922821521759033,0.020196808502078056,,,
41,10,5,1.0504791736602783,1.0,0.9933836460113525,0.026791414245963097,,,
41,10,6,2.1626129150390625,1.0,0.9935579895973206,0.00854735542088747,,,
41,10,7,3.2389333248138428,1.0000001192092896,0.9927262663841248,0.024388613179326057,,,
41,10,8,2.367096424102783,1.0,0.9939927458763123,0.012594855390489101,,,
41,10,9,1.3704699277877808,1.0,0.993939220905304,0.06788258254528046,,,
41,10,10,1.8983936309814453,1.0,0.9943151473999023,0.0066736736334860325,,,
41,10,11,2.390242099761963,1.0,0.9936360716819763,0.0377991683781147,,,
41,11,0,4.784231662750244,1.0000022649765015,0.8626463413238525,0.026518775150179863,,,
41,11,1,2.7335448265075684,1.0,0.9039822220802307,0.011810212396085262,,,
41,11,2,2.572080612182617,1.0,0.9026355743408203,0.006997797638177872,,,
41,11,3,2.380356550216675,1.0,0.9045736193656921,0.027438368648290634,,,
41,11,4,3.8194751739501953,1.0000001192092896,0.9088481664657593,0.01570276916027069,,,
41,11,5,2.5103864669799805,1.0,0.9034557938575745,0.01065743900835514,,,
41,11,6,1.9514358043670654,1.0,0.9014131426811218,0.005962882190942764,,,
41,11,7,2.83431339263916,1.0,0.904808759689331,0.01829511485993862,,,
41,11,8,3.7142231464385986,1.0000211000442505,0.11297087371349335,0.10010425001382828,,,
41,11,9,2.1555914878845215,1.0,0.9023643732070923,0.007622726261615753,,,
41,11,10,3.143498420715332,1.0,0.909566342830658,0.046243950724601746,,,
41,11,11,2.8739445209503174,1.0000001192092896,0.9073390364646912,0.032371509820222855,,,
42,0,0,4.416582107543945,1.0000172853469849,0.8091521859169006,0.019410597160458565,,,
42,0,1,0.5525021553039551,1.0000303983688354,0.8049560785293579,0.8231027722358704,,,
42,0,2,4.564564228057861,1.0000123977661133,0.7939873337745667,0.04404676705598831,,,
42,0,3,0.4417748749256134,1.0000299215316772,0.7892051339149475,0.8361375331878662,,,
42,0,4,1.1814340353012085,1.0000276565551758,0.7864366173744202,0.583048403263092,,,
42,0,5,1.5893473625183105,1.0000239610671997,0.7555866241455078,0.5522821545600891,,,
42,0,6,4.242451190948486,1.0000208616256714,0.7285354137420654,0.0309015903621912,,,
42,0,7,1.8840501308441162,1.000027060508728,0.7526350021362305,0.1693093478679657,,,
42,0,8,4.199396133422852,1.000023365020752,0.8110506534576416,0.061547182500362396,,,
42,0,9,4.622434616088867,1.000016689300537,0.8423870205879211,0.022408293560147285,,,
42,0,10,4.228605270385742,1.000024437904358,0.8789514303207397,0.14913728833198547,,,
42,0,11,5.362631320953369,1.000014066696167,0.7314398288726807,0.007611923851072788,,,
42,1,0,2.343165159225464,1.0000271797180176,0.696197509765625,0.10720100998878479,,,
42,1,1,2.7067089080810547,1.00002121925354,0.6947004199028015,0.09688734263181686,,,
42,1,2,4.731141090393066,1.0000172853469849,0.6528462767601013,0.02710174396634102,,,
42,1,3,4.243035316467285,1.0000014305114746,0.6854603290557861,0.035801034420728683,,,
42,1,4,3.7556028366088867,1.0000100135803223,0.8060407638549805,0.06904397159814835,,,
42,1,5,4.427083492279053,1.0000120401382446,0.8198158144950867,0.08651842176914215,,,
42,1,6,4.5520710945129395,1.000008225440979,0.8145036101341248,0.03107038512825966,,,
42,1,7,4.918255805969238,1.0000132322311401,0.8220700621604919,0.02003432624042034,,,
42,1,8,5.269412994384766,1.0000044107437134,0.7861391305923462,0.010073757730424404,,,
42,1,9,5.312289237976074,1.000006079673767,0.7629381418228149,0.007455180399119854,,,
42,1,10,4.407654762268066,1.0000131130218506,0.5930439829826355,0.041353270411491394,,,
42,1,11,1.8478610515594482,1.0000277757644653,0.750718891620636,0.6307939291000366,,,
42,2,0,2.521656036376953,1.000001072883606,0.8794105052947998,0.1033487617969513,,,
42,2,1,4.740739822387695,1.000001072883606,0.8650968670845032,0.010501092299818993,,,
42,2,2,1.1485329866409302,1.0000054836273193,0.8752526640892029,0.1353142112493515,,,
42,2,3,1.9580098390579224,1.000004529953003,0.8627918362617493,0.13700629770755768,,,
42,2,4,1.736155390739441,1.0000001192092896,0.8617094159126282,0.091559998691082,,,
42,2,5,1.8006185293197632,1.000004768371582,0.8647933602333069,0.1409202367067337,,,
42,2,6,2.790895700454712,1.0000076293945312,0.7773248553276062,0.08025536686182022,,,
42,2,7,2.7191152572631836,1.0,0.8345032334327698,0.033356040716171265,,,
42,2,8,1.888527274131775,1.0000025033950806,0.8855676651000977,0.1119324192404747,,,
42,2,9,1.8013012409210205,1.0000041723251343,0.8621793389320374,0.13608357310295105,,,
42,2,10,3.132321357727051,1.0000286102294922,0.5133534669876099,0.1253729611635208,,,
42,2,11,3.080413341522217,1.0000003576278687,0.8732343316078186,0.10540904104709625,,,
42,3,0,2.9048383235931396,1.0,0.9927783608436584,0.06957332044839859,,,
42,3,1,1.9344823360443115,1.0000001192092896,0.9925059676170349,0.06041034311056137,,,
42,3,2,1.451559066772461,1.0000003576278687,0.9860804080963135,0.11197192221879959,,,
42,3,3,0.9860692620277405,1.0,0.9925918579101562,0.06838589161634445,,,
42,3,4,3.8723630905151367,1.0,0.9932170510292053,0.011913415044546127,,,
42,3,5,2.726510524749756,1.0,0.9940975308418274,0.032638147473335266,,,
42,3,6,1.7232519388198853,1.0000004768371582,0.9838090538978577,0.1533854454755783,,,
42,3,7,1.4762344360351562,1.0000001192092896,0.990386426448822,0.11821331083774567,,,
42,3,8,1.5309406518936157,1.0000003576278687,0.9859106540679932,0.1274864673614502,,,
42,3,9,1.5986006259918213,1.0,0.9934766888618469,0.07482217997312546,,,
42,3,10,1.8061020374298096,1.0,0.9927465915679932,0.15407997369766235,,,
42,3,11,1.8030064105987549,1.0000001192092896,0.9914770722389221,0.10101883113384247,,,
42,4,0,1.2750495672225952,1.0,0.9161865711212158,0.06068266183137894,,,
42,4,1,1.5845537185668945,1.0000001192092896,0.917853593826294,0.06720022112131119,,,
42,4,2,2.213582754135132,1.0,0.9146873354911804,0.015218435786664486,,,
42,4,3,1.6156585216522217,1.0,0.9172917008399963,0.0702744722366333,,,
42,4,4,3.176839828491211,1.0,0.9169811010360718,0.04647613689303398,,,
42,4,5,1.4864236116409302,1.0,0.9158117771148682,0.05848841369152069,,,
42,4,6,2.1030194759368896,1.0,0.9171091318130493,0.04663228616118431,,,
42,4,7,1.8645923137664795,1.0000005960464478,0.9192582964897156,0.47931960225105286,,,
42,4,8,3.4381940364837646,1.0,0.91744464635849,0.015357539989054203,,,
42,4,9,1.8762791156768799,1.0,0.9167064428329468,0.03739400580525398,,,
42,4,10,3.3743014335632324,1.0,0.9161393642425537,0.013245384208858013,,,
42,4,11,0.012720638886094093,1.0000301599502563,0.14190593361854553,0.004212333355098963,,,
42,5,0,1.7708957195281982,1.0,0.9958994388580322,0.012034527957439423,,,
42,5,1,0.31727948784828186,1.0,0.9954776763916016,0.004467095248401165,,,
42,5,2,1.420982003211975,1.0,0.9958505630493164,0.020327560603618622,,,
42,5,3,2.277588129043579,1.0000001192092896,0.9936811327934265,0.03536774590611458,,,
42,5,4,1.4481008052825928,1.0,0.9958540201187134,0.046919845044612885,,,
42,5,5,1.9590790271759033,1.0,0.995988130569458,0.012904241681098938,,,
42,5,6,0.6773906946182251,1.0,0.9956195950508118,0.025991138070821762,,,
42,5,7,0.9701802134513855,1.0,0.9956945776939392,0.03649688884615898,,,
42,5,8,1.1214762926101685,1.0,0.9957696795463562,0.029626917093992233,,,
42,5,9,2.9848012924194336,1.0,0.9962949156761169,0.008494576439261436,,,
42,5,10,3.642587900161743,1.0000007152557373,0.9638425707817078,0.03676328435540199,,,
42,5,11,2.795602560043335,1.0,0.9960384368896484,0.12132488191127777,,,
42,6,0,1.8500442504882812,1.0000001192092896,0.996701180934906,0.03823043406009674,,,
42,6,1,0.8368566632270813,1.0,0.9983470439910889,0.024784177541732788,,,
42,6,2,3.530427932739258,1.0,0.9980838894844055,0.014061502180993557,,,
42,6,3,1.7134413719177246,1.0,0.9986827969551086,0.018401669338345528,,,
42,6,4,3.4916188716888428,1.0000001192092896,0.995770275592804,0.017315512523055077,,,
42,6,5,1.6653443574905396,1.0,0.9987154006958008,0.062177080661058426,,,
42,6,6,2.9413559436798096,1.0,0.9987754225730896,0.07990528643131256,,,
42,6,7,2.310701370239258,1.0,0.9979419112205505,0.04267401248216629,,,
42,6,8,1.2812535762786865,1.0,0.9985849261283875,0.02886207029223442,,,
42,6,9,0.901150643825531,1.0,0.9983168244361877,0.006253568455576897,,,
42,6,10,3.0649404525756836,1.0,0.9985590577125549,0.009466759860515594,,,
42,6,11,1.581006407737732,1.0,0.9984323382377625,0.048135608434677124,,,
42,7,0,1.0530714988708496,1.0,0.999071478843689,0.028206976130604744,,,
42,7,1,2.270638942718506,1.0,0.9991729259490967,0.011580090038478374,,,
42,7,2,0.5971336364746094,1.0,0.9992868900299072,0.0038143934216350317,,,
42,7,3,1.4503782987594604,1.0,0.9994606375694275,0.04405932128429413,,,
42,7,4,0.9500237703323364,1.0,0.9993846416473389,0.015298754908144474,,,
42,7,5,2.603468894958496,1.0,0.9979457855224609,0.02198811247944832,,,
42,7,6,3.0505640506744385,1.0,0.9992340207099915,0.011177959851920605,,,
42,7,7,1.5880883932113647,1.0,0.9994055032730103,0.01169163640588522,,,
42,7,8,1.390893816947937,1.0,0.9989416003227234,0.039523299783468246,,,
42,7,9,1.3938660621643066,1.0,0.999329149723053,0.02987104281783104,,,
42,7,10,0.9972670674324036,1.0,0.999308168888092,0.005125048570334911,,,
42,7,11,2.039092540740967,1.0,0.9994051456451416,0.00769903976470232,,,
42,8,0,3.220818281173706,1.0,0.9977691173553467,0.021222759038209915,,,
42,8,1,1.1541731357574463,1.0,0.9976205229759216,0.008122874423861504,,,
42,8,2,4.164963245391846,1.000000238418579,0.985409140586853,0.012499775737524033,,,
42,8,3,2.2214787006378174,1.0,0.9980019927024841,0.017466474324464798,,,
42,8,4,1.1014357805252075,1.0,0.9977718591690063,0.0417102612555027,,,
42,8,5,1.905977725982666,1.0,0.9978423714637756,0.03933105990290642,,,
42,8,6,2.135378837585449,1.0,0.9979214072227478,0.01721654087305069,,,
42,8,7,1.3707042932510376,1.0,0.9974519610404968,0.05939020216464996,,,
42,8,8,2.3480241298675537,1.0,0.9974462985992432,0.027834070846438408,,,
42,8,9,2.290823221206665,1.0,0.9980255365371704,0.02965754084289074,,,
42,8,10,2.2975778579711914,1.0,0.9981335997581482,0.062033724039793015,,,
42,8,11,1.7757136821746826,1.0,0.9978333115577698,0.013705283403396606,,,
42,9,0,2.459555149078369,1.0000001192092896,0.9951047301292419,0.02722395956516266,,,
42,9,1,1.9014108180999756,1.0,0.9980836510658264,0.008985769003629684,,,
42,9,2,2.4729397296905518,1.0,0.9977686405181885,0.015099845826625824,,,
42,9,3,1.6349741220474243,1.0,0.9976289868354797,0.046875230967998505,,,
42,9,4,1.9849777221679688,1.0,0.9984369874000549,0.011620082892477512,,,
42,9,5,2.2987887859344482,1.0,0.9984570145606995,0.028691187500953674,,,
42,9,6,1.704671859741211,1.0,0.9983934760093689,0.006512274034321308,,,
42,9,7,2.002816677093506,1.0,0.9982866048812866,0.017355112358927727,,,
42,9,8,2.649594783782959,1.0,0.9950490593910217,0.008741186000406742,,,
42,9,9,1.743828535079956,1.0,0.9983749985694885,0.006906967610120773,,,
42,9,10,1.1709773540496826,1.0,0.998171865940094,0.041585229337215424,,,
42,9,11,2.5324339866638184,1.0,0.9957656264305115,0.005659088492393494,,,
42,10,0,2.747039318084717,1.0000001192092896,0.9923864006996155,0.013444251380860806,,,
42,10,1,1.927392601966858,1.0,0.997279703617096,0.008797802031040192,,,
42,10,2,2.190659761428833,1.0,0.9965053200721741,0.008049010299146175,,,
42,10,3,3.109023332595825,1.0000001192092896,0.9937911629676819,0.012953459285199642,,,
42,10,4,3.140796422958374,1.0,0.9962683320045471,0.0186624638736248,,,
42,10,5,1.0306460857391357,1.0,0.996979296207428,0.025865541771054268,,,
42,10,6,1.721350908279419,1.0,0.9974567294120789,0.006471000611782074,,,
42,10,7,2.864001512527466,1.0,0.9965293407440186,0.02926766686141491,,,
42,10,8,2.385215997695923,1.0,0.9971674084663391,0.011007599532604218,,,
42,10,9,1.3554922342300415,1.0,0.9972473382949829,0.07051058113574982,,,
42,10,10,2.037726879119873,1.0,0.9969723224639893,0.007807671092450619,,,
42,10,11,2.0759992599487305,1.0,0.9972707629203796,0.03510412946343422,,,
42,11,0,4.680201530456543,1.000001072883606,0.8972848653793335,0.02812151238322258,,,
42,11,1,2.9358441829681396,1.0,0.9099761843681335,0.016571374610066414,,,
42,11,2,2.7543375492095947,1.0000001192092896,0.9083629846572876,0.009557672776281834,,,
42,11,3,1.7730257511138916,1.0,0.9068614840507507,0.019792145118117332,,,
42,11,4,3.8741843700408936,1.0000001192092896,0.9125709533691406,0.017439449205994606,,,
42,11,5,2.3809821605682373,1.0,0.9083265066146851,0.012117051519453526,,,
42,11,6,2.2618885040283203,1.0,0.9075947403907776,0.007423315197229385,,,
42,11,7,2.5964362621307373,1.0,0.908865213394165,0.019924810156226158,,,
42,11,8,3.7261955738067627,1.0000218152999878,0.10132594406604767,0.10423751920461655,,,
42,11,9,1.9177346229553223,1.0,0.9072242379188538,0.006755872163921595,,,
42,11,10,2.9096386432647705,1.0,0.9127336144447327,0.04828914999961853,,,
42,11,11,2.9518918991088867,1.0000001192092896,0.9108390808105469,0.04084370657801628,,,
43,0,0,4.448416709899902,1.000017523765564,0.8064422607421875,0.018192896619439125,,,
43,0,1,0.5848982334136963,1.00003182888031,0.8125421404838562,0.8129120469093323,,,
43,0,2,4.463207244873047,1.0000134706497192,0.796425998210907,0.049437277019023895,,,
43,0,3,0.44085294008255005,1.0000306367874146,0.798591673374176,0.8456887602806091,,,
43,0,4,1.2783417701721191,1.0000282526016235,0.8034658432006836,0.5800742506980896,,,
43,0,5,1.68607759475708,1.0000228881835938,0.7675060033798218,0.5391309261322021,,,
43,0,6,4.2598114013671875,1.00002121925354,0.7252819538116455,0.031687572598457336,,,
43,0,7,1.9146531820297241,1.0000280141830444,0.7553268074989319,0.1655375063419342,,,
43,0,8,4.201579570770264,1.0000240802764893,0.8046152591705322,0.05899859219789505,,,
43,0,9,4.625635147094727,1.0000178813934326,0.85268634557724,0.021526984870433807,,,
43,0,10,4.218393802642822,1.0000247955322266,0.8816149234771729,0.1506170630455017,,,
43,0,11,5.387235164642334,1.0000141859054565,0.7292677164077759,0.0078013078309595585,,,
43,1,0,2.419705867767334,1.0000267028808594,0.7234073281288147,0.105328768491745,,,
43,1,1,2.716505289077759,1.0000218152999878,0.7033582925796509,0.09218078851699829,,,
43,1,2,4.745405673980713,1.0000174045562744,0.6590399146080017,0.02670157514512539,,,
43,1,3,4.269783020019531,1.0000011920928955,0.6864199042320251,0.03506263345479965,,,
43,1,4,3.764312982559204,1.00001060962677,0.8116974234580994,0.0674867108464241,,,
43,1,5,4.404942989349365,1.0000137090682983,0.8301055431365967,0.0907117947936058,,,
43,1,6,4.396881580352783,1.0000096559524536,0.8146040439605713,0.03477019816637039,,,
43,1,7,4.86043119430542,1.0000132322311401,0.834808886051178,0.020542411133646965,,,
43,1,8,5.290081977844238,1.0000035762786865,0.7935646176338196,0.009782896377146244,,,
43,1,9,5.333425998687744,1.0000063180923462,0.7707727551460266,0.007244311273097992,,,
43,1,10,4.4390459060668945,1.0000137090682983,0.5965867638587952,0.04111170768737793,,,
43,1,11,1.8382850885391235,1.0000275373458862,0.7590516805648804,0.6309900283813477,,,
43,2,0,2.5598106384277344,1.0000011920928955,0.8767305016517639,0.10192540287971497,,,
43,2,1,4.611806392669678,1.0000005960464478,0.8626527190208435,0.009567448869347572,,,
43,2,2,1.1767239570617676,1.000003457069397,0.8863764405250549,0.1314864456653595,,,
43,2,3,1.9745768308639526,1.000005841255188,0.8463224768638611,0.1268697828054428,,,
43,2,4,1.738236665725708,1.0000001192092896,0.8586903214454651,0.09616842120885849,,,
43,2,5,1.780207633972168,1.0000057220458984,0.8466185927391052,0.13525815308094025,,,
43,2,6,2.7683935165405273,1.0000088214874268,0.7534967064857483,0.07986683398485184,,,
43,2,7,2.6848886013031006,1.0,0.8320372104644775,0.032779671251773834,,,
43,2,8,1.9196240901947021,1.000002384185791,0.8854749202728271,0.10625690221786499,,,
43,2,9,1.7541003227233887,1.0000046491622925,0.8528842329978943,0.11545740067958832,,,
43,2,10,3.130730628967285,1.0000278949737549,0.5309394001960754,0.12186156213283539,,,
43,2,11,3.1169791221618652,1.000000238418579,0.8729338049888611,0.1003679409623146,,,
43,3,0,2.7991936206817627,1.0,0.9925294518470764,0.06060544401407242,,,
43,3,1,2.0229389667510986,1.000000238418579,0.9915923476219177,0.05839584395289421,,,
43,3,2,1.4628994464874268,1.0000003576278687,0.9860570430755615,0.1176905408501625,,,
43,3,3,1.0126038789749146,1.0,0.9924274682998657,0.06865977495908737,,,
43,3,4,3.7228810787200928,1.0,0.9931652545928955,0.011278485879302025,,,
43,3,5,2.705631971359253,1.0,0.993696928024292,0.034153543412685394,,,
43,3,6,1.687731146812439,1.0000004768371582,0.9788989424705505,0.15182586014270782,,,
43,3,7,1.4531735181808472,1.000000238418579,0.99029541015625,0.10753613710403442,,,
43,3,8,1.5264511108398438,1.0000004768371582,0.9860856533050537,0.12040339410305023,,,
43,3,9,1.614855408668518,1.0,0.9933229684829712,0.07374399155378342,,,
43,3,10,1.860849380493164,1.0,0.9927788376808167,0.1563996523618698,,,
43,3,11,1.8386471271514893,1.0000001192092896,0.9916969537734985,0.10608647018671036,,,
43,4,0,1.2223024368286133,1.0,0.9151413440704346,0.05599169060587883,,,
43,4,1,1.6118603944778442,1.0,0.9175806641578674,0.06425155699253082,,,
43,4,2,2.3940041065216064,1.0,0.9149234294891357,0.015348936431109905,,,
43,4,3,1.623625636100769,1.0000001192092896,0.9169016480445862,0.0685911774635315,,,
43,4,4,3.243093490600586,1.0,0.9167342782020569,0.041774626821279526,,,
43,4,5,1.4850953817367554,1.0,0.9152723550796509,0.05838228017091751,,,
43,4,6,2.157484292984009,1.0,0.9171897768974304,0.0495467334985733,,,
43,4,7,1.9633021354675293,1.0000004768371582,0.9189267754554749,0.46770229935646057,,,
43,4,8,3.4676918983459473,1.0,0.9172222018241882,0.015833215788006783,,,
43,4,9,1.9126689434051514,1.0,0.9166420102119446,0.036790743470191956,,,
43,4,10,3.487955331802368,1.0,0.9159223437309265,0.01348178181797266,,,
43,4,11,0.010681116953492165,1.0000301599502563,0.14289651811122894,0.0036699981428682804,,,
43,5,0,1.9859975576400757,1.0,0.9966807961463928,0.010059507563710213,,,
43,5,1,0.39973360300064087,1.0,0.9962257742881775,0.003882167162373662,,,
43,5,2,1.503277063369751,1.0,0.9967312216758728,0.023722270503640175,,,
43,5,3,2.379261016845703,1.0000001192092896,0.9935142397880554,0.03507445007562637,,,
43,5,4,1.5010849237442017,1.0,0.9965856671333313,0.04870491847395897,,,
43,5,5,2.011087656021118,1.0,0.9967404007911682,0.011948979459702969,,,
43,5,6,0.7543385028839111,1.0,0.9965007305145264,0.027622058987617493,,,
43,5,7,1.006075382232666,1.0,0.9965386986732483,0.03899778425693512,,,
43,5,8,1.1737393140792847,1.0,0.9966569542884827,0.027736201882362366,,,
43,5,9,2.976219654083252,1.0,0.997133195400238,0.008090004324913025,,,
43,5,10,3.6474454402923584,1.0000004768371582,0.9755260944366455,0.03664876148104668,,,
43,5,11,2.9355835914611816,1.0,0.9968454837799072,0.10518258810043335,,,
43,6,0,1.8516160249710083,1.0000001192092896,0.995461642742157,0.03606521338224411,,,
43,6,1,0.8710285425186157,1.0,0.9979822039604187,0.025701260194182396,,,
43,6,2,3.6698575019836426,1.0,0.9974231123924255,0.014472413808107376,,,
43,6,3,1.537707805633545,1.0,0.9982960224151611,0.016231240704655647,,,
43,6,4,3.529414415359497,1.0000001192092896,0.995100736618042,0.018297120928764343,,,
43,6,5,1.6801129579544067,1.0,0.9984102249145508,0.06106093153357506,,,
43,6,6,3.039102554321289,1.0,0.9984277486801147,0.07749040424823761,,,
43,6,7,2.2603604793548584,1.0,0.9972811341285706,0.045415181666612625,,,
43,6,8,1.2784827947616577,1.0,0.9982684850692749,0.030892034992575645,,,
43,6,9,0.9230682849884033,1.0,0.9979152083396912,0.005856353789567947,,,
43,6,10,3.315030336380005,1.0,0.9981451034545898,0.010303430259227753,,,
43,6,11,1.573987364768982,1.0,0.9981288313865662,0.04558799788355827,,,
43,7,0,1.1295949220657349,1.0,0.9988735318183899,0.025522595271468163,,,
43,7,1,2.118238687515259,1.0,0.9992161393165588,0.00888337567448616,,,
43,7,2,0.7506197094917297,1.0,0.9991225600242615,0.0039851064793765545,,,
43,7,3,1.4377585649490356,1.0,0.999351441860199,0.043273258954286575,,,
43,7,4,0.9817867279052734,1.0,0.999270498752594,0.0162949338555336,,,
43,7,5,2.7405550479888916,1.0,0.9964540600776672,0.02258026972413063,,,
43,7,6,3.089040517807007,1.0,0.9990989565849304,0.01058676652610302,,,
43,7,7,1.8155869245529175,1.0,0.9992830157279968,0.011854956857860088,,,
43,7,8,1.3390405178070068,1.0,0.9990482926368713,0.03513116016983986,,,
43,7,9,1.4699219465255737,1.0,0.9993055462837219,0.028795991092920303,,,
43,7,10,0.999624490737915,1.0,0.9991559982299805,0.007870755158364773,,,
43,7,11,2.242769956588745,1.0,0.9991729855537415,0.008217538706958294,,,
43,8,0,3.2939438819885254,1.0,0.9971490502357483,0.02398163080215454,,,
43,8,1,1.322852611541748,1.0,0.9968149662017822,0.007878768257796764,,,
43,8,2,4.366164684295654,1.0000004768371582,0.9789687991142273,0.012817629612982273,,,
43,8,3,1.962654709815979,1.0,0.9972057342529297,0.01601262390613556,,,
43,8,4,1.2424744367599487,1.0,0.997073769569397,0.05338672548532486,,,
43,8,5,2.0304183959960938,1.0,0.9966444373130798,0.04199354350566864,,,
43,8,6,2.0980477333068848,1.0,0.9972116947174072,0.01769416220486164,,,
43,8,7,1.3168301582336426,1.0,0.9966302514076233,0.054395630955696106,,,
43,8,8,2.3180112838745117,1.0,0.9961290955543518,0.03328676149249077,,,
43,8,9,2.2986392974853516,1.0,0.9972452521324158,0.032082729041576385,,,
43,8,10,2.3543736934661865,1.0,0.9974221587181091,0.05749625340104103,,,
43,8,11,1.8469922542572021,1.0,0.9967755675315857,0.013566232286393642,,,
43,9,0,2.4929039478302,1.0,0.9939166903495789,0.029861941933631897,,,
43,9,1,1.905827283859253,1.0,0.9982995390892029,0.009581735357642174,,,
43,9,2,2.2506332397460938,1.0,0.9982311725616455,0.015155110508203506,,,
43,9,3,1.6806823015213013,1.0,0.9975947737693787,0.050664931535720825,,,
43,9,4,1.7577776908874512,1.0,0.9985517263412476,0.010790212079882622,,,
43,9,5,2.361642360687256,1.0,0.998648464679718,0.030013417825102806,,,
43,9,6,1.468935251235962,1.0,0.9985823035240173,0.004698398523032665,,,
43,9,7,1.9397835731506348,1.0,0.9985029697418213,0.018692461773753166,,,
43,9,8,2.2349672317504883,1.0,0.998343825340271,0.00740781519562006,,,
43,9,9,1.5061231851577759,1.0,0.9986175894737244,0.0055971452966332436,,,
43,9,10,1.2738155126571655,1.0,0.998383104801178,0.04038318619132042,,,
43,9,11,2.6533448696136475,1.0,0.995239794254303,0.006442639045417309,,,
43,10,0,2.201211452484131,1.0,0.9964301586151123,0.008893784135580063,,,
43,10,1,1.6842372417449951,1.0,0.9978311061859131,0.007599734701216221,,,
43,10,2,2.4573211669921875,1.0,0.996123731136322,0.008633168414235115,,,
43,10,3,2.8864169120788574,1.0,0.9950283169746399,0.011663442477583885,,,
43,10,4,3.383751153945923,1.0000001192092896,0.9954124689102173,0.01943895034492016,,,
43,10,5,1.0906026363372803,1.0,0.9976150989532471,0.02655680850148201,,,
43,10,6,2.1126344203948975,1.0,0.9977464079856873,0.010318226180970669,,,
43,10,7,3.106055974960327,1.0000001192092896,0.996377170085907,0.0309430118650198,,,
43,10,8,2.2041141986846924,1.0,0.9977831244468689,0.010117555968463421,,,
43,10,9,1.3328074216842651,1.0,0.9977875351905823,0.06259982287883759,,,
43,10,10,1.7711808681488037,1.0,0.997619092464447,0.006384918466210365,,,
43,10,11,2.052622079849243,1.0,0.9976307153701782,0.03938206657767296,,,
43,11,0,4.820000648498535,1.0000019073486328,0.8736843466758728,0.02461429499089718,,,
43,11,1,2.5708296298980713,1.0,0.90523362159729,0.011865251697599888,,,
43,11,2,2.696507453918457,1.0,0.9056650400161743,0.008750637993216515,,,
43,11,3,2.4145400524139404,1.0,0.9062879085540771,0.0326986089348793,,,
43,11,4,4.007184982299805,1.0000001192092896,0.9098191857337952,0.016349930316209793,,,
43,11,5,2.232861042022705,1.0,0.9037975072860718,0.009073779918253422,,,
43,11,6,1.8726316690444946,1.0,0.9035598635673523,0.005357228219509125,,,
43,11,7,3.001661777496338,1.0,0.9071842432022095,0.017874063923954964,,,
43,11,8,3.8187105655670166,1.0000216960906982,0.10248468071222305,0.09492452442646027,,,
43,11,9,1.8217213153839111,1.0,0.9031814336776733,0.00633992487564683,,,
43,11,10,3.1227176189422607,1.0,0.910175085067749,0.04384647309780121,,,
43,11,11,2.7318265438079834,1.0,0.9084100723266602,0.03587300330400467,,,
44,0,0,4.417901992797852,1.000016689300537,0.8049228191375732,0.020372861996293068,,,
44,0,1,0.5638712644577026,1.000030755996704,0.812436044216156,0.8280385136604309,,,
44,0,2,4.478823184967041,1.0000126361846924,0.7923969626426697,0.04759401082992554,,,
44,0,3,0.4492700695991516,1.0000301599502563,0.7925778031349182,0.8368992805480957,,,
44,0,4,1.2084615230560303,1.0000287294387817,0.7942756414413452,0.5948461294174194,,,
44,0,5,1.6309915781021118,1.0000245571136475,0.7765377163887024,0.5611488819122314,,,
44,0,6,4.24590539932251,1.0000218152999878,0.7354735732078552,0.03143720328807831,,,
44,0,7,1.9129029512405396,1.0000275373458862,0.7441924810409546,0.17470000684261322,,,
44,0,8,4.221132755279541,1.0000240802764893,0.7989152669906616,0.05938750505447388,,,
44,0,9,4.605668067932129,1.0000170469284058,0.8466289043426514,0.021567726507782936,,,
44,0,10,4.2214484214782715,1.0000251531600952,0.8799857497215271,0.1483852118253708,,,
44,0,11,5.390556812286377,1.000013828277588,0.730465829372406,0.008026530034840107,,,
44,1,0,2.429265022277832,1.0000275373458862,0.7217066287994385,0.10943323373794556,,,
44,1,1,2.6890246868133545,1.0000214576721191,0.6947341561317444,0.09370574355125427,,,
44,1,2,4.748445510864258,1.000016689300537,0.6660972833633423,0.026364177465438843,,,
44,1,3,4.274106502532959,1.000001072883606,0.6815496683120728,0.03557564318180084,,,
44,1,4,3.7590548992156982,1.0000108480453491,0.8108368515968323,0.06861134618520737,,,
44,1,5,4.445529937744141,1.000014305114746,0.8335942625999451,0.0853150337934494,,,
44,1,6,4.401642322540283,1.0000110864639282,0.8204646706581116,0.038628846406936646,,,
44,1,7,4.8343377113342285,1.000015139579773,0.8196772933006287,0.02098919078707695,,,
44,1,8,5.299587249755859,1.000004768371582,0.7949330806732178,0.009822367690503597,,,
44,1,9,5.355011463165283,1.0000066757202148,0.7722514867782593,0.007173926569521427,,,
44,1,10,4.430203437805176,1.0000134706497192,0.6060702800750732,0.04153319075703621,,,
44,1,11,1.8589613437652588,1.0000280141830444,0.7687893509864807,0.638828694820404,,,
44,2,0,2.5047860145568848,1.000001311302185,0.8766400814056396,0.10497257858514786,,,
44,2,1,4.78461217880249,1.000001072883606,0.8628568649291992,0.010815134271979332,,,
44,2,2,1.1652299165725708,1.0000039339065552,0.8846612572669983,0.1390867531299591,,,
44,2,3,1.9516838788986206,1.0000048875808716,0.8532705903053284,0.1351870745420456,,,
44,2,4,1.699257254600525,1.0000001192092896,0.8553895950317383,0.09563702344894409,,,
44,2,5,1.7553809881210327,1.0000053644180298,0.8582376837730408,0.13895852863788605,,,
44,2,6,2.7728636264801025,1.0000083446502686,0.7666959166526794,0.08114178478717804,,,
44,2,7,2.6852049827575684,1.0,0.8276016116142273,0.033175207674503326,,,
44,2,8,1.8330352306365967,1.0000028610229492,0.8828426599502563,0.11102434247732162,,,
44,2,9,1.746764063835144,1.0000050067901611,0.8509387969970703,0.12574680149555206,,,
44,2,10,3.1106982231140137,1.000028371810913,0.5189816951751709,0.12423072010278702,,,
44,2,11,3.088859796524048,1.000000238418579,0.8697063326835632,0.10400458425283432,,,
44,3,0,3.140194892883301,1.0,0.9935476779937744,0.06743550300598145,,,
44,3,1,1.9294373989105225,1.000000238418579,0.9928802251815796,0.06409379094839096,,,
44,3,2,1.444845199584961,1.0000003576278687,0.9886342883110046,0.11908114701509476,,,
44,3,3,1.000443458557129,1.0,0.9929254055023193,0.06994611024856567,,,
44,3,4,3.9490253925323486,1.0,0.9938541650772095,0.010375111363828182,,,
44,3,5,2.7243494987487793,1.0,0.9944101572036743,0.03760575130581856,,,
44,3,6,1.7200456857681274,1.0000005960464478,0.9847414493560791,0.16065996885299683,,,
44,3,7,1.4433375597000122,1.000000238418579,0.9906865954399109,0.125058114528656,,,
44,3,8,1.4999009370803833,1.000000238418579,0.9870599508285522,0.12383110821247101,,,
44,3,9,1.6003566980361938,1.0,0.9940165877342224,0.07446922361850739,,,
44,3,10,1.8418105840682983,1.0,0.9933665990829468,0.16127394139766693,,,
44,3,11,1.829494833946228,1.000000238418579,0.991970956325531,0.10816875845193863,,,
44,4,0,1.1872549057006836,1.0,0.9156097769737244,0.058684442192316055,,,
44,4,1,1.5560362339019775,1.0,0.9173412919044495,0.06759307533502579,,,
44,4,2,2.0987424850463867,1.0,0.914085328578949,0.015408181585371494,,,
44,4,3,1.5502829551696777,1.0000001192092896,0.9164392948150635,0.07330900430679321,,,
44,4,4,3.253634214401245,1.0,0.9167272448539734,0.04036470875144005,,,
44,4,5,1.4305768013000488,1.0,0.9150665402412415,0.06045624241232872,,,
44,4,6,2.0886588096618652,1.0,0.9167896509170532,0.04981150105595589,,,
44,4,7,1.8982144594192505,1.0000005960464478,0.9178358316421509,0.47942569851875305,,,
44,4,8,3.5928053855895996,1.0,0.9175868630409241,0.015158248133957386,,,
44,4,9,1.8994667530059814,1.0,0.9166801571846008,0.037608351558446884,,,
44,4,10,3.528930187225342,1.0,0.9163116812705994,0.013890227302908897,,,
44,4,11,0.009694631211459637,1.0000298023223877,0.14051690697669983,0.004044035449624062,,,
44,5,0,2.2229175567626953,1.0,0.9970714449882507,0.010367033071815968,,,
44,5,1,0.3630891442298889,1.0,0.9964399933815002,0.004412348382174969,,,
44,5,2,1.428307056427002,1.0,0.9969900250434875,0.022306902334094048,,,
44,5,3,2.3182764053344727,1.0000001192092896,0.9945909380912781,0.03745527192950249,,,
44,5,4,1.473554253578186,1.0,0.9968952536582947,0.05446924269199371,,,
44,5,5,2.360663890838623,1.0,0.9970391988754272,0.012498126365244389,,,
44,5,6,0.6692345142364502,1.0,0.9966464638710022,0.024635110050439835,,,
44,5,7,1.0516968965530396,1.0,0.9967644214630127,0.044577911496162415,,,
44,5,8,1.1928656101226807,1.0,0.9968675971031189,0.03003484569489956,,,
44,5,9,3.123863697052002,1.0,0.9973811507225037,0.008250366896390915,,,
44,5,10,3.838127613067627,1.0000004768371582,0.9769755005836487,0.04093240574002266,,,
44,5,11,3.013489246368408,1.0,0.9970325231552124,0.10800769925117493,,,
44,6,0,1.7809715270996094,1.0,0.9971811771392822,0.03817256912589073,,,
44,6,1,0.8102524280548096,1.0,0.9982289671897888,0.02445063181221485,,,
44,6,2,3.7132043838500977,1.0,0.9977831244468689,0.014465037733316422,,,
44,6,3,1.6924139261245728,1.0,0.9986030459403992,0.019352374598383904,,,
44,6,4,3.4306089878082275,1.0,0.9967460036277771,0.016540514305233955,,,
44,6,5,1.7233307361602783,1.0,0.9986802935600281,0.06475377082824707,,,
44,6,6,3.2531542778015137,1.0,0.9986022710800171,0.07428844273090363,,,
44,6,7,2.2704594135284424,1.0,0.9975664615631104,0.04218121990561485,,,
44,6,8,1.2792549133300781,1.0,0.9985871911048889,0.03195391222834587,,,
44,6,9,1.1414717435836792,1.0,0.9982986450195312,0.006918908562511206,,,
44,6,10,3.7268290519714355,1.0,0.9975569248199463,0.010277112945914268,,,
44,6,11,1.5786635875701904,1.0,0.9984118938446045,0.05053594335913658,,,
44,7,0,1.039158582687378,1.0,0.999019205570221,0.02602570503950119,,,
44,7,1,2.720642566680908,1.0,0.9987756609916687,0.012708443216979504,,,
44,7,2,0.7213932275772095,1.0,0.9990267157554626,0.004325234331190586,,,
44,7,3,1.564083218574524,1.0,0.9992696642875671,0.047326263040304184,,,
44,7,4,0.9660307765007019,1.0,0.999158501625061,0.016283515840768814,,,
44,7,5,2.854283332824707,1.0,0.9966358542442322,0.02398274652659893,,,
44,7,6,3.379606008529663,1.0,0.9990254044532776,0.010619299486279488,,,
44,7,7,1.8935214281082153,1.0,0.9991912841796875,0.012491339817643166,,,
44,7,8,1.3750531673431396,1.0,0.998832106590271,0.04004450514912605,,,
44,7,9,1.5204569101333618,1.0,0.999192476272583,0.03170452266931534,,,
44,7,10,1.126878261566162,1.0,0.9991264939308167,0.007229486480355263,,,
44,7,11,2.4867639541625977,1.0,0.9991384744644165,0.007044313009828329,,,
44,8,0,3.389950752258301,1.0,0.996813178062439,0.025092115625739098,,,
44,8,1,1.512355089187622,1.0,0.9965558648109436,0.010198219679296017,,,
44,8,2,4.5205535888671875,1.0000004768371582,0.9775146842002869,0.011463561095297337,,,
44,8,3,2.479052782058716,1.0,0.9970022439956665,0.019432734698057175,,,
44,8,4,1.3439017534255981,1.0,0.9968407154083252,0.05982765927910805,,,
44,8,5,1.9588780403137207,1.0,0.9966843128204346,0.04242059588432312,,,
44,8,6,2.320675849914551,1.0,0.9969613552093506,0.017099915072321892,,,
44,8,7,1.238324761390686,1.0,0.9965873956680298,0.060038596391677856,,,
44,8,8,2.570385217666626,1.0,0.9958425164222717,0.031609125435352325,,,
44,8,9,2.540841817855835,1.0,0.9970816969871521,0.03183743357658386,,,
44,8,10,2.4625396728515625,1.0,0.9972372651100159,0.06006370857357979,,,
44,8,11,1.961950421333313,1.0,0.9965883493423462,0.01509163063019514,,,
44,9,0,2.4205431938171387,1.0,0.9974866509437561,0.027894705533981323,,,
44,9,1,2.3722727298736572,1.0,0.9976406097412109,0.010858304798603058,,,
44,9,2,2.6662356853485107,1.0,0.9971141219139099,0.01668810471892357,,,
44,9,3,1.5833308696746826,1.0,0.9978933334350586,0.04241449013352394,,,
44,9,4,2.2715022563934326,1.0,0.9984331727027893,0.011371334083378315,,,
44,9,5,2.393324851989746,1.0,0.9984643459320068,0.028717584908008575,,,
44,9,6,1.7347289323806763,1.0,0.998236894607544,0.004535803105682135,,,
44,9,7,1.9313122034072876,1.0,0.9982593655586243,0.018653828650712967,,,
44,9,8,2.8345396518707275,1.0000001192092896,0.9956763982772827,0.010250652208924294,,,
44,9,9,1.880936622619629,1.0,0.9983882308006287,0.006073504686355591,,,
44,9,10,1.2692700624465942,1.0,0.9981793761253357,0.047179996967315674,,,
44,9,11,2.8937551975250244,1.0,0.9930442571640015,0.005638956557959318,,,
44,10,0,2.2955527305603027,1.0,0.9955611824989319,0.008145663887262344,,,
44,10,1,1.9602590799331665,1.0,0.9962041974067688,0.007521884981542826,,,
44,10,2,2.4447109699249268,1.0,0.9947118759155273,0.006365907844156027,,,
44,10,3,3.6340062618255615,1.0000001192092896,0.9910004138946533,0.011677492409944534,,,
44,10,4,3.3531622886657715,1.0000001192092896,0.9948618412017822,0.01795008033514023,,,
44,10,5,1.052229642868042,1.0,0.9962829351425171,0.026982801035046577,,,
44,10,6,2.173067569732666,1.0,0.9964231848716736,0.008798480033874512,,,
44,10,7,3.2640457153320312,1.0,0.9951751828193665,0.025877512991428375,,,
44,10,8,2.715139865875244,1.0,0.9966316819190979,0.012936916202306747,,,
44,10,9,1.3644566535949707,1.0,0.9966669082641602,0.07290488481521606,,,
44,10,10,1.7997592687606812,1.0,0.9963557720184326,0.005668181460350752,,,
44,10,11,2.3163719177246094,1.0,0.9963150024414062,0.04575108736753464,,,
44,11,0,4.883327484130859,1.000002145767212,0.8677537441253662,0.026243163272738457,,,
44,11,1,2.9718544483184814,1.0,0.9039708971977234,0.012976246885955334,,,
44,11,2,3.015493631362915,1.0000001192092896,0.9006921648979187,0.007179779466241598,,,
44,11,3,2.608635663986206,1.0,0.9050361514091492,0.03388340771198273,,,
44,11,4,4.175002098083496,1.000000238418579,0.910402238368988,0.014189341105520725,,,
44,11,5,2.5720746517181396,1.0,0.9014371633529663,0.008615792728960514,,,
44,11,6,2.0660836696624756,1.0,0.9009066224098206,0.005866352468729019,,,
44,11,7,2.9614100456237793,1.0,0.9047847390174866,0.01427710335701704,,,
44,11,8,3.9719977378845215,1.0000221729278564,0.11429131776094437,0.08564896881580353,,,
44,11,9,2.1657869815826416,1.0,0.901554524898529,0.006848250515758991,,,
44,11,10,3.2606773376464844,1.0,0.909493625164032,0.044363971799612045,,,
44,11,11,2.990410566329956,1.0,0.9082004427909851,0.03648452088236809,,,
45,0,0,4.3755950927734375,1.0000158548355103,0.8026357889175415,0.02117934264242649,,,
45,0,1,0.5972757935523987,1.0000286102294922,0.8009111881256104,0.8080133199691772,,,
45,0,2,4.471641540527344,1.000011682510376,0.797788679599762,0.0465446375310421,,,
45,0,3,0.46857792139053345,1.0000276565551758,0.7839254140853882,0.8239197134971619,,,
45,0,4,1.24348783493042,1.0000256299972534,0.7932268381118774,0.5798927545547485,,,
45,0,5,1.5983309745788574,1.0000224113464355,0.7666568160057068,0.5805436968803406,,,
45,0,6,4.157167434692383,1.00001859664917,0.7115389108657837,0.029760856181383133,,,
45,0,7,1.8510807752609253,1.0000252723693848,0.7480055093765259,0.1711118221282959,,,
45,0,8,4.207678318023682,1.0000211000442505,0.7897041440010071,0.057264361530542374,,,
45,0,9,4.5927958488464355,1.000015377998352,0.8415390253067017,0.022827113047242165,,,
45,0,10,4.188347816467285,1.0000226497650146,0.8768198490142822,0.1512073576450348,,,
45,0,11,5.259189128875732,1.0000132322311401,0.7297130227088928,0.00805426761507988,,,
45,1,0,2.4424190521240234,1.000024437904358,0.717995822429657,0.10944027453660965,,,
45,1,1,2.7059152126312256,1.0000195503234863,0.6913617849349976,0.09422808885574341,,,
45,1,2,4.666462421417236,1.0000154972076416,0.6316594481468201,0.028954803943634033,,,
45,1,3,4.161763668060303,1.0000008344650269,0.6740490198135376,0.0370810441672802,,,
45,1,4,3.754030466079712,1.000008463859558,0.8029895424842834,0.06875559687614441,,,
45,1,5,4.41955041885376,1.0000115633010864,0.829481840133667,0.08327953517436981,,,
45,1,6,4.466371536254883,1.0000088214874268,0.8073978424072266,0.03218652307987213,,,
45,1,7,4.862468242645264,1.0000114440917969,0.8302579522132874,0.020815176889300346,,,
45,1,8,5.198320388793945,1.000004529953003,0.7926603555679321,0.010507036931812763,,,
45,1,9,5.191204071044922,1.0000067949295044,0.7597475647926331,0.007964367978274822,,,
45,1,10,4.374870777130127,1.0000115633010864,0.5864495635032654,0.04151599854230881,,,
45,1,11,1.9112509489059448,1.0000245571136475,0.757057785987854,0.6146684885025024,,,
45,2,0,2.483872890472412,1.0000015497207642,0.8754802346229553,0.10690072923898697,,,
45,2,1,4.488118648529053,1.0000005960464478,0.8637765645980835,0.01074790395796299,,,
45,2,2,1.1602108478546143,1.0000030994415283,0.8889954090118408,0.1250024288892746,,,
45,2,3,1.957042932510376,1.0000065565109253,0.8443871140480042,0.1335071474313736,,,
45,2,4,1.7217540740966797,1.000000238418579,0.8611142635345459,0.08973127603530884,,,
45,2,5,1.8090705871582031,1.0000038146972656,0.8614671230316162,0.13529124855995178,,,
45,2,6,2.8020498752593994,1.0000065565109253,0.7675155997276306,0.07820677012205124,,,
45,2,7,2.8520638942718506,1.0,0.8342369198799133,0.03425995260477066,,,
45,2,8,1.8844962120056152,1.000002384185791,0.883531928062439,0.10721608996391296,,,
45,2,9,1.784481167793274,1.0000048875808716,0.8525980114936829,0.11855511367321014,,,
45,2,10,3.1378517150878906,1.0000252723693848,0.5016984343528748,0.1218397319316864,,,
45,2,11,3.018117904663086,1.000000238418579,0.8682873249053955,0.10064666718244553,,,
45,3,0,2.8447554111480713,1.0,0.9922870993614197,0.06716979295015335,,,
45,3,1,1.9512114524841309,1.0000001192092896,0.9918687343597412,0.05967118591070175,,,
45,3,2,1.4691225290298462,1.0000005960464478,0.9835756421089172,0.11989029496908188,,,
45,3,3,0.9944602847099304,1.0,0.9919897317886353,0.0619983971118927,,,
45,3,4,3.6342766284942627,1.0,0.9926563501358032,0.010728266090154648,,,
45,3,5,2.738826036453247,1.0,0.9935047626495361,0.03299444913864136,,,
45,3,6,1.73273503780365,1.0000004768371582,0.9826366305351257,0.16138069331645966,,,
45,3,7,1.4739617109298706,1.0000001192092896,0.9893993735313416,0.1168074682354927,,,
45,3,8,1.528383731842041,1.0000003576278687,0.984962522983551,0.11785972863435745,,,
45,3,9,1.6576447486877441,1.0,0.993257462978363,0.07553563266992569,,,
45,3,10,1.8463056087493896,1.0,0.9923049807548523,0.15717442333698273,,,
45,3,11,1.8157260417938232,1.0000003576278687,0.989100456237793,0.10226046293973923,,,
45,4,0,1.2670480012893677,1.0,0.9167249798774719,0.05532773584127426,,,
45,4,1,1.5893471240997314,1.0,0.9183685183525085,0.0633922666311264,,,
45,4,2,2.2546634674072266,1.0,0.9151160717010498,0.015538932755589485,,,
45,4,3,1.5895462036132812,1.0,0.9178848266601562,0.06788678467273712,,,
45,4,4,3.175753593444824,1.0,0.917497456073761,0.040709737688302994,,,
45,4,5,1.4854555130004883,1.0,0.9162620902061462,0.06274912506341934,,,
45,4,6,2.0790202617645264,1.0,0.9175176024436951,0.04915802180767059,,,
45,4,7,1.8577157258987427,1.0000005960464478,0.9202982187271118,0.48015955090522766,,,
45,4,8,3.7026357650756836,1.0,0.9194076061248779,0.015562731772661209,,,
45,4,9,1.8922916650772095,1.0,0.9174903631210327,0.03551636263728142,,,
45,4,10,3.4561686515808105,1.0,0.9172369241714478,0.015661055222153664,,,
45,4,11,0.011530573479831219,1.0000271797180176,0.14983779191970825,0.0043886443600058556,,,
45,5,0,1.8145712614059448,1.0,0.9971879720687866,0.009561951272189617,,,
45,5,1,0.2704784870147705,1.0,0.9965839385986328,0.003915899433195591,,,
45,5,2,1.4576504230499268,1.0,0.9971539974212646,0.02089710347354412,,,
45,5,3,2.28810715675354,1.0000001192092896,0.994254469871521,0.03506719693541527,,,
45,5,4,1.5132579803466797,1.0,0.9970894455909729,0.050166741013526917,,,
45,5,5,1.867510437965393,1.0,0.997201144695282,0.011415666900575161,,,
45,5,6,0.6685821413993835,1.0,0.9968395233154297,0.024457527324557304,,,
45,5,7,1.0943353176116943,1.0,0.9969659447669983,0.03689282387495041,,,
45,5,8,1.1474759578704834,1.0,0.9970380663871765,0.02514704503118992,,,
45,5,9,2.565553665161133,1.0,0.9973924160003662,0.00840762909501791,,,
45,5,10,3.599220037460327,1.0000003576278687,0.9780886173248291,0.039844218641519547,,,
45,5,11,2.8969225883483887,1.0,0.9971271753311157,0.11175324022769928,,,
45,6,0,1.8688398599624634,1.0,0.996177613735199,0.038221776485443115,,,
45,6,1,0.8484509587287903,1.0,0.9981962442398071,0.022979961708188057,,,
45,6,2,3.5530717372894287,1.0,0.9979395270347595,0.014201291836798191,,,
45,6,3,1.7319915294647217,1.0,0.9985792636871338,0.017261819913983345,,,
45,6,4,3.2869629859924316,1.0,0.9956527352333069,0.015637869015336037,,,
45,6,5,1.699873447418213,1.0,0.9985973238945007,0.061672136187553406,,,
45,6,6,3.0186049938201904,1.0,0.9986247420310974,0.07574907690286636,,,
45,6,7,2.2668323516845703,1.0,0.9975008368492126,0.04260237142443657,,,
45,6,8,1.2901298999786377,1.0,0.9985654950141907,0.02854403294622898,,,
45,6,9,0.7251364588737488,1.0,0.9980164170265198,0.005104782059788704,,,
45,6,10,3.3148579597473145,1.0,0.9982612729072571,0.011228884570300579,,,
45,6,11,1.639655590057373,1.0,0.9985164999961853,0.044613905251026154,,,
45,7,0,1.1003023386001587,1.0,0.9990420937538147,0.02658393792808056,,,
45,7,1,2.3526813983917236,1.0,0.9989402890205383,0.014033067971467972,,,
45,7,2,0.5578917860984802,1.0,0.9990035891532898,0.00449132826179266,,,
45,7,3,1.516484022140503,1.0,0.9992910027503967,0.04309634119272232,,,
45,7,4,0.9876531958580017,1.0,0.9991811513900757,0.015844251960515976,,,
45,7,5,2.828641653060913,1.0,0.9963657855987549,0.021556148305535316,,,
45,7,6,3.039090633392334,1.0,0.999040424823761,0.012023854069411755,,,
45,7,7,1.8808954954147339,1.0,0.9991261959075928,0.014124665409326553,,,
45,7,8,1.367224097251892,1.0,0.9986751675605774,0.03449498862028122,,,
45,7,9,1.4009521007537842,1.0,0.9991695284843445,0.027716154232621193,,,
45,7,10,0.9240255355834961,1.0,0.9991145730018616,0.00533737987279892,,,
45,7,11,2.1455273628234863,1.0,0.9991915225982666,0.008666163310408592,,,
45,8,0,3.239805221557617,1.0,0.9974021911621094,0.023551849648356438,,,
45,8,1,1.2610225677490234,1.0,0.9972206354141235,0.009932534769177437,,,
45,8,2,4.160153865814209,1.0000003576278687,0.9843422174453735,0.01274899672716856,,,
45,8,3,2.076253890991211,1.0,0.9977222681045532,0.018867239356040955,,,
45,8,4,1.3254730701446533,1.0,0.9975664019584656,0.04952774569392204,,,
45,8,5,1.9468425512313843,1.0,0.9972983002662659,0.03749210759997368,,,
45,8,6,2.2522151470184326,1.0,0.9975671768188477,0.01818915642797947,,,
45,8,7,1.3520958423614502,1.0,0.9970983266830444,0.057846419513225555,,,
45,8,8,2.3758673667907715,1.0,0.9974367618560791,0.02677460014820099,,,
45,8,9,2.3451578617095947,1.0,0.997722864151001,0.0306067056953907,,,
45,8,10,2.3869433403015137,1.0,0.9978797435760498,0.0608452670276165,,,
45,8,11,2.0391159057617188,1.0,0.9968543648719788,0.01982291229069233,,,
45,9,0,1.909255027770996,1.0,0.9990425109863281,0.02379649318754673,,,
45,9,1,2.2001802921295166,1.0,0.9987477660179138,0.012512504123151302,,,
45,9,2,2.324409246444702,1.0,0.9985822439193726,0.016369031742215157,,,
45,9,3,1.5418287515640259,1.0,0.9987871050834656,0.040806613862514496,,,
45,9,4,1.7728490829467773,1.0,0.9991706609725952,0.01134057529270649,,,
45,9,5,2.124209403991699,1.0,0.9992786049842834,0.028190823271870613,,,
45,9,6,1.2112807035446167,1.0,0.9991074204444885,0.004856392741203308,,,
45,9,7,1.9849319458007812,1.0,0.9991142749786377,0.01910233683884144,,,
45,9,8,2.5373733043670654,1.0,0.9964195489883423,0.01181152742356062,,,
45,9,9,1.1875109672546387,1.0,0.9991136789321899,0.0054279593750834465,,,
45,9,10,1.2630059719085693,1.0,0.9990134835243225,0.04505746066570282,,,
45,9,11,2.508946657180786,1.0,0.9988909363746643,0.0071780080907046795,,,
45,10,0,2.2271366119384766,1.0,0.9967334866523743,0.011676217429339886,,,
45,10,1,1.4495079517364502,1.0,0.9980430006980896,0.006530275102704763,,,
45,10,2,2.078458786010742,1.0,0.9983102679252625,0.00971529632806778,,,
45,10,3,3.2075326442718506,1.0,0.9944610595703125,0.013192190788686275,,,
45,10,4,3.1278185844421387,1.0000001192092896,0.9940690994262695,0.017800765112042427,,,
45,10,5,1.0243957042694092,1.0,0.9979865550994873,0.02604655548930168,,,
45,10,6,1.756735920906067,1.0,0.9981551766395569,0.009912739507853985,,,
45,10,7,2.898489236831665,1.0,0.9968816637992859,0.027935804799199104,,,
45,10,8,2.0840964317321777,1.0,0.9980804324150085,0.010941704735159874,,,
45,10,9,1.2611345052719116,1.0,0.9981569051742554,0.06440890580415726,,,
45,10,10,1.3442975282669067,1.0,0.997993528842926,0.006603811401873827,,,
45,10,11,1.8846346139907837,1.0,0.99796062707901,0.03447581082582474,,,
45,11,0,4.556911468505859,1.0000011920928955,0.8942162990570068,0.028388552367687225,,,
45,11,1,2.7824275493621826,1.0,0.9096651673316956,0.017514783889055252,,,
45,11,2,2.44033145904541,1.0,0.9085378646850586,0.009784054942429066,,,
45,11,3,2.150341510772705,1.0,0.9089419841766357,0.02678498439490795,,,
45,11,4,3.883448839187622,1.0000001192092896,0.9126031994819641,0.018825680017471313,,,
45,11,5,2.006775140762329,1.0,0.907487690448761,0.010505865328013897,,,
45,11,6,1.8232606649398804,1.0,0.906680703163147,0.00703052245080471,,,
45,11,7,2.4835987091064453,1.0,0.9090860486030579,0.01817878521978855,,,
45,11,8,3.821291446685791,1.000019907951355,0.09596757590770721,0.0900581032037735,,,
45,11,9,1.7389577627182007,1.0,0.9067964553833008,0.007443257607519627,,,
45,11,10,3.0001747608184814,1.0,0.9132978320121765,0.04952459782361984,,,
45,11,11,2.732213020324707,1.0000001192092896,0.9121074676513672,0.03964388743042946,,,
46,0,0,4.434174060821533,1.000017523765564,0.8120178580284119,0.018189705908298492,,,
46,0,1,0.5977951288223267,1.0000293254852295,0.8069856762886047,0.812031090259552,,,
46,0,2,4.554811477661133,1.000011920928955,0.7861456274986267,0.042704902589321136,,,
46,0,3,0.4536602199077606,1.0000288486480713,0.7887169122695923,0.8323032259941101,,,
46,0,4,1.2663992643356323,1.0000271797180176,0.7901448607444763,0.5761868357658386,,,
46,0,5,1.6018671989440918,1.0000218152999878,0.7593581676483154,0.5721591114997864,,,
46,0,6,4.1800923347473145,1.0000207424163818,0.716099739074707,0.02951054647564888,,,
46,0,7,1.8613992929458618,1.000025987625122,0.7490240335464478,0.1717992126941681,,,
46,0,8,4.190590858459473,1.0000224113464355,0.8034917712211609,0.061249613761901855,,,
46,0,9,4.6103010177612305,1.000015139579773,0.8411655426025391,0.022713521495461464,,,
46,0,10,4.196001052856445,1.0000231266021729,0.8775501847267151,0.1544986218214035,,,
46,0,11,5.300227642059326,1.0000144243240356,0.7394981384277344,0.008861090987920761,,,
46,1,0,2.373950958251953,1.0000261068344116,0.7098833322525024,0.1064993292093277,,,
46,1,1,2.7341208457946777,1.0000194311141968,0.7023952603340149,0.09430256485939026,,,
46,1,2,4.697939395904541,1.000016450881958,0.6375399231910706,0.02762957662343979,,,
46,1,3,4.207646369934082,1.0000009536743164,0.6817670464515686,0.03625158220529556,,,
46,1,4,3.765599012374878,1.0000094175338745,0.8048904538154602,0.06816741079092026,,,
46,1,5,4.435393810272217,1.0000112056732178,0.8267624378204346,0.08729580789804459,,,
46,1,6,4.4557294845581055,1.0000097751617432,0.8113977313041687,0.03208950534462929,,,
46,1,7,4.8943586349487305,1.0000113248825073,0.8307480216026306,0.02012290246784687,,,
46,1,8,5.235872745513916,1.0000040531158447,0.7962308526039124,0.0104895094409585,,,
46,1,9,5.236519813537598,1.0000059604644775,0.7641929984092712,0.0075090560130774975,,,
46,1,10,4.397367000579834,1.0000115633010864,0.5928342938423157,0.04133402183651924,,,
46,1,11,1.8187648057937622,1.0000262260437012,0.7477511763572693,0.6336851119995117,,,
46,2,0,2.489388942718506,1.0000014305114746,0.8713330626487732,0.10306305438280106,,,
46,2,1,4.590837001800537,1.0000005960464478,0.8589923977851868,0.01087154820561409,,,
46,2,2,1.1364976167678833,1.0000073909759521,0.8627601861953735,0.12279617041349411,,,
46,2,3,1.91098153591156,1.0000075101852417,0.8281997442245483,0.13372716307640076,,,
46,2,4,1.689755916595459,1.0000001192092896,0.8566421270370483,0.08581972122192383,,,
46,2,5,1.821441411972046,1.0000048875808716,0.8616974353790283,0.13912586867809296,,,
46,2,6,2.795718193054199,1.0000050067901611,0.7848203778266907,0.07714735716581345,,,
46,2,7,2.8116180896759033,1.0,0.8281497359275818,0.033576156944036484,,,
46,2,8,1.8812404870986938,1.0000026226043701,0.8816762566566467,0.1120176613330841,,,
46,2,9,1.781337857246399,1.0000057220458984,0.8436799645423889,0.12675204873085022,,,
46,2,10,3.1352906227111816,1.0000269412994385,0.5212419033050537,0.12271217256784439,,,
46,2,11,3.0363073348999023,1.000000238418579,0.8655602931976318,0.10361006110906601,,,
46,3,0,2.862457036972046,1.0,0.9920158982276917,0.06603288650512695,,,
46,3,1,1.9762182235717773,1.0000001192092896,0.9920713901519775,0.060616277158260345,,,
46,3,2,1.431071400642395,1.0000007152557373,0.978013813495636,0.11717353761196136,,,
46,3,3,0.9866253137588501,1.0,0.9919186234474182,0.06314755231142044,,,
46,3,4,3.7767670154571533,1.0,0.9923000335693359,0.010637907311320305,,,
46,3,5,2.753051519393921,1.0,0.9934425354003906,0.03424686938524246,,,
46,3,6,1.7433441877365112,1.000000238418579,0.9837303161621094,0.15823622047901154,,,
46,3,7,1.4760427474975586,1.000000238418579,0.9901750087738037,0.11669792979955673,,,
46,3,8,1.559262752532959,1.0000003576278687,0.9850523471832275,0.1160493865609169,,,
46,3,9,1.6336276531219482,1.0,0.9929664134979248,0.0758478119969368,,,
46,3,10,1.8423027992248535,1.0,0.9921810626983643,0.1659107506275177,,,
46,3,11,1.8157341480255127,1.000000238418579,0.9912386536598206,0.10224694758653641,,,
46,4,0,1.312596082687378,1.0,0.9165172576904297,0.06091151386499405,,,
46,4,1,1.6265194416046143,1.0,0.918126106262207,0.06186061352491379,,,
46,4,2,2.309572696685791,1.0,0.9147258400917053,0.014220249839127064,,,
46,4,3,1.6446870565414429,1.0,0.9175978302955627,0.07346128672361374,,,
46,4,4,3.1816272735595703,1.0,0.9168071746826172,0.044664978981018066,,,
46,4,5,1.4902042150497437,1.0,0.915744423866272,0.0627773106098175,,,
46,4,6,2.0907363891601562,1.0,0.9168559908866882,0.044506173580884933,,,
46,4,7,1.8601690530776978,1.0000005960464478,0.9184585809707642,0.4771505296230316,,,
46,4,8,3.491676092147827,1.0,0.9176977276802063,0.016438432037830353,,,
46,4,9,1.947999119758606,1.0,0.917019248008728,0.03563419729471207,,,
46,4,10,3.4185574054718018,1.0,0.9163494110107422,0.015525083057582378,,,
46,4,11,0.01239337120205164,1.0000288486480713,0.14874635636806488,0.004185965284705162,,,
46,5,0,1.6792242527008057,1.0,0.9966650605201721,0.011035799048841,,,
46,5,1,0.2640908360481262,1.0,0.9961332082748413,0.0039205183275043964,,,
46,5,2,1.5232479572296143,1.0,0.9967464208602905,0.023027600720524788,,,
46,5,3,2.365751028060913,1.000000238418579,0.9932424426078796,0.036235809326171875,,,
46,5,4,1.5794272422790527,1.0,0.9965015053749084,0.05244535207748413,,,
46,5,5,1.989330530166626,1.0,0.9967984557151794,0.011716408655047417,,,
46,5,6,0.704471230506897,1.0,0.9964014291763306,0.02623687870800495,,,
46,5,7,1.063069462776184,1.0,0.996530294418335,0.043043483048677444,,,
46,5,8,1.1144031286239624,1.0,0.9965303540229797,0.027366360649466515,,,
46,5,9,2.836904525756836,1.0,0.9970746636390686,0.007673864718526602,,,
46,5,10,3.700263500213623,1.0000005960464478,0.9750562906265259,0.033143386244773865,,,
46,5,11,2.90266489982605,1.0,0.9968763589859009,0.11490871757268906,,,
46,6,0,1.9165877103805542,1.0,0.9954981207847595,0.03883608058094978,,,
46,6,1,0.7753987312316895,1.0,0.9980074167251587,0.02190237306058407,,,
46,6,2,3.5760653018951416,1.0,0.9973840117454529,0.013379826210439205,,,
46,6,3,1.7182841300964355,1.0,0.9985004663467407,0.017233364284038544,,,
46,6,4,3.4753177165985107,1.0,0.9956413507461548,0.020351851359009743,,,
46,6,5,1.7247477769851685,1.0,0.9985249042510986,0.06107541173696518,,,
46,6,6,2.8882784843444824,1.0,0.9986213445663452,0.0778127908706665,,,
46,6,7,2.330286741256714,1.0,0.9979074001312256,0.041436150670051575,,,
46,6,8,1.3361222743988037,1.0,0.9984287619590759,0.02954929694533348,,,
46,6,9,0.8058843612670898,1.0,0.9980014562606812,0.0047406586818397045,,,
46,6,10,3.0635993480682373,1.0,0.9982900619506836,0.009872783906757832,,,
46,6,11,1.6324081420898438,1.0,0.9981563687324524,0.04866670444607735,,,
46,7,0,1.1213866472244263,1.0,0.9989915490150452,0.02802812121808529,,,
46,7,1,2.5998806953430176,1.0,0.9985544085502625,0.013154245913028717,,,
46,7,2,0.5302613973617554,1.0,0.999144971370697,0.003471911884844303,,,
46,7,3,1.572624921798706,1.0,0.9993833899497986,0.04793325066566467,,,
46,7,4,0.9258052110671997,1.0,0.9992811679840088,0.013532891869544983,,,
46,7,5,2.7264273166656494,1.0,0.9978468418121338,0.024138474836945534,,,
46,7,6,3.1466729640960693,1.0,0.9989838004112244,0.011839203536510468,,,
46,7,7,1.425646185874939,1.0,0.9993016719818115,0.011590692214667797,,,
46,7,8,1.404596209526062,1.0,0.9988653063774109,0.03536348417401314,,,
46,7,9,1.4635800123214722,1.0,0.9992833733558655,0.029162995517253876,,,
46,7,10,0.9378652572631836,1.0,0.9992311596870422,0.004310550633817911,,,
46,7,11,1.77383553981781,1.0,0.9993188977241516,0.0069353459402918816,,,
46,8,0,3.236423969268799,1.0,0.9978446364402771,0.02278311178088188,,,
46,8,1,1.1977890729904175,1.0,0.9976431131362915,0.008492008782923222,,,
46,8,2,4.194937229156494,1.000000238418579,0.9871660470962524,0.011294354684650898,,,
46,8,3,2.3753719329833984,1.0,0.9981046319007874,0.018243001773953438,,,
46,8,4,1.2259913682937622,1.0,0.9979047179222107,0.04609310254454613,,,
46,8,5,2.0221948623657227,1.0,0.9975515007972717,0.039577942341566086,,,
46,8,6,1.9036142826080322,1.0,0.9980314373970032,0.016260333359241486,,,
46,8,7,1.3057451248168945,1.0,0.9974618554115295,0.0577770434319973,,,
46,8,8,2.431873083114624,1.0,0.9979177117347717,0.02758183889091015,,,
46,8,9,2.4703829288482666,1.0,0.9981357455253601,0.0289914608001709,,,
46,8,10,2.363265037536621,1.0,0.9982583522796631,0.05980927497148514,,,
46,8,11,1.9225852489471436,1.0,0.9977849721908569,0.013637152500450611,,,
46,9,0,2.632847785949707,1.0,0.9965149164199829,0.023830855265259743,,,
46,9,1,1.9685883522033691,1.0,0.9982259273529053,0.01007822435349226,,,
46,9,2,2.6733028888702393,1.0,0.9976962804794312,0.015718230977654457,,,
46,9,3,1.6749926805496216,1.0,0.9974996447563171,0.04674013331532478,,,
46,9,4,2.066638946533203,1.0,0.9986063241958618,0.011954285204410553,,,
46,9,5,2.466071367263794,1.0,0.9986757636070251,0.03024870716035366,,,
46,9,6,1.6044522523880005,1.0,0.9985105395317078,0.004778347909450531,,,
46,9,7,2.080549955368042,1.0,0.998469889163971,0.019237613305449486,,,
46,9,8,2.714437961578369,1.0,0.9966558814048767,0.009572884067893028,,,
46,9,9,1.849900722503662,1.0,0.9984750747680664,0.00597787369042635,,,
46,9,10,1.2197340726852417,1.0,0.9983188509941101,0.04020494967699051,,,
46,9,11,2.3815360069274902,1.0,0.9957137703895569,0.006143773905932903,,,
46,10,0,2.587692975997925,1.0000001192092896,0.9945646524429321,0.008401108905673027,,,
46,10,1,1.9392975568771362,1.0,0.9972032308578491,0.00774491298943758,,,
46,10,2,2.5071752071380615,1.0,0.9969017505645752,0.00921789649873972,,,
46,10,3,2.9166460037231445,1.0,0.9943575263023376,0.0111874183639884,,,
46,10,4,3.3205230236053467,1.0000001192092896,0.9949529767036438,0.021530158817768097,,,
46,10,5,1.0166393518447876,1.0,0.9972575902938843,0.024538330733776093,,,
46,10,6,1.9717098474502563,1.0,0.9975319504737854,0.007204283494502306,,,
46,10,7,2.874084711074829,1.0000001192092896,0.9970846772193909,0.02567294053733349,,,
46,10,8,2.2199642658233643,1.0,0.9974358081817627,0.011171733029186726,,,
46,10,9,1.43678879737854,1.0,0.9975162148475647,0.06476803123950958,,,
46,10,10,2.0453717708587646,1.0,0.9971731305122375,0.006716520059853792,,,
46,10,11,2.1221442222595215,1.0,0.9974908232688904,0.039245545864105225,,,
46,11,0,4.705010890960693,1.000001311302185,0.8872737884521484,0.02526841312646866,,,
46,11,1,3.205064296722412,1.0000001192092896,0.9087093472480774,0.01956670545041561,,,
46,11,2,2.5904197692871094,1.0000001192092896,0.9059803485870361,0.00824250839650631,,,
46,11,3,2.2001755237579346,1.0,0.9060372710227966,0.024586886167526245,,,
46,11,4,3.8662455081939697,1.000000238418579,0.9086799025535583,0.01572360098361969,,,
46,11,5,2.448899984359741,1.0,0.9058375954627991,0.01081059593707323,,,
46,11,6,2.2443149089813232,1.0,0.9053804874420166,0.006899697706103325,,,
46,11,7,2.671724557876587,1.0,0.9070039391517639,0.01637444831430912,,,
46,11,8,3.691132068634033,1.0000213384628296,0.1102229654788971,0.10260966420173645,,,
46,11,9,2.125247001647949,1.0,0.905221700668335,0.007307030726224184,,,
46,11,10,2.9498844146728516,1.0,0.9116485714912415,0.04291051626205444,,,
46,11,11,3.0271151065826416,1.0000001192092896,0.9105463624000549,0.03669518977403641,,,
47,0,0,4.252195358276367,1.000016689300537,0.7519689202308655,0.017858492210507393,,,
47,0,1,0.6215339303016663,1.0000288486480713,0.8007440567016602,0.8021242022514343,,,
47,0,2,4.579007148742676,1.0000118017196655,0.7961136102676392,0.0433502197265625,,,
47,0,3,0.4401496350765228,1.0000277757644653,0.7747698426246643,0.8211386203765869,,,
47,0,4,1.2753006219863892,1.0000267028808594,0.7905626893043518,0.5698679089546204,,,
47,0,5,1.5960272550582886,1.0000216960906982,0.7548503875732422,0.5292162299156189,,,
47,0,6,4.247198104858398,1.0000200271606445,0.7362341284751892,0.029724063351750374,,,
47,0,7,1.9046833515167236,1.0000264644622803,0.7473281621932983,0.17030607163906097,,,
47,0,8,4.199079990386963,1.0000226497650146,0.8060135245323181,0.06258127093315125,,,
47,0,9,4.606842041015625,1.0000170469284058,0.8410860300064087,0.022381016984581947,,,
47,0,10,4.214783191680908,1.0000232458114624,0.8746071457862854,0.14545008540153503,,,
47,0,11,5.282750606536865,1.0000132322311401,0.7203693389892578,0.00855601578950882,,,
47,1,0,2.419434070587158,1.0000256299972534,0.7085443139076233,0.11140737682580948,,,
47,1,1,2.697263240814209,1.0000202655792236,0.679313063621521,0.09510903805494308,,,
47,1,2,4.693175315856934,1.0000163316726685,0.6303774118423462,0.027955038473010063,,,
47,1,3,4.202023506164551,1.0000008344650269,0.6749236583709717,0.03649761527776718,,,
47,1,4,3.7681591510772705,1.0000094175338745,0.7985967993736267,0.06844748556613922,,,
47,1,5,4.437546730041504,1.0000121593475342,0.8268633484840393,0.08526541292667389,,,
47,1,6,4.519806385040283,1.0000097751617432,0.8000871539115906,0.03367117792367935,,,
47,1,7,4.824455261230469,1.000011920928955,0.8084412217140198,0.02007334679365158,,,
47,1,8,5.209471702575684,1.000004768371582,0.7841932773590088,0.010940350592136383,,,
47,1,9,5.222305774688721,1.0000065565109253,0.7538642287254333,0.008244401775300503,,,
47,1,10,4.395299911499023,1.0000113248825073,0.5861632823944092,0.04062771797180176,,,
47,1,11,1.9433763027191162,1.0000251531600952,0.7529432773590088,0.6038275957107544,,,
47,2,0,2.453563690185547,1.000001072883606,0.8706598281860352,0.10395670682191849,,,
47,2,1,4.483172416687012,1.0000004768371582,0.8531474471092224,0.010183763690292835,,,
47,2,2,1.1537355184555054,1.0000070333480835,0.861440896987915,0.12285961210727692,,,
47,2,3,1.9218915700912476,1.000004768371582,0.8526386022567749,0.13053375482559204,,,
47,2,4,1.7115833759307861,1.000000238418579,0.8513662219047546,0.0898418053984642,,,
47,2,5,1.7764723300933838,1.0000051259994507,0.857530951499939,0.1372576206922531,,,
47,2,6,2.759587287902832,1.0000072717666626,0.7585977911949158,0.07957200706005096,,,
47,2,7,2.8017630577087402,1.0,0.8279632329940796,0.03383761644363403,,,
47,2,8,1.8357619047164917,1.0000025033950806,0.8772369623184204,0.11354334652423859,,,
47,2,9,1.74540376663208,1.0000057220458984,0.8465589880943298,0.12231358140707016,,,
47,2,10,3.1200473308563232,1.0000265836715698,0.48400384187698364,0.12383979558944702,,,
47,2,11,3.011970043182373,1.0000003576278687,0.863760232925415,0.10364729911088943,,,
47,3,0,2.978391647338867,1.0,0.9925374388694763,0.07246425002813339,,,
47,3,1,1.9527422189712524,1.0,0.9920150637626648,0.06398853659629822,,,
47,3,2,1.4541038274765015,1.0000003576278687,0.9874252676963806,0.12196460366249084,,,
47,3,3,0.9985416531562805,1.0,0.9924396276473999,0.0650753527879715,,,
47,3,4,3.9023098945617676,1.0,0.9930956363677979,0.011654374189674854,,,
47,3,5,2.730968475341797,1.0,0.994023859500885,0.03617171570658684,,,
47,3,6,1.7254328727722168,1.0000005960464478,0.9830692410469055,0.15189239382743835,,,
47,3,7,1.4147236347198486,1.000000238418579,0.9891908168792725,0.11347179859876633,,,
47,3,8,1.4946494102478027,1.0000003576278687,0.9865052700042725,0.13048137724399567,,,
47,3,9,1.5739539861679077,1.0,0.9934368133544922,0.07507124543190002,,,
47,3,10,1.85042142868042,1.0,0.9928255081176758,0.16338925063610077,,,
47,3,11,1.7485263347625732,1.0000001192092896,0.9920807480812073,0.09916536509990692,,,
47,4,0,1.2204582691192627,1.0000001192092896,0.9161435961723328,0.05984897166490555,,,
47,4,1,1.5747205018997192,1.0000001192092896,0.9178838729858398,0.06601407378911972,,,
47,4,2,2.0987517833709717,1.0,0.9140294790267944,0.015193161554634571,,,
47,4,3,1.5614913702011108,1.0000003576278687,0.917165994644165,0.08205729722976685,,,
47,4,4,3.4782962799072266,1.0,0.9178997278213501,0.04486558213829994,,,
47,4,5,1.4474555253982544,1.0,0.9156148433685303,0.05929768458008766,,,
47,4,6,2.1287312507629395,1.0,0.9175806045532227,0.0476582832634449,,,
47,4,7,1.8886770009994507,1.0000004768371582,0.9199891686439514,0.4849279224872589,,,
47,4,8,3.5797574520111084,1.0,0.9180253744125366,0.016367658972740173,,,
47,4,9,1.8774949312210083,1.0,0.9166901111602783,0.037215445190668106,,,
47,4,10,3.3439745903015137,1.0,0.9162660241127014,0.013220259919762611,,,
47,4,11,0.009354994632303715,1.0000282526016235,0.15009301900863647,0.003840757068246603,,,
47,5,0,1.8054529428482056,1.0,0.9964030981063843,0.010368200950324535,,,
47,5,1,0.3478625416755676,1.0,0.9958309531211853,0.004341326653957367,,,
47,5,2,1.4458038806915283,1.0,0.996421754360199,0.022132912650704384,,,
47,5,3,2.2588348388671875,1.0000001192092896,0.9926189184188843,0.03552735596895218,,,
47,5,4,1.4500131607055664,1.0,0.9964323043823242,0.05280028656125069,,,
47,5,5,2.0622777938842773,1.0,0.9963027834892273,0.013009713962674141,,,
47,5,6,0.6454149484634399,1.0,0.9960491061210632,0.02241499349474907,,,
47,5,7,0.9430280923843384,1.0,0.9961526989936829,0.03412530571222305,,,
47,5,8,1.1521583795547485,1.0,0.9962867498397827,0.026607226580381393,,,
47,5,9,3.135643482208252,1.0,0.99676114320755,0.0099351666867733,,,
47,5,10,3.6778440475463867,1.0000004768371582,0.9721165299415588,0.04351111873984337,,,
47,5,11,2.881279230117798,1.0,0.996605634689331,0.1148572489619255,,,
47,6,0,1.8286223411560059,1.0000001192092896,0.996038019657135,0.044038835912942886,,,
47,6,1,0.8629232048988342,1.0,0.9982910752296448,0.02542201057076454,,,
47,6,2,3.618835210800171,1.0,0.9976377487182617,0.013727176003158092,,,
47,6,3,1.6679120063781738,1.0,0.9986169934272766,0.01854902319610119,,,
47,6,4,3.291255235671997,1.0,0.9971005916595459,0.01974470354616642,,,
47,6,5,1.7090502977371216,1.0,0.9986587166786194,0.06069369986653328,,,
47,6,6,3.080799102783203,1.0,0.9986156821250916,0.07815708965063095,,,
47,6,7,2.376328945159912,1.0,0.9973255395889282,0.04762654006481171,,,
47,6,8,1.2891032695770264,1.0,0.9985425472259521,0.027588002383708954,,,
47,6,9,0.9756815433502197,1.0,0.9982104897499084,0.00611437251791358,,,
47,6,10,2.8719937801361084,1.0,0.9984052777290344,0.009225771762430668,,,
47,6,11,1.567745327949524,1.0,0.998435914516449,0.046630870550870895,,,
47,7,0,1.076281189918518,1.0,0.9989591836929321,0.02804701216518879,,,
47,7,1,2.554500102996826,1.0,0.9982025027275085,0.014950690791010857,,,
47,7,2,0.5577409267425537,1.0,0.9990924596786499,0.003821201389655471,,,
47,7,3,1.5641124248504639,1.0,0.9993395209312439,0.04566272720694542,,,
47,7,4,0.9836662411689758,1.0,0.9992409348487854,0.014971821568906307,,,
47,7,5,2.5810225009918213,1.0,0.9976721405982971,0.024202395230531693,,,
47,7,6,2.991410255432129,1.0,0.9991306066513062,0.012007190845906734,,,
47,7,7,1.3524448871612549,1.0,0.9992541670799255,0.011967047117650509,,,
47,7,8,1.3574239015579224,1.0,0.9986636638641357,0.042398400604724884,,,
47,7,9,1.5557265281677246,1.0,0.9991388916969299,0.033585622906684875,,,
47,7,10,1.158286452293396,1.0,0.9992094039916992,0.005777689162641764,,,
47,7,11,1.8044835329055786,1.0,0.9992610812187195,0.005991525016725063,,,
47,8,0,3.141784906387329,1.0,0.997580885887146,0.024438589811325073,,,
47,8,1,1.1109673976898193,1.0,0.9971959590911865,0.008046149276196957,,,
47,8,2,4.085705280303955,1.0000003576278687,0.9873422980308533,0.011640975251793861,,,
47,8,3,2.3048808574676514,1.0,0.9975999593734741,0.021710677072405815,,,
47,8,4,1.2071396112442017,1.0,0.9975408911705017,0.04805881902575493,,,
47,8,5,1.940246820449829,1.0,0.9970216155052185,0.0398082509636879,,,
47,8,6,1.8335524797439575,1.0,0.9976656436920166,0.018438315019011497,,,
47,8,7,1.2622746229171753,1.0,0.9972385168075562,0.055438049137592316,,,
47,8,8,2.663721799850464,1.0000001192092896,0.9933526515960693,0.03511704504489899,,,
47,8,9,2.2102408409118652,1.0,0.9977182745933533,0.029740460216999054,,,
47,8,10,2.400867223739624,1.0,0.9979447722434998,0.06458958238363266,,,
47,8,11,1.7519251108169556,1.0,0.9975099563598633,0.012631974183022976,,,
47,9,0,2.5433170795440674,1.0,0.9965434670448303,0.029415752738714218,,,
47,9,1,2.253303050994873,1.0,0.9980478286743164,0.0116591090336442,,,
47,9,2,2.8285529613494873,1.0,0.99624103307724,0.017255151644349098,,,
47,9,3,1.6666173934936523,1.0,0.9979647994041443,0.044849246740341187,,,
47,9,4,2.0355794429779053,1.0,0.9988222718238831,0.013337826356291771,,,
47,9,5,2.522195816040039,1.0,0.9989153146743774,0.029253624379634857,,,
47,9,6,1.762015461921692,1.0,0.9986806511878967,0.00530873890966177,,,
47,9,7,1.940398097038269,1.0,0.9986850619316101,0.019951175898313522,,,
47,9,8,2.0630931854248047,1.0,0.998827338218689,0.005924517754465342,,,
47,9,9,1.9484726190567017,1.0,0.9985793828964233,0.006349086761474609,,,
47,9,10,1.2232049703598022,1.0,0.9985622763633728,0.044820114970207214,,,
47,9,11,2.381840705871582,1.0,0.9983110427856445,0.005490763112902641,,,
47,10,0,2.496013641357422,1.0,0.9970627427101135,0.008552569895982742,,,
47,10,1,1.9957650899887085,1.0,0.9974594712257385,0.009525608271360397,,,
47,10,2,2.3930227756500244,1.0,0.9976559281349182,0.008332102559506893,,,
47,10,3,2.885873556137085,1.0000001192092896,0.9935043454170227,0.01095624640583992,,,
47,10,4,3.1611146926879883,1.0,0.995292067527771,0.020483434200286865,,,
47,10,5,1.0787444114685059,1.0,0.9974108338356018,0.03021879866719246,,,
47,10,6,1.9289296865463257,1.0,0.9975101947784424,0.007543405517935753,,,
47,10,7,3.0918216705322266,1.0,0.9959414005279541,0.025451844558119774,,,
47,10,8,2.26993465423584,1.0,0.9967126250267029,0.010728579014539719,,,
47,10,9,1.3382498025894165,1.0,0.9977242946624756,0.07479174435138702,,,
47,10,10,2.0584471225738525,1.0,0.9974533319473267,0.007919982075691223,,,
47,10,11,2.172146797180176,1.0,0.9974328875541687,0.03939060494303703,,,
47,11,0,4.614410877227783,1.0000009536743164,0.8988751769065857,0.024712655693292618,,,
47,11,1,3.1585021018981934,1.0000001192092896,0.9085285067558289,0.013706965371966362,,,
47,11,2,2.493610382080078,1.0,0.9084499478340149,0.007818524725735188,,,
47,11,3,1.8610219955444336,1.0,0.906894862651825,0.019578775390982628,,,
47,11,4,3.934109926223755,1.0000001192092896,0.9131309390068054,0.01754639856517315,,,
47,11,5,2.415112257003784,1.0,0.9081256985664368,0.011377546004951,,,
47,11,6,2.115497589111328,1.0,0.9067838788032532,0.007101256400346756,,,
47,11,7,2.742269277572632,1.0,0.9083036184310913,0.017147593200206757,,,
47,11,8,3.7876036167144775,1.0000218152999878,0.10006935149431229,0.09179006516933441,,,
47,11,9,1.8046085834503174,1.0,0.9062235355377197,0.006229167338460684,,,
47,11,10,2.99407958984375,1.0,0.9126166701316833,0.04495060443878174,,,
47,11,11,3.0696451663970947,1.0000001192092896,0.9121035933494568,0.036682430654764175,,,
48,0,0,4.309703350067139,1.000016212463379,0.7821980118751526,0.020377233624458313,,,
48,0,1,0.5805107355117798,1.00002920627594,0.7981727719306946,0.8182662129402161,,,
48,0,2,4.5462870597839355,1.0000112056732178,0.7783989310264587,0.03985075652599335,,,
48,0,3,0.47753027081489563,1.0000284910202026,0.7745625972747803,0.8189237117767334,,,
48,0,4,1.303170919418335,1.0000267028808594,0.7815714478492737,0.5640334486961365,,,
48,0,5,1.6713787317276,1.0000232458114624,0.7560567259788513,0.5226866006851196,,,
48,0,6,4.2004804611206055,1.00002121925354,0.718532383441925,0.029652848839759827,,,
48,0,7,1.9155486822128296,1.0000263452529907,0.7424435019493103,0.1731940060853958,,,
48,0,8,4.149272918701172,1.0000214576721191,0.7936496138572693,0.06068996712565422,,,
48,0,9,4.596890926361084,1.0000152587890625,0.8363611698150635,0.023044059053063393,,,
48,0,10,4.190114974975586,1.0000230073928833,0.8725797533988953,0.1522192507982254,,,
48,0,11,5.308521747589111,1.000013828277588,0.7224846482276917,0.008242743089795113,,,
48,1,0,2.3956215381622314,1.0000261068344116,0.7146825194358826,0.10611002147197723,,,
48,1,1,2.723731517791748,1.0000202655792236,0.7098629474639893,0.09879782795906067,,,
48,1,2,4.69530725479126,1.000016450881958,0.6362167596817017,0.027790537104010582,,,
48,1,3,4.199450969696045,1.0000009536743164,0.6850839257240295,0.03682054579257965,,,
48,1,4,3.754706382751465,1.0000088214874268,0.8073008060455322,0.06926707178354263,,,
48,1,5,4.429818153381348,1.0000122785568237,0.8287484645843506,0.08927607536315918,,,
48,1,6,4.507903575897217,1.0000072717666626,0.7978182435035706,0.02970282733440399,,,
48,1,7,4.879812717437744,1.0000110864639282,0.8228306174278259,0.01892673969268799,,,
48,1,8,5.2348408699035645,1.0000044107437134,0.792676568031311,0.010329857468605042,,,
48,1,9,5.269428730010986,1.0000065565109253,0.7668651342391968,0.007671714760363102,,,
48,1,10,4.384941101074219,1.0000123977661133,0.5886321663856506,0.04184870421886444,,,
48,1,11,1.8686023950576782,1.0000262260437012,0.7564305663108826,0.6265574097633362,,,
48,2,0,2.4952659606933594,1.0000014305114746,0.8786113262176514,0.10442851483821869,,,
48,2,1,4.564621925354004,1.0000008344650269,0.8614644408226013,0.010543321259319782,,,
48,2,2,1.1416040658950806,1.0000056028366089,0.8796699047088623,0.12285400182008743,,,
48,2,3,1.9295685291290283,1.0000059604644775,0.8447070717811584,0.13398055732250214,,,
48,2,4,1.7430646419525146,1.000000238418579,0.8598640561103821,0.08889611065387726,,,
48,2,5,1.8157614469528198,1.0000044107437134,0.8634424209594727,0.13815172016620636,,,
48,2,6,2.772878646850586,1.0000064373016357,0.7884946465492249,0.07865762710571289,,,
48,2,7,2.771709680557251,1.0,0.8351176977157593,0.033034954220056534,,,
48,2,8,1.8415946960449219,1.0000026226043701,0.8853992223739624,0.11279278993606567,,,
48,2,9,1.7455075979232788,1.0000042915344238,0.8517681360244751,0.1253393590450287,,,
48,2,10,3.126239776611328,1.0000264644622803,0.5039214491844177,0.12251124531030655,,,
48,2,11,3.041518211364746,1.000000238418579,0.8722594976425171,0.10328074544668198,,,
48,3,0,2.878095865249634,1.0,0.9936907291412354,0.06951781362295151,,,
48,3,1,1.939018964767456,1.0000001192092896,0.9933727383613586,0.06240677461028099,,,
48,3,2,1.446777582168579,1.0000003576278687,0.9873176217079163,0.11330881714820862,,,
48,3,3,0.9686306715011597,1.0,0.9935718178749084,0.06785336136817932,,,
48,3,4,3.813072919845581,1.0,0.9940296411514282,0.010170435532927513,,,
48,3,5,2.622347593307495,1.0,0.9947601556777954,0.03202413022518158,,,
48,3,6,1.7359743118286133,1.0000003576278687,0.9865595102310181,0.15316252410411835,,,
48,3,7,1.4492708444595337,1.000000238418579,0.99102783203125,0.11354053765535355,,,
48,3,8,1.5404160022735596,1.0000003576278687,0.9881967306137085,0.11857052892446518,,,
48,3,9,1.5828133821487427,1.0,0.9943732619285583,0.07256072014570236,,,
48,3,10,1.8250173330307007,1.0,0.9939193725585938,0.15494105219841003,,,
48,3,11,1.7721863985061646,1.0000001192092896,0.9929304122924805,0.09316936135292053,,,
48,4,0,1.2201082706451416,1.000000238418579,0.9151950478553772,0.05872708186507225,,,
48,4,1,1.6333287954330444,1.0000001192092896,0.9179250597953796,0.0678449273109436,,,
48,4,2,2.084683656692505,1.0,0.9134216904640198,0.014829806983470917,,,
48,4,3,1.6070359945297241,1.0000001192092896,0.9164429306983948,0.07211785763502121,,,
48,4,4,3.365281105041504,1.0,0.9169633388519287,0.044977303594350815,,,
48,4,5,1.4179500341415405,1.0,0.9146835207939148,0.06322601437568665,,,
48,4,6,2.141894817352295,1.0,0.9168390035629272,0.045038990676403046,,,
48,4,7,1.8619542121887207,1.0000005960464478,0.9185936450958252,0.49362653493881226,,,
48,4,8,3.6498472690582275,1.0,0.917607307434082,0.013639592565596104,,,
48,4,9,1.89741051197052,1.0,0.9164406061172485,0.03656421974301338,,,
48,4,10,3.37995982170105,1.0,0.9154887795448303,0.012112261727452278,,,
48,4,11,0.01005529798567295,1.0000282526016235,0.15000014007091522,0.004817994777113199,,,
48,5,0,2.077188491821289,1.0,0.9959824085235596,0.01031794585287571,,,
48,5,1,0.37489035725593567,1.0,0.9951884746551514,0.004853530321270227,,,
48,5,2,1.4664970636367798,1.0,0.9958715438842773,0.020774152129888535,,,
48,5,3,2.323411703109741,1.0000001192092896,0.992156445980072,0.034088898450136185,,,
48,5,4,1.5347061157226562,1.0,0.995883584022522,0.05434008315205574,,,
48,5,5,2.2945337295532227,1.0,0.995913565158844,0.014638836495578289,,,
48,5,6,0.645258367061615,1.0,0.9954016208648682,0.02262832783162594,,,
48,5,7,1.0657765865325928,1.0,0.9956135153770447,0.04011879116296768,,,
48,5,8,1.1344971656799316,1.0,0.995676577091217,0.02715134620666504,,,
48,5,9,3.219980478286743,1.0,0.9963666796684265,0.008293680846691132,,,
48,5,10,3.8689403533935547,1.0000005960464478,0.9680294394493103,0.03827253729104996,,,
48,5,11,2.956942319869995,1.0,0.9961471557617188,0.11713147908449173,,,
48,6,0,1.9108107089996338,1.0000001192092896,0.9948399066925049,0.04216359183192253,,,
48,6,1,0.8467864394187927,1.0,0.9977913498878479,0.024601154029369354,,,
48,6,2,3.7043063640594482,1.0,0.9970295429229736,0.012624328024685383,,,
48,6,3,1.8545005321502686,1.0,0.9982995390892029,0.01804964803159237,,,
48,6,4,3.362969398498535,1.0,0.9963338375091553,0.016606170684099197,,,
48,6,5,1.7720692157745361,1.0,0.9982805252075195,0.06479448080062866,,,
48,6,6,3.3117172718048096,1.0,0.9982360601425171,0.07511839270591736,,,
48,6,7,2.4710543155670166,1.0,0.9965833425521851,0.047161418944597244,,,
48,6,8,1.313719391822815,1.0,0.9981712698936462,0.02650182694196701,,,
48,6,9,1.0266907215118408,1.0,0.9977575540542603,0.006665321066975594,,,
48,6,10,3.0308237075805664,1.0,0.9980930089950562,0.00906083732843399,,,
48,6,11,1.685620903968811,1.0,0.9977980256080627,0.051874905824661255,,,
48,7,0,1.0770175457000732,1.0,0.9989795684814453,0.02805410325527191,,,
48,7,1,2.8834643363952637,1.0,0.9979644417762756,0.01236141286790371,,,
48,7,2,0.7383654117584229,1.0,0.9989545345306396,0.00451207859441638,,,
48,7,3,1.5643792152404785,1.0,0.9992170333862305,0.03993997350335121,,,
48,7,4,1.0479776859283447,1.0,0.9991366863250732,0.015080118551850319,,,
48,7,5,2.7040340900421143,1.0,0.9976430535316467,0.022183353081345558,,,
48,7,6,3.375526189804077,1.0,0.9988893866539001,0.010398099198937416,,,
48,7,7,1.7529373168945312,1.0,0.9991723895072937,0.01182317640632391,,,
48,7,8,1.4580732583999634,1.0,0.9983682036399841,0.03835199773311615,,,
48,7,9,1.658319354057312,1.0,0.9990415573120117,0.0337381549179554,,,
48,7,10,1.337948203086853,1.0,0.999103307723999,0.006509543862193823,,,
48,7,11,2.1508452892303467,1.0,0.9991775155067444,0.00748313358053565,,,
48,8,0,3.202233076095581,1.0,0.9968844056129456,0.024201584979891777,,,
48,8,1,1.3295658826828003,1.0,0.9961643815040588,0.009256397373974323,,,
48,8,2,4.369054794311523,1.0000004768371582,0.9775472283363342,0.011839770711958408,,,
48,8,3,2.5028040409088135,1.0,0.9967244863510132,0.02056604065001011,,,
48,8,4,1.2774174213409424,1.0,0.9965062737464905,0.05179648473858833,,,
48,8,5,2.026322841644287,1.0,0.9957171082496643,0.03783354535698891,,,
48,8,6,2.2309494018554688,1.0,0.9967672228813171,0.01683455891907215,,,
48,8,7,1.2645165920257568,1.0,0.9960473775863647,0.05674038827419281,,,
48,8,8,2.731365442276001,1.0,0.9941589832305908,0.02969461679458618,,,
48,8,9,2.5044965744018555,1.0,0.9968633055686951,0.02881246618926525,,,
48,8,10,2.474027395248413,1.0,0.9970243573188782,0.0639302134513855,,,
48,8,11,1.848305583000183,1.0,0.9964572787284851,0.012053465470671654,,,
48,9,0,2.5708351135253906,1.0,0.9971572756767273,0.025991365313529968,,,
48,9,1,2.389277935028076,1.0,0.9979386925697327,0.011132375337183475,,,
48,9,2,2.82023024559021,1.0000001192092896,0.9969556331634521,0.01343859825283289,,,
48,9,3,1.6802722215652466,1.0,0.9979916214942932,0.04154011607170105,,,
48,9,4,2.305398464202881,1.0,0.9987237453460693,0.012402067892253399,,,
48,9,5,2.884927272796631,1.0,0.9987061023712158,0.029869569465517998,,,
48,9,6,1.9876185655593872,1.0,0.9984994530677795,0.005499954801052809,,,
48,9,7,2.1177194118499756,1.0,0.9986547827720642,0.017180850729346275,,,
48,9,8,2.593596935272217,1.0,0.9984638690948486,0.007204415742307901,,,
48,9,9,2.1602721214294434,1.0,0.9982381463050842,0.008037087507545948,,,
48,9,10,1.2658965587615967,1.0,0.9983682632446289,0.04390370845794678,,,
48,9,11,2.7146522998809814,1.0,0.997544527053833,0.005068227183073759,,,
48,10,0,2.8031508922576904,1.0,0.9938424825668335,0.010457867756485939,,,
48,10,1,2.1353652477264404,1.0,0.9967957139015198,0.008756077848374844,,,
48,10,2,2.6263315677642822,1.0,0.9949328899383545,0.007979053072631359,,,
48,10,3,3.144364833831787,1.0000001192092896,0.9941005110740662,0.010801355354487896,,,
48,10,4,3.370708703994751,1.0000001192092896,0.9946032166481018,0.017003139480948448,,,
48,10,5,1.0186790227890015,1.0,0.996478796005249,0.02442260831594467,,,
48,10,6,1.9015710353851318,1.0,0.9967331290245056,0.006814124062657356,,,
48,10,7,3.2073140144348145,1.0000001192092896,0.9957873821258545,0.02308259904384613,,,
48,10,8,2.623504877090454,1.0,0.9966627359390259,0.010470708832144737,,,
48,10,9,1.3164690732955933,1.0,0.9968641400337219,0.06279334425926208,,,
48,10,10,2.0515952110290527,1.0,0.9963275790214539,0.006670217961072922,,,
48,10,11,2.2802979946136475,1.0,0.9967851042747498,0.04585633799433708,,,
48,11,0,4.847243309020996,1.000002145767212,0.870022177696228,0.023043684661388397,,,
48,11,1,2.9117236137390137,1.0,0.9054501056671143,0.011051708832383156,,,
48,11,2,2.6242077350616455,1.0000001192092896,0.9027199149131775,0.007731948047876358,,,
48,11,3,1.9195215702056885,1.0,0.9022344946861267,0.018805423751473427,,,
48,11,4,4.074791431427002,1.000000238418579,0.907958447933197,0.014776292257010937,,,
48,11,5,2.571988821029663,1.0,0.9041402339935303,0.011795108206570148,,,
48,11,6,2.228855609893799,1.0,0.9024807214736938,0.005573607049882412,,,
48,11,7,3.0126864910125732,1.0,0.9059068560600281,0.018537066876888275,,,
48,11,8,3.792201042175293,1.00002121925354,0.10993682593107224,0.09128111600875854,,,
48,11,9,2.21897554397583,1.0,0.902705192565918,0.007231857627630234,,,
48,11,10,3.2044525146484375,1.0,0.9102593064308167,0.047111861407756805,,,
48,11,11,3.0752522945404053,1.0000001192092896,0.9083921909332275,0.0362129881978035,,,
49,0,0,4.389716625213623,1.000017762184143,0.8016272187232971,0.01963045820593834,,,
49,0,1,0.5166527032852173,1.0000311136245728,0.8041620850563049,0.8396022915840149,,,
49,0,2,4.608441352844238,1.0000120401382446,0.7963497042655945,0.039050474762916565,,,
49,0,3,0.45846182107925415,1.0000293254852295,0.7863956689834595,0.8309515118598938,,,
49,0,4,1.265339970588684,1.0000264644622803,0.7870267629623413,0.5737301111221313,,,
49,0,5,1.51352059841156,1.0000250339508057,0.7727499008178711,0.5940824151039124,,,
49,0,6,4.206624507904053,1.0000211000442505,0.7228505611419678,0.030895255506038666,,,
49,0,7,1.927019476890564,1.0000271797180176,0.7440704107284546,0.17064633965492249,,,
49,0,8,4.220283508300781,1.000022053718567,0.8011413812637329,0.059352852404117584,,,
49,0,9,4.615038871765137,1.000015139579773,0.8428346514701843,0.022223208099603653,,,
49,0,10,4.201655387878418,1.0000230073928833,0.8775690197944641,0.15484245121479034,,,
49,0,11,5.32927942276001,1.000014305114746,0.7262712717056274,0.008226871490478516,,,
49,1,0,2.4073054790496826,1.0000264644622803,0.7056869864463806,0.10625150054693222,,,
49,1,1,2.714430332183838,1.0000205039978027,0.7046874761581421,0.09490367025136948,,,
49,1,2,4.707931995391846,1.000016689300537,0.6411769986152649,0.02773677557706833,,,
49,1,3,4.219376087188721,1.000001072883606,0.6867762207984924,0.036364879459142685,,,
49,1,4,3.746351480484009,1.0000087022781372,0.8080844283103943,0.0688164010643959,,,
49,1,5,4.478184700012207,1.000011920928955,0.8299937844276428,0.08786911517381668,,,
49,1,6,4.505664825439453,1.0000091791152954,0.8112179040908813,0.034775376319885254,,,
49,1,7,4.934215545654297,1.0000122785568237,0.8273748755455017,0.019630447030067444,,,
49,1,8,5.246501922607422,1.0000038146972656,0.7926069498062134,0.010069730691611767,,,
49,1,9,5.240851402282715,1.0000061988830566,0.7620878219604492,0.007512789219617844,,,
49,1,10,4.404321670532227,1.0000133514404297,0.5906662344932556,0.041566699743270874,,,
49,1,11,1.752700686454773,1.0000274181365967,0.7572427988052368,0.6514326333999634,,,
49,2,0,2.4968576431274414,1.000001311302185,0.879203200340271,0.10416757315397263,,,
49,2,1,4.546159267425537,1.0000005960464478,0.8651386499404907,0.011623267084360123,,,
49,2,2,1.1321842670440674,1.0000052452087402,0.8812572956085205,0.129832461476326,,,
49,2,3,1.905300259590149,1.0000070333480835,0.8405014276504517,0.13359472155570984,,,
49,2,4,1.6553452014923096,1.000000238418579,0.8602820038795471,0.0854567140340805,,,
49,2,5,1.7787647247314453,1.0000040531158447,0.8663971424102783,0.13771311938762665,,,
49,2,6,2.7631335258483887,1.0000053644180298,0.8100512027740479,0.07830942422151566,,,
49,2,7,2.706106424331665,1.0,0.8355243802070618,0.033392634242773056,,,
49,2,8,1.8014001846313477,1.0000032186508179,0.8856081366539001,0.10750018060207367,,,
49,2,9,1.723236322402954,1.0000066757202148,0.8464656472206116,0.12550976872444153,,,
49,2,10,3.1044061183929443,1.0000276565551758,0.49890974164009094,0.12463481724262238,,,
49,2,11,3.0384435653686523,1.000000238418579,0.8734407424926758,0.1037299633026123,,,
49,3,0,2.8086097240448,1.0,0.9933138489723206,0.0783628597855568,,,
49,3,1,1.928046703338623,1.0000001192092896,0.9928107857704163,0.06277481466531754,,,
49,3,2,1.4052798748016357,1.0000003576278687,0.9856449365615845,0.12715217471122742,,,
49,3,3,0.9362890124320984,1.0,0.9928298592567444,0.06176377460360527,,,
49,3,4,3.7389590740203857,1.0,0.9936665892601013,0.01013436634093523,,,
49,3,5,2.6682581901550293,1.0,0.9944087862968445,0.039368435740470886,,,
49,3,6,1.7016323804855347,1.0000003576278687,0.9840928912162781,0.16921135783195496,,,
49,3,7,1.4285688400268555,1.000000238418579,0.9908227324485779,0.11861221492290497,,,
49,3,8,1.5186418294906616,1.0000001192092896,0.9881455898284912,0.11938897520303726,,,
49,3,9,1.5630425214767456,1.0,0.9938617944717407,0.07246087491512299,,,
49,3,10,1.8168102502822876,1.0,0.9932543039321899,0.16953124105930328,,,
49,3,11,1.7737153768539429,1.0000001192092896,0.9920116662979126,0.10460644960403442,,,
49,4,0,1.213124394416809,1.0000001192092896,0.9166485071182251,0.06351473182439804,,,
49,4,1,1.58133065700531,1.0000001192092896,0.9181481003761292,0.06468512117862701,,,
49,4,2,2.3650963306427,1.0,0.9150111675262451,0.015329798683524132,,,
49,4,3,1.53864324092865,1.0000001192092896,0.916695237159729,0.07177978754043579,,,
49,4,4,3.11759090423584,1.0,0.9164483547210693,0.04447776824235916,,,
49,4,5,1.38896644115448,1.0,0.9150094389915466,0.06335096806287766,,,
49,4,6,2.096862316131592,1.0,0.9169468283653259,0.04732228070497513,,,
49,4,7,1.846053957939148,1.0000005960464478,0.9177989363670349,0.4863927364349365,,,
49,4,8,3.373710870742798,1.0,0.9171077609062195,0.01571456342935562,,,
49,4,9,1.881110668182373,1.0,0.917206346988678,0.03764605522155762,,,
49,4,10,3.172384262084961,1.0,0.9154284000396729,0.01338808424770832,,,
49,4,11,0.010703375563025475,1.00002920627594,0.14659017324447632,0.004372735973447561,,,
49,5,0,1.9415640830993652,1.0,0.9971055388450623,0.01270540151745081,,,
49,5,1,0.3164084851741791,1.0,0.9964352250099182,0.004440221004188061,,,
49,5,2,1.3921866416931152,1.0,0.9970484375953674,0.02398173324763775,,,
49,5,3,2.31656551361084,1.0,0.9938263297080994,0.03497759997844696,,,
49,5,4,1.5318125486373901,1.0,0.9969483017921448,0.062065135687589645,,,
49,5,5,2.237874984741211,1.0,0.9971319437026978,0.012757755815982819,,,
49,5,6,0.6737352609634399,1.0,0.9966859221458435,0.02598416432738304,,,
49,5,7,1.047166109085083,1.0,0.9969114661216736,0.04559371992945671,,,
49,5,8,1.173741102218628,1.0,0.9969248175621033,0.02968359924852848,,,
49,5,9,2.9962453842163086,1.0,0.9974117279052734,0.008247790858149529,,,
49,5,10,3.623347043991089,1.0000004768371582,0.978746235370636,0.0415584072470665,,,
49,5,11,2.9097161293029785,1.0,0.9970810413360596,0.12258980423212051,,,
49,6,0,1.8080490827560425,1.0,0.9971452355384827,0.04314015805721283,,,
49,6,1,0.7472230792045593,1.0,0.9984590411186218,0.021698448807001114,,,
49,6,2,3.6635477542877197,1.0,0.9976938366889954,0.013417575508356094,,,
49,6,3,1.7293072938919067,1.0,0.9988756775856018,0.020546112209558487,,,
49,6,4,3.13360595703125,1.0,0.9977813959121704,0.0183050949126482,,,
49,6,5,1.7947070598602295,1.0,0.9989364743232727,0.06290643662214279,,,
49,6,6,2.986835241317749,1.0,0.9988985061645508,0.07701416313648224,,,
49,6,7,2.3050668239593506,1.0,0.9981593489646912,0.04233753681182861,,,
49,6,8,1.3057255744934082,1.0,0.9987693428993225,0.030908459797501564,,,
49,6,9,0.8826698064804077,1.0,0.9984039068222046,0.005414650309830904,,,
49,6,10,3.149963140487671,1.0,0.9986463189125061,0.0091533362865448,,,
49,6,11,1.6040663719177246,1.0,0.9984756112098694,0.05061320215463638,,,
49,7,0,1.0290727615356445,1.0,0.9990291595458984,0.02664421685039997,,,
49,7,1,2.8313729763031006,1.0,0.9974720478057861,0.015800900757312775,,,
49,7,2,0.6013957858085632,1.0,0.9990102648735046,0.0036954486276954412,,,
49,7,3,1.6313191652297974,1.0,0.9992753863334656,0.053329598158597946,,,
49,7,4,0.9653406143188477,1.0,0.9991744756698608,0.015958178788423538,,,
49,7,5,2.5258305072784424,1.0,0.9982311129570007,0.024137279018759727,,,
49,7,6,3.2262918949127197,1.0,0.9988874197006226,0.012295517139136791,,,
49,7,7,1.6941564083099365,1.0,0.9992455840110779,0.013725124299526215,,,
49,7,8,1.298285722732544,1.0,0.9989639520645142,0.037474337965250015,,,
49,7,9,1.6215579509735107,1.0,0.9990783333778381,0.036667656153440475,,,
49,7,10,1.1420602798461914,1.0,0.9991428256034851,0.00567007577046752,,,
49,7,11,2.141645669937134,1.0,0.9992229342460632,0.006735068280249834,,,
49,8,0,3.224156141281128,1.0,0.9978117346763611,0.026178251951932907,,,
49,8,1,1.3854387998580933,1.0,0.9975119233131409,0.009826104156672955,,,
49,8,2,4.267096519470215,1.0000003576278687,0.9864475131034851,0.011766865849494934,,,
49,8,3,2.521953582763672,1.0,0.9978092312812805,0.021296676248311996,,,
49,8,4,1.1865299940109253,1.0,0.9976943731307983,0.056477319449186325,,,
49,8,5,1.916590690612793,1.0,0.9971536993980408,0.03949389606714249,,,
49,8,6,1.8208839893341064,1.0,0.9977834820747375,0.01617451384663582,,,
49,8,7,1.1444810628890991,1.0,0.9975128769874573,0.0517890565097332,,,
49,8,8,2.465766191482544,1.0,0.9963899850845337,0.028948279097676277,,,
49,8,9,2.4755892753601074,1.0,0.9979293346405029,0.026207683607935905,,,
49,8,10,2.369432210922241,1.0,0.9981286525726318,0.06551952660083771,,,
49,8,11,1.8611600399017334,1.0,0.9976402521133423,0.014478174969553947,,,
49,9,0,2.402398109436035,1.0,0.9972860217094421,0.024450160562992096,,,
49,9,1,2.2589569091796875,1.0,0.9980052709579468,0.012570666149258614,,,
49,9,2,2.780571460723877,1.0,0.9953172206878662,0.015369857661426067,,,
49,9,3,1.6149905920028687,1.0,0.9976778030395508,0.044591836631298065,,,
49,9,4,2.086181879043579,1.0,0.9984074234962463,0.012372711673378944,,,
49,9,5,2.497480869293213,1.0,0.9984815120697021,0.03413863107562065,,,
49,9,6,1.9273021221160889,1.0,0.99837726354599,0.005343392491340637,,,
49,9,7,1.9675250053405762,1.0,0.9982673525810242,0.01905270852148533,,,
49,9,8,2.4183199405670166,1.0,0.9981186389923096,0.008411821909248829,,,
49,9,9,2.093221664428711,1.0,0.9982998371124268,0.006118119228631258,,,
49,9,10,1.12820303440094,1.0,0.998135507106781,0.0416116826236248,,,
49,9,11,2.6286001205444336,1.0000001192092896,0.9931526780128479,0.00578984385356307,,,
49,10,0,2.4824628829956055,1.0000001192092896,0.9951449036598206,0.008104518055915833,,,
49,10,1,2.286801815032959,1.0,0.9950025081634521,0.008653434924781322,,,
49,10,2,2.702714443206787,1.0,0.9944864511489868,0.008796208538115025,,,
49,10,3,2.9348068237304688,1.0,0.9930452704429626,0.011101397685706615,,,
49,10,4,3.3332295417785645,1.0000001192092896,0.9936514496803284,0.022733192890882492,,,
49,10,5,0.9982510209083557,1.0,0.9962184429168701,0.027176503092050552,,,
49,10,6,2.0723063945770264,1.0,0.9967117309570312,0.007039601448923349,,,
49,10,7,3.0235724449157715,1.0,0.9957025647163391,0.024342888966202736,,,
49,10,8,2.48903751373291,1.0,0.9966043829917908,0.011928468942642212,,,
49,10,9,1.320184350013733,1.0,0.9965753555297852,0.0659656748175621,,,
49,10,10,1.9879635572433472,1.0,0.9970263838768005,0.0061722262762486935,,,
49,10,11,2.1977086067199707,1.0,0.9968709349632263,0.03598558530211449,,,
49,11,0,4.767974853515625,1.0000016689300537,0.8786365985870361,0.02375263348221779,,,
49,11,1,3.002013921737671,1.0,0.9066019654273987,0.013789165765047073,,,
49,11,2,2.549172878265381,1.0,0.9023460149765015,0.008481341414153576,,,
49,11,3,2.2011027336120605,1.0,0.905046820640564,0.021237339824438095,,,
49,11,4,4.041661262512207,1.0000001192092896,0.9114692807197571,0.01718534715473652,,,
49,11,5,2.6790289878845215,1.0,0.9062591195106506,0.01205532904714346,,,
49,11,6,2.175380229949951,1.0,0.9043015837669373,0.0065584867261350155,,,
49,11,7,2.824694871902466,1.0,0.9064382314682007,0.017125029116868973,,,
49,11,8,3.689967155456543,1.0000211000442505,0.10383033752441406,0.09331250190734863,,,
49,11,9,2.3377223014831543,1.0,0.9049604535102844,0.007213759236037731,,,
49,11,10,2.971053123474121,1.0,0.9100112318992615,0.0481022410094738,,,
49,11,11,2.9597959518432617,1.0000001192092896,0.9097274541854858,0.03416194021701813,,,
50,0,0,4.409183979034424,1.000016689300537,0.7979002594947815,0.019416851922869682,,,
50,0,1,0.6332067847251892,1.0000309944152832,0.8031747341156006,0.7970560789108276,,,
50,0,2,4.600322246551514,1.0000132322311401,0.7990392446517944,0.04214703291654587,,,
50,0,3,0.497516930103302,1.000030517578125,0.7902011275291443,0.8244194388389587,,,
50,0,4,1.2857460975646973,1.0000280141830444,0.7922344207763672,0.5659403204917908,,,
50,0,5,1.7706456184387207,1.000022530555725,0.7489498257637024,0.4978561997413635,,,
50,0,6,4.145844459533691,1.0000216960906982,0.6952972412109375,0.033408310264348984,,,
50,0,7,1.8863768577575684,1.0000269412994385,0.7476293444633484,0.16949118673801422,,,
50,0,8,4.209327220916748,1.0000240802764893,0.7963273525238037,0.06288579106330872,,,
50,0,9,4.624803066253662,1.0000174045562744,0.8454039096832275,0.022899914532899857,,,
50,0,10,4.220442771911621,1.0000245571136475,0.8747165203094482,0.14883247017860413,,,
50,0,11,5.361642837524414,1.000014066696167,0.7230520844459534,0.00792207196354866,,,
50,1,0,2.347048282623291,1.0000271797180176,0.7065625786781311,0.10766024142503738,,,
50,1,1,2.7019007205963135,1.0000213384628296,0.7104974389076233,0.09485290199518204,,,
50,1,2,4.732100963592529,1.0000170469284058,0.6535775661468506,0.02714301459491253,,,
50,1,3,4.23477029800415,1.000001072883606,0.6833381056785583,0.036205362528562546,,,
50,1,4,3.7365283966064453,1.0000097751617432,0.810198962688446,0.06953643262386322,,,
50,1,5,4.437427520751953,1.0000139474868774,0.8300432562828064,0.09336408227682114,,,
50,1,6,4.487999439239502,1.0000100135803223,0.8154052495956421,0.03521422669291496,,,
50,1,7,4.91318941116333,1.000012755393982,0.8296815752983093,0.019618527963757515,,,
50,1,8,5.293306350708008,1.0000035762786865,0.7936203479766846,0.009758399799466133,,,
50,1,9,5.343912124633789,1.0000065565109253,0.7706607580184937,0.007011245004832745,,,
50,1,10,4.407132148742676,1.000012993812561,0.5984863042831421,0.04186280071735382,,,
50,1,11,1.8875545263290405,1.0000275373458862,0.7567452788352966,0.6138074994087219,,,
50,2,0,2.5048718452453613,1.0000016689300537,0.8691053986549377,0.10636124014854431,,,
50,2,1,4.690855503082275,1.0000005960464478,0.856833815574646,0.011518703773617744,,,
50,2,2,1.1001310348510742,1.0000087022781372,0.8542362451553345,0.11279076337814331,,,
50,2,3,1.8937255144119263,1.0000078678131104,0.8294994235038757,0.13327807188034058,,,
50,2,4,1.713701605796814,1.000000238418579,0.8572883605957031,0.08891081809997559,,,
50,2,5,1.8159475326538086,1.0000051259994507,0.8606094121932983,0.13392877578735352,,,
50,2,6,2.777848720550537,1.0000053644180298,0.7943257689476013,0.0806867703795433,,,
50,2,7,2.6783652305603027,1.0,0.8229513764381409,0.033077213913202286,,,
50,2,8,1.874650239944458,1.0000030994415283,0.8765840530395508,0.10612397640943527,,,
50,2,9,1.7402080297470093,1.0000053644180298,0.8377269506454468,0.127415269613266,,,
50,2,10,3.1181509494781494,1.000028133392334,0.5120578408241272,0.1233673095703125,,,
50,2,11,3.093580722808838,1.000000238418579,0.8653723001480103,0.10383442044258118,,,
50,3,0,2.8748421669006348,1.0,0.9919483065605164,0.06330790370702744,,,
50,3,1,2.0082170963287354,1.0000001192092896,0.9919925332069397,0.06328807026147842,,,
50,3,2,1.4249942302703857,1.0000005960464478,0.9786807894706726,0.11129741370677948,,,
50,3,3,1.004485845565796,1.0,0.9918200969696045,0.06477411091327667,,,
50,3,4,3.8842310905456543,1.0,0.9924749732017517,0.01113265473395586,,,
50,3,5,2.796499252319336,1.0,0.9931822419166565,0.034731894731521606,,,
50,3,6,1.718825340270996,1.0000004768371582,0.9836267232894897,0.1600499153137207,,,
50,3,7,1.4719334840774536,1.0000003576278687,0.9896228313446045,0.11794009059667587,,,
50,3,8,1.5532281398773193,1.000000238418579,0.9844282269477844,0.11557300388813019,,,
50,3,9,1.656050443649292,1.0,0.9928571581840515,0.07269803434610367,,,
50,3,10,1.840191125869751,1.0,0.9918087124824524,0.16708378493785858,,,
50,3,11,1.8405662775039673,1.0000001192092896,0.9918985366821289,0.09811247885227203,,,
50,4,0,1.2995258569717407,1.0000001192092896,0.9162723422050476,0.057735979557037354,,,
50,4,1,1.6542612314224243,1.0,0.9184625744819641,0.06303279101848602,,,
50,4,2,2.5289723873138428,1.0,0.9155828952789307,0.017488254234194756,,,
50,4,3,1.6557801961898804,1.000000238418579,0.917324423789978,0.06698073446750641,,,
50,4,4,3.200345277786255,1.0,0.9167724847793579,0.046236779540777206,,,
50,4,5,1.4893641471862793,1.0,0.9154728055000305,0.0581551231443882,,,
50,4,6,2.16457462310791,1.0,0.917340874671936,0.04766331985592842,,,
50,4,7,1.9389902353286743,1.0000004768371582,0.9207860827445984,0.4619601368904114,,,
50,4,8,3.4057631492614746,1.0,0.917057991027832,0.016594214364886284,,,
50,4,9,2.0388221740722656,1.0,0.9178757071495056,0.03991883993148804,,,
50,4,10,3.4210691452026367,1.0,0.9161302447319031,0.014404239133000374,,,
50,4,11,0.010476346127688885,1.000030755996704,0.14551566541194916,0.0035860324278473854,,,
50,5,0,1.680750846862793,1.0,0.9961101412773132,0.01159653626382351,,,
50,5,1,0.41401398181915283,1.0,0.9957361817359924,0.004723334684967995,,,
50,5,2,1.4566118717193604,1.0,0.9960463047027588,0.02028387412428856,,,
50,5,3,2.3605129718780518,1.0,0.9937026500701904,0.03460739552974701,,,
50,5,4,1.5182557106018066,1.0,0.9960002899169922,0.05243542417883873,,,
50,5,5,1.9586479663848877,1.0,0.9961594939231873,0.011980566196143627,,,
50,5,6,0.6485404372215271,1.0,0.9957729578018188,0.023064808920025826,,,
50,5,7,1.030537486076355,1.0,0.9959335327148438,0.04211486503481865,,,
50,5,8,1.065825343132019,1.0,0.9958929419517517,0.030550668016076088,,,
50,5,9,3.045989751815796,1.0,0.9965881109237671,0.00811048224568367,,,
50,5,10,3.6932058334350586,1.0000005960464478,0.9678696990013123,0.03531748801469803,,,
50,5,11,2.892533540725708,1.0,0.9963424801826477,0.11943181604146957,,,
50,6,0,1.8841408491134644,1.0,0.9955858588218689,0.03534362092614174,,,
50,6,1,0.7363782525062561,1.0,0.9978178143501282,0.021130161359906197,,,
50,6,2,3.6370809078216553,1.0,0.9970778822898865,0.013530324213206768,,,
50,6,3,1.787306547164917,1.0,0.9983310699462891,0.017905661836266518,,,
50,6,4,3.585644245147705,1.0000001192092896,0.9942703247070312,0.02195502072572708,,,
50,6,5,1.765997052192688,1.0,0.998362123966217,0.06474533677101135,,,
50,6,6,3.0179717540740967,1.0,0.9984260201454163,0.08034884184598923,,,
50,6,7,2.347832679748535,1.0,0.9977260231971741,0.041927676647901535,,,
50,6,8,1.2949358224868774,1.0,0.9982846975326538,0.027801096439361572,,,
50,6,9,0.8867437839508057,1.0,0.9978288412094116,0.0057585774920880795,,,
50,6,10,3.0775105953216553,1.0,0.9980918765068054,0.010633590631186962,,,
50,6,11,1.678358793258667,1.0,0.9980500936508179,0.04648929834365845,,,
50,7,0,1.0851415395736694,1.0,0.9990406036376953,0.026402926072478294,,,
50,7,1,2.4467344284057617,1.0,0.998626708984375,0.010653890669345856,,,
50,7,2,0.7245652079582214,1.0,0.9992011785507202,0.003442268818616867,,,
50,7,3,1.4518357515335083,1.0,0.999337911605835,0.046077702194452286,,,
50,7,4,0.9747376441955566,1.0,0.9992508292198181,0.0145078981295228,,,
50,7,5,2.710082769393921,1.0000001192092896,0.9972352981567383,0.025637058541178703,,,
50,7,6,3.1691112518310547,1.0,0.999103307723999,0.012071019038558006,,,
50,7,7,1.5413120985031128,1.0,0.9992755651473999,0.010699242353439331,,,
50,7,8,1.3992061614990234,1.0,0.9987890124320984,0.03355227783322334,,,
50,7,9,1.390979528427124,1.0,0.9992510080337524,0.028957726433873177,,,
50,7,10,1.0950595140457153,1.0,0.999235212802887,0.004160129930824041,,,
50,7,11,1.6407074928283691,1.0,0.9992889761924744,0.005929000675678253,,,
50,8,0,3.3170578479766846,1.0,0.9978749752044678,0.022004108875989914,,,
50,8,1,1.4761927127838135,1.0,0.9978025555610657,0.007012613583356142,,,
50,8,2,4.237310409545898,1.000000238418579,0.9873058795928955,0.012062505818903446,,,
50,8,3,2.2567734718322754,1.0,0.9980641007423401,0.01916825771331787,,,
50,8,4,1.2834514379501343,1.0,0.9979428648948669,0.04672040417790413,,,
50,8,5,2.105621576309204,1.0,0.996921718120575,0.04210968688130379,,,
50,8,6,2.0463833808898926,1.0,0.9980822205543518,0.015966294333338737,,,
50,8,7,1.3150959014892578,1.0,0.9975098967552185,0.05653403326869011,,,
50,8,8,2.157883882522583,1.0,0.997994601726532,0.025784043595194817,,,
50,8,9,2.1991214752197266,1.0,0.9980857968330383,0.027674702927470207,,,
50,8,10,2.3815078735351562,1.0,0.9982372522354126,0.06654907763004303,,,
50,8,11,2.015284776687622,1.0,0.9978190064430237,0.013236182741820812,,,
50,9,0,2.609600067138672,1.0000001192092896,0.9949288964271545,0.024225914850831032,,,
50,9,1,2.1101133823394775,1.0,0.9979694485664368,0.009162337519228458,,,
50,9,2,2.7567431926727295,1.0,0.9958983063697815,0.014886613935232162,,,
50,9,3,1.7324774265289307,1.0,0.9972158074378967,0.050888679921627045,,,
50,9,4,2.081033706665039,1.0,0.9983749985694885,0.012145640328526497,,,
50,9,5,2.439842939376831,1.0,0.9985315799713135,0.03382960334420204,,,
50,9,6,1.6970534324645996,1.0,0.9984368681907654,0.00446500675752759,,,
50,9,7,2.1357834339141846,1.0,0.9982081055641174,0.020334970206022263,,,
50,9,8,2.781266212463379,1.0,0.9970025420188904,0.00911475159227848,,,
50,9,9,2.0454165935516357,1.0,0.9982295632362366,0.005628336686640978,,,
50,9,10,1.2016655206680298,1.0,0.9980697631835938,0.03738488256931305,,,
50,9,11,2.5499768257141113,1.0,0.9977796673774719,0.006220571231096983,,,
50,10,0,2.6526854038238525,1.0000001192092896,0.9933621883392334,0.009238186292350292,,,
50,10,1,2.1775825023651123,1.0,0.9970512390136719,0.008417506702244282,,,
50,10,2,2.3829143047332764,1.0,0.9973610043525696,0.009253479540348053,,,
50,10,3,3.1449193954467773,1.0000001192092896,0.9944158792495728,0.011741303838789463,,,
50,10,4,3.229090452194214,1.0,0.9957152009010315,0.01858825422823429,,,
50,10,5,1.1278795003890991,1.0,0.9966543316841125,0.026624519377946854,,,
50,10,6,2.335221529006958,1.0,0.996726393699646,0.008509092964231968,,,
50,10,7,2.9838058948516846,1.0000001192092896,0.9950758218765259,0.03291575610637665,,,
50,10,8,2.5141525268554688,1.0,0.9967988729476929,0.01099224854260683,,,
50,10,9,1.4229408502578735,1.0,0.9970559477806091,0.06259768456220627,,,
50,10,10,2.201536178588867,1.0,0.9971662163734436,0.007104338146746159,,,
50,10,11,2.0920472145080566,1.0,0.9971222281455994,0.0335846021771431,,,
50,11,0,4.816747188568115,1.0000014305114746,0.8824630975723267,0.026142358779907227,,,
50,11,1,3.1007492542266846,1.0,0.9081186056137085,0.018098575994372368,,,
50,11,2,2.6723945140838623,1.0000001192092896,0.905098021030426,0.007869657129049301,,,
50,11,3,2.2397425174713135,1.0,0.905215859413147,0.02528761327266693,,,
50,11,4,3.9556233882904053,1.0000001192092896,0.9083786010742188,0.013663203455507755,,,
50,11,5,2.6450421810150146,1.0,0.9063737988471985,0.01042601466178894,,,
50,11,6,2.2661421298980713,1.0,0.9041526317596436,0.005859087221324444,,,
50,11,7,3.044266939163208,1.0,0.9075493216514587,0.017925294116139412,,,
50,11,8,3.740725517272949,1.0000221729278564,0.10822506248950958,0.1063886508345604,,,
50,11,9,2.3056697845458984,1.0,0.904973030090332,0.006559400353580713,,,
50,11,10,2.8815057277679443,1.0,0.9100192785263062,0.04330591857433319,,,
50,11,11,2.918973445892334,1.0000001192092896,0.9095161557197571,0.04212271049618721,,,
51,0,0,4.3874945640563965,1.0000150203704834,0.7812250256538391,0.01798580028116703,,,
51,0,1,0.6768805980682373,1.0000287294387817,0.7928633093833923,0.7810136675834656,,,
51,0,2,4.386991024017334,1.0000128746032715,0.7703168392181396,0.04582594335079193,,,
51,0,3,0.5069949626922607,1.0000280141830444,0.7780411243438721,0.8194332122802734,,,
51,0,4,1.3045789003372192,1.000025749206543,0.7815688848495483,0.5580008029937744,,,
51,0,5,1.7772938013076782,1.0000215768814087,0.7432865500450134,0.5127806067466736,,,
51,0,6,4.152359485626221,1.0000189542770386,0.7001575231552124,0.02935994230210781,,,
51,0,7,1.8956363201141357,1.0000256299972534,0.7383490204811096,0.17279641330242157,,,
51,0,8,4.197284698486328,1.00002121925354,0.7723586559295654,0.05726958066225052,,,
51,0,9,4.600588798522949,1.0000154972076416,0.8345779776573181,0.02273160219192505,,,
51,0,10,4.204902172088623,1.000022530555725,0.8684568405151367,0.14284873008728027,,,
51,0,11,5.268803119659424,1.0000128746032715,0.7194802761077881,0.008524754084646702,,,
51,1,0,2.3839454650878906,1.0000255107879639,0.6988058090209961,0.11340262740850449,,,
51,1,1,2.693930149078369,1.000019907951355,0.6950913071632385,0.09319814294576645,,,
51,1,2,4.665113925933838,1.0000160932540894,0.6235859394073486,0.028603076934814453,,,
51,1,3,4.158864974975586,1.000001072883606,0.6778262853622437,0.03722746670246124,,,
51,1,4,3.7604329586029053,1.0000079870224,0.8030786514282227,0.06818980723619461,,,
51,1,5,4.380091190338135,1.0000123977661133,0.8226836919784546,0.08842463791370392,,,
51,1,6,4.410316467285156,1.0000089406967163,0.813944399356842,0.033052828162908554,,,
51,1,7,4.82466983795166,1.0000108480453491,0.8270593881607056,0.02252882719039917,,,
51,1,8,5.202055931091309,1.0000040531158447,0.7883297204971313,0.010321160778403282,,,
51,1,9,5.216436862945557,1.0000063180923462,0.7591782212257385,0.007796450052410364,,,
51,1,10,4.373943328857422,1.0000121593475342,0.5753751397132874,0.04175112769007683,,,
51,1,11,1.9732897281646729,1.0000252723693848,0.7547970414161682,0.5897068381309509,,,
51,2,0,2.5147268772125244,1.0000016689300537,0.8795707821846008,0.10691192001104355,,,
51,2,1,4.5700201988220215,1.0000008344650269,0.8636853694915771,0.01171118300408125,,,
51,2,2,1.1587059497833252,1.0000059604644775,0.8794978857040405,0.13043348491191864,,,
51,2,3,1.8984404802322388,1.0000051259994507,0.8474189639091492,0.13387802243232727,,,
51,2,4,1.7289739847183228,1.0000001192092896,0.8627473711967468,0.09642796218395233,,,
51,2,5,1.7885898351669312,1.0000042915344238,0.8651883602142334,0.13857907056808472,,,
51,2,6,2.7671046257019043,1.0000072717666626,0.7661994695663452,0.07916287332773209,,,
51,2,7,2.822960376739502,1.0,0.8346889019012451,0.03465447947382927,,,
51,2,8,1.840529441833496,1.000002384185791,0.8846415877342224,0.11200959980487823,,,
51,2,9,1.743770718574524,1.0000040531158447,0.8552373647689819,0.12268905341625214,,,
51,2,10,3.1139004230499268,1.0000256299972534,0.5415095090866089,0.12325593829154968,,,
51,2,11,2.981649875640869,1.0000001192092896,0.8689389824867249,0.10231184214353561,,,
51,3,0,2.904926300048828,1.0,0.9928531646728516,0.06307100504636765,,,
51,3,1,1.9701260328292847,1.0000001192092896,0.9921088814735413,0.06287740916013718,,,
51,3,2,1.4339169263839722,1.0000005960464478,0.9823898077011108,0.11804211139678955,,,
51,3,3,1.0174528360366821,1.0,0.9925950765609741,0.06575755774974823,,,
51,3,4,3.6798198223114014,1.0,0.9932474493980408,0.012527881190180779,,,
51,3,5,2.7501068115234375,1.0,0.9940022826194763,0.03494129329919815,,,
51,3,6,1.722220540046692,1.0000003576278687,0.9834316372871399,0.15266118943691254,,,
51,3,7,1.465347170829773,1.0000001192092896,0.9908115267753601,0.10960506647825241,,,
51,3,8,1.5474588871002197,1.0000003576278687,0.9873090982437134,0.12583482265472412,,,
51,3,9,1.6499147415161133,1.0,0.9937027096748352,0.08000192046165466,,,
51,3,10,1.818573236465454,1.0,0.9926851391792297,0.15194658935070038,,,
51,3,11,1.8131057024002075,1.0000001192092896,0.9921398758888245,0.10377632826566696,,,
51,4,0,1.2326903343200684,1.0000001192092896,0.916801393032074,0.05899559706449509,,,
51,4,1,1.581712245941162,1.0000001192092896,0.9188117980957031,0.06833530217409134,,,
51,4,2,2.2806289196014404,1.0,0.9154589176177979,0.01674104668200016,,,
51,4,3,1.6034457683563232,1.0,0.9174458980560303,0.06679632514715195,,,
51,4,4,3.137388229370117,1.0,0.9175542593002319,0.0434504859149456,,,
51,4,5,1.4320688247680664,1.0,0.9158086776733398,0.056399889290332794,,,
51,4,6,2.0872089862823486,1.0,0.9177238941192627,0.04863516241312027,,,
51,4,7,1.8897459506988525,1.0000004768371582,0.920836865901947,0.46720486879348755,,,
51,4,8,3.5330162048339844,1.0,0.9188793301582336,0.01721891015768051,,,
51,4,9,1.8835023641586304,1.0,0.9175365567207336,0.03646354004740715,,,
51,4,10,3.339383363723755,1.0,0.9166150689125061,0.013520738109946251,,,
51,4,11,0.01029354427009821,1.0000272989273071,0.1479300856590271,0.003959717229008675,,,
51,5,0,1.9341140985488892,1.0,0.9965702295303345,0.01526144053786993,,,
51,5,1,0.3752326965332031,1.0,0.9960718750953674,0.0054962825961411,,,
51,5,2,1.4062166213989258,1.0,0.9966046810150146,0.021564917638897896,,,
51,5,3,2.2768430709838867,1.0000001192092896,0.99361252784729,0.03643351420760155,,,
51,5,4,1.4791877269744873,1.0,0.996553361415863,0.05249806493520737,,,
51,5,5,2.0627448558807373,1.0,0.9966583251953125,0.012184049002826214,,,
51,5,6,0.7014423608779907,1.0,0.9963093400001526,0.024767031893134117,,,
51,5,7,0.9657670855522156,1.0,0.9963871240615845,0.037564344704151154,,,
51,5,8,1.205580711364746,1.0,0.9965631365776062,0.027589937672019005,,,
51,5,9,2.8870084285736084,1.0,0.9969797730445862,0.00958335306495428,,,
51,5,10,3.6174490451812744,1.0000005960464478,0.9737107753753662,0.03606419637799263,,,
51,5,11,2.7380707263946533,1.0,0.9967687129974365,0.11603299528360367,,,
51,6,0,1.8561241626739502,1.0000001192092896,0.9956514835357666,0.03924856334924698,,,
51,6,1,0.952852725982666,1.0,0.9979010224342346,0.026363957673311234,,,
51,6,2,3.477353096008301,1.0,0.9977256655693054,0.014104604721069336,,,
51,6,3,1.6574327945709229,1.0,0.9982204437255859,0.017784688621759415,,,
51,6,4,3.501058340072632,1.0000001192092896,0.9925956726074219,0.01892222836613655,,,
51,6,5,1.7006131410598755,1.0,0.9982572197914124,0.06261155754327774,,,
51,6,6,2.942455768585205,1.0,0.9983747601509094,0.07782378047704697,,,
51,6,7,2.292124032974243,1.0,0.9971171021461487,0.045534469187259674,,,
51,6,8,1.2915725708007812,1.0,0.9981145262718201,0.029782351106405258,,,
51,6,9,0.9163839221000671,1.0,0.9977279305458069,0.006489833351224661,,,
51,6,10,3.265575885772705,1.0,0.9980173110961914,0.01153471041470766,,,
51,6,11,1.518547534942627,1.0,0.9980719089508057,0.04285091161727905,,,
51,7,0,1.0901051759719849,1.0,0.9989953637123108,0.026539966464042664,,,
51,7,1,2.2769742012023926,1.0,0.9990177154541016,0.014039686881005764,,,
51,7,2,0.6400711536407471,1.0,0.9990610480308533,0.0052148750983178616,,,
51,7,3,1.508341670036316,1.0,0.9993265271186829,0.046273596584796906,,,
51,7,4,0.9699147939682007,1.0,0.9992269277572632,0.016064131632447243,,,
51,7,5,2.6785593032836914,1.0,0.9966382384300232,0.021908683702349663,,,
51,7,6,3.089517593383789,1.0,0.9990671277046204,0.011731049977242947,,,
51,7,7,1.9233287572860718,1.0,0.9992099404335022,0.016260406002402306,,,
51,7,8,1.3235303163528442,1.0,0.9988803863525391,0.039956141263246536,,,
51,7,9,1.439428448677063,1.0,0.9992299675941467,0.03031032159924507,,,
51,7,10,1.0605145692825317,1.0,0.9991560578346252,0.007124837953597307,,,
51,7,11,2.208829164505005,1.0,0.99918532371521,0.0090249078348279,,,
51,8,0,3.1958444118499756,1.0,0.9975172281265259,0.024486809968948364,,,
51,8,1,1.2465150356292725,1.0,0.9972780346870422,0.010950270108878613,,,
51,8,2,4.274783134460449,1.0000003576278687,0.9841058850288391,0.012086241506040096,,,
51,8,3,2.081975221633911,1.0,0.9976894855499268,0.018944453448057175,,,
51,8,4,1.1905230283737183,1.0,0.9974876642227173,0.04835270717740059,,,
51,8,5,1.9613101482391357,1.0,0.9968319535255432,0.0413489006459713,,,
51,8,6,2.060279369354248,1.0,0.997684895992279,0.019322771579027176,,,
51,8,7,1.2705357074737549,1.0,0.9971769452095032,0.058406565338373184,,,
51,8,8,2.320950746536255,1.0,0.9968957304954529,0.02812112867832184,,,
51,8,9,2.313258409500122,1.0,0.9977505207061768,0.031206266954541206,,,
51,8,10,2.3325588703155518,1.0,0.9979166388511658,0.06451895833015442,,,
51,8,11,1.9819649457931519,1.0,0.9973435997962952,0.014297046698629856,,,
51,9,0,2.079618453979492,1.0,0.9980733394622803,0.024343866854906082,,,
51,9,1,1.9047397375106812,1.0,0.9980236291885376,0.013006329536437988,,,
51,9,2,2.1540822982788086,1.0,0.9980449676513672,0.01714364066720009,,,
51,9,3,1.6877217292785645,1.0,0.9974474310874939,0.04690343141555786,,,
51,9,4,1.7745946645736694,1.0,0.9984100461006165,0.01307818852365017,,,
51,9,5,2.1390509605407715,1.0,0.9984753131866455,0.027811001986265182,,,
51,9,6,1.461476445198059,1.0,0.9983779788017273,0.006130406633019447,,,
51,9,7,1.9919880628585815,1.0,0.9983066916465759,0.019803691655397415,,,
51,9,8,2.8294167518615723,1.0,0.9898752570152283,0.010350249707698822,,,
51,9,9,1.4881792068481445,1.0,0.998416006565094,0.00701805530115962,,,
51,9,10,1.2418954372406006,1.0,0.9982030391693115,0.039253391325473785,,,
51,9,11,2.787694215774536,1.0,0.9969457983970642,0.007058469112962484,,,
51,10,0,1.812546968460083,1.0,0.9979047179222107,0.008367625065147877,,,
51,10,1,1.670114278793335,1.0,0.9982632994651794,0.010936628095805645,,,
51,10,2,2.206338882446289,1.0,0.9971330761909485,0.008611447177827358,,,
51,10,3,3.21217679977417,1.0,0.9964967966079712,0.015749214217066765,,,
51,10,4,3.0391290187835693,1.0,0.9964972138404846,0.020143350586295128,,,
51,10,5,1.1019729375839233,1.0,0.9981458187103271,0.025832686573266983,,,
51,10,6,2.3418736457824707,1.0,0.997916579246521,0.012322532013058662,,,
51,10,7,3.1287078857421875,1.0,0.9965970516204834,0.0304563008248806,,,
51,10,8,2.2223615646362305,1.0,0.9982053637504578,0.01279501337558031,,,
51,10,9,1.3594989776611328,1.0,0.9982715249061584,0.06319335103034973,,,
51,10,10,1.7229256629943848,1.0,0.9984150528907776,0.007578042335808277,,,
51,10,11,1.7941654920578003,1.0,0.9980159401893616,0.036252111196517944,,,
51,11,0,4.655735969543457,1.0000014305114746,0.892245352268219,0.026222584769129753,,,
51,11,1,3.029103994369507,1.0,0.910230278968811,0.019647417590022087,,,
51,11,2,2.635047197341919,1.0,0.9085659384727478,0.009272337891161442,,,
51,11,3,2.164355754852295,1.0,0.9082781076431274,0.02729623019695282,,,
51,11,4,3.970669746398926,1.0000001192092896,0.9133991599082947,0.018608400598168373,,,
51,11,5,1.9596160650253296,1.0,0.9066556692123413,0.010231832042336464,,,
51,11,6,1.877414345741272,1.0,0.9065055251121521,0.006216579582542181,,,
51,11,7,2.517630100250244,1.0,0.9082543849945068,0.014823738485574722,,,
51,11,8,3.686722993850708,1.0000221729278564,0.100501649081707,0.10162272304296494,,,
51,11,9,1.5144096612930298,1.0,0.9058624505996704,0.006874184589833021,,,
51,11,10,3.1337153911590576,1.0,0.9135215282440186,0.05137931928038597,,,
51,11,11,2.600640296936035,1.0000001192092896,0.9107799530029297,0.03721531108021736,,,
52,0,0,4.375680446624756,1.0000171661376953,0.8052444458007812,0.022904109209775925,,,
52,0,1,0.506839394569397,1.0000299215316772,0.808017909526825,0.8411533236503601,,,
52,0,2,4.554015636444092,1.0000123977661133,0.8046225905418396,0.04533360153436661,,,
52,0,3,0.44060218334198,1.0000290870666504,0.7874729633331299,0.8225966691970825,,,
52,0,4,1.2270220518112183,1.0000271797180176,0.7970407605171204,0.5855518579483032,,,
52,0,5,1.4757970571517944,1.0000238418579102,0.776715099811554,0.6042219996452332,,,
52,0,6,4.262315273284912,1.0000206232070923,0.7269432544708252,0.03004237450659275,,,
52,0,7,1.8995364904403687,1.0000267028808594,0.7447822690010071,0.17026472091674805,,,
52,0,8,4.2154412269592285,1.000023603439331,0.805820107460022,0.060921087861061096,,,
52,0,9,4.617403984069824,1.0000181198120117,0.8499913811683655,0.02273372933268547,,,
52,0,10,4.215000152587891,1.000023603439331,0.8807511925697327,0.15047535300254822,,,
52,0,11,5.332251071929932,1.0000137090682983,0.7290338277816772,0.008094917051494122,,,
52,1,0,2.4400269985198975,1.0000267028808594,0.7169013619422913,0.10751919448375702,,,
52,1,1,2.7094390392303467,1.0000207424163818,0.6970896124839783,0.09506577253341675,,,
52,1,2,4.712944030761719,1.000016689300537,0.6451690196990967,0.027570189908146858,,,
52,1,3,4.215188503265381,1.0000011920928955,0.6818832755088806,0.036354370415210724,,,
52,1,4,3.7562685012817383,1.0000097751617432,0.8089708089828491,0.06871620565652847,,,
52,1,5,4.427517890930176,1.0000131130218506,0.8328273892402649,0.08476686477661133,,,
52,1,6,4.494807243347168,1.0000089406967163,0.813930869102478,0.03491493687033653,,,
52,1,7,4.892760753631592,1.0000121593475342,0.82712721824646,0.019784364849328995,,,
52,1,8,5.246837615966797,1.000004768371582,0.7907915115356445,0.010168969631195068,,,
52,1,9,5.2831902503967285,1.000007152557373,0.7661409378051758,0.007468705531209707,,,
52,1,10,4.398642539978027,1.000012755393982,0.5943408608436584,0.04188402369618416,,,
52,1,11,1.8939324617385864,1.0000261068344116,0.7613831162452698,0.6326367259025574,,,
52,2,0,2.533644676208496,1.000001072883606,0.8766695261001587,0.10076875239610672,,,
52,2,1,4.559167385101318,1.0000005960464478,0.859575092792511,0.009740462526679039,,,
52,2,2,1.1468315124511719,1.0000048875808716,0.8789628744125366,0.13399149477481842,,,
52,2,3,1.9659812450408936,1.0000046491622925,0.8579165935516357,0.1381179541349411,,,
52,2,4,1.686966896057129,1.0000001192092896,0.8576023578643799,0.08968517184257507,,,
52,2,5,1.7533419132232666,1.0000053644180298,0.8551419973373413,0.14032858610153198,,,
52,2,6,2.7515647411346436,1.0000073909759521,0.7550601959228516,0.07974237948656082,,,
52,2,7,2.716120958328247,1.0,0.8330739736557007,0.03357001766562462,,,
52,2,8,1.8538717031478882,1.0000025033950806,0.8827771544456482,0.11565634608268738,,,
52,2,9,1.746627688407898,1.0000041723251343,0.850960910320282,0.1262042224407196,,,
52,2,10,3.1116387844085693,1.000028133392334,0.5104337334632874,0.123850017786026,,,
52,2,11,3.040076494216919,1.0000001192092896,0.8710141777992249,0.1047775074839592,,,
52,3,0,2.9348440170288086,1.0,0.9937980771064758,0.0717921108007431,,,
52,3,1,1.922844409942627,1.0,0.9932785034179688,0.062200289219617844,,,
52,3,2,1.4849060773849487,1.0000003576278687,0.9898548722267151,0.11696716398000717,,,
52,3,3,0.9633318781852722,1.0,0.9934725165367126,0.06477075070142746,,,
52,3,4,3.7687795162200928,1.0,0.9941973090171814,0.011539742350578308,,,
52,3,5,2.6523852348327637,1.0,0.9947918057441711,0.03387894108891487,,,
52,3,6,1.7027934789657593,1.0000003576278687,0.9842916131019592,0.16148249804973602,,,
52,3,7,1.423099160194397,1.000000238418579,0.9904674887657166,0.1170496940612793,,,
52,3,8,1.5006699562072754,1.000000238418579,0.9885311126708984,0.1280473917722702,,,
52,3,9,1.6046360731124878,1.0,0.9944830536842346,0.0786057561635971,,,
52,3,10,1.8438915014266968,1.0,0.9939451217651367,0.15541136264801025,,,
52,3,11,1.780975580215454,1.0000001192092896,0.9924035668373108,0.11153173446655273,,,
52,4,0,1.2438620328903198,1.0,0.9153165817260742,0.05916815251111984,,,
52,4,1,1.5219148397445679,1.0,0.9175087213516235,0.06434937566518784,,,
52,4,2,2.0964977741241455,1.0,0.9139425158500671,0.01502230204641819,,,
52,4,3,1.58912992477417,1.0000001192092896,0.9168211221694946,0.07304355502128601,,,
52,4,4,3.3094897270202637,1.0,0.9171788692474365,0.046552833169698715,,,
52,4,5,1.4548753499984741,1.0,0.9153478145599365,0.0632004588842392,,,
52,4,6,2.109907627105713,1.0,0.91704922914505,0.04953755438327789,,,
52,4,7,1.8741519451141357,1.0000005960464478,0.9178096652030945,0.49278804659843445,,,
52,4,8,3.542203426361084,1.0,0.9175510406494141,0.01580101065337658,,,
52,4,9,1.9174129962921143,1.0,0.9167619347572327,0.041236504912376404,,,
52,4,10,3.336928606033325,1.0,0.9157476425170898,0.014213071204721928,,,
52,4,11,0.009861410595476627,1.000029444694519,0.1464957743883133,0.004024614579975605,,,
52,5,0,2.0370266437530518,1.0,0.9968448281288147,0.010500726290047169,,,
52,5,1,0.3372075855731964,1.0,0.9962224960327148,0.003907523117959499,,,
52,5,2,1.441053032875061,1.0,0.9967248439788818,0.02336146868765354,,,
52,5,3,2.2678468227386475,1.0,0.9940910935401917,0.03994153067469597,,,
52,5,4,1.4459326267242432,1.0,0.9966878890991211,0.054209958761930466,,,
52,5,5,2.1255006790161133,1.0,0.9968536496162415,0.0132345762103796,,,
52,5,6,0.6613749265670776,1.0,0.9964077472686768,0.023323478177189827,,,
52,5,7,0.9842973947525024,1.0,0.9964714050292969,0.04021132364869118,,,
52,5,8,1.1815522909164429,1.0,0.9967037439346313,0.025893110781908035,,,
52,5,9,2.994133234024048,1.0,0.9971296787261963,0.008894957602024078,,,
52,5,10,3.7176928520202637,1.0000005960464478,0.9740356206893921,0.03742680698633194,,,
52,5,11,2.845348358154297,1.0,0.9968492388725281,0.11787072569131851,,,
52,6,0,1.8296773433685303,1.0000001192092896,0.9949513077735901,0.03954193368554115,,,
52,6,1,0.935778021812439,1.0,0.9980174899101257,0.0272035151720047,,,
52,6,2,3.6275546550750732,1.0,0.9976159930229187,0.014624104835093021,,,
52,6,3,1.7247949838638306,1.0,0.9984292387962341,0.019359653815627098,,,
52,6,4,3.5308873653411865,1.0,0.9962196350097656,0.017126575112342834,,,
52,6,5,1.708479881286621,1.0,0.9984592795372009,0.06468583643436432,,,
52,6,6,3.180950403213501,1.0,0.9984049201011658,0.07797647267580032,,,
52,6,7,2.329237937927246,1.0,0.9972714781761169,0.04661180078983307,,,
52,6,8,1.2719248533248901,1.0,0.9983577132225037,0.03005732223391533,,,
52,6,9,0.9972296953201294,1.0,0.9979837536811829,0.00570721086114645,,,
52,6,10,3.2491462230682373,1.0,0.9981569647789001,0.010938978753983974,,,
52,6,11,1.5875499248504639,1.0,0.998223066329956,0.052633993327617645,,,
52,7,0,1.0455806255340576,1.0,0.9990228414535522,0.026595260947942734,,,
52,7,1,2.499495267868042,1.0,0.998723566532135,0.0112993149086833,,,
52,7,2,0.7041961550712585,1.0,0.9991500973701477,0.004084581043571234,,,
52,7,3,1.4951162338256836,1.0,0.999370813369751,0.048606883734464645,,,
52,7,4,0.9320036172866821,1.0,0.9992565512657166,0.01644807681441307,,,
52,7,5,2.6281025409698486,1.0,0.9978305697441101,0.021742213517427444,,,
52,7,6,3.267782688140869,1.0,0.9989977478981018,0.012035442516207695,,,
52,7,7,1.9643058776855469,1.0,0.9993393421173096,0.015319276601076126,,,
52,7,8,1.3452441692352295,1.0,0.9987772107124329,0.043347299098968506,,,
52,7,9,1.5165300369262695,1.0,0.9991584420204163,0.03600221127271652,,,
52,7,10,1.0723809003829956,1.0,0.9992406368255615,0.0053550261072814465,,,
52,7,11,2.1264610290527344,1.0,0.9993276000022888,0.007797863334417343,,,
52,8,0,3.2569830417633057,1.0,0.9968453049659729,0.02436944656074047,,,
52,8,1,1.3761897087097168,1.0,0.9966049790382385,0.00987214781343937,,,
52,8,2,4.328451633453369,1.0000004768371582,0.9764346480369568,0.013363576494157314,,,
52,8,3,2.1500563621520996,1.0,0.9970040917396545,0.019306641072034836,,,
52,8,4,1.18269681930542,1.0,0.9967147707939148,0.05763649567961693,,,
52,8,5,1.92472243309021,1.0,0.9966654181480408,0.04489147663116455,,,
52,8,6,2.2933077812194824,1.0,0.996965765953064,0.02057700790464878,,,
52,8,7,1.2830272912979126,1.0,0.9964393973350525,0.06376637518405914,,,
52,8,8,2.3810243606567383,1.0,0.9952560067176819,0.029233640059828758,,,
52,8,9,2.3489177227020264,1.0,0.9970123171806335,0.032727114856243134,,,
52,8,10,2.3066189289093018,1.0,0.9971947073936462,0.062162868678569794,,,
52,8,11,1.6767817735671997,1.0,0.9967095851898193,0.01434666384011507,,,
52,9,0,2.238936185836792,1.0,0.9979806542396545,0.025444205850362778,,,
52,9,1,2.155088186264038,1.0,0.9987329840660095,0.010328774340450764,,,
52,9,2,2.5748589038848877,1.0,0.9982305765151978,0.01570754684507847,,,
52,9,3,1.6285189390182495,1.0,0.9983599185943604,0.05008093640208244,,,
52,9,4,1.8890007734298706,1.0,0.9991792440414429,0.012333019636571407,,,
52,9,5,2.4289627075195312,1.0,0.9992357492446899,0.03037046641111374,,,
52,9,6,1.5537694692611694,1.0,0.9991732239723206,0.005537344142794609,,,
52,9,7,1.8830457925796509,1.0,0.9990875124931335,0.017754225060343742,,,
52,9,8,2.3189737796783447,1.0,0.9984567761421204,0.007621742784976959,,,
52,9,9,1.683251142501831,1.0,0.9991288781166077,0.006371954921633005,,,
52,9,10,1.2084296941757202,1.0,0.9989627599716187,0.04690297320485115,,,
52,9,11,2.314689874649048,1.0,0.9986416101455688,0.006080028135329485,,,
52,10,0,2.5380845069885254,1.0,0.9951822757720947,0.010280043818056583,,,
52,10,1,1.7991633415222168,1.0,0.9971727728843689,0.008364472538232803,,,
52,10,2,2.1605923175811768,1.0,0.9978563785552979,0.009171849116683006,,,
52,10,3,3.0190744400024414,1.0000001192092896,0.9912550449371338,0.013254285790026188,,,
52,10,4,3.322953701019287,1.0,0.9955995082855225,0.019513826817274094,,,
52,10,5,1.0044288635253906,1.0,0.997222900390625,0.027478503063321114,,,
52,10,6,1.5374188423156738,1.0,0.9974252581596375,0.0057052490301430225,,,
52,10,7,2.9884417057037354,1.0000001192092896,0.995832622051239,0.026491276919841766,,,
52,10,8,2.3638951778411865,1.0,0.9973687529563904,0.013602588325738907,,,
52,10,9,1.3109239339828491,1.0,0.9974718689918518,0.0724484771490097,,,
52,10,10,1.6622493267059326,1.0,0.9975496530532837,0.007145192474126816,,,
52,10,11,2.1342763900756836,1.0,0.9973150491714478,0.04141205921769142,,,
52,11,0,4.775156021118164,1.0000020265579224,0.8725561499595642,0.02824259363114834,,,
52,11,1,2.7679100036621094,1.0,0.9064154028892517,0.015283971093595028,,,
52,11,2,2.384235382080078,1.0,0.9047285318374634,0.008421679958701134,,,
52,11,3,1.9713410139083862,1.0,0.9046661853790283,0.022541005164384842,,,
52,11,4,3.8582258224487305,1.0,0.9110977649688721,0.018424641340970993,,,
52,11,5,2.428931474685669,1.0,0.9055455923080444,0.013145020231604576,,,
52,11,6,1.862640619277954,1.0,0.9035999178886414,0.006521793082356453,,,
52,11,7,2.592506170272827,1.0,0.906219482421875,0.018051236867904663,,,
52,11,8,3.832641363143921,1.0000226497650146,0.10561589896678925,0.10201036930084229,,,
52,11,9,1.8690283298492432,1.0,0.9037702083587646,0.006815144792199135,,,
52,11,10,2.952155351638794,1.0,0.9100784063339233,0.04998933896422386,,,
52,11,11,2.9572629928588867,1.0,0.9095661640167236,0.037958163768053055,,,
53,0,0,4.3824920654296875,1.0000154972076416,0.7881019115447998,0.01879461109638214,,,
53,0,1,0.5983344912528992,1.0000301599502563,0.8009744882583618,0.8057275414466858,,,
53,0,2,4.539385795593262,1.0000128746032715,0.7951749563217163,0.04600115120410919,,,
53,0,3,0.4768983721733093,1.0000301599502563,0.7852339148521423,0.8293840289115906,,,
53,0,4,1.308075189590454,1.000028133392334,0.7962794899940491,0.5760005712509155,,,
53,0,5,1.6721659898757935,1.0000224113464355,0.7536150217056274,0.5511056780815125,,,
53,0,6,4.182201862335205,1.0000205039978027,0.706146776676178,0.031679973006248474,,,
53,0,7,1.9243974685668945,1.0000264644622803,0.7401509881019592,0.17810384929180145,,,
53,0,8,4.125749588012695,1.0000228881835938,0.7876179218292236,0.06374822556972504,,,
53,0,9,4.616539478302002,1.000017762184143,0.8404359817504883,0.02277238294482231,,,
53,0,10,4.218204975128174,1.0000239610671997,0.8744995594024658,0.14699174463748932,,,
53,0,11,5.334499359130859,1.0000137090682983,0.7277171611785889,0.008054794743657112,,,
53,1,0,2.446399450302124,1.0000269412994385,0.7032758593559265,0.11050856113433838,,,
53,1,1,2.7061963081359863,1.0000208616256714,0.6831680536270142,0.09897737205028534,,,
53,1,2,4.710168838500977,1.0000165700912476,0.6397320032119751,0.027894625440239906,,,
53,1,3,4.2150678634643555,1.000001072883606,0.6738871932029724,0.03664333373308182,,,
53,1,4,3.750342845916748,1.0000096559524536,0.8021013736724854,0.06879230588674545,,,
53,1,5,4.464248180389404,1.0000132322311401,0.8226960897445679,0.08379372209310532,,,
53,1,6,4.395849704742432,1.0000087022781372,0.7959020137786865,0.035859134048223495,,,
53,1,7,4.861008167266846,1.0000112056732178,0.8118330240249634,0.0207565575838089,,,
53,1,8,5.245035171508789,1.0000041723251343,0.7892158627510071,0.010962211526930332,,,
53,1,9,5.254721641540527,1.000007152557373,0.757346510887146,0.008093343116343021,,,
53,1,10,4.392105579376221,1.0000128746032715,0.5927667021751404,0.04172799363732338,,,
53,1,11,1.8921564817428589,1.0000267028808594,0.7505149841308594,0.6164210438728333,,,
53,2,0,2.507392644882202,1.0000011920928955,0.8716659545898438,0.09980394691228867,,,
53,2,1,4.605907917022705,1.000001072883606,0.8510066866874695,0.011398810893297195,,,
53,2,2,1.1637189388275146,1.0000052452087402,0.8754768371582031,0.13285493850708008,,,
53,2,3,1.899863839149475,1.0000065565109253,0.840462863445282,0.1336105912923813,,,
53,2,4,1.7666090726852417,1.000000238418579,0.8504334092140198,0.09162968397140503,,,
53,2,5,1.7661973237991333,1.0000053644180298,0.8542060852050781,0.13936176896095276,,,
53,2,6,2.747426748275757,1.000008225440979,0.7514957189559937,0.08269858360290527,,,
53,2,7,2.7698566913604736,1.0,0.8254163861274719,0.03468715026974678,,,
53,2,8,1.8609721660614014,1.000002384185791,0.880018949508667,0.11257431656122208,,,
53,2,9,1.73269522190094,1.0000054836273193,0.8452854156494141,0.12562799453735352,,,
53,2,10,3.113973379135132,1.000028133392334,0.5019274353981018,0.12459784746170044,,,
53,2,11,3.0244717597961426,1.000000238418579,0.8634803295135498,0.10452451556921005,,,
53,3,0,3.0501935482025146,1.0,0.9924719333648682,0.07184834033250809,,,
53,3,1,1.9464377164840698,1.000000238418579,0.9923264980316162,0.06584581732749939,,,
53,3,2,1.441256046295166,1.0000005960464478,0.9836111664772034,0.11598712205886841,,,
53,3,3,0.9799206852912903,1.0,0.9922001361846924,0.06704244762659073,,,
53,3,4,3.9370310306549072,1.0,0.993129551410675,0.012256082147359848,,,
53,3,5,2.737603187561035,1.0,0.9939582347869873,0.034491293132305145,,,
53,3,6,1.7520359754562378,1.0000005960464478,0.985446572303772,0.16158396005630493,,,
53,3,7,1.4426785707473755,1.000000238418579,0.9890879988670349,0.12048842012882233,,,
53,3,8,1.4810019731521606,1.0000003576278687,0.9862051606178284,0.12594471871852875,,,
53,3,9,1.5735716819763184,1.0,0.9933784008026123,0.07510271668434143,,,
53,3,10,1.8426471948623657,1.0,0.9928111433982849,0.15632511675357819,,,
53,3,11,1.780224084854126,1.0000001192092896,0.9926533102989197,0.10527214407920837,,,
53,4,0,1.23078453540802,1.0000001192092896,0.9156100749969482,0.05971524864435196,,,
53,4,1,1.547876238822937,1.0,0.9176320433616638,0.06883898377418518,,,
53,4,2,2.043905735015869,1.0,0.9139720797538757,0.014556994661688805,,,
53,4,3,1.6110355854034424,1.0000001192092896,0.9168922305107117,0.07315890491008759,,,
53,4,4,3.307631254196167,1.0,0.9170452356338501,0.04132380336523056,,,
53,4,5,1.4527302980422974,1.0,0.9155324697494507,0.06387272477149963,,,
53,4,6,2.110499382019043,1.0,0.9171726703643799,0.051423970609903336,,,
53,4,7,1.85863196849823,1.0000004768371582,0.9182224273681641,0.4909554421901703,,,
53,4,8,3.391153335571289,1.0,0.9171640276908875,0.016737183555960655,,,
53,4,9,1.8753820657730103,1.0,0.9164384603500366,0.0370013527572155,,,
53,4,10,3.3352906703948975,1.0,0.9160009026527405,0.013042791746556759,,,
53,4,11,0.00859109777957201,1.00002920627594,0.14509925246238708,0.0035512950271368027,,,
53,5,0,1.9437698125839233,1.0,0.9967216849327087,0.012213166803121567,,,
53,5,1,0.3345036208629608,1.0,0.9961175918579102,0.004342484753578901,,,
53,5,2,1.470328688621521,1.0,0.9966514110565186,0.022082744166254997,,,
53,5,3,2.285490036010742,1.0,0.9939756989479065,0.0394754484295845,,,
53,5,4,1.4748342037200928,1.0,0.9965973496437073,0.052151016891002655,,,
53,5,5,2.1785645484924316,1.0,0.9966993927955627,0.013548575341701508,,,
53,5,6,0.683941662311554,1.0,0.9963343143463135,0.02764241397380829,,,
53,5,7,0.8950613141059875,1.0,0.9964044690132141,0.038125745952129364,,,
53,5,8,1.1387830972671509,1.0,0.9965493679046631,0.027369704097509384,,,
53,5,9,3.0728209018707275,1.0,0.997040331363678,0.01024047750979662,,,
53,5,10,3.798631429672241,1.0000007152557373,0.9738875031471252,0.035644445568323135,,,
53,5,11,2.8008365631103516,1.0,0.9968691468238831,0.10996297001838684,,,
53,6,0,1.8319916725158691,1.0,0.9958455562591553,0.04070718213915825,,,
53,6,1,0.9353888034820557,1.0,0.9980456829071045,0.027118127793073654,,,
53,6,2,3.5316925048828125,1.0,0.9977267980575562,0.014209830202162266,,,
53,6,3,1.6939234733581543,1.0,0.9984145760536194,0.018996309489011765,,,
53,6,4,3.59376859664917,1.0000001192092896,0.9954967498779297,0.022684019058942795,,,
53,6,5,1.6818650960922241,1.0,0.9984312653541565,0.06314893811941147,,,
53,6,6,3.1103458404541016,1.0,0.9984697103500366,0.08077973127365112,,,
53,6,7,2.4229915142059326,1.0,0.9971100091934204,0.04682300239801407,,,
53,6,8,1.2980436086654663,1.0,0.9983568787574768,0.02964947000145912,,,
53,6,9,0.916119396686554,1.0,0.9979338049888611,0.005999850109219551,,,
53,6,10,3.118734359741211,1.0,0.9981853365898132,0.010529168881475925,,,
53,6,11,1.5988560914993286,1.0,0.9981973171234131,0.05143718048930168,,,
53,7,0,1.0603315830230713,1.0,0.9990065097808838,0.027817126363515854,,,
53,7,1,2.659482717514038,1.0,0.9986803531646729,0.014741499908268452,,,
53,7,2,0.5637321472167969,1.0,0.9992226958274841,0.0038693074602633715,,,
53,7,3,1.515383005142212,1.0,0.9994400143623352,0.0443812720477581,,,
53,7,4,0.989272952079773,1.0,0.9993699789047241,0.015141778625547886,,,
53,7,5,2.5510637760162354,1.0,0.9982250332832336,0.024740837514400482,,,
53,7,6,3.147010087966919,1.0,0.9992456436157227,0.012502425350248814,,,
53,7,7,1.5994985103607178,1.0,0.9993343949317932,0.016381077468395233,,,
53,7,8,1.3703371286392212,1.0,0.9989645481109619,0.035000644624233246,,,
53,7,9,1.4676741361618042,1.0,0.9993301630020142,0.032174039632081985,,,
53,7,10,1.056750774383545,1.0,0.9993286728858948,0.00594800291582942,,,
53,7,11,1.9208307266235352,1.0,0.9993654489517212,0.0068882969208061695,,,
53,8,0,3.168476104736328,1.0,0.9971344470977783,0.023452669382095337,,,
53,8,1,1.1829988956451416,1.0,0.9967107176780701,0.008596661500632763,,,
53,8,2,4.300659656524658,1.0000003576278687,0.9806597232818604,0.012124532833695412,,,
53,8,3,2.282254934310913,1.0,0.9972009062767029,0.021140316501259804,,,
53,8,4,1.1277470588684082,1.0,0.9969120025634766,0.04832880571484566,,,
53,8,5,1.906590461730957,1.0,0.9968891739845276,0.04261690005660057,,,
53,8,6,1.9666321277618408,1.0,0.9971124529838562,0.019048139452934265,,,
53,8,7,1.2290754318237305,1.0,0.9966049194335938,0.054285041987895966,,,
53,8,8,2.649723768234253,1.0000001192092896,0.9940447211265564,0.03648756071925163,,,
53,8,9,2.4390552043914795,1.0,0.9972687363624573,0.030898360535502434,,,
53,8,10,2.283912420272827,1.0,0.9974176287651062,0.06383556872606277,,,
53,8,11,1.6654279232025146,1.0,0.9969003796577454,0.012910665944218636,,,
53,9,0,2.7819385528564453,1.0000001192092896,0.9902565479278564,0.023593824356794357,,,
53,9,1,2.090934991836548,1.0,0.9978368282318115,0.011607039719820023,,,
53,9,2,2.6718692779541016,1.0,0.9974455237388611,0.011819550767540932,,,
53,9,3,1.7068817615509033,1.0,0.9972414374351501,0.04870530217885971,,,
53,9,4,2.0989580154418945,1.0,0.9982619881629944,0.012376176193356514,,,
53,9,5,2.114232301712036,1.0,0.9982679486274719,0.028024205937981606,,,
53,9,6,1.6688754558563232,1.0,0.998301088809967,0.006169771309942007,,,
53,9,7,2.0087709426879883,1.0,0.9981012344360352,0.019550664350390434,,,
53,9,8,2.3400068283081055,1.0,0.9980771541595459,0.007087355945259333,,,
53,9,9,1.9585515260696411,1.0,0.9983041882514954,0.007590064778923988,,,
53,9,10,1.256973385810852,1.0,0.9979543685913086,0.04370483011007309,,,
53,9,11,2.434793472290039,1.0,0.9971479773521423,0.006054103374481201,,,
53,10,0,2.8535256385803223,1.0000003576278687,0.984505295753479,0.012473762966692448,,,
53,10,1,2.0706076622009277,1.0,0.9959224462509155,0.010571298189461231,,,
53,10,2,2.532827854156494,1.0,0.9953962564468384,0.010091647505760193,,,
53,10,3,2.892726182937622,1.0,0.9944648742675781,0.011777645908296108,,,
53,10,4,3.408989429473877,1.0000001192092896,0.993746817111969,0.019961955025792122,,,
53,10,5,1.1449381113052368,1.0,0.9955431222915649,0.030559083446860313,,,
53,10,6,2.0523648262023926,1.0,0.9963067770004272,0.00772511214017868,,,
53,10,7,3.1839041709899902,1.0000001192092896,0.9939683675765991,0.028331609442830086,,,
53,10,8,2.2946763038635254,1.0,0.9956758618354797,0.010521728545427322,,,
53,10,9,1.4233826398849487,1.0,0.9958996176719666,0.07174122333526611,,,
53,10,10,2.0827391147613525,1.0,0.9960880875587463,0.009156341664493084,,,
53,10,11,2.1605331897735596,1.0,0.9962656497955322,0.03772078827023506,,,
53,11,0,4.841813564300537,1.0000027418136597,0.8567941784858704,0.02585391141474247,,,
53,11,1,3.553473949432373,1.0000001192092896,0.9057138562202454,0.021858667954802513,,,
53,11,2,2.4199020862579346,1.0,0.8997634649276733,0.008062341250479221,,,
53,11,3,1.9004167318344116,1.0,0.8995330929756165,0.020521976053714752,,,
53,11,4,4.047403812408447,1.000000238418579,0.9053650498390198,0.01623961329460144,,,
53,11,5,2.705077648162842,1.0,0.9015614986419678,0.013275363482534885,,,
53,11,6,2.444276809692383,1.0,0.900819718837738,0.009038726799190044,,,
53,11,7,3.125401735305786,1.0,0.9040210843086243,0.024085868149995804,,,
53,11,8,3.815070629119873,1.0000213384628296,0.1221596971154213,0.09284213185310364,,,
53,11,9,2.200024366378784,1.0,0.8996114134788513,0.008730717934668064,,,
53,11,10,3.077941417694092,1.0,0.908022940158844,0.04888511076569557,,,
53,11,11,3.2560126781463623,1.0000001192092896,0.9085817337036133,0.03577469289302826,,,
54,0,0,4.393570423126221,1.0000182390213013,0.8036928772926331,0.019383087754249573,,,
54,0,1,0.6173657774925232,1.0000301599502563,0.8124732971191406,0.8082135319709778,,,
54,0,2,4.443093299865723,1.0000139474868774,0.7931990027427673,0.05126030743122101,,,
54,0,3,0.4483821392059326,1.000030517578125,0.792351484298706,0.8345639705657959,,,
54,0,4,1.233553171157837,1.0000280141830444,0.8006357550621033,0.5939533710479736,,,
54,0,5,1.637160062789917,1.0000239610671997,0.7704671621322632,0.5660187005996704,,,
54,0,6,4.2255859375,1.0000218152999878,0.7300739884376526,0.03127257153391838,,,
54,0,7,1.9108319282531738,1.0000277757644653,0.7474985122680664,0.17401304841041565,,,
54,0,8,4.198880195617676,1.0000240802764893,0.8032676577568054,0.05945518612861633,,,
54,0,9,4.618281364440918,1.000017523765564,0.8484497666358948,0.02162105031311512,,,
54,0,10,4.225228309631348,1.0000243186950684,0.8804290294647217,0.14768531918525696,,,
54,0,11,5.400798320770264,1.0000145435333252,0.7289305329322815,0.007779708597809076,,,
54,1,0,2.391773223876953,1.0000271797180176,0.7187292575836182,0.11372360587120056,,,
54,1,1,2.674503803253174,1.0000221729278564,0.6935886740684509,0.09598146378993988,,,
54,1,2,4.74349308013916,1.000016689300537,0.6586495041847229,0.026768894866108894,,,
54,1,3,4.269937992095947,1.0000011920928955,0.6840574741363525,0.03591866418719292,,,
54,1,4,3.749354124069214,1.0000102519989014,0.8128227591514587,0.0685427114367485,,,
54,1,5,4.428569793701172,1.000012993812561,0.8280847072601318,0.08497309684753418,,,
54,1,6,4.383726596832275,1.000010371208191,0.8124148845672607,0.039332181215286255,,,
54,1,7,4.833066940307617,1.000014066696167,0.8277022838592529,0.02092128060758114,,,
54,1,8,5.306214332580566,1.0000044107437134,0.7898847460746765,0.009644530713558197,,,
54,1,9,5.357367515563965,1.0000078678131104,0.7717336416244507,0.007429382298141718,,,
54,1,10,4.418616771697998,1.0000134706497192,0.598983883857727,0.04163464158773422,,,
54,1,11,1.9041463136672974,1.000028371810913,0.7639623880386353,0.6245859861373901,,,
54,2,0,2.5509047508239746,1.0000009536743164,0.8828487396240234,0.1037609800696373,,,
54,2,1,4.693690299987793,1.000001311302185,0.8666135668754578,0.011577869765460491,,,
54,2,2,1.1680783033370972,1.000003695487976,0.8895335793495178,0.14094869792461395,,,
54,2,3,1.934934377670288,1.0000046491622925,0.8663467168807983,0.14152105152606964,,,
54,2,4,1.702746033668518,1.0000001192092896,0.8601698279380798,0.09994202852249146,,,
54,2,5,1.762655258178711,1.0000039339065552,0.8643093705177307,0.14404606819152832,,,
54,2,6,2.76464581489563,1.0000085830688477,0.7712568640708923,0.08305545151233673,,,
54,2,7,2.662203550338745,1.0,0.8377015590667725,0.03316736966371536,,,
54,2,8,1.8694262504577637,1.0000019073486328,0.8912713527679443,0.11673969775438309,,,
54,2,9,1.737652063369751,1.0000048875808716,0.8569530844688416,0.12897272408008575,,,
54,2,10,3.105220317840576,1.0000284910202026,0.5135873556137085,0.12402014434337616,,,
54,2,11,3.0816779136657715,1.0000003576278687,0.8781320452690125,0.10436638444662094,,,
54,3,0,2.9073262214660645,1.0,0.9931316375732422,0.07543523609638214,,,
54,3,1,1.9823328256607056,1.0000001192092896,0.9924575686454773,0.06268537044525146,,,
54,3,2,1.4440112113952637,1.0000003576278687,0.9866453409194946,0.1253347545862198,,,
54,3,3,1.001837968826294,1.0,0.9926245212554932,0.07331936806440353,,,
54,3,4,3.772753953933716,1.0,0.9935182929039001,0.01204410195350647,,,
54,3,5,2.742717981338501,1.0,0.9941882491111755,0.03599562868475914,,,
54,3,6,1.7053661346435547,1.0000003576278687,0.9838064312934875,0.16371232271194458,,,
54,3,7,1.4256961345672607,1.0000003576278687,0.989471435546875,0.12107668071985245,,,
54,3,8,1.4982874393463135,1.0000003576278687,0.9868039488792419,0.13066543638706207,,,
54,3,9,1.596212387084961,1.0,0.9936813116073608,0.08111020177602768,,,
54,3,10,1.8625152111053467,1.0,0.9931093454360962,0.15773120522499084,,,
54,3,11,1.8113267421722412,1.0000001192092896,0.9924725890159607,0.10985147207975388,,,
54,4,0,1.2413603067398071,1.0,0.9158807992935181,0.06443804502487183,,,
54,4,1,1.5409845113754272,1.0,0.917493999004364,0.06868425756692886,,,
54,4,2,2.2547149658203125,1.0,0.9147339463233948,0.016011089086532593,,,
54,4,3,1.5527305603027344,1.0,0.9169418215751648,0.07829196006059647,,,
54,4,4,3.2347702980041504,1.0,0.9168950915336609,0.04550454393029213,,,
54,4,5,1.437252402305603,1.0,0.9152379631996155,0.05993038788437843,,,
54,4,6,2.12298321723938,1.0,0.9172278046607971,0.052019473165273666,,,
54,4,7,1.8673557043075562,1.0000005960464478,0.9179010987281799,0.4823765456676483,,,
54,4,8,3.423889398574829,1.0,0.9173517227172852,0.01699010096490383,,,
54,4,9,1.8900752067565918,1.0,0.9166284203529358,0.03715800121426582,,,
54,4,10,3.3224902153015137,1.0,0.916006326675415,0.01570909097790718,,,
54,4,11,0.010102781467139721,1.0000284910202026,0.13981391489505768,0.003829437540844083,,,
54,5,0,2.0599403381347656,1.0,0.9969351291656494,0.012640957720577717,,,
54,5,1,0.34724894165992737,1.0,0.9963415265083313,0.004407952539622784,,,
54,5,2,1.4758962392807007,1.0,0.9968715310096741,0.024306511506438255,,,
54,5,3,2.3034605979919434,1.0,0.9944929480552673,0.03772247955203056,,,
54,5,4,1.4713711738586426,1.0,0.9968176484107971,0.05278502404689789,,,
54,5,5,2.036837339401245,1.0,0.9970060586929321,0.01274627260863781,,,
54,5,6,0.6986850500106812,1.0,0.9965760707855225,0.02462761290371418,,,
54,5,7,0.9380043745040894,1.0,0.9966577887535095,0.033615171909332275,,,
54,5,8,1.1725726127624512,1.0,0.9967788457870483,0.029698392376303673,,,
54,5,9,2.996457815170288,1.0,0.997250497341156,0.008935872465372086,,,
54,5,10,3.756441593170166,1.0000005960464478,0.9744673371315002,0.036351826041936874,,,
54,5,11,2.808088779449463,1.0,0.9970235824584961,0.10707058012485504,,,
54,6,0,1.8404309749603271,1.0,0.9955896735191345,0.03975081816315651,,,
54,6,1,0.9747928380966187,1.0,0.9981518387794495,0.02798665501177311,,,
54,6,2,3.654778003692627,1.0,0.9978871941566467,0.014634580351412296,,,
54,6,3,1.662277102470398,1.0,0.9984593987464905,0.018693290650844574,,,
54,6,4,3.6098904609680176,1.0000001192092896,0.9951276183128357,0.020009981468319893,,,
54,6,5,1.7232948541641235,1.0,0.9985339641571045,0.06503625959157944,,,
54,6,6,3.029188871383667,1.0,0.9986043572425842,0.07449706643819809,,,
54,6,7,2.3222458362579346,1.0,0.9978063106536865,0.04512470215559006,,,
54,6,8,1.2882006168365479,1.0,0.998469352722168,0.031625669449567795,,,
54,6,9,1.0013059377670288,1.0,0.9981016516685486,0.0060265748761594296,,,
54,6,10,3.1966230869293213,1.0,0.998331606388092,0.010806643404066563,,,
54,6,11,1.6093477010726929,1.0,0.9982303977012634,0.05121950805187225,,,
54,7,0,1.1036988496780396,1.0,0.9989616870880127,0.02689848653972149,,,
54,7,1,2.561187505722046,1.0,0.9989075064659119,0.013007480651140213,,,
54,7,2,0.5857011079788208,1.0,0.9990837574005127,0.0037937008310109377,,,
54,7,3,1.524813175201416,1.0,0.9993419647216797,0.049002956598997116,,,
54,7,4,1.0233978033065796,1.0,0.9992595314979553,0.01759026199579239,,,
54,7,5,2.815436601638794,1.0,0.9969572424888611,0.023403573781251907,,,
54,7,6,3.2933332920074463,1.0,0.9990223050117493,0.012081906199455261,,,
54,7,7,1.8163988590240479,1.0,0.9992711544036865,0.016349561512470245,,,
54,7,8,1.312514305114746,1.0,0.999019205570221,0.03874155133962631,,,
54,7,9,1.504454493522644,1.0,0.9992727041244507,0.03041762486100197,,,
54,7,10,1.0040744543075562,1.0,0.9991888403892517,0.005471127573400736,,,
54,7,11,2.3190255165100098,1.0,0.9992409348487854,0.008232963271439075,,,
54,8,0,3.213463306427002,1.0,0.9969122409820557,0.02665667049586773,,,
54,8,1,1.2485123872756958,1.0,0.9964807033538818,0.009964990429580212,,,
54,8,2,4.454828262329102,1.0000004768371582,0.9757608771324158,0.013513234443962574,,,
54,8,3,2.23787260055542,1.0,0.9969745874404907,0.01995779573917389,,,
54,8,4,1.2647817134857178,1.0,0.9967641234397888,0.05464470013976097,,,
54,8,5,1.9701417684555054,1.0,0.9967399835586548,0.044511303305625916,,,
54,8,6,2.172684907913208,1.0,0.9968070387840271,0.02067476511001587,,,
54,8,7,1.3054157495498657,1.0,0.9964923858642578,0.05656339228153229,,,
54,8,8,2.5508882999420166,1.0,0.9960232377052307,0.029932834208011627,,,
54,8,9,2.5138351917266846,1.0,0.9969398975372314,0.03440118953585625,,,
54,8,10,2.3304309844970703,1.0,0.9971451163291931,0.06272018700838089,,,
54,8,11,1.788124442100525,1.0,0.9966186285018921,0.013749033212661743,,,
54,9,0,2.577773094177246,1.0,0.9956932067871094,0.0318724550306797,,,
54,9,1,2.1191680431365967,1.0,0.9979257583618164,0.010552615858614445,,,
54,9,2,2.755852699279785,1.0,0.9968442320823669,0.01875115931034088,,,
54,9,3,1.668009877204895,1.0,0.9977184534072876,0.04750155285000801,,,
54,9,4,2.038100242614746,1.0,0.9983646273612976,0.01287061721086502,,,
54,9,5,2.3741579055786133,1.0,0.9985267519950867,0.03147507458925247,,,
54,9,6,1.6509737968444824,1.0,0.9983476400375366,0.005383758340030909,,,
54,9,7,2.066809892654419,1.0,0.9983335733413696,0.02000734768807888,,,
54,9,8,2.91953182220459,1.0,0.9966880679130554,0.010795636102557182,,,
54,9,9,1.712578296661377,1.0,0.9984369874000549,0.006252603605389595,,,
54,9,10,1.2929375171661377,1.0,0.9981521964073181,0.046719204634428024,,,
54,9,11,2.841378927230835,1.0,0.9953497052192688,0.006865753326565027,,,
54,10,0,2.538513660430908,1.0,0.9957536458969116,0.010503803379833698,,,
54,10,1,1.8291693925857544,1.0,0.9966840147972107,0.007916654460132122,,,
54,10,2,2.5603814125061035,1.0,0.9956082701683044,0.009463966824114323,,,
54,10,3,3.398073673248291,1.0000001192092896,0.9892736077308655,0.01273688580840826,,,
54,10,4,3.371748208999634,1.0000001192092896,0.9946334362030029,0.020543482154607773,,,
54,10,5,1.1208640336990356,1.0,0.9964275360107422,0.03173249959945679,,,
54,10,6,2.2532310485839844,1.0,0.9966638684272766,0.010132674127817154,,,
54,10,7,3.16361403465271,1.0000001192092896,0.9935798048973083,0.031039893627166748,,,
54,10,8,2.36126971244812,1.0,0.996473491191864,0.012334037572145462,,,
54,10,9,1.393397331237793,1.0,0.9967412352561951,0.07295060902833939,,,
54,10,10,1.8753448724746704,1.0,0.9965631365776062,0.006424596067517996,,,
54,10,11,2.1571907997131348,1.0,0.9963253140449524,0.035555530339479446,,,
54,11,0,4.856821060180664,1.0000025033950806,0.8685056567192078,0.028047384694218636,,,
54,11,1,2.929757833480835,1.0,0.904733419418335,0.014291518367826939,,,
54,11,2,2.743684768676758,1.0,0.9007501602172852,0.0069561973214149475,,,
54,11,3,2.310901403427124,1.0,0.9043148159980774,0.030824458226561546,,,
54,11,4,4.068925857543945,1.000000238418579,0.9079568982124329,0.016277922317385674,,,
54,11,5,2.3086845874786377,1.0,0.902987539768219,0.009717708453536034,,,
54,11,6,2.3108956813812256,1.0,0.9029762744903564,0.006697947159409523,,,
54,11,7,2.96321439743042,1.0,0.9054052829742432,0.017907142639160156,,,
54,11,8,3.7394402027130127,1.0000221729278564,0.10980021208524704,0.10156503319740295,,,
54,11,9,1.9566774368286133,1.0,0.9022725820541382,0.006454437971115112,,,
54,11,10,3.053842067718506,1.0,0.9092722535133362,0.04871237650513649,,,
54,11,11,2.943415641784668,1.0,0.9083186984062195,0.03854372724890709,,,
55,0,0,4.405519485473633,1.000016212463379,0.8109232187271118,0.019825633615255356,,,
55,0,1,0.581977128982544,1.0000290870666504,0.804029107093811,0.8141442537307739,,,
55,0,2,4.515544414520264,1.0000126361846924,0.7920530438423157,0.042231474071741104,,,
55,0,3,0.43300479650497437,1.0000280141830444,0.7848547101020813,0.8390355706214905,,,
55,0,4,1.243818998336792,1.0000267028808594,0.7897140979766846,0.5800542235374451,,,
55,0,5,1.566995620727539,1.0000232458114624,0.756683349609375,0.5483824610710144,,,
55,0,6,4.214402675628662,1.0000200271606445,0.7239142060279846,0.030556052923202515,,,
55,0,7,1.8693262338638306,1.0000258684158325,0.7411745190620422,0.16674722731113434,,,
55,0,8,4.2306013107299805,1.0000213384628296,0.7922696471214294,0.05753190815448761,,,
55,0,9,4.619168758392334,1.0000157356262207,0.8440613150596619,0.02132139913737774,,,
55,0,10,4.218847274780273,1.0000221729278564,0.8769894242286682,0.1503901332616806,,,
55,0,11,5.2909345626831055,1.0000133514404297,0.7361646294593811,0.008598889224231243,,,
55,1,0,2.352168321609497,1.0000256299972534,0.6948152780532837,0.11375173926353455,,,
55,1,1,2.7085506916046143,1.00002121925354,0.6939182281494141,0.0918881744146347,,,
55,1,2,4.7010297775268555,1.000016212463379,0.6335012316703796,0.02805486135184765,,,
55,1,3,4.210971355438232,1.0000009536743164,0.6796458959579468,0.03586423024535179,,,
55,1,4,3.7660694122314453,1.0000100135803223,0.8025092482566833,0.06812427937984467,,,
55,1,5,4.349221706390381,1.0000115633010864,0.8200703263282776,0.09037609398365021,,,
55,1,6,4.456923961639404,1.0000096559524536,0.8268809914588928,0.037630416452884674,,,
55,1,7,4.863801002502441,1.0000123977661133,0.8307580947875977,0.02089366875588894,,,
55,1,8,5.23020076751709,1.000004768371582,0.7947453856468201,0.010416138917207718,,,
55,1,9,5.240686416625977,1.000004768371582,0.7624289989471436,0.0075249518267810345,,,
55,1,10,4.395186901092529,1.000011920928955,0.5877161026000977,0.04105910658836365,,,
55,1,11,1.8342983722686768,1.0000256299972534,0.7634773850440979,0.6252356767654419,,,
55,2,0,2.50036358833313,1.0000014305114746,0.8684263825416565,0.10831018537282944,,,
55,2,1,4.458934783935547,1.0000003576278687,0.8522951006889343,0.01068108156323433,,,
55,2,2,1.1474099159240723,1.0000075101852417,0.865924596786499,0.14163461327552795,,,
55,2,3,1.89928138256073,1.0000066757202148,0.8225191235542297,0.13115915656089783,,,
55,2,4,1.6728858947753906,1.000000238418579,0.8507661819458008,0.09543101489543915,,,
55,2,5,1.7853518724441528,1.0000065565109253,0.8475656509399414,0.13758665323257446,,,
55,2,6,2.801234722137451,1.000007152557373,0.7658867239952087,0.0793452262878418,,,
55,2,7,2.769622802734375,1.0,0.822562038898468,0.033326126635074615,,,
55,2,8,1.8822327852249146,1.0000025033950806,0.8781448602676392,0.10945871472358704,,,
55,2,9,1.755989909172058,1.000004768371582,0.8426302075386047,0.12684379518032074,,,
55,2,10,3.123434543609619,1.0000269412994385,0.5110231637954712,0.12381547689437866,,,
55,2,11,3.0298194885253906,1.000000238418579,0.8602315783500671,0.10283856093883514,,,
55,3,0,2.702589750289917,1.0,0.99114990234375,0.058953866362571716,,,
55,3,1,1.980958104133606,1.0000001192092896,0.9908025860786438,0.0594160221517086,,,
55,3,2,1.4044787883758545,1.0000005960464478,0.9797931909561157,0.11794141680002213,,,
55,3,3,0.9782165288925171,1.0,0.9910968542098999,0.06634151935577393,,,
55,3,4,3.600113868713379,1.0,0.9917608499526978,0.010884900577366352,,,
55,3,5,2.6678826808929443,1.0,0.9925976395606995,0.03373574838042259,,,
55,3,6,1.7128517627716064,1.0000004768371582,0.977720320224762,0.15767796337604523,,,
55,3,7,1.433262586593628,1.000000238418579,0.9886278510093689,0.11831063777208328,,,
55,3,8,1.5336068868637085,1.0000003576278687,0.9830248355865479,0.12523797154426575,,,
55,3,9,1.594941258430481,1.0,0.9922279715538025,0.07534860819578171,,,
55,3,10,1.8150804042816162,1.0,0.9913036823272705,0.16342806816101074,,,
55,3,11,1.8073530197143555,1.0000001192092896,0.989873468875885,0.1111355572938919,,,
55,4,0,1.2599421739578247,1.0000001192092896,0.915901243686676,0.05952714756131172,,,
55,4,1,1.6558550596237183,1.0000001192092896,0.9185509085655212,0.06435039639472961,,,
55,4,2,2.3931515216827393,1.0,0.9153332114219666,0.015337582677602768,,,
55,4,3,1.5615781545639038,1.0000001192092896,0.9165027737617493,0.07173842936754227,,,
55,4,4,3.1527528762817383,1.0,0.9165658950805664,0.04095957800745964,,,
55,4,5,1.4969593286514282,1.0,0.9157154560089111,0.06488385796546936,,,
55,4,6,2.14216685295105,1.0,0.9172509908676147,0.046853840351104736,,,
55,4,7,1.8880140781402588,1.0000005960464478,0.9188854694366455,0.4728128910064697,,,
55,4,8,3.3123927116394043,1.0,0.9169927835464478,0.016621461138129234,,,
55,4,9,1.911841869354248,1.0,0.9169914126396179,0.03812828287482262,,,
55,4,10,3.202594518661499,1.0,0.9155078530311584,0.01271697785705328,,,
55,4,11,0.011258356273174286,1.000028133392334,0.1490216702222824,0.0043373871594667435,,,
55,5,0,1.6601108312606812,1.0,0.996880292892456,0.011811071075499058,,,
55,5,1,0.40466251969337463,1.0,0.9964799880981445,0.004587691277265549,,,
55,5,2,1.415352463722229,1.0,0.9968492388725281,0.021954763680696487,,,
55,5,3,2.3340864181518555,1.0000001192092896,0.9927682876586914,0.03477698564529419,,,
55,5,4,1.5335899591445923,1.0,0.9967203736305237,0.051817841827869415,,,
55,5,5,1.9443943500518799,1.0,0.9969239830970764,0.012215567752718925,,,
55,5,6,0.6763975620269775,1.0,0.9966315627098083,0.02711033634841442,,,
55,5,7,0.9487131237983704,1.0,0.996675431728363,0.040480971336364746,,,
55,5,8,1.0935527086257935,1.0,0.9967870116233826,0.029382869601249695,,,
55,5,9,2.84913969039917,1.0,0.9972913861274719,0.007792454678565264,,,
55,5,10,3.65885066986084,1.0000003576278687,0.9781948328018188,0.037325456738471985,,,
55,5,11,2.900653600692749,1.0,0.9970449805259705,0.1094721183180809,,,
55,6,0,1.8464545011520386,1.0,0.9951931238174438,0.03965787589550018,,,
55,6,1,0.7884350419044495,1.0,0.998002290725708,0.025196082890033722,,,
55,6,2,3.576259136199951,1.0,0.9974306225776672,0.013541772961616516,,,
55,6,3,1.6339143514633179,1.0,0.9983940124511719,0.016237981617450714,,,
55,6,4,3.390784740447998,1.0000001192092896,0.9949642419815063,0.0201360285282135,,,
55,6,5,1.753799319267273,1.0,0.9984973669052124,0.06410804390907288,,,
55,6,6,2.96268367767334,1.0,0.9985525608062744,0.07439428567886353,,,
55,6,7,2.2739665508270264,1.0,0.9980221390724182,0.04579601809382439,,,
55,6,8,1.2924555540084839,1.0,0.9983776211738586,0.0317377895116806,,,
55,6,9,0.8972899913787842,1.0,0.9980099201202393,0.005315542686730623,,,
55,6,10,2.968592405319214,1.0,0.9982802867889404,0.011667142622172832,,,
55,6,11,1.6066633462905884,1.0,0.9980024099349976,0.052711740136146545,,,
55,7,0,1.095409870147705,1.0,0.9989618062973022,0.029674528166651726,,,
55,7,1,2.5837550163269043,1.0,0.9985633492469788,0.011578729376196861,,,
55,7,2,0.805332601070404,1.0,0.9991929531097412,0.004222467541694641,,,
55,7,3,1.5299897193908691,1.0,0.9993820786476135,0.049565158784389496,,,
55,7,4,0.9542008638381958,1.0,0.9992666244506836,0.015555508434772491,,,
55,7,5,2.6176576614379883,1.0,0.9978084564208984,0.024231573566794395,,,
55,7,6,3.208655834197998,1.0,0.9989311695098877,0.0123729994520545,,,
55,7,7,1.4639841318130493,1.0,0.999302089214325,0.010387944988906384,,,
55,7,8,1.3787565231323242,1.0,0.999096155166626,0.03674682229757309,,,
55,7,9,1.471010446548462,1.0,0.9992514252662659,0.03375750780105591,,,
55,7,10,1.1906604766845703,1.0,0.9992141723632812,0.006973451469093561,,,
55,7,11,1.8756440877914429,1.0,0.999284565448761,0.007769158110022545,,,
55,8,0,3.2896571159362793,1.0,0.997319757938385,0.024831291288137436,,,
55,8,1,1.242116928100586,1.0,0.9972993731498718,0.00797753781080246,,,
55,8,2,4.197528839111328,1.0000003576278687,0.9837532043457031,0.011800036765635014,,,
55,8,3,2.323512554168701,1.0,0.9976085424423218,0.020548492670059204,,,
55,8,4,1.2276575565338135,1.0,0.9974218010902405,0.051536742597818375,,,
55,8,5,1.989933729171753,1.0,0.9969287514686584,0.0383915901184082,,,
55,8,6,1.911689281463623,1.0,0.9976469278335571,0.01733030565083027,,,
55,8,7,1.2466216087341309,1.0,0.9970760345458984,0.052744049578905106,,,
55,8,8,2.318352460861206,1.0,0.9973297119140625,0.030835382640361786,,,
55,8,9,2.452005624771118,1.0,0.997724711894989,0.02902127429842949,,,
55,8,10,2.3570499420166016,1.0,0.9978679418563843,0.0651627704501152,,,
55,8,11,1.9757416248321533,1.0,0.9969454407691956,0.015129197388887405,,,
55,9,0,2.637407064437866,1.0,0.9940901398658752,0.028266003355383873,,,
55,9,1,1.9993230104446411,1.0,0.9976106286048889,0.01098385825753212,,,
55,9,2,2.547483205795288,1.0000001192092896,0.9961925148963928,0.014137882739305496,,,
55,9,3,1.6301528215408325,1.0,0.9970600008964539,0.04554104059934616,,,
55,9,4,1.998863935470581,1.0,0.9980049133300781,0.011904964223504066,,,
55,9,5,2.525268077850342,1.0,0.9981569647789001,0.037614982575178146,,,
55,9,6,1.6896835565567017,1.0,0.9979029297828674,0.005011593457311392,,,
55,9,7,2.1013002395629883,1.0,0.9978651404380798,0.022280141711235046,,,
55,9,8,2.6268558502197266,1.0,0.9946342706680298,0.010647058486938477,,,
55,9,9,1.8341240882873535,1.0,0.9980341196060181,0.0059066880494356155,,,
55,9,10,1.215415358543396,1.0,0.9976587295532227,0.04064860939979553,,,
55,9,11,2.4696638584136963,1.0,0.9964588284492493,0.007381466217339039,,,
55,10,0,2.5868520736694336,1.0000001192092896,0.9892873764038086,0.009077467024326324,,,
55,10,1,1.8733383417129517,1.0,0.9964497089385986,0.006830861326307058,,,
55,10,2,2.418811082839966,1.0,0.995969831943512,0.010111269541084766,,,
55,10,3,3.087245464324951,1.0000001192092896,0.9920406341552734,0.012704404070973396,,,
55,10,4,3.3457462787628174,1.0000001192092896,0.9938073754310608,0.02489803358912468,,,
55,10,5,1.030853271484375,1.0,0.9960851669311523,0.028097249567508698,,,
55,10,6,2.2318880558013916,1.0,0.996551513671875,0.009610098786652088,,,
55,10,7,2.9374072551727295,1.0,0.9962488412857056,0.030695702880620956,,,
55,10,8,2.347273826599121,1.0,0.9961028695106506,0.012141319923102856,,,
55,10,9,1.3525664806365967,1.0,0.9963646531105042,0.06427149474620819,,,
55,10,10,1.959093451499939,1.0,0.9965068697929382,0.006921708583831787,,,
55,10,11,2.0837559700012207,1.0,0.9965818524360657,0.034830231219530106,,,
55,11,0,4.704700946807861,1.0000019073486328,0.874799907207489,0.027381286025047302,,,
55,11,1,3.2023088932037354,1.0,0.9078510403633118,0.02327902242541313,,,
55,11,2,2.746134042739868,1.0000001192092896,0.9052078723907471,0.009417302906513214,,,
55,11,3,2.4679548740386963,1.0,0.9056651592254639,0.03002268448472023,,,
55,11,4,4.017486095428467,1.000000238418579,0.9071251153945923,0.017795585095882416,,,
55,11,5,2.437018871307373,1.0,0.9039601683616638,0.010265209712088108,,,
55,11,6,2.0603692531585693,1.0,0.9026923775672913,0.006307903677225113,,,
55,11,7,2.774749279022217,1.0,0.9056951999664307,0.019877245649695396,,,
55,11,8,3.6185014247894287,1.000020146369934,0.10955610871315002,0.10289555788040161,,,
55,11,9,2.130122184753418,1.0,0.9031539559364319,0.00642536673694849,,,
55,11,10,2.9401023387908936,1.0,0.909871518611908,0.043381646275520325,,,
55,11,11,2.916579008102417,1.0000001192092896,0.9088152050971985,0.03956999257206917,,,
56,0,0,4.3188862800598145,1.000018835067749,0.778171718120575,0.020163752138614655,,,
56,0,1,0.5763830542564392,1.0000299215316772,0.8053861856460571,0.817621111869812,,,
56,0,2,4.609762668609619,1.000011920928955,0.7931520342826843,0.04168705269694328,,,
56,0,3,0.44647568464279175,1.0000293254852295,0.7784566879272461,0.8252905011177063,,,
56,0,4,1.2324724197387695,1.0000275373458862,0.7934942841529846,0.5895426869392395,,,
56,0,5,1.608305811882019,1.000022053718567,0.7651743292808533,0.5427201390266418,,,
56,0,6,4.2591657638549805,1.0000203847885132,0.7222932577133179,0.030541416257619858,,,
56,0,7,1.9299161434173584,1.0000272989273071,0.7436025738716125,0.17042948305606842,,,
56,0,8,4.223876953125,1.0000239610671997,0.8024387955665588,0.057249318808317184,,,
56,0,9,4.625431060791016,1.0000170469284058,0.8456398248672485,0.02228846587240696,,,
56,0,10,4.227243900299072,1.0000234842300415,0.8774658441543579,0.15054915845394135,,,
56,0,11,5.342724323272705,1.0000139474868774,0.724648654460907,0.00775772612541914,,,
56,1,0,2.42199969291687,1.0000253915786743,0.7163197994232178,0.10167248547077179,,,
56,1,1,2.72062087059021,1.0000205039978027,0.6990579962730408,0.09597516059875488,,,
56,1,2,4.722606182098389,1.0000168085098267,0.6515340805053711,0.027166234329342842,,,
56,1,3,4.240050315856934,1.000001072883606,0.6857227683067322,0.035757433623075485,,,
56,1,4,3.764195680618286,1.0000097751617432,0.8085622787475586,0.06889154762029648,,,
56,1,5,4.528324127197266,1.0000133514404297,0.830949068069458,0.08142241835594177,,,
56,1,6,4.562152862548828,1.000009298324585,0.8139744400978088,0.03301190584897995,,,
56,1,7,4.91256856918335,1.0000118017196655,0.8237282037734985,0.019227510318160057,,,
56,1,8,5.26143217086792,1.0000040531158447,0.796976625919342,0.009818575344979763,,,
56,1,9,5.289763927459717,1.0000065565109253,0.7668726444244385,0.007421418093144894,,,
56,1,10,4.412895202636719,1.0000126361846924,0.5963669419288635,0.0412307046353817,,,
56,1,11,1.812901258468628,1.0000275373458862,0.7511125802993774,0.6355572938919067,,,
56,2,0,2.478757381439209,1.000001311302185,0.8819302916526794,0.09982571005821228,,,
56,2,1,4.57310676574707,1.0000008344650269,0.8633506894111633,0.009910307824611664,,,
56,2,2,1.1270456314086914,1.0000046491622925,0.8808707594871521,0.11991507560014725,,,
56,2,3,1.9246844053268433,1.0000054836273193,0.8578575253486633,0.13260957598686218,,,
56,2,4,1.7137491703033447,1.0000001192092896,0.8636966943740845,0.08595467358827591,,,
56,2,5,1.8101240396499634,1.0000040531158447,0.8702581524848938,0.1338423192501068,,,
56,2,6,2.79076886177063,1.0000064373016357,0.8008735775947571,0.07708048820495605,,,
56,2,7,2.73478627204895,1.0,0.8399194478988647,0.033311162143945694,,,
56,2,8,1.8423863649368286,1.0000022649765015,0.8893977999687195,0.11008051782846451,,,
56,2,9,1.766844391822815,1.0000044107437134,0.8576940298080444,0.11967175453901291,,,
56,2,10,3.136986017227173,1.0000276565551758,0.5118845701217651,0.12237096577882767,,,
56,2,11,3.086552619934082,1.000000238418579,0.8783606886863708,0.1023915633559227,,,
56,3,0,2.9692044258117676,1.0,0.9932464361190796,0.07233338803052902,,,
56,3,1,1.950803279876709,1.0000001192092896,0.9933777451515198,0.06410128623247147,,,
56,3,2,1.4503024816513062,1.0000003576278687,0.9875088334083557,0.11511271446943283,,,
56,3,3,0.9762468934059143,1.0,0.9933839440345764,0.06425337493419647,,,
56,3,4,3.8985447883605957,1.0,0.993770182132721,0.010635500773787498,,,
56,3,5,2.677516460418701,1.0,0.9945489764213562,0.035154592245817184,,,
56,3,6,1.7368804216384888,1.0000003576278687,0.9860983490943909,0.1466740071773529,,,
56,3,7,1.4447035789489746,1.000000238418579,0.9908008575439453,0.11112179607152939,,,
56,3,8,1.525607943534851,1.000000238418579,0.9874382019042969,0.12200052291154861,,,
56,3,9,1.6030579805374146,1.0,0.9942586421966553,0.07525968551635742,,,
56,3,10,1.8417038917541504,1.0,0.9935813546180725,0.16300280392169952,,,
56,3,11,1.7436766624450684,1.0000001192092896,0.9928707480430603,0.0959262028336525,,,
56,4,0,1.2155933380126953,1.0,0.916268527507782,0.05986270308494568,,,
56,4,1,1.5932785272598267,1.0000001192092896,0.9179807305335999,0.06498445570468903,,,
56,4,2,2.1818060874938965,1.0,0.9142274856567383,0.014260753989219666,,,
56,4,3,1.5746738910675049,1.0000001192092896,0.9168785214424133,0.06798005849123001,,,
56,4,4,3.4003145694732666,1.0,0.9173444509506226,0.04423266649246216,,,
56,4,5,1.4459507465362549,1.0,0.9156336188316345,0.0587158128619194,,,
56,4,6,2.1366419792175293,1.0,0.9171321988105774,0.04677756875753403,,,
56,4,7,1.8726520538330078,1.0000004768371582,0.9194492697715759,0.49051395058631897,,,
56,4,8,3.72786021232605,1.0,0.9183452129364014,0.01477146241813898,,,
56,4,9,1.8912354707717896,1.0,0.9167293310165405,0.03836756572127342,,,
56,4,10,3.3905982971191406,1.0,0.9159791469573975,0.01162320002913475,,,
56,4,11,0.008947531692683697,1.0000299215316772,0.14542469382286072,0.0037262921687215567,,,
56,5,0,2.0547897815704346,1.0,0.9960518479347229,0.011081581935286522,,,
56,5,1,0.3351714313030243,1.0,0.9954121112823486,0.004606383852660656,,,
56,5,2,1.4604345560073853,1.0,0.9958934783935547,0.020836180076003075,,,
56,5,3,2.2933545112609863,1.0000001192092896,0.9933549761772156,0.03441653773188591,,,
56,5,4,1.4991121292114258,1.0,0.9959284067153931,0.05495684966444969,,,
56,5,5,2.153822660446167,1.0,0.9959726929664612,0.014459898695349693,,,
56,5,6,0.6553901433944702,1.0,0.9955492615699768,0.02171262539923191,,,
56,5,7,0.9814667105674744,1.0,0.9956589341163635,0.04094548523426056,,,
56,5,8,1.1040018796920776,1.0,0.9957141876220703,0.026516010984778404,,,
56,5,9,3.2568116188049316,1.0,0.996432900428772,0.009251786395907402,,,
56,5,10,3.8764336109161377,1.0000008344650269,0.9659364223480225,0.038859594613313675,,,
56,5,11,2.8213706016540527,1.0,0.996218740940094,0.11037980765104294,,,
56,6,0,1.8841192722320557,1.0000001192092896,0.9953392148017883,0.03884304314851761,,,
56,6,1,0.88847815990448,1.0,0.9981924295425415,0.025063302367925644,,,
56,6,2,3.664151906967163,1.0,0.9978301525115967,0.012840621173381805,,,
56,6,3,1.7991706132888794,1.0,0.9985566735267639,0.018686076626181602,,,
56,6,4,3.4656124114990234,1.0,0.9965121746063232,0.01733320951461792,,,
56,6,5,1.7604289054870605,1.0,0.9985907077789307,0.06270994246006012,,,
56,6,6,3.1158604621887207,1.0,0.998586118221283,0.0769524946808815,,,
56,6,7,2.4531359672546387,1.0,0.9975886940956116,0.04221218824386597,,,
56,6,8,1.3064910173416138,1.0,0.998508095741272,0.026704635471105576,,,
56,6,9,0.9608355760574341,1.0,0.9981641173362732,0.006089124828577042,,,
56,6,10,3.053093433380127,1.0,0.9983673691749573,0.008672699332237244,,,
56,6,11,1.6386152505874634,1.0,0.9982747435569763,0.05051809921860695,,,
56,7,0,1.0712404251098633,1.0,0.9987905025482178,0.026375649496912956,,,
56,7,1,2.9846105575561523,1.0,0.99697345495224,0.016669031232595444,,,
56,7,2,0.6934059858322144,1.0,0.9988632202148438,0.004714421462267637,,,
56,7,3,1.6726869344711304,1.0,0.9991096258163452,0.04760007932782173,,,
56,7,4,1.0064197778701782,1.0,0.9989979267120361,0.015234234742820263,,,
56,7,5,2.735038995742798,1.0,0.9973599910736084,0.022664625197649002,,,
56,7,6,3.348175525665283,1.0,0.9988928437232971,0.011617294512689114,,,
56,7,7,1.760860800743103,1.0,0.999075710773468,0.012895448133349419,,,
56,7,8,1.4409029483795166,1.0,0.9987074136734009,0.04063956066966057,,,
56,7,9,1.5900577306747437,1.0,0.9989460110664368,0.034027475863695145,,,
56,7,10,1.430646300315857,1.0,0.9990033507347107,0.00955875962972641,,,
56,7,11,2.2168233394622803,1.0,0.9990667700767517,0.007158646360039711,,,
56,8,0,3.2182729244232178,1.0,0.9970791339874268,0.022754089906811714,,,
56,8,1,1.3614962100982666,1.0,0.9968264102935791,0.010814985260367393,,,
56,8,2,4.249799728393555,1.0000003576278687,0.9843299388885498,0.011847422458231449,,,
56,8,3,2.6993982791900635,1.0,0.9971149563789368,0.02298145368695259,,,
56,8,4,1.1585992574691772,1.0,0.9970199465751648,0.05025630071759224,,,
56,8,5,1.966902256011963,1.0,0.9967849254608154,0.03640513867139816,,,
56,8,6,2.203732967376709,1.0,0.9972898364067078,0.017272833734750748,,,
56,8,7,1.225228190422058,1.0,0.9967701435089111,0.04915894940495491,,,
56,8,8,2.8173224925994873,1.000000238418579,0.9924806356430054,0.036756567656993866,,,
56,8,9,2.4027702808380127,1.0,0.9973440766334534,0.0283990316092968,,,
56,8,10,2.4284963607788086,1.0,0.9975023865699768,0.06609026342630386,,,
56,8,11,1.8404220342636108,1.0,0.997072160243988,0.012011170387268066,,,
56,9,0,2.67545747756958,1.0,0.9963838458061218,0.025843137875199318,,,
56,9,1,2.396961212158203,1.0,0.9975903034210205,0.011096126399934292,,,
56,9,2,3.030465602874756,1.0000001192092896,0.9937158226966858,0.018521340563893318,,,
56,9,3,1.6423836946487427,1.0,0.9973180890083313,0.04268531873822212,,,
56,9,4,2.472867965698242,1.0,0.9982335567474365,0.012674772180616856,,,
56,9,5,2.471616268157959,1.0,0.9982824921607971,0.028030462563037872,,,
56,9,6,2.1840474605560303,1.0,0.9978886246681213,0.00579149229452014,,,
56,9,7,2.055704355239868,1.0,0.9980236291885376,0.021258408203721046,,,
56,9,8,2.5234014987945557,1.0,0.9981631636619568,0.007535583805292845,,,
56,9,9,2.237727403640747,1.0,0.9980366230010986,0.006864416878670454,,,
56,9,10,1.1956671476364136,1.0,0.9978038668632507,0.046006616204977036,,,
56,9,11,2.76749324798584,1.0,0.994872510433197,0.005934401880949736,,,
56,10,0,2.805560350418091,1.0000001192092896,0.9932469725608826,0.007799014449119568,,,
56,10,1,2.5301685333251953,1.0,0.9948581457138062,0.010058972053229809,,,
56,10,2,2.7320494651794434,1.0,0.9956821799278259,0.008871227502822876,,,
56,10,3,3.3148324489593506,1.0000001192092896,0.9906519055366516,0.010897746309638023,,,
56,10,4,3.4122822284698486,1.0000001192092896,0.9933055639266968,0.017965655773878098,,,
56,10,5,1.069961667060852,1.0,0.995076596736908,0.02770984172821045,,,
56,10,6,2.4083783626556396,1.0,0.9953300952911377,0.0071337176486849785,,,
56,10,7,3.268651247024536,1.0,0.9947946667671204,0.024182656779885292,,,
56,10,8,2.8855066299438477,1.0,0.9949752688407898,0.011508548632264137,,,
56,10,9,1.314563512802124,1.0,0.9955129623413086,0.06942515075206757,,,
56,10,10,2.4233949184417725,1.0,0.9954461455345154,0.008119476027786732,,,
56,10,11,2.5620968341827393,1.0,0.9945996999740601,0.03626570850610733,,,
56,11,0,4.71607780456543,1.0000016689300537,0.8698156476020813,0.022898131981492043,,,
56,11,1,3.384591579437256,1.0000003576278687,0.8973339200019836,0.015499260276556015,,,
56,11,2,2.8228752613067627,1.0,0.9008500576019287,0.008132067508995533,,,
56,11,3,2.0074219703674316,1.0,0.8998475670814514,0.019900882616639137,,,
56,11,4,4.1536149978637695,1.000000238418579,0.905292272567749,0.017021330073475838,,,
56,11,5,2.930375814437866,1.0,0.9015659093856812,0.012488278560340405,,,
56,11,6,2.637346029281616,1.0,0.9010000228881836,0.007628355175256729,,,
56,11,7,3.0587539672851562,1.0000001192092896,0.8955003619194031,0.01412163581699133,,,
56,11,8,3.863748788833618,1.0000216960906982,0.11326944082975388,0.09327013790607452,,,
56,11,9,2.5329530239105225,1.0,0.9011501669883728,0.0072946674190461636,,,
56,11,10,3.2196462154388428,1.0000001192092896,0.9071808457374573,0.04105210676789284,,,
56,11,11,3.2228446006774902,1.000000238418579,0.9074428677558899,0.04247249290347099,,,
57,0,0,4.309895038604736,1.0000159740447998,0.7767874002456665,0.02124577946960926,,,
57,0,1,0.5615139603614807,1.0000296831130981,0.7965461611747742,0.8211281299591064,,,
57,0,2,4.598222255706787,1.0000114440917969,0.7846798300743103,0.035991307348012924,,,
57,0,3,0.45609381794929504,1.0000286102294922,0.7811092138290405,0.8437093496322632,,,
57,0,4,1.4113551378250122,1.000027060508728,0.7858660221099854,0.5292543768882751,,,
57,0,5,1.573987603187561,1.0000221729278564,0.7455452084541321,0.5235520005226135,,,
57,0,6,4.171143054962158,1.000018835067749,0.6861491799354553,0.03588046133518219,,,
57,0,7,1.9231663942337036,1.0000269412994385,0.747736394405365,0.16891823709011078,,,
57,0,8,4.172597885131836,1.0000224113464355,0.7812814116477966,0.061503369361162186,,,
57,0,9,4.578546047210693,1.000016212463379,0.8390626907348633,0.02480817586183548,,,
57,0,10,4.154412269592285,1.0000240802764893,0.8715757131576538,0.15523569285869598,,,
57,0,11,5.288243770599365,1.0000128746032715,0.7209225296974182,0.008113461546599865,,,
57,1,0,2.332139730453491,1.0000256299972534,0.6957933306694031,0.09751361608505249,,,
57,1,1,2.724039316177368,1.000020980834961,0.7091464400291443,0.09526292979717255,,,
57,1,2,4.6739420890808105,1.000016212463379,0.6281425952911377,0.028801802545785904,,,
57,1,3,4.168169975280762,1.0000009536743164,0.6800426840782166,0.03729179874062538,,,
57,1,4,3.7425289154052734,1.0000083446502686,0.8051300048828125,0.07021187245845795,,,
57,1,5,4.350508689880371,1.0000118017196655,0.8283193111419678,0.10359185934066772,,,
57,1,6,4.391317367553711,1.0000089406967163,0.7867311239242554,0.031067686155438423,,,
57,1,7,4.817267417907715,1.0000120401382446,0.8119399547576904,0.020359402522444725,,,
57,1,8,5.218634128570557,1.000003695487976,0.7849686145782471,0.010655972175300121,,,
57,1,9,5.253828048706055,1.0000044107437134,0.763439953327179,0.007891117595136166,,,
57,1,10,4.377862930297852,1.0000115633010864,0.5738356113433838,0.041781410574913025,,,
57,1,11,1.6935250759124756,1.000025749206543,0.7393192052841187,0.6500619053840637,,,
57,2,0,2.544548988342285,1.0000014305114746,0.8829828500747681,0.10677110403776169,,,
57,2,1,4.6512298583984375,1.000001072883606,0.8645591139793396,0.010766061954200268,,,
57,2,2,1.1267155408859253,1.0000070333480835,0.8670209646224976,0.11168678849935532,,,
57,2,3,1.9408987760543823,1.0000052452087402,0.8572253584861755,0.129180908203125,,,
57,2,4,1.7482202053070068,1.000000238418579,0.8641449213027954,0.08074861764907837,,,
57,2,5,1.822466492652893,1.0000046491622925,0.8753384947776794,0.13385546207427979,,,
57,2,6,2.8854873180389404,1.0000059604644775,0.8124098181724548,0.08082395046949387,,,
57,2,7,2.8000290393829346,1.0,0.8374618291854858,0.034665435552597046,,,
57,2,8,1.8513094186782837,1.000002145767212,0.886789083480835,0.10639146715402603,,,
57,2,9,1.7840052843093872,1.0000032186508179,0.8681900501251221,0.12644529342651367,,,
57,2,10,3.1348490715026855,1.0000263452529907,0.5081673264503479,0.1237713173031807,,,
57,2,11,3.0356056690216064,1.0000001192092896,0.8738834857940674,0.10426737368106842,,,
57,3,0,2.9388339519500732,1.0,0.992987871170044,0.0719921886920929,,,
57,3,1,1.9977339506149292,1.0,0.9925994873046875,0.06301462650299072,,,
57,3,2,1.4384225606918335,1.0000004768371582,0.984112560749054,0.11217949539422989,,,
57,3,3,1.0195850133895874,1.0,0.9924657344818115,0.057908520102500916,,,
57,3,4,3.8429489135742188,1.0,0.9932315945625305,0.01404567901045084,,,
57,3,5,2.8455312252044678,1.0,0.9942411780357361,0.036322999745607376,,,
57,3,6,1.7528364658355713,1.0000003576278687,0.9863904714584351,0.14982421696186066,,,
57,3,7,1.496249794960022,1.000000238418579,0.990945041179657,0.11426051706075668,,,
57,3,8,1.5429621934890747,1.0000003576278687,0.9871203899383545,0.1193821132183075,,,
57,3,9,1.6650103330612183,1.0000001192092896,0.9934013485908508,0.07341130077838898,,,
57,3,10,1.8370496034622192,1.0,0.9926414489746094,0.15415164828300476,,,
57,3,11,1.805917501449585,1.000000238418579,0.9913856983184814,0.09625931084156036,,,
57,4,0,1.2066823244094849,1.0000001192092896,0.9162828922271729,0.0593666210770607,,,
57,4,1,1.6078966856002808,1.000000238418579,0.918551504611969,0.06682287156581879,,,
57,4,2,2.2510428428649902,1.0,0.9147817492485046,0.01628919132053852,,,
57,4,3,1.6170876026153564,1.0,0.9169420599937439,0.06826099753379822,,,
57,4,4,3.225956439971924,1.0,0.9174850583076477,0.04478830844163895,,,
57,4,5,1.4271700382232666,1.0,0.9153392910957336,0.06248779222369194,,,
57,4,6,2.1279702186584473,1.0,0.9176508188247681,0.04658552631735802,,,
57,4,7,1.8736486434936523,1.0000004768371582,0.9208872318267822,0.47764772176742554,,,
57,4,8,3.674030065536499,1.0,0.9187434911727905,0.01657850481569767,,,
57,4,9,1.978925108909607,1.0,0.9181810617446899,0.03752197325229645,,,
57,4,10,3.3299007415771484,1.0,0.9163622260093689,0.012579351663589478,,,
57,4,11,0.009545969776809216,1.0000280141830444,0.14845611155033112,0.0043359058909118176,,,
57,5,0,2.0682554244995117,1.0,0.9954044222831726,0.012208279222249985,,,
57,5,1,0.3847951591014862,1.0,0.9946427941322327,0.0042829355224967,,,
57,5,2,1.5297431945800781,1.0,0.9952775835990906,0.020872920751571655,,,
57,5,3,2.3889389038085938,1.000000238418579,0.989881157875061,0.037342846393585205,,,
57,5,4,1.5818885564804077,1.0,0.9953256249427795,0.056312527507543564,,,
57,5,5,2.449655055999756,1.0,0.9954927563667297,0.013587181456387043,,,
57,5,6,0.7047029733657837,1.0,0.9948578476905823,0.026509344577789307,,,
57,5,7,1.1395690441131592,1.0,0.9949141144752502,0.0392303466796875,,,
57,5,8,1.2032150030136108,1.0,0.9951409697532654,0.028119631111621857,,,
57,5,9,3.3110568523406982,1.0,0.9959501624107361,0.008835440501570702,,,
57,5,10,3.8984572887420654,1.0000007152557373,0.9655274748802185,0.030936729162931442,,,
57,5,11,2.8706324100494385,1.0,0.995761513710022,0.12979693710803986,,,
57,6,0,1.7893189191818237,1.0,0.9963663220405579,0.03912435472011566,,,
57,6,1,0.8529367446899414,1.0,0.9980655312538147,0.0255279541015625,,,
57,6,2,3.6046488285064697,1.0,0.9978514313697815,0.013566898182034492,,,
57,6,3,1.8859498500823975,1.0,0.9985878467559814,0.01904614455997944,,,
57,6,4,3.474316358566284,1.0,0.9964541792869568,0.016313035041093826,,,
57,6,5,1.785786747932434,1.0,0.9985376000404358,0.06071189045906067,,,
57,6,6,3.2292962074279785,1.0,0.9984559416770935,0.08376314491033554,,,
57,6,7,2.459054708480835,1.0,0.9976986050605774,0.04439816623926163,,,
57,6,8,1.371414065361023,1.0,0.9984723925590515,0.028080042451620102,,,
57,6,9,1.1088348627090454,1.0,0.9980581402778625,0.006859545595943928,,,
57,6,10,3.145138740539551,1.0,0.9984102249145508,0.009826898574829102,,,
57,6,11,1.729272484779358,1.0,0.9976286292076111,0.047300003468990326,,,
57,7,0,1.019165277481079,1.0,0.9984176158905029,0.02481803111732006,,,
57,7,1,3.1777563095092773,1.0,0.9957220554351807,0.013865122571587563,,,
57,7,2,0.818941056728363,1.0,0.9984023571014404,0.0046014441177248955,,,
57,7,3,1.6825858354568481,1.0,0.9987627267837524,0.04633289948105812,,,
57,7,4,1.041250467300415,1.0,0.9985571503639221,0.01596224680542946,,,
57,7,5,2.820624828338623,1.0,0.9970047473907471,0.02437211573123932,,,
57,7,6,3.4622600078582764,1.0,0.9984360337257385,0.011405609548091888,,,
57,7,7,1.6482324600219727,1.0,0.9986223578453064,0.011195515282452106,,,
57,7,8,1.5112197399139404,1.0,0.996426522731781,0.03585698828101158,,,
57,7,9,1.702976107597351,1.0,0.9982708096504211,0.035667143762111664,,,
57,7,10,1.619004726409912,1.0,0.9985952377319336,0.009950922802090645,,,
57,7,11,2.0852479934692383,1.0,0.9985847473144531,0.008169695734977722,,,
57,8,0,3.34989070892334,1.0,0.99672532081604,0.028513358905911446,,,
57,8,1,1.4992949962615967,1.0,0.9960508942604065,0.011164586991071701,,,
57,8,2,4.376591682434082,1.0000004768371582,0.9776268005371094,0.013133472763001919,,,
57,8,3,2.885294198989868,1.0,0.9963219165802002,0.025678113102912903,,,
57,8,4,1.211868166923523,1.0,0.9962392449378967,0.04520997777581215,,,
57,8,5,2.014587640762329,1.0000001192092896,0.9953922033309937,0.03904670849442482,,,
57,8,6,2.050830602645874,1.0,0.9964970946311951,0.020232710987329483,,,
57,8,7,1.188874363899231,1.0,0.9960214495658875,0.04737471789121628,,,
57,8,8,2.8497183322906494,1.0000001192092896,0.9927381873130798,0.030979622155427933,,,
57,8,9,2.5868654251098633,1.0,0.9966604709625244,0.027500146999955177,,,
57,8,10,2.517963409423828,1.0,0.9968671202659607,0.0686718076467514,,,
57,8,11,1.781389832496643,1.0,0.9962512850761414,0.01254771277308464,,,
57,9,0,2.4583890438079834,1.0,0.9977537393569946,0.021636856719851494,,,
57,9,1,2.5083065032958984,1.0,0.9982411861419678,0.012771593406796455,,,
57,9,2,2.7619736194610596,1.0,0.9973750710487366,0.015073474496603012,,,
57,9,3,1.7038596868515015,1.0,0.9978334307670593,0.04157908260822296,,,
57,9,4,2.148651599884033,1.0,0.9988580346107483,0.011142929084599018,,,
57,9,5,2.575928211212158,1.0,0.9989532232284546,0.029239747673273087,,,
57,9,6,1.8971047401428223,1.0,0.9986451864242554,0.0053967987187206745,,,
57,9,7,2.0735702514648438,1.0,0.998787522315979,0.020528241991996765,,,
57,9,8,2.094160318374634,1.0,0.9988107681274414,0.006232381798326969,,,
57,9,9,2.2556514739990234,1.0,0.998361349105835,0.007722859736531973,,,
57,9,10,1.298569679260254,1.0,0.998526930809021,0.04494359716773033,,,
57,9,11,2.6992530822753906,1.0,0.9971349835395813,0.007138355635106564,,,
57,10,0,2.337496280670166,1.0,0.9964311718940735,0.008101116865873337,,,
57,10,1,2.4054081439971924,1.0,0.9951006174087524,0.009104492142796516,,,
57,10,2,2.8170981407165527,1.0000001192092896,0.9953193664550781,0.00926622748374939,,,
57,10,3,3.3782737255096436,1.0000003576278687,0.988759458065033,0.012056487612426281,,,
57,10,4,3.366199016571045,1.0000001192092896,0.9939759969711304,0.02135714702308178,,,
57,10,5,1.1746286153793335,1.0,0.9961583614349365,0.03032677434384823,,,
57,10,6,1.67995023727417,1.0,0.9963862895965576,0.005148453172296286,,,
57,10,7,3.2923216819763184,1.0000001192092896,0.9952240586280823,0.020777685567736626,,,
57,10,8,2.606689453125,1.0,0.996372640132904,0.011770276352763176,,,
57,10,9,1.4569796323776245,1.0,0.9964978694915771,0.07353218644857407,,,
57,10,10,1.9047921895980835,1.0,0.9968440532684326,0.006221043411642313,,,
57,10,11,2.295145273208618,1.0,0.9966685771942139,0.03173283487558365,,,
57,11,0,4.825133323669434,1.0000028610229492,0.8365798592567444,0.02520524151623249,,,
57,11,1,3.1554627418518066,1.0,0.902283251285553,0.012242761440575123,,,
57,11,2,2.4946467876434326,1.0,0.9002514481544495,0.0076383138075470924,,,
57,11,3,2.25470232963562,1.0,0.9003763198852539,0.02239927090704441,,,
57,11,4,3.9656124114990234,1.0000001192092896,0.9056915044784546,0.013857342302799225,,,
57,11,5,2.7153756618499756,1.0,0.9018741250038147,0.013635717332363129,,,
57,11,6,2.0813424587249756,1.0,0.8988551497459412,0.005673987790942192,,,
57,11,7,2.950833797454834,1.0,0.9018958806991577,0.016946865245699883,,,
57,11,8,3.733121871948242,1.0000207424163818,0.11398588865995407,0.09438448399305344,,,
57,11,9,2.144385814666748,1.0,0.8993126153945923,0.006160899065434933,,,
57,11,10,3.233363151550293,1.0,0.9061792492866516,0.040033187717199326,,,
57,11,11,3.0081279277801514,1.0,0.9050829410552979,0.030780183151364326,,,
58,0,0,4.273333549499512,1.0000156164169312,0.7834656238555908,0.022638440132141113,,,
58,0,1,0.6373782157897949,1.000028133392334,0.7996684908866882,0.7957574129104614,,,
58,0,2,4.523369789123535,1.0000102519989014,0.7910290360450745,0.041241228580474854,,,
58,0,3,0.4873565137386322,1.0000290870666504,0.782841145992279,0.8269219398498535,,,
58,0,4,1.2957533597946167,1.0000267028808594,0.7850028872489929,0.5547937154769897,,,
58,0,5,1.6756656169891357,1.0000211000442505,0.7469258904457092,0.504136323928833,,,
58,0,6,4.203095436096191,1.0000200271606445,0.7130024433135986,0.03154370188713074,,,
58,0,7,1.9273511171340942,1.0000256299972534,0.7444290518760681,0.17135664820671082,,,
58,0,8,4.153980731964111,1.0000226497650146,0.8019853830337524,0.06264403462409973,,,
58,0,9,4.588188171386719,1.0000152587890625,0.8366590738296509,0.02331172302365303,,,
58,0,10,4.194657802581787,1.0000226497650146,0.873970627784729,0.14651280641555786,,,
58,0,11,5.26231050491333,1.0000134706497192,0.7158071398735046,0.008152463473379612,,,
58,1,0,2.428581953048706,1.0000253915786743,0.7114179730415344,0.10524985939264297,,,
58,1,1,2.7015433311462402,1.0000200271606445,0.7008092999458313,0.09448070824146271,,,
58,1,2,4.683002948760986,1.000015377998352,0.6299412250518799,0.028597166761755943,,,
58,1,3,4.1833415031433105,1.0000011920928955,0.6779809594154358,0.03729549050331116,,,
58,1,4,3.7652089595794678,1.0000089406967163,0.804894208908081,0.06879719346761703,,,
58,1,5,4.408935070037842,1.0000128746032715,0.8260247707366943,0.08912206441164017,,,
58,1,6,4.431426525115967,1.0000075101852417,0.7987377643585205,0.029754232615232468,,,
58,1,7,4.795382976531982,1.0000125169754028,0.8106550574302673,0.019589342176914215,,,
58,1,8,5.208694934844971,1.0000046491622925,0.7907712459564209,0.01086040772497654,,,
58,1,9,5.213634967803955,1.0000066757202148,0.7564871311187744,0.00814310647547245,,,
58,1,10,4.383452892303467,1.0000123977661133,0.5844271183013916,0.04171166196465492,,,
58,1,11,1.9031171798706055,1.0000258684158325,0.7528623938560486,0.6062394380569458,,,
58,2,0,2.5163021087646484,1.0000014305114746,0.8732696771621704,0.10407404601573944,,,
58,2,1,4.496983051300049,1.0000008344650269,0.8495090007781982,0.011165144853293896,,,
58,2,2,1.1480536460876465,1.0000064373016357,0.8673564791679382,0.13311846554279327,,,
58,2,3,1.9244474172592163,1.000006079673767,0.8442888855934143,0.13277800381183624,,,
58,2,4,1.750615119934082,1.000000238418579,0.8519712686538696,0.09437219798564911,,,
58,2,5,1.7860804796218872,1.0000046491622925,0.8535924553871155,0.13651250302791595,,,
58,2,6,2.765976905822754,1.0000078678131104,0.7653473019599915,0.08033151179552078,,,
58,2,7,2.7763168811798096,1.0,0.825666069984436,0.03442782908678055,,,
58,2,8,1.8316147327423096,1.0000026226043701,0.8784283995628357,0.10724066942930222,,,
58,2,9,1.7541388273239136,1.0000051259994507,0.8377666473388672,0.12772320210933685,,,
58,2,10,3.1105830669403076,1.0000265836715698,0.5257625579833984,0.12417237460613251,,,
58,2,11,2.982553005218506,1.000000238418579,0.8622360825538635,0.10567162185907364,,,
58,3,0,2.977141857147217,1.0,0.9924221038818359,0.07250968366861343,,,
58,3,1,1.9240750074386597,1.000000238418579,0.9915191531181335,0.06303045153617859,,,
58,3,2,1.4612771272659302,1.0000004768371582,0.983393669128418,0.11779904365539551,,,
58,3,3,1.025696873664856,1.0,0.9916741847991943,0.06627831608057022,,,
58,3,4,3.9120395183563232,1.0,0.9928502440452576,0.011162523180246353,,,
58,3,5,2.7407493591308594,1.0,0.9936027526855469,0.0364777073264122,,,
58,3,6,1.7533591985702515,1.0000003576278687,0.9832088947296143,0.1618693470954895,,,
58,3,7,1.4433423280715942,1.000000238418579,0.9877176284790039,0.10715245455503464,,,
58,3,8,1.534254550933838,1.000000238418579,0.9858542084693909,0.12170690298080444,,,
58,3,9,1.58527672290802,1.0,0.992737352848053,0.07580344378948212,,,
58,3,10,1.857553482055664,1.0,0.9921783208847046,0.15709374845027924,,,
58,3,11,1.779391884803772,1.0000001192092896,0.9917495846748352,0.10217534750699997,,,
58,4,0,1.2060385942459106,1.000000238418579,0.915950357913971,0.05969507247209549,,,
58,4,1,1.5996228456497192,1.0000001192092896,0.9181131720542908,0.07129708677530289,,,
58,4,2,2.115557909011841,1.0,0.9140729308128357,0.01658352091908455,,,
58,4,3,1.5919386148452759,1.000000238418579,0.9166318774223328,0.07727087289094925,,,
58,4,4,3.3940603733062744,1.0,0.9177982211112976,0.04384000971913338,,,
58,4,5,1.405868649482727,1.0,0.9151681661605835,0.05926676467061043,,,
58,4,6,2.137779712677002,1.0,0.9177070260047913,0.04637293145060539,,,
58,4,7,1.8875126838684082,1.0000004768371582,0.9201045632362366,0.48067155480384827,,,
58,4,8,3.6458287239074707,1.0,0.9182624816894531,0.014538618735969067,,,
58,4,9,1.9308736324310303,1.0,0.9172490835189819,0.04051020368933678,,,
58,4,10,3.339946746826172,1.0,0.9161427021026611,0.012907333672046661,,,
58,4,11,0.011143801733851433,1.000028133392334,0.15225762128829956,0.005040906835347414,,,
58,5,0,2.0783934593200684,1.0,0.9957455992698669,0.012357496656477451,,,
58,5,1,0.42531415820121765,1.0,0.9950265288352966,0.004967228043824434,,,
58,5,2,1.424442172050476,1.0,0.9956300854682922,0.01973039098083973,,,
58,5,3,2.3041293621063232,1.0000001192092896,0.9923795461654663,0.03769545629620552,,,
58,5,4,1.4868807792663574,1.0,0.9955596327781677,0.05612935125827789,,,
58,5,5,2.3106913566589355,1.0,0.995631992816925,0.014723043888807297,,,
58,5,6,0.669941782951355,1.0,0.9951942563056946,0.023409277200698853,,,
58,5,7,1.0313725471496582,1.0,0.9953596591949463,0.03631703928112984,,,
58,5,8,1.2039157152175903,1.0,0.9955045580863953,0.02827349305152893,,,
58,5,9,3.194230318069458,1.0,0.9962100982666016,0.008985541760921478,,,
58,5,10,3.8196048736572266,1.0000008344650269,0.9649976491928101,0.04375709220767021,,,
58,5,11,2.8841376304626465,1.0,0.9959542751312256,0.11859416961669922,,,
58,6,0,1.849542260169983,1.0,0.9959325790405273,0.04297437518835068,,,
58,6,1,0.8927518725395203,1.0,0.9981123208999634,0.024899110198020935,,,
58,6,2,3.576859474182129,1.0,0.9978809356689453,0.013891950249671936,,,
58,6,3,1.919118881225586,1.0,0.998612642288208,0.02125243842601776,,,
58,6,4,3.2232425212860107,1.0,0.9975104928016663,0.017580000683665276,,,
58,6,5,1.7540748119354248,1.0,0.9985552430152893,0.06267143040895462,,,
58,6,6,3.317737579345703,1.0,0.9984390139579773,0.08140525221824646,,,
58,6,7,2.456437826156616,1.0,0.9972822070121765,0.04609719663858414,,,
58,6,8,1.3243443965911865,1.0,0.9985570311546326,0.02556779608130455,,,
58,6,9,1.1252769231796265,1.0,0.9981229901313782,0.006508038844913244,,,
58,6,10,3.349947452545166,1.0,0.9981530904769897,0.00992889516055584,,,
58,6,11,1.6542840003967285,1.0,0.9980239272117615,0.051741622388362885,,,
58,7,0,0.9974799156188965,1.0,0.9988256096839905,0.02522735856473446,,,
58,7,1,3.031122922897339,1.0,0.9974548816680908,0.014910307712852955,,,
58,7,2,0.8828578591346741,1.0,0.998792290687561,0.0053428360261023045,,,
58,7,3,1.6180833578109741,1.0,0.9990320205688477,0.04541417211294174,,,
58,7,4,1.0187116861343384,1.0,0.9989076852798462,0.01641928218305111,,,
58,7,5,2.7843332290649414,1.0,0.9969180822372437,0.02402459643781185,,,
58,7,6,3.4461660385131836,1.0,0.9987680315971375,0.012091309763491154,,,
58,7,7,1.879815697669983,1.0,0.9990448355674744,0.012787413783371449,,,
58,7,8,1.4822994470596313,1.0,0.9982104897499084,0.04080295190215111,,,
58,7,9,1.6629209518432617,1.0,0.9988136887550354,0.03553875908255577,,,
58,7,10,1.49500572681427,1.0,0.9989284873008728,0.0080025102943182,,,
58,7,11,2.190373420715332,1.0,0.9989892840385437,0.007670274935662746,,,
58,8,0,3.2801694869995117,1.0,0.9965115189552307,0.02774978056550026,,,
58,8,1,1.6344199180603027,1.0,0.99606853723526,0.011709615588188171,,,
58,8,2,4.377377510070801,1.0000005960464478,0.9758567810058594,0.012426876462996006,,,
58,8,3,2.5462591648101807,1.0,0.9963831305503845,0.02266271412372589,,,
58,8,4,1.340664029121399,1.0,0.9963104724884033,0.0521213673055172,,,
58,8,5,2.0036749839782715,1.0,0.995798647403717,0.04066776484251022,,,
58,8,6,2.3969624042510986,1.0,0.9965748190879822,0.01769985817372799,,,
58,8,7,1.219142198562622,1.0,0.9959828853607178,0.057524390518665314,,,
58,8,8,2.7571630477905273,1.0,0.9932467937469482,0.0334957018494606,,,
58,8,9,2.546921730041504,1.0,0.996616780757904,0.030890261754393578,,,
58,8,10,2.510049819946289,1.0,0.9967832565307617,0.06604976207017899,,,
58,8,11,1.81099534034729,1.0,0.996046245098114,0.01464326586574316,,,
58,9,0,2.3293724060058594,1.0,0.9975934624671936,0.0277614276856184,,,
58,9,1,2.498953342437744,1.0,0.9977083206176758,0.012128625065088272,,,
58,9,2,2.662912130355835,1.0,0.9971550107002258,0.017133358865976334,,,
58,9,3,1.681212306022644,1.0,0.9979024529457092,0.04451565071940422,,,
58,9,4,2.351773977279663,1.0,0.9986373782157898,0.012711010873317719,,,
58,9,5,2.632725954055786,1.0,0.9987571239471436,0.02916545607149601,,,
58,9,6,1.962349772453308,1.0,0.9984161257743835,0.005507287569344044,,,
58,9,7,2.0874061584472656,1.0,0.9985501766204834,0.02035398595035076,,,
58,9,8,2.3758606910705566,1.0,0.9986696839332581,0.008725248277187347,,,
58,9,9,2.0834364891052246,1.0,0.9983047246932983,0.007924042642116547,,,
58,9,10,1.3200855255126953,1.0,0.9983792901039124,0.04507198557257652,,,
58,9,11,2.7291691303253174,1.0,0.9957902431488037,0.00507349194958806,,,
58,10,0,2.559173583984375,1.0,0.9948266744613647,0.01209620013833046,,,
58,10,1,2.278193473815918,1.0,0.996202826499939,0.009270571172237396,,,
58,10,2,2.5863685607910156,1.0,0.994467556476593,0.007502100430428982,,,
58,10,3,3.1915855407714844,1.000000238418579,0.9917045831680298,0.011126714758574963,,,
58,10,4,3.408342123031616,1.0000001192092896,0.9937759041786194,0.020107263699173927,,,
58,10,5,1.1476894617080688,1.0,0.9957669973373413,0.030095167458057404,,,
58,10,6,1.8182356357574463,1.0,0.9961122274398804,0.006899085361510515,,,
58,10,7,3.302133083343506,1.0000001192092896,0.9927587509155273,0.024236904457211494,,,
58,10,8,2.59134578704834,1.0,0.9959766268730164,0.009706282056868076,,,
58,10,9,1.3827941417694092,1.0,0.9961740374565125,0.06789828836917877,,,
58,10,10,1.9077352285385132,1.0,0.9966415166854858,0.006761915981769562,,,
58,10,11,2.4469168186187744,1.0,0.9960971474647522,0.04116857051849365,,,
58,11,0,4.817337989807129,1.0000025033950806,0.8552405834197998,0.02546708472073078,,,
58,11,1,2.8594624996185303,1.0,0.9032613635063171,0.012265661731362343,,,
58,11,2,2.576441526412964,1.0,0.901416003704071,0.008575230836868286,,,
58,11,3,1.9585249423980713,1.0,0.9006824493408203,0.02112957276403904,,,
58,11,4,3.9310643672943115,1.0,0.9084081053733826,0.01669667847454548,,,
58,11,5,2.6131396293640137,1.0,0.9022707343101501,0.012100678868591785,,,
58,11,6,2.084491014480591,1.0,0.9007194638252258,0.006427251733839512,,,
58,11,7,3.101982831954956,1.0,0.9047645926475525,0.019980501383543015,,,
58,11,8,3.7511961460113525,1.0000214576721191,0.1145249530673027,0.09327541291713715,,,
58,11,9,2.2154617309570312,1.0,0.9012110233306885,0.007511816918849945,,,
58,11,10,3.289271354675293,1.0,0.9091349244117737,0.044422708451747894,,,
58,11,11,2.9985432624816895,1.0000001192092896,0.9069711565971375,0.031349871307611465,,,
59,0,0,4.342319965362549,1.0000158548355103,0.7889070510864258,0.0204988531768322,,,
59,0,1,0.6050431728363037,1.0000296831130981,0.8009182214736938,0.8035744428634644,,,
59,0,2,4.578282356262207,1.000011682510376,0.7882055640220642,0.04205154627561569,,,
59,0,3,0.4678393304347992,1.0000289678573608,0.7841905355453491,0.8253112435340881,,,
59,0,4,1.2687251567840576,1.0000269412994385,0.7837112545967102,0.5553168058395386,,,
59,0,5,1.7227087020874023,1.0000226497650146,0.7534949779510498,0.5051116943359375,,,
59,0,6,4.201375961303711,1.0000207424163818,0.7105945944786072,0.033404286950826645,,,
59,0,7,1.9371769428253174,1.0000265836715698,0.7448581457138062,0.17095047235488892,,,
59,0,8,4.141477584838867,1.0000237226486206,0.7859014272689819,0.06524042785167694,,,
59,0,9,4.601483345031738,1.0000165700912476,0.8411168456077576,0.0236542709171772,,,
59,0,10,4.2009501457214355,1.0000247955322266,0.8735396862030029,0.1466861069202423,,,
59,0,11,5.345823287963867,1.0000132322311401,0.726818859577179,0.00795131828635931,,,
59,1,0,2.4282026290893555,1.0000267028808594,0.714739203453064,0.10833115130662918,,,
59,1,1,2.7218401432037354,1.0000208616256714,0.707516074180603,0.09483024477958679,,,
59,1,2,4.7242889404296875,1.000017523765564,0.6479758620262146,0.027248594909906387,,,
59,1,3,4.231530666351318,1.000001072883606,0.6798592209815979,0.03626539185643196,,,
59,1,4,3.762636184692383,1.0000090599060059,0.8091188669204712,0.06853610277175903,,,
59,1,5,4.333920955657959,1.000014066696167,0.8254953026771545,0.09136755019426346,,,
59,1,6,4.531738758087158,1.0000097751617432,0.8158187866210938,0.03215966001152992,,,
59,1,7,4.866669654846191,1.0000118017196655,0.8225626349449158,0.02017647959291935,,,
59,1,8,5.274627685546875,1.0000039339065552,0.7925729751586914,0.010382226668298244,,,
59,1,9,5.296736240386963,1.0000070333480835,0.7663708329200745,0.008099894970655441,,,
59,1,10,4.4061055183410645,1.0000128746032715,0.6020098328590393,0.04177573323249817,,,
59,1,11,1.9377079010009766,1.0000262260437012,0.759433925151825,0.6069571375846863,,,
59,2,0,2.5059545040130615,1.0000014305114746,0.8742654323577881,0.10613681375980377,,,
59,2,1,4.545233249664307,1.0000008344650269,0.8511861562728882,0.008591311983764172,,,
59,2,2,1.152854561805725,1.0000066757202148,0.8659068942070007,0.12110906094312668,,,
59,2,3,1.9409511089324951,1.000006079673767,0.8460716009140015,0.1316494345664978,,,
59,2,4,1.7320889234542847,1.000000238418579,0.8552792072296143,0.08924591541290283,,,
59,2,5,1.803520679473877,1.0000051259994507,0.8627939224243164,0.1376553326845169,,,
59,2,6,2.869555711746216,1.0000073909759521,0.7748399972915649,0.07938113063573837,,,
59,2,7,2.718212127685547,1.0,0.8273019194602966,0.03386276587843895,,,
59,2,8,1.8562049865722656,1.0000026226043701,0.8781161904335022,0.10529859364032745,,,
59,2,9,1.7682386636734009,1.0000042915344238,0.8549438714981079,0.13133543729782104,,,
59,2,10,3.1251797676086426,1.0000275373458862,0.5154491662979126,0.12374760210514069,,,
59,2,11,3.0622780323028564,1.000000238418579,0.8665821552276611,0.10429537296295166,,,
59,3,0,2.938987970352173,1.0,0.9929874539375305,0.06268984079360962,,,
59,3,1,1.9571820497512817,1.0,0.9926784634590149,0.06400418281555176,,,
59,3,2,1.4387365579605103,1.0000004768371582,0.9852872490882874,0.11426380276679993,,,
59,3,3,1.0315649509429932,1.0,0.9928447604179382,0.06479384750127792,,,
59,3,4,3.851196527481079,1.0,0.9934020638465881,0.012860394082963467,,,
59,3,5,2.7415666580200195,1.0,0.9943525195121765,0.035774439573287964,,,
59,3,6,1.7416737079620361,1.0000003576278687,0.9852427840232849,0.1542150378227234,,,
59,3,7,1.4809038639068604,1.000000238418579,0.99090176820755,0.12115423381328583,,,
59,3,8,1.5231412649154663,1.000000238418579,0.9863166213035583,0.12420086562633514,,,
59,3,9,1.6197988986968994,1.0,0.9935784935951233,0.07599307596683502,,,
59,3,10,1.8178839683532715,1.0,0.9929426312446594,0.15618360042572021,,,
59,3,11,1.7609084844589233,1.0000001192092896,0.9912693500518799,0.10242418944835663,,,
59,4,0,1.2477912902832031,1.0,0.9164138436317444,0.05863882601261139,,,
59,4,1,1.5774264335632324,1.0000001192092896,0.9185048937797546,0.06793403625488281,,,
59,4,2,2.1380698680877686,1.0,0.9145044684410095,0.015250137075781822,,,
59,4,3,1.6488025188446045,1.0000001192092896,0.9172596335411072,0.07193131744861603,,,
59,4,4,3.282485246658325,1.0,0.9174119830131531,0.04059041664004326,,,
59,4,5,1.471337080001831,1.0,0.9160287976264954,0.06439541280269623,,,
59,4,6,2.123523235321045,1.0,0.9175401329994202,0.05131208896636963,,,
59,4,7,1.8573260307312012,1.0000005960464478,0.921369731426239,0.4783085584640503,,,
59,4,8,3.6864261627197266,1.0,0.9184589385986328,0.015299045480787754,,,
59,4,9,1.9453507661819458,1.0,0.9177051782608032,0.040903422981500626,,,
59,4,10,3.3457114696502686,1.0,0.9159381985664368,0.011624007485806942,,,
59,4,11,0.009652282111346722,1.0000298023223877,0.14482055604457855,0.004347928334027529,,,
59,5,0,2.10975980758667,1.0,0.9923892617225647,0.012439102865755558,,,
59,5,1,0.46314048767089844,1.0,0.9917110204696655,0.004324826877564192,,,
59,5,2,1.4351848363876343,1.0,0.9922838807106018,0.019487740471959114,,,
59,5,3,2.281043529510498,1.0,0.989793598651886,0.03704175725579262,,,
59,5,4,1.4521641731262207,1.0,0.9921905398368835,0.050856124609708786,,,
59,5,5,2.4029691219329834,1.0,0.9925172924995422,0.012740220874547958,,,
59,5,6,0.6729551553726196,1.0,0.9917364716529846,0.02430787868797779,,,
59,5,7,1.03371262550354,1.0,0.9917951822280884,0.04107912257313728,,,
59,5,8,1.1952431201934814,1.0,0.9920989871025085,0.028856059536337852,,,
59,5,9,3.3108484745025635,1.0,0.9930209517478943,0.009584302082657814,,,
59,5,10,3.8385958671569824,1.0000014305114746,0.9279718399047852,0.0300456453114748,,,
59,5,11,2.9338438510894775,1.0,0.9926338195800781,0.13000260293483734,,,
59,6,0,1.8339262008666992,1.0000001192092896,0.9935517907142639,0.035743117332458496,,,
59,6,1,0.8235166072845459,1.0,0.9975575804710388,0.02500936947762966,,,
59,6,2,3.54123592376709,1.0,0.9975528120994568,0.014682845212519169,,,
59,6,3,1.8493603467941284,1.0,0.9981315732002258,0.019634312018752098,,,
59,6,4,3.414773464202881,1.0,0.9954866766929626,0.015018733218312263,,,
59,6,5,1.739764928817749,1.0,0.998087465763092,0.0648791566491127,,,
59,6,6,3.2637064456939697,1.0,0.9980049133300781,0.08338440209627151,,,
59,6,7,2.414433717727661,1.0,0.9962269067764282,0.047091491520404816,,,
59,6,8,1.3000680208206177,1.0,0.9979926943778992,0.02628159336745739,,,
59,6,9,1.1395690441131592,1.0,0.9976295828819275,0.006129852496087551,,,
59,6,10,3.4355225563049316,1.0,0.9973178505897522,0.010501569136977196,,,
59,6,11,1.6224365234375,1.0,0.9976980686187744,0.04945658519864082,,,
59,7,0,0.9914983510971069,1.0,0.9987737536430359,0.02479488216340542,,,
59,7,1,3.063532829284668,1.0,0.997265100479126,0.011982486583292484,,,
59,7,2,1.0221391916275024,1.0,0.9988996386528015,0.005126448813825846,,,
59,7,3,1.5694055557250977,1.0,0.9990856647491455,0.04831356927752495,,,
59,7,4,0.9200522899627686,1.0,0.9988895654678345,0.014478713274002075,,,
59,7,5,2.7045912742614746,1.0,0.9976135492324829,0.022348523139953613,,,
59,7,6,3.4319992065429688,1.0,0.9987393021583557,0.011391653679311275,,,
59,7,7,2.133180618286133,1.0,0.9990385174751282,0.011555477976799011,,,
59,7,8,1.4308173656463623,1.0,0.9982683658599854,0.0346587672829628,,,
59,7,9,1.5034563541412354,1.0,0.9989359378814697,0.032706595957279205,,,
59,7,10,1.4116381406784058,1.0,0.9989507794380188,0.00590815395116806,,,
59,7,11,2.2100131511688232,1.0,0.9989185929298401,0.007334691938012838,,,
59,8,0,3.325026273727417,1.0,0.997005820274353,0.02584870532155037,,,
59,8,1,1.5082169771194458,1.0,0.9968540668487549,0.008102218620479107,,,
59,8,2,4.324446678161621,1.0000003576278687,0.9800184369087219,0.01065252535045147,,,
59,8,3,2.284669876098633,1.0,0.997286856174469,0.017880694940686226,,,
59,8,4,1.1702282428741455,1.0,0.9969045519828796,0.051979582756757736,,,
59,8,5,1.920443058013916,1.0,0.9969186782836914,0.041968245059251785,,,
59,8,6,2.2304494380950928,1.0,0.9972259402275085,0.01545010507106781,,,
59,8,7,1.2653483152389526,1.0,0.9967451691627502,0.05846177041530609,,,
59,8,8,2.5198047161102295,1.0,0.9948856234550476,0.027147557586431503,,,
59,8,9,2.4382576942443848,1.0,0.9972698092460632,0.029772913083434105,,,
59,8,10,2.42229962348938,1.0,0.9974111318588257,0.06603772938251495,,,
59,8,11,1.850092887878418,1.0,0.9968366622924805,0.013666524551808834,,,
59,9,0,2.4634134769439697,1.0,0.9949666857719421,0.02208324894309044,,,
59,9,1,2.3534610271453857,1.0,0.9978939294815063,0.011503608897328377,,,
59,9,2,2.606564521789551,1.0,0.9973533153533936,0.014730351977050304,,,
59,9,3,1.601000189781189,1.0,0.9977586269378662,0.04616300389170647,,,
59,9,4,1.9918644428253174,1.0,0.9984052777290344,0.010521580465137959,,,
59,9,5,2.6030876636505127,1.0,0.998492956161499,0.030723879113793373,,,
59,9,6,1.6745954751968384,1.0,0.9984074234962463,0.004992953967303038,,,
59,9,7,1.9161086082458496,1.0,0.9982912540435791,0.01654442958533764,,,
59,9,8,2.1401829719543457,1.0,0.998261034488678,0.007274816278368235,,,
59,9,9,1.879986047744751,1.0,0.9984098672866821,0.007048476953059435,,,
59,9,10,1.2374200820922852,1.0,0.998120903968811,0.04504149779677391,,,
59,9,11,2.5690746307373047,1.0000001192092896,0.9927380084991455,0.005741999484598637,,,
59,10,0,2.446026086807251,1.0,0.9965190887451172,0.010194637812674046,,,
59,10,1,1.983593463897705,1.0,0.9966838359832764,0.007669209502637386,,,
59,10,2,2.445082426071167,1.0000001192092896,0.9954167008399963,0.00940239429473877,,,
59,10,3,3.052905321121216,1.0000003576278687,0.9879692196846008,0.011338244192302227,,,
59,10,4,3.141632556915283,1.0,0.9960542321205139,0.01853366568684578,,,
59,10,5,1.0619447231292725,1.0,0.996816873550415,0.02879500202834606,,,
59,10,6,1.5088979005813599,1.0,0.9970918893814087,0.005369413644075394,,,
59,10,7,3.2244465351104736,1.0,0.9956843852996826,0.02188078686594963,,,
59,10,8,2.4537696838378906,1.0,0.996935248374939,0.010601376183331013,,,
59,10,9,1.4138154983520508,1.0,0.9970452785491943,0.07317955791950226,,,
59,10,10,1.7709943056106567,1.0,0.9971673488616943,0.006720309145748615,,,
59,10,11,2.270557403564453,1.0,0.9969093203544617,0.03381684049963951,,,
59,11,0,4.815552234649658,1.0000022649765015,0.876150906085968,0.025894775986671448,,,
59,11,1,3.1834754943847656,1.0,0.9076026678085327,0.017612740397453308,,,
59,11,2,2.481196641921997,1.0,0.9048065543174744,0.008968062698841095,,,
59,11,3,1.7030785083770752,1.0,0.9030786156654358,0.01781422644853592,,,
59,11,4,3.907503366470337,1.0000001192092896,0.910888671875,0.01773984730243683,,,
59,11,5,2.578357458114624,1.0,0.9052799344062805,0.012060566805303097,,,
59,11,6,1.9713953733444214,1.0,0.903255045413971,0.0061769443564116955,,,
59,11,7,2.9793577194213867,1.0,0.9075317978858948,0.019517378881573677,,,
59,11,8,3.855131149291992,1.0000214576721191,0.10994148254394531,0.09529496729373932,,,
59,11,9,1.8315341472625732,1.0,0.9029504656791687,0.0063091847114264965,,,
59,11,10,3.1717185974121094,1.0,0.9112234711647034,0.042921435087919235,,,
59,11,11,3.0697474479675293,1.0,0.9106735587120056,0.034173086285591125,,,
60,0,0,4.348351001739502,1.0000160932540894,0.7778187394142151,0.022570502012968063,,,
60,0,1,0.6066790819168091,1.0000289678573608,0.7987622618675232,0.8113744854927063,,,
60,0,2,4.5681657791137695,1.0000131130218506,0.7959668636322021,0.03847970813512802,,,
60,0,3,0.47520628571510315,1.0000284910202026,0.7767392992973328,0.8160841464996338,,,
60,0,4,1.3097202777862549,1.0000267028808594,0.7847879528999329,0.5496663451194763,,,
60,0,5,1.674636960029602,1.0000214576721191,0.7437471747398376,0.5251417756080627,,,
60,0,6,4.135210990905762,1.0000195503234863,0.6981998682022095,0.03367769718170166,,,
60,0,7,1.8791780471801758,1.0000256299972534,0.7388545870780945,0.17075973749160767,,,
60,0,8,4.247580528259277,1.0000228881835938,0.7700116634368896,0.0595908984541893,,,
60,0,9,4.612312316894531,1.000016689300537,0.8428842425346375,0.023200513795018196,,,
60,0,10,4.205347537994385,1.0000232458114624,0.8713338971138,0.148758664727211,,,
60,0,11,5.3008294105529785,1.0000132322311401,0.7228721380233765,0.008147917687892914,,,
60,1,0,2.402902841567993,1.000025987625122,0.7137429714202881,0.10767027735710144,,,
60,1,1,2.6932666301727295,1.000019907951355,0.6982032656669617,0.09126738458871841,,,
60,1,2,4.685216426849365,1.0000159740447998,0.6359655857086182,0.02845335565507412,,,
60,1,3,4.175220012664795,1.000001072883606,0.6835609674453735,0.03669486939907074,,,
60,1,4,3.750170946121216,1.0000088214874268,0.8107847571372986,0.06864800304174423,,,
60,1,5,4.452919006347656,1.000011682510376,0.8327150344848633,0.0890410840511322,,,
60,1,6,4.402486324310303,1.0000097751617432,0.8134583830833435,0.03341585770249367,,,
60,1,7,4.881793975830078,1.0000113248825073,0.8340808749198914,0.022112328559160233,,,
60,1,8,5.239658355712891,1.0000038146972656,0.7992103099822998,0.010018972679972649,,,
60,1,9,5.2494707107543945,1.0000051259994507,0.7670202255249023,0.007402227260172367,,,
60,1,10,4.382230281829834,1.0000123977661133,0.5848186612129211,0.04225001856684685,,,
60,1,11,1.8459347486495972,1.0000255107879639,0.7610725164413452,0.6274647116661072,,,
60,2,0,2.514281988143921,1.0000017881393433,0.8768742084503174,0.10679023712873459,,,
60,2,1,4.557322978973389,1.0000005960464478,0.8589790463447571,0.011598366312682629,,,
60,2,2,1.1522053480148315,1.0000053644180298,0.8824100494384766,0.12294226139783859,,,
60,2,3,1.9181197881698608,1.0000057220458984,0.8401994109153748,0.13176943361759186,,,
60,2,4,1.735351800918579,1.0000001192092896,0.8620628714561462,0.08828262239694595,,,
60,2,5,1.8302160501480103,1.0000051259994507,0.8719823956489563,0.133273184299469,,,
60,2,6,2.799790859222412,1.000007152557373,0.7820125222206116,0.07909701019525528,,,
60,2,7,2.763763904571533,1.0,0.8324565291404724,0.03424952179193497,,,
60,2,8,1.8212940692901611,1.0000038146972656,0.8784627914428711,0.101718470454216,,,
60,2,9,1.7736713886260986,1.0000039339065552,0.8584420680999756,0.12386076152324677,,,
60,2,10,3.118300676345825,1.0000262260437012,0.5420590043067932,0.12301555275917053,,,
60,2,11,3.0224339962005615,1.0000001192092896,0.8702382445335388,0.10312651842832565,,,
60,3,0,2.8433029651641846,1.0,0.9928823113441467,0.058752525597810745,,,
60,3,1,1.9779857397079468,1.0,0.9925224781036377,0.06019872426986694,,,
60,3,2,1.411698579788208,1.0000003576278687,0.983578622341156,0.11270871013402939,,,
60,3,3,0.967987596988678,1.0,0.992667555809021,0.059407200664281845,,,
60,3,4,3.6470961570739746,1.0,0.9932981729507446,0.011082283221185207,,,
60,3,5,2.7773232460021973,1.0,0.9943484663963318,0.03453587740659714,,,
60,3,6,1.7367051839828491,1.0000003576278687,0.9860000610351562,0.1514510214328766,,,
60,3,7,1.4602560997009277,1.000000238418579,0.9909776449203491,0.11173170059919357,,,
60,3,8,1.5547164678573608,1.0000003576278687,0.986550509929657,0.11412543058395386,,,
60,3,9,1.6540380716323853,1.0,0.993849515914917,0.06736696511507034,,,
60,3,10,1.8133790493011475,1.0,0.9929237961769104,0.1562408208847046,,,
60,3,11,1.7736315727233887,1.000000238418579,0.9902268052101135,0.0978337898850441,,,
60,4,0,1.1983320713043213,1.0000001192092896,0.9165903329849243,0.0608605220913887,,,
60,4,1,1.6124842166900635,1.0000001192092896,0.9181185364723206,0.06287430971860886,,,
60,4,2,2.232510566711426,1.0,0.914874255657196,0.015760257840156555,,,
60,4,3,1.5458765029907227,1.0000001192092896,0.9170460104942322,0.0673191100358963,,,
60,4,4,3.1656386852264404,1.0,0.9169746041297913,0.04035945236682892,,,
60,4,5,1.3713701963424683,1.0,0.9151305556297302,0.058271028101444244,,,
60,4,6,2.0672619342803955,1.0,0.9170190691947937,0.04544684663414955,,,
60,4,7,1.8696298599243164,1.0000003576278687,0.9208783507347107,0.4767824709415436,,,
60,4,8,3.7030320167541504,1.0,0.9188740253448486,0.01656501181423664,,,
60,4,9,1.9803824424743652,1.0,0.9180765151977539,0.03976147621870041,,,
60,4,10,3.362759828567505,1.0,0.916236162185669,0.013600229285657406,,,
60,4,11,0.010913578793406487,1.000028371810913,0.14678630232810974,0.003701777197420597,,,
60,5,0,1.8512465953826904,1.0,0.9952669143676758,0.0105397654697299,,,
60,5,1,0.36519598960876465,1.0,0.9947393536567688,0.00402101268991828,,,
60,5,2,1.3852068185806274,1.0,0.9953837990760803,0.021667420864105225,,,
60,5,3,2.3526790142059326,1.0000001192092896,0.9918880462646484,0.03568252548575401,,,
60,5,4,1.5036094188690186,1.0,0.9953603744506836,0.053151000291109085,,,
60,5,5,2.196424961090088,1.0,0.9954591393470764,0.011790713295340538,,,
60,5,6,0.6838091611862183,1.0,0.9949659109115601,0.02364880032837391,,,
60,5,7,1.107587456703186,1.0,0.9952232241630554,0.04492739215493202,,,
60,5,8,1.1667653322219849,1.0,0.9951629042625427,0.026756877079606056,,,
60,5,9,2.8903462886810303,1.0,0.9957901239395142,0.00837404653429985,,,
60,5,10,3.6836817264556885,1.0000005960464478,0.9601705074310303,0.03207864612340927,,,
60,5,11,2.927204132080078,1.0,0.9955875873565674,0.11499755829572678,,,
60,6,0,1.8374719619750977,1.0,0.9964694976806641,0.03891384229063988,,,
60,6,1,0.7178660035133362,1.0,0.9981160759925842,0.022146452218294144,,,
60,6,2,3.5882441997528076,1.0,0.997562050819397,0.014526322484016418,,,
60,6,3,1.709513545036316,1.0,0.9986023306846619,0.01770707406103611,,,
60,6,4,3.4055991172790527,1.0000001192092896,0.9962364435195923,0.019233480095863342,,,
60,6,5,1.726802110671997,1.0,0.9986334443092346,0.0605921633541584,,,
60,6,6,2.99484920501709,1.0,0.9987329840660095,0.07546103000640869,,,
60,6,7,2.303670883178711,1.0,0.997743546962738,0.040037523955106735,,,
60,6,8,1.2731208801269531,1.0,0.998562216758728,0.027502259239554405,,,
60,6,9,0.8806273341178894,1.0,0.9981427788734436,0.0052260118536651134,,,
60,6,10,3.320457696914673,1.0,0.9983206391334534,0.010543680749833584,,,
60,6,11,1.6269700527191162,1.0,0.9981695413589478,0.04705233499407768,,,
60,7,0,1.0462313890457153,1.0,0.9990664124488831,0.02609083615243435,,,
60,7,1,2.692195177078247,1.0,0.998775839805603,0.011420771479606628,,,
60,7,2,0.6856399774551392,1.0,0.9991078972816467,0.003974408842623234,,,
60,7,3,1.650076150894165,1.0,0.9993215799331665,0.049600765109062195,,,
60,7,4,0.8680164217948914,1.0,0.9992119073867798,0.013556805439293385,,,
60,7,5,2.7271628379821777,1.0,0.997336745262146,0.024211222305893898,,,
60,7,6,3.2138144969940186,1.0,0.9990150332450867,0.010523286648094654,,,
60,7,7,1.903346300125122,1.0,0.9993129372596741,0.011232658289372921,,,
60,7,8,1.3784501552581787,1.0,0.9989117980003357,0.03953936696052551,,,
60,7,9,1.5186480283737183,1.0,0.9991320967674255,0.033288877457380295,,,
60,7,10,1.0320253372192383,1.0,0.9991693496704102,0.005884092766791582,,,
60,7,11,2.1167218685150146,1.0,0.9992630481719971,0.006788276135921478,,,
60,8,0,3.2041804790496826,1.0,0.9975796341896057,0.026676062494516373,,,
60,8,1,1.2592107057571411,1.0,0.9973032474517822,0.008098045364022255,,,
60,8,2,4.310154438018799,1.0000003576278687,0.9843546152114868,0.011907583102583885,,,
60,8,3,2.2307562828063965,1.0,0.9978040456771851,0.01912364549934864,,,
60,8,4,1.256983757019043,1.0,0.9975690245628357,0.05654541403055191,,,
60,8,5,1.948944091796875,1.0,0.9969097375869751,0.04141274839639664,,,
60,8,6,1.9305192232131958,1.0,0.9976605772972107,0.015574917197227478,,,
60,8,7,1.2110422849655151,1.0,0.9971847534179688,0.05382498726248741,,,
60,8,8,2.4146363735198975,1.0,0.996897280216217,0.02878568321466446,,,
60,8,9,2.235363483428955,1.0,0.9977101683616638,0.02758484147489071,,,
60,8,10,2.3470847606658936,1.0,0.9979123473167419,0.0596763901412487,,,
60,8,11,2.1176345348358154,1.0,0.9969078302383423,0.01474000234156847,,,
60,9,0,2.2031118869781494,1.0,0.997776985168457,0.024541299790143967,,,
60,9,1,2.0694353580474854,1.0,0.9982729554176331,0.011952959932386875,,,
60,9,2,2.2685301303863525,1.0,0.9980716109275818,0.01596895046532154,,,
60,9,3,1.6325533390045166,1.0,0.9976741671562195,0.0435730516910553,,,
60,9,4,1.7583245038986206,1.0,0.9985365271568298,0.012390694580972195,,,
60,9,5,2.2444796562194824,1.0,0.9986410737037659,0.028836695477366447,,,
60,9,6,1.2688679695129395,1.0,0.9985362887382507,0.004389762878417969,,,
60,9,7,1.9762698411941528,1.0,0.9985072612762451,0.019144510850310326,,,
60,9,8,2.4865822792053223,1.0000001192092896,0.9962080121040344,0.008235841058194637,,,
60,9,9,1.4164960384368896,1.0,0.9985818266868591,0.005654971580952406,,,
60,9,10,1.18241286277771,1.0,0.9983532428741455,0.04345310851931572,,,
60,9,11,2.620652675628662,1.0,0.9931766986846924,0.006267995107918978,,,
60,10,0,2.0102453231811523,1.0000001192092896,0.994625985622406,0.006768719293177128,,,
60,10,1,1.6662895679473877,1.0,0.9975095987319946,0.009232715703547001,,,
60,10,2,2.377612590789795,1.0,0.9956784844398499,0.009982762858271599,,,
60,10,3,2.9750561714172363,1.0,0.994243860244751,0.010697467252612114,,,
60,10,4,3.123079776763916,1.0,0.9960103631019592,0.02233089506626129,,,
60,10,5,1.032715916633606,1.0,0.9971650838851929,0.028625834733247757,,,
60,10,6,2.4101264476776123,1.0,0.9968864917755127,0.01340596005320549,,,
60,10,7,3.149874687194824,1.0,0.9960800409317017,0.028211507946252823,,,
60,10,8,2.369446277618408,1.0,0.9973804354667664,0.012457487173378468,,,
60,10,9,1.3616679906845093,1.0,0.9974225759506226,0.06790462881326675,,,
60,10,10,1.6085773706436157,1.0,0.9977120757102966,0.006542101036757231,,,
60,10,11,1.9899059534072876,1.0,0.9970957040786743,0.03863244503736496,,,
60,11,0,4.724442481994629,1.0000016689300537,0.8763017654418945,0.02574550174176693,,,
60,11,1,3.1510889530181885,1.0,0.908333957195282,0.021697400137782097,,,
60,11,2,2.5393004417419434,1.0000001192092896,0.9042983651161194,0.009506371803581715,,,
60,11,3,2.3092916011810303,1.0,0.9062348008155823,0.02961544506251812,,,
60,11,4,4.006227970123291,1.0000001192092896,0.9108493328094482,0.016617264598608017,,,
60,11,5,2.048776149749756,1.0,0.9046624898910522,0.011372162029147148,,,
60,11,6,1.5993624925613403,1.0,0.9038188457489014,0.005523133557289839,,,
60,11,7,2.3791825771331787,1.0,0.9055047631263733,0.013111013919115067,,,
60,11,8,3.7367472648620605,1.0000203847885132,0.0981685221195221,0.10126722604036331,,,
60,11,9,1.710872769355774,1.0,0.903996467590332,0.00731049757450819,,,
60,11,10,3.0575778484344482,1.0,0.9104889035224915,0.04863891005516052,,,
60,11,11,2.6578521728515625,1.0,0.9085474014282227,0.03728228807449341,,,
61,0,0,4.460267066955566,1.000017762184143,0.8103482723236084,0.018437663093209267,,,
61,0,1,0.559825599193573,1.0000309944152832,0.8072082996368408,0.8171791434288025,,,
61,0,2,4.604495525360107,1.0000131130218506,0.7980937957763672,0.04251652956008911,,,
61,0,3,0.4008479118347168,1.0000313520431519,0.7898614406585693,0.8487524390220642,,,
61,0,4,1.1657648086547852,1.0000277757644653,0.7882978916168213,0.5984960794448853,,,
61,0,5,1.5957648754119873,1.000024676322937,0.7618339657783508,0.5348508358001709,,,
61,0,6,4.283297538757324,1.0000206232070923,0.7252881526947021,0.03146179020404816,,,
61,0,7,1.8983893394470215,1.000028133392334,0.7543638348579407,0.16252149641513824,,,
61,0,8,4.2246317863464355,1.0000243186950684,0.8058328032493591,0.06017670780420303,,,
61,0,9,4.626948833465576,1.000017523765564,0.8473203182220459,0.021965602412819862,,,
61,0,10,4.221124172210693,1.0000256299972534,0.8789708614349365,0.1538357138633728,,,
61,0,11,5.412859916687012,1.000015139579773,0.7352437376976013,0.0077234902419149876,,,
61,1,0,2.338444948196411,1.0000277757644653,0.7140915393829346,0.10811293125152588,,,
61,1,1,2.7115261554718018,1.0000221729278564,0.6998355984687805,0.09641510248184204,,,
61,1,2,4.7501983642578125,1.0000174045562744,0.6697168946266174,0.026594992727041245,,,
61,1,3,4.269154071807861,1.0000014305114746,0.6843531131744385,0.03548198565840721,,,
61,1,4,3.7533512115478516,1.0000100135803223,0.8108338713645935,0.06880709528923035,,,
61,1,5,4.464704990386963,1.000012755393982,0.8291406035423279,0.09186230599880219,,,
61,1,6,4.441485404968262,1.0000102519989014,0.7892574071884155,0.03080366738140583,,,
61,1,7,4.915527820587158,1.0000132322311401,0.8266286253929138,0.01976008526980877,,,
61,1,8,5.319060325622559,1.0000042915344238,0.790139377117157,0.009647393599152565,,,
61,1,9,5.372913360595703,1.0000061988830566,0.7728882431983948,0.007039807271212339,,,
61,1,10,4.4316887855529785,1.0000137090682983,0.6009067893028259,0.04136696085333824,,,
61,1,11,1.7607651948928833,1.0000290870666504,0.7512397766113281,0.644085705280304,,,
61,2,0,2.5419366359710693,1.000001072883606,0.8764347434043884,0.10363291203975677,,,
61,2,1,4.854000568389893,1.0000015497207642,0.8607137203216553,0.010466337203979492,,,
61,2,2,1.174791932106018,1.000005841255188,0.8773350119590759,0.12878423929214478,,,
61,2,3,1.9715741872787476,1.0000053644180298,0.853406548500061,0.12880966067314148,,,
61,2,4,1.7592676877975464,1.0000003576278687,0.8574497103691101,0.08776872605085373,,,
61,2,5,1.8133118152618408,1.0000054836273193,0.8578708171844482,0.1329895406961441,,,
61,2,6,2.838055372238159,1.0000064373016357,0.7862417697906494,0.07908258587121964,,,
61,2,7,2.6962859630584717,1.0,0.829494297504425,0.032708849757909775,,,
61,2,8,1.8824189901351929,1.0000025033950806,0.8805130124092102,0.10544304549694061,,,
61,2,9,1.832027554512024,1.0000040531158447,0.8638787865638733,0.13272666931152344,,,
61,2,10,3.1537692546844482,1.0000290870666504,0.5131996870040894,0.12284936010837555,,,
61,2,11,3.1378698348999023,1.0000003576278687,0.8716768622398376,0.10334379971027374,,,
61,3,0,2.9146909713745117,1.0,0.9931399822235107,0.06516920030117035,,,
61,3,1,1.9667783975601196,1.0000001192092896,0.9931819438934326,0.057301197201013565,,,
61,3,2,1.4370955228805542,1.0000003576278687,0.9859355688095093,0.10442250221967697,,,
61,3,3,1.0301140546798706,1.0,0.993160605430603,0.06918804347515106,,,
61,3,4,3.941873550415039,1.0,0.9935991764068604,0.012258253991603851,,,
61,3,5,2.7388153076171875,1.0,0.9945476651191711,0.03134390711784363,,,
61,3,6,1.747963786125183,1.0000003576278687,0.9853516221046448,0.15032988786697388,,,
61,3,7,1.472858190536499,1.0000001192092896,0.9915046691894531,0.1129547581076622,,,
61,3,8,1.573341965675354,1.000000238418579,0.98770672082901,0.11895786225795746,,,
61,3,9,1.628053903579712,1.0,0.9939636588096619,0.07246191054582596,,,
61,3,10,1.822760820388794,1.0,0.9932495355606079,0.1553042083978653,,,
61,3,11,1.825067400932312,1.000000238418579,0.9920017123222351,0.095125213265419,,,
61,4,0,1.294250249862671,1.0,0.9161613583564758,0.051994044333696365,,,
61,4,1,1.6427546739578247,1.0,0.9181352853775024,0.06308136880397797,,,
61,4,2,2.246145009994507,1.0,0.9147477746009827,0.015616022981703281,,,
61,4,3,1.6419999599456787,1.0,0.9170024991035461,0.06288545578718185,,,
61,4,4,3.213158130645752,1.0,0.9167788028717041,0.04185375198721886,,,
61,4,5,1.5049657821655273,1.0,0.9159541726112366,0.05903404951095581,,,
61,4,6,2.094449996948242,1.0,0.9168410897254944,0.04479743912816048,,,
61,4,7,1.8859351873397827,1.0000005960464478,0.920083224773407,0.47936445474624634,,,
61,4,8,3.4393508434295654,1.0,0.9170366525650024,0.014327927492558956,,,
61,4,9,1.9189633131027222,1.0,0.9170112013816833,0.03510550409555435,,,
61,4,10,3.3663899898529053,1.0,0.9157541394233704,0.012422888539731503,,,
61,4,11,0.009810897521674633,1.0000284910202026,0.1387430727481842,0.003972846083343029,,,
61,5,0,1.8773051500320435,1.0,0.9943693280220032,0.010567744262516499,,,
61,5,1,0.44267192482948303,1.0,0.9939669966697693,0.004299058113247156,,,
61,5,2,1.4693825244903564,1.0,0.9944326877593994,0.0214354507625103,,,
61,5,3,2.3198370933532715,1.0,0.992180585861206,0.03422030434012413,,,
61,5,4,1.4855042695999146,1.0,0.9943479895591736,0.04344751685857773,,,
61,5,5,2.1925995349884033,1.0,0.9944773316383362,0.011129005812108517,,,
61,5,6,0.6852611303329468,1.0,0.9940961599349976,0.027463383972644806,,,
61,5,7,1.0164786577224731,1.0,0.9941427111625671,0.03615443408489227,,,
61,5,8,1.086370587348938,1.0,0.9942541122436523,0.027964415028691292,,,
61,5,9,3.1781582832336426,1.0,0.994962751865387,0.008426401764154434,,,
61,5,10,3.7686996459960938,1.000001072883606,0.9496696591377258,0.029268426820635796,,,
61,5,11,2.9503931999206543,1.0,0.9946092367172241,0.11835245788097382,,,
61,6,0,1.8600915670394897,1.000000238418579,0.9961860179901123,0.03410054370760918,,,
61,6,1,0.7297954559326172,1.0,0.9980811476707458,0.021118614822626114,,,
61,6,2,3.614001989364624,1.0000001192092896,0.9976959228515625,0.013349834829568863,,,
61,6,3,1.7419568300247192,1.0,0.9985198378562927,0.017289936542510986,,,
61,6,4,3.561077833175659,1.0000001192092896,0.9955185055732727,0.017069267109036446,,,
61,6,5,1.720396876335144,1.0,0.9985595345497131,0.06224283203482628,,,
61,6,6,3.1560282707214355,1.0,0.9985601902008057,0.07898441702127457,,,
61,6,7,2.3608779907226562,1.0,0.9978784322738647,0.04128028824925423,,,
61,6,8,1.2673050165176392,1.0,0.9984329342842102,0.027264127507805824,,,
61,6,9,1.0361567735671997,1.0,0.9981642365455627,0.006291615776717663,,,
61,6,10,3.2762887477874756,1.0,0.9981987476348877,0.010328255593776703,,,
61,6,11,1.6225954294204712,1.0,0.9981889724731445,0.04638701677322388,,,
61,7,0,1.0838490724563599,1.0,0.9989233613014221,0.02719392068684101,,,
61,7,1,2.7017297744750977,1.0,0.9986177086830139,0.009484558366239071,,,
61,7,2,0.893079400062561,1.0,0.9991428256034851,0.004834854044020176,,,
61,7,3,1.5503495931625366,1.0,0.9993420243263245,0.048047102987766266,,,
61,7,4,0.9256446361541748,1.0,0.9992187023162842,0.013345528393983841,,,
61,7,5,2.702460765838623,1.0,0.9980299472808838,0.02262146584689617,,,
61,7,6,3.401076555252075,1.0,0.998914897441864,0.01158533338457346,,,
61,7,7,1.7564777135849,1.0,0.9992890954017639,0.010399611666798592,,,
61,7,8,1.4376989603042603,1.0,0.9986791610717773,0.034258883446455,,,
61,7,9,1.4084655046463013,1.0,0.99924236536026,0.02982240915298462,,,
61,7,10,1.189291000366211,1.0,0.9991655349731445,0.006661754567176104,,,
61,7,11,2.1320223808288574,1.0,0.9991676807403564,0.00883918534964323,,,
61,8,0,3.363670825958252,1.0,0.9978428483009338,0.022738879546523094,,,
61,8,1,1.495931625366211,1.0,0.9979075789451599,0.008331693708896637,,,
61,8,2,4.230559825897217,1.0000003576278687,0.9875698089599609,0.010560967959463596,,,
61,8,3,2.2736337184906006,1.0,0.9981183409690857,0.016293847933411598,,,
61,8,4,1.2073974609375,1.0,0.997917115688324,0.05204962566494942,,,
61,8,5,1.9722630977630615,1.0,0.997855007648468,0.03913755714893341,,,
61,8,6,2.003162384033203,1.0,0.9981408715248108,0.014234344474971294,,,
61,8,7,1.3525334596633911,1.0,0.9974870085716248,0.059140224009752274,,,
61,8,8,2.279761791229248,1.0,0.997925341129303,0.024626603350043297,,,
61,8,9,2.513225793838501,1.0,0.9982060790061951,0.030941683799028397,,,
61,8,10,2.406649589538574,1.0,0.9983036518096924,0.058137889951467514,,,
61,8,11,1.9765466451644897,1.0,0.9979029297828674,0.01320167351514101,,,
61,9,0,2.4678149223327637,1.0,0.9969907402992249,0.02127804607152939,,,
61,9,1,1.9834426641464233,1.0,0.9981703162193298,0.00934568326920271,,,
61,9,2,2.5801937580108643,1.0,0.9976975917816162,0.01461922936141491,,,
61,9,3,1.6381691694259644,1.0,0.9977263808250427,0.045648396015167236,,,
61,9,4,2.019066572189331,1.0,0.9985499978065491,0.010235215537250042,,,
61,9,5,2.419790267944336,1.0,0.9985904693603516,0.030644377693533897,,,
61,9,6,1.76857328414917,1.0,0.9984960556030273,0.005189385265111923,,,
61,9,7,1.8489054441452026,1.0,0.9984142184257507,0.015639539808034897,,,
61,9,8,2.5852296352386475,1.0,0.9961280226707458,0.00936276838183403,,,
61,9,9,1.9782536029815674,1.0,0.9983581304550171,0.007108750753104687,,,
61,9,10,1.1127301454544067,1.0,0.9983173608779907,0.03456341102719307,,,
61,9,11,2.677046298980713,1.0,0.9939871430397034,0.006146262399852276,,,
61,10,0,2.7972488403320312,1.0000001192092896,0.9941814541816711,0.010929475538432598,,,
61,10,1,2.123215436935425,1.0,0.996791660785675,0.0072730169631540775,,,
61,10,2,2.257493734359741,1.0,0.9966211318969727,0.007865635678172112,,,
61,10,3,3.13185715675354,1.0000001192092896,0.9926137328147888,0.0114856893196702,,,
61,10,4,3.1156139373779297,1.0,0.9965934157371521,0.01765667274594307,,,
61,10,5,1.0009698867797852,1.0,0.9971691370010376,0.024292897433042526,,,
61,10,6,1.95218825340271,1.0,0.9973759055137634,0.006911769043654203,,,
61,10,7,3.11305832862854,1.0,0.9964404702186584,0.023530153557658195,,,
61,10,8,2.389265298843384,1.0,0.9973903298377991,0.010838321410119534,,,
61,10,9,1.373584508895874,1.0,0.9973955750465393,0.06480159610509872,,,
61,10,10,1.9743374586105347,1.0,0.997370719909668,0.006432787980884314,,,
61,10,11,2.1761388778686523,1.0,0.9971065521240234,0.03373285382986069,,,
61,11,0,4.856355667114258,1.0000015497207642,0.8859941363334656,0.026884352788329124,,,
61,11,1,2.7780921459198,1.0,0.907897412776947,0.01312967948615551,,,
61,11,2,2.6940412521362305,1.0,0.9068935513496399,0.008100105449557304,,,
61,11,3,1.8300381898880005,1.0,0.9054846167564392,0.020250825211405754,,,
61,11,4,3.871934413909912,1.0000001192092896,0.9109695553779602,0.014635381288826466,,,
61,11,5,2.6045572757720947,1.0,0.9073243737220764,0.012891794554889202,,,
61,11,6,2.2214627265930176,1.0,0.9061155915260315,0.00681321369484067,,,
61,11,7,2.725821018218994,1.0,0.907564103603363,0.016965212300419807,,,
61,11,8,3.813483476638794,1.000022292137146,0.10098323225975037,0.10885898768901825,,,
61,11,9,2.1006717681884766,1.0,0.9059823751449585,0.006643666420131922,,,
61,11,10,3.0228488445281982,1.0,0.9112060070037842,0.04056667163968086,,,
61,11,11,3.056718349456787,1.0,0.9108356237411499,0.038019705563783646,,,
62,0,0,4.33767032623291,1.0000158548355103,0.7745937705039978,0.022912777960300446,,,
62,0,1,0.6362445950508118,1.0000284910202026,0.795344352722168,0.8026553392410278,,,
62,0,2,4.471796989440918,1.000012993812561,0.7926794290542603,0.04647635295987129,,,
62,0,3,0.4965966045856476,1.000026822090149,0.772165834903717,0.8072230219841003,,,
62,0,4,1.3342978954315186,1.0000256299972534,0.78021240234375,0.5395930409431458,,,
62,0,5,1.7385119199752808,1.0000206232070923,0.7428092360496521,0.5199941992759705,,,
62,0,6,4.153993606567383,1.0000184774398804,0.689965009689331,0.0340103954076767,,,
62,0,7,1.8521537780761719,1.000025987625122,0.7431202530860901,0.17364118993282318,,,
62,0,8,4.207712650299072,1.0000206232070923,0.7677714824676514,0.058010540902614594,,,
62,0,9,4.594132423400879,1.000016212463379,0.838104248046875,0.023737424984574318,,,
62,0,10,4.201255798339844,1.0000234842300415,0.8690669536590576,0.14493504166603088,,,
62,0,11,5.25626802444458,1.0000134706497192,0.720859169960022,0.008422570303082466,,,
62,1,0,2.326282501220703,1.0000251531600952,0.7001264095306396,0.11058726906776428,,,
62,1,1,2.699463367462158,1.000020146369934,0.6969327330589294,0.09355834126472473,,,
62,1,2,4.6597466468811035,1.0000159740447998,0.6238829493522644,0.028970519080758095,,,
62,1,3,4.1473069190979,1.0000008344650269,0.6749290227890015,0.037563033401966095,,,
62,1,4,3.7575278282165527,1.0000090599060059,0.8047816753387451,0.06877099722623825,,,
62,1,5,4.4245285987854,1.0000122785568237,0.8305650353431702,0.09005896747112274,,,
62,1,6,4.451241493225098,1.0000097751617432,0.8073590993881226,0.03413992002606392,,,
62,1,7,4.821883201599121,1.0000109672546387,0.828666627407074,0.022142278030514717,,,
62,1,8,5.199942588806152,1.0000040531158447,0.7904577255249023,0.010248099453747272,,,
62,1,9,5.209670066833496,1.0000061988830566,0.7651291489601135,0.007814746350049973,,,
62,1,10,4.3752970695495605,1.000011682510376,0.5825244188308716,0.041529279202222824,,,
62,1,11,1.8988490104675293,1.0000256299972534,0.7560778260231018,0.615797758102417,,,
62,2,0,2.479551315307617,1.0000019073486328,0.8730003237724304,0.1058439314365387,,,
62,2,1,4.54088020324707,1.0000005960464478,0.8564944863319397,0.010723704472184181,,,
62,2,2,1.1670730113983154,1.0000070333480835,0.8691790103912354,0.12352122366428375,,,
62,2,3,1.905186653137207,1.0000053644180298,0.8383918404579163,0.1319470852613449,,,
62,2,4,1.7371875047683716,1.0000003576278687,0.8599357008934021,0.09323086589574814,,,
62,2,5,1.8287456035614014,1.0000046491622925,0.865261971950531,0.13450372219085693,,,
62,2,6,2.8667714595794678,1.0000070333480835,0.7672129273414612,0.07860961556434631,,,
62,2,7,2.8325252532958984,1.0,0.8285691738128662,0.033742692321538925,,,
62,2,8,1.8721811771392822,1.0000026226043701,0.8838397860527039,0.10885594040155411,,,
62,2,9,1.7615033388137817,1.0000046491622925,0.8515419363975525,0.12166421115398407,,,
62,2,10,3.148803234100342,1.0000256299972534,0.5295537114143372,0.11997289210557938,,,
62,2,11,3.0158421993255615,1.0000001192092896,0.8637513518333435,0.09993041306734085,,,
62,3,0,2.8645622730255127,1.0,0.9912489056587219,0.06066993623971939,,,
62,3,1,2.0297513008117676,1.0,0.9914039373397827,0.06005844473838806,,,
62,3,2,1.4635320901870728,1.0000007152557373,0.981555163860321,0.1164642870426178,,,
62,3,3,1.0417100191116333,1.0,0.9911643862724304,0.06526196748018265,,,
62,3,4,3.6446735858917236,1.0,0.9916524291038513,0.01065073162317276,,,
62,3,5,2.851316452026367,1.0,0.9928579926490784,0.03295648470520973,,,
62,3,6,1.7445433139801025,1.0000004768371582,0.980185329914093,0.15907809138298035,,,
62,3,7,1.505690336227417,1.000000238418579,0.9891156554222107,0.10840035229921341,,,
62,3,8,1.5613232851028442,1.0000004768371582,0.9826704263687134,0.11875368654727936,,,
62,3,9,1.6981388330459595,1.0,0.9923349618911743,0.07533767819404602,,,
62,3,10,1.8633102178573608,1.0,0.9913477301597595,0.15684343874454498,,,
62,3,11,1.8450661897659302,1.0000003576278687,0.988522469997406,0.10615763813257217,,,
62,4,0,1.3100513219833374,1.0000001192092896,0.9166128635406494,0.06702836602926254,,,
62,4,1,1.6625683307647705,1.0,0.9185154438018799,0.06499336659908295,,,
62,4,2,2.3963072299957275,1.0,0.9153982400894165,0.015814809128642082,,,
62,4,3,1.6048330068588257,1.0000001192092896,0.9166694283485413,0.07133317738771439,,,
62,4,4,3.2288196086883545,1.0,0.917382001876831,0.045080460608005524,,,
62,4,5,1.4593665599822998,1.0,0.9154569506645203,0.06194186210632324,,,
62,4,6,2.1121740341186523,1.0,0.9172767996788025,0.046067461371421814,,,
62,4,7,1.8868892192840576,1.0000004768371582,0.9208856225013733,0.47164952754974365,,,
62,4,8,3.5713987350463867,1.0,0.9182959198951721,0.015402144752442837,,,
62,4,9,2.013692617416382,1.0,0.9179521799087524,0.03702043369412422,,,
62,4,10,3.4605891704559326,1.0,0.9165563583374023,0.015301528386771679,,,
62,4,11,0.012461093254387379,1.0000272989273071,0.15187601745128632,0.004383773542940617,,,
62,5,0,1.7633625268936157,1.0,0.9970782995223999,0.01150426547974348,,,
62,5,1,0.3637300431728363,1.0,0.9965381622314453,0.004471397027373314,,,
62,5,2,1.5087873935699463,1.0,0.9970483183860779,0.023514507338404655,,,
62,5,3,2.41438889503479,1.0000001192092896,0.9928545355796814,0.03665107488632202,,,
62,5,4,1.5686094760894775,1.0,0.9970008730888367,0.055485572665929794,,,
62,5,5,1.9951337575912476,1.0,0.9971526861190796,0.012189829722046852,,,
62,5,6,0.7196809649467468,1.0,0.9967612624168396,0.024990612640976906,,,
62,5,7,1.1034033298492432,1.0,0.9968181252479553,0.04122065007686615,,,
62,5,8,1.183685064315796,1.0,0.9969475269317627,0.02779339626431465,,,
62,5,9,2.7172515392303467,1.0,0.9973891973495483,0.007879983633756638,,,
62,5,10,3.591123104095459,1.0000003576278687,0.9799594879150391,0.03333223611116409,,,
62,5,11,2.9243149757385254,1.0,0.9970731139183044,0.12303318828344345,,,
62,6,0,1.9080201387405396,1.0000001192092896,0.995318591594696,0.03951876610517502,,,
62,6,1,0.83935546875,1.0,0.9978848099708557,0.022342601791024208,,,
62,6,2,3.644735813140869,1.0,0.9975059032440186,0.013929835520684719,,,
62,6,3,1.734534502029419,1.0,0.9983781576156616,0.017721958458423615,,,
62,6,4,3.409196615219116,1.0000001192092896,0.9954754114151001,0.018790774047374725,,,
62,6,5,1.7844043970108032,1.0,0.998446524143219,0.06111528351902962,,,
62,6,6,2.9778120517730713,1.0,0.9985086917877197,0.07826928794384003,,,
62,6,7,2.4100210666656494,1.0,0.9973718523979187,0.04062464088201523,,,
62,6,8,1.3316611051559448,1.0,0.9983951449394226,0.02883489988744259,,,
62,6,9,0.8605090975761414,1.0,0.9978532791137695,0.005620571784675121,,,
62,6,10,3.2086129188537598,1.0,0.9981518387794495,0.010199522599577904,,,
62,6,11,1.6798475980758667,1.0,0.9980397820472717,0.04428177326917648,,,
62,7,0,1.108154296875,1.0,0.9990583658218384,0.026183364912867546,,,
62,7,1,2.5634608268737793,1.0,0.9988279342651367,0.012056227773427963,,,
62,7,2,0.6065868735313416,1.0,0.9989659786224365,0.0038101007230579853,,,
62,7,3,1.5797796249389648,1.0,0.9992735385894775,0.04653671011328697,,,
62,7,4,1.0069327354431152,1.0,0.9991360306739807,0.015295999124646187,,,
62,7,5,2.8517985343933105,1.0000001192092896,0.9964115619659424,0.024897322058677673,,,
62,7,6,3.177408456802368,1.0,0.9988598227500916,0.011204595677554607,,,
62,7,7,1.6589733362197876,1.0,0.9991899728775024,0.011423753574490547,,,
62,7,8,1.4406161308288574,1.0,0.998578667640686,0.03518737852573395,,,
62,7,9,1.6199864149093628,1.0,0.9991026520729065,0.03141770139336586,,,
62,7,10,1.0215283632278442,1.0,0.9990571737289429,0.0045706103555858135,,,
62,7,11,2.0725090503692627,1.0,0.9991821646690369,0.007732288911938667,,,
62,8,0,3.423994779586792,1.0,0.9954823851585388,0.02755041979253292,,,
62,8,1,1.1512988805770874,1.0,0.9948076009750366,0.007574994582682848,,,
62,8,2,4.482694149017334,1.0000008344650269,0.9653967022895813,0.013543356209993362,,,
62,8,3,2.4630286693573,1.0,0.9957424402236938,0.02019493281841278,,,
62,8,4,1.3481494188308716,1.0,0.9953798055648804,0.05256139487028122,,,
62,8,5,2.051774024963379,1.0,0.9950965642929077,0.04073024168610573,,,
62,8,6,1.961601734161377,1.0,0.9954557418823242,0.016878755763173103,,,
62,8,7,1.3205115795135498,1.0,0.9951348900794983,0.05602281913161278,,,
62,8,8,2.5926601886749268,1.0,0.9944514632225037,0.026373328641057014,,,
62,8,9,2.4941251277923584,1.0,0.9956883788108826,0.027874132618308067,,,
62,8,10,2.5108745098114014,1.0,0.9960275292396545,0.06802104413509369,,,
62,8,11,2.1681835651397705,1.0,0.994990885257721,0.015140926465392113,,,
62,9,0,2.24998140335083,1.0,0.9967003464698792,0.02371680736541748,,,
62,9,1,1.9690543413162231,1.0,0.9980890154838562,0.010370873846113682,,,
62,9,2,2.5128090381622314,1.0,0.9964723587036133,0.01512050163000822,,,
62,9,3,1.7076637744903564,1.0,0.9972692728042603,0.04400096461176872,,,
62,9,4,1.7677077054977417,1.0,0.9982972741127014,0.012446671724319458,,,
62,9,5,2.370340585708618,1.0,0.9984643459320068,0.03232613578438759,,,
62,9,6,1.2883787155151367,1.0,0.9982395172119141,0.004474296234548092,,,
62,9,7,2.103264093399048,1.0,0.9982820749282837,0.01754312962293625,,,
62,9,8,2.998128890991211,1.0,0.9942619800567627,0.011255878955125809,,,
62,9,9,1.5608271360397339,1.0,0.9983261227607727,0.00550105283036828,,,
62,9,10,1.2442522048950195,1.0,0.9980762600898743,0.039396584033966064,,,
62,9,11,2.516984701156616,1.0,0.9966362118721008,0.006980590056627989,,,
62,10,0,2.2733211517333984,1.0,0.9949333071708679,0.008353939279913902,,,
62,10,1,1.5926133394241333,1.0,0.996782660484314,0.00714266300201416,,,
62,10,2,2.2132067680358887,1.0,0.9966581463813782,0.00958910770714283,,,
62,10,3,3.1028707027435303,1.000000238418579,0.986747682094574,0.012520854361355305,,,
62,10,4,3.284397602081299,1.0,0.9937439560890198,0.023024989292025566,,,
62,10,5,1.0819813013076782,1.0,0.996543824672699,0.02709496021270752,,,
62,10,6,2.1669228076934814,1.0,0.9963940978050232,0.01071420218795538,,,
62,10,7,3.1085622310638428,1.0,0.9949905276298523,0.0287211574614048,,,
62,10,8,2.1526150703430176,1.0,0.9968820214271545,0.012020991183817387,,,
62,10,9,1.3752275705337524,1.0,0.9968051910400391,0.06638792902231216,,,
62,10,10,1.6660593748092651,1.0,0.9970636367797852,0.006505741737782955,,,
62,10,11,1.8752466440200806,1.0,0.9967617392539978,0.027320386841893196,,,
62,11,0,4.7627153396606445,1.0000028610229492,0.843859851360321,0.02844868041574955,,,
62,11,1,3.087146282196045,1.0,0.9035389423370361,0.017464637756347656,,,
62,11,2,2.49275803565979,1.0,0.9001016616821289,0.008569967932999134,,,
62,11,3,2.540754795074463,1.0,0.9030807614326477,0.030606290325522423,,,
62,11,4,4.07582426071167,1.000000238418579,0.9080564379692078,0.016810886561870575,,,
62,11,5,2.0732126235961914,1.0,0.8995797634124756,0.009957903064787388,,,
62,11,6,1.8853046894073486,1.0,0.8989756107330322,0.005783660802990198,,,
62,11,7,2.8232719898223877,1.0,0.9030051827430725,0.01756557822227478,,,
62,11,8,3.7541723251342773,1.0000196695327759,0.11379749327898026,0.0954006016254425,,,
62,11,9,1.8353886604309082,1.0,0.8991360068321228,0.006535670254379511,,,
62,11,10,3.0472419261932373,1.0,0.9072211980819702,0.04735251143574715,,,
62,11,11,2.994358539581299,1.0000001192092896,0.9067317843437195,0.04038079082965851,,,
63,0,0,4.243276119232178,1.0000170469284058,0.7465724349021912,0.01907586120069027,,,
63,0,1,0.6460143327713013,1.0000300407409668,0.7999101877212524,0.787884533405304,,,
63,0,2,4.622887134552002,1.0000121593475342,0.7825424671173096,0.03569047898054123,,,
63,0,3,0.5013294816017151,1.0000298023223877,0.7921901941299438,0.8395031690597534,,,
63,0,4,1.3597253561019897,1.0000262260437012,0.7797626256942749,0.5389546155929565,,,
63,0,5,1.7903343439102173,1.0000213384628296,0.7402732968330383,0.4526061415672302,,,
63,0,6,4.188475131988525,1.0000200271606445,0.6985017657279968,0.03241562470793724,,,
63,0,7,1.981924057006836,1.0000271797180176,0.7552997469902039,0.17108957469463348,,,
63,0,8,4.230128288269043,1.0000234842300415,0.7760800719261169,0.06229569762945175,,,
63,0,9,4.599907398223877,1.0000180006027222,0.8386716246604919,0.02470649778842926,,,
63,0,10,4.183689117431641,1.0000245571136475,0.8696807622909546,0.1482786238193512,,,
63,0,11,5.353280067443848,1.0000135898590088,0.7290866374969482,0.007966780103743076,,,
63,1,0,2.41365122795105,1.0000265836715698,0.7168757915496826,0.11178343743085861,,,
63,1,1,2.729919195175171,1.0000226497650146,0.7178152203559875,0.09311868250370026,,,
63,1,2,4.731464385986328,1.0000171661376953,0.6533040404319763,0.02777828462421894,,,
63,1,3,4.244697093963623,1.0000011920928955,0.6775079369544983,0.0362158939242363,,,
63,1,4,3.7576041221618652,1.0000098943710327,0.8053297400474548,0.06974615901708603,,,
63,1,5,4.372020244598389,1.0000149011611938,0.8304228186607361,0.10051233321428299,,,
63,1,6,4.629106521606445,1.0000097751617432,0.8006734848022461,0.026806673035025597,,,
63,1,7,4.963553428649902,1.0000121593475342,0.8150796294212341,0.019362222403287888,,,
63,1,8,5.282293319702148,1.0000041723251343,0.7925693392753601,0.010178575292229652,,,
63,1,9,5.324695587158203,1.0000063180923462,0.7656863927841187,0.007371486630290747,,,
63,1,10,4.411640167236328,1.0000131130218506,0.6035071015357971,0.04179951176047325,,,
63,1,11,1.9584019184112549,1.0000262260437012,0.7556260824203491,0.5856565833091736,,,
63,2,0,2.5034019947052,1.0000016689300537,0.8632511496543884,0.1120990514755249,,,
63,2,1,4.245366096496582,1.0000003576278687,0.8254562616348267,0.008944607339799404,,,
63,2,2,1.1504979133605957,1.000014066696167,0.8078180551528931,0.12387196719646454,,,
63,2,3,1.8702657222747803,1.0000094175338745,0.8030998706817627,0.13587455451488495,,,
63,2,4,1.8325389623641968,1.0000001192092896,0.8342433571815491,0.09156268835067749,,,
63,2,5,1.808462381362915,1.0000073909759521,0.8434673547744751,0.13395150005817413,,,
63,2,6,2.9378621578216553,1.0000064373016357,0.8038045763969421,0.08413376659154892,,,
63,2,7,2.7277352809906006,1.0,0.804207444190979,0.03357107192277908,,,
63,2,8,1.8422510623931885,1.0000046491622925,0.8564195036888123,0.11153305321931839,,,
63,2,9,1.7527754306793213,1.0000067949295044,0.8261692523956299,0.13560496270656586,,,
63,2,10,3.1408073902130127,1.0000276565551758,0.5364779829978943,0.12180501967668533,,,
63,2,11,3.0917470455169678,1.000000238418579,0.8483673334121704,0.10191560536623001,,,
63,3,0,2.885439395904541,1.0,0.9910587072372437,0.0828917920589447,,,
63,3,1,2.031968116760254,1.0000001192092896,0.9914987087249756,0.06923895329236984,,,
63,3,2,1.4043446779251099,1.0000005960464478,0.9778740406036377,0.12165316194295883,,,
63,3,3,1.0632548332214355,1.0,0.9909791946411133,0.07170265913009644,,,
63,3,4,3.9468441009521484,1.0,0.9917972683906555,0.01774294674396515,,,
63,3,5,2.6887872219085693,1.0,0.9923344254493713,0.034041717648506165,,,
63,3,6,1.723434329032898,1.0000005960464478,0.9831262826919556,0.1687789261341095,,,
63,3,7,1.4531627893447876,1.0000003576278687,0.9859212636947632,0.11653703451156616,,,
63,3,8,1.5359538793563843,1.0000004768371582,0.9838616847991943,0.1312836855649948,,,
63,3,9,1.6581059694290161,1.0,0.991995096206665,0.07820717245340347,,,
63,3,10,1.8752593994140625,1.0,0.9909420609474182,0.16589978337287903,,,
63,3,11,1.80056893825531,1.0000001192092896,0.9915229678153992,0.1010107472538948,,,
63,4,0,1.304070234298706,1.0,0.9166709780693054,0.06741777807474136,,,
63,4,1,1.6681393384933472,1.0000001192092896,0.9187116026878357,0.0732865259051323,,,
63,4,2,2.4892561435699463,1.0,0.9148982763290405,0.01808127388358116,,,
63,4,3,1.6553847789764404,1.0000001192092896,0.9172134399414062,0.07508550584316254,,,
63,4,4,3.412058115005493,1.0,0.9174693822860718,0.05387004464864731,,,
63,4,5,1.4701175689697266,1.0,0.9149921536445618,0.06612560898065567,,,
63,4,6,2.209167957305908,1.0,0.9175731539726257,0.055309612303972244,,,
63,4,7,1.835740089416504,1.0000005960464478,0.9182093143463135,0.5053521990776062,,,
63,4,8,3.2080941200256348,1.0,0.9159379601478577,0.019424257799983025,,,
63,4,9,2.013195753097534,1.0,0.9173972606658936,0.04372159391641617,,,
63,4,10,3.0824787616729736,1.0,0.9144853949546814,0.012377406470477581,,,
63,4,11,0.009030347689986229,1.0000293254852295,0.1519039124250412,0.004179526586085558,,,
63,5,0,1.6668137311935425,1.0,0.9972435235977173,0.013756632804870605,,,
63,5,1,0.4225166141986847,1.0,0.9967411160469055,0.004044312052428722,,,
63,5,2,1.4699010848999023,1.0,0.9971557259559631,0.02257218211889267,,,
63,5,3,2.395392894744873,1.0000001192092896,0.9918710589408875,0.03993182256817818,,,
63,5,4,1.5428893566131592,1.0,0.997236430644989,0.05631249397993088,,,
63,5,5,2.1957314014434814,1.0,0.9969156384468079,0.014511983841657639,,,
63,5,6,0.6986430287361145,1.0,0.996837854385376,0.025735769420862198,,,
63,5,7,1.0004831552505493,1.0,0.9968900680541992,0.03502965718507767,,,
63,5,8,1.137492299079895,1.0,0.9969976544380188,0.028447141870856285,,,
63,5,9,3.1674323081970215,1.0,0.9976010918617249,0.011185436509549618,,,
63,5,10,3.879044532775879,1.0000003576278687,0.9838843941688538,0.0323447622358799,,,
63,5,11,2.897273063659668,1.0,0.9973258376121521,0.13790425658226013,,,
63,6,0,1.8580373525619507,1.0000001192092896,0.995337724685669,0.04201409965753555,,,
63,6,1,0.8491412997245789,1.0,0.9978151321411133,0.024079518392682076,,,
63,6,2,3.6444883346557617,1.0,0.9977462887763977,0.013372519984841347,,,
63,6,3,1.970276117324829,1.0,0.9984754323959351,0.024160079658031464,,,
63,6,4,3.5295767784118652,1.0,0.9969762563705444,0.018814876675605774,,,
63,6,5,1.9416111707687378,1.0,0.9985278844833374,0.07152549922466278,,,
63,6,6,3.240324020385742,1.0,0.9982703924179077,0.09812696278095245,,,
63,6,7,2.5466396808624268,1.0000001192092896,0.9974594116210938,0.04134911298751831,,,
63,6,8,1.3775469064712524,1.0,0.9983221292495728,0.02938304841518402,,,
63,6,9,1.1097625494003296,1.0,0.9979274272918701,0.005628980230540037,,,
63,6,10,2.8643786907196045,1.0,0.9982072710990906,0.013310595415532589,,,
63,6,11,1.7649612426757812,1.0,0.99772047996521,0.05069643259048462,,,
63,7,0,1.0179064273834229,1.0,0.9988916516304016,0.026855288073420525,,,
63,7,1,3.191077470779419,1.0000001192092896,0.9963449835777283,0.014238313771784306,,,
63,7,2,0.8086450099945068,1.0,0.9989610314369202,0.005285243038088083,,,
63,7,3,1.657152771949768,1.0,0.9991450905799866,0.05467001721262932,,,
63,7,4,1.0396955013275146,1.0,0.9990038275718689,0.016891121864318848,,,
63,7,5,2.490715503692627,1.0,0.9986869692802429,0.020425740629434586,,,
63,7,6,3.4918720722198486,1.0,0.9987514019012451,0.013133777305483818,,,
63,7,7,1.6325371265411377,1.0,0.9990873336791992,0.013187822885811329,,,
63,7,8,1.3270361423492432,1.0,0.9986696839332581,0.029872186481952667,,,
63,7,9,1.622346043586731,1.0,0.998893678188324,0.03867596760392189,,,
63,7,10,1.6576626300811768,1.0,0.9988197684288025,0.006830635480582714,,,
63,7,11,1.8453563451766968,1.0,0.9990911483764648,0.007550011854618788,,,
63,8,0,3.3810863494873047,1.0,0.9965456128120422,0.03115837275981903,,,
63,8,1,1.5500209331512451,1.0,0.9965397119522095,0.00979485735297203,,,
63,8,2,4.174393177032471,1.0000003576278687,0.9820094704627991,0.012927000410854816,,,
63,8,3,2.852661371231079,1.0,0.9967615604400635,0.022243104875087738,,,
63,8,4,1.1482402086257935,1.0,0.9965066313743591,0.040892329066991806,,,
63,8,5,2.0164666175842285,1.0,0.9958265423774719,0.03995509445667267,,,
63,8,6,1.9103399515151978,1.0,0.9967473745346069,0.020787641406059265,,,
63,8,7,1.1734089851379395,1.0,0.9965372085571289,0.049824245274066925,,,
63,8,8,2.9231739044189453,1.0,0.9930408596992493,0.029650356620550156,,,
63,8,9,2.5311617851257324,1.0,0.9970640540122986,0.028712987899780273,,,
63,8,10,2.549292802810669,1.0,0.997225821018219,0.07378537952899933,,,
63,8,11,1.9690148830413818,1.0,0.996434211730957,0.012877111323177814,,,
63,9,0,2.7509515285491943,1.0,0.9972459673881531,0.01753229647874832,,,
63,9,1,2.3200933933258057,1.0,0.9978229403495789,0.011423654854297638,,,
63,9,2,2.7707021236419678,1.0,0.9967324733734131,0.01112296711653471,,,
63,9,3,1.6533751487731934,1.0,0.9974820613861084,0.04492415115237236,,,
63,9,4,2.4935598373413086,1.0,0.9984142184257507,0.011783788911998272,,,
63,9,5,2.3929131031036377,1.0,0.9984282851219177,0.029027197510004044,,,
63,9,6,2.2455058097839355,1.0,0.9978477358818054,0.005584137514233589,,,
63,9,7,2.0529873371124268,1.0,0.9981709122657776,0.022136768326163292,,,
63,9,8,2.2503063678741455,1.0,0.9984979629516602,0.0054808552376925945,,,
63,9,9,2.55218505859375,1.0,0.9970026612281799,0.008611445315182209,,,
63,9,10,1.1120638847351074,1.0,0.9979597330093384,0.033902961760759354,,,
63,9,11,2.3398690223693848,1.0,0.9961271286010742,0.006100091151893139,,,
63,10,0,2.706869602203369,1.0,0.9917283654212952,0.007423404138535261,,,
63,10,1,2.7637553215026855,1.0,0.9898769855499268,0.012265622615814209,,,
63,10,2,3.244312047958374,1.000000238418579,0.9897956252098083,0.011376508511602879,,,
63,10,3,3.2120425701141357,1.0000003576278687,0.9831693172454834,0.013654743321239948,,,
63,10,4,3.4731221199035645,1.000000238418579,0.9888426065444946,0.021479040384292603,,,
63,10,5,1.1567964553833008,1.0,0.991090714931488,0.028935899958014488,,,
63,10,6,2.363093376159668,1.0,0.9922049045562744,0.007469409145414829,,,
63,10,7,3.5955984592437744,1.0000003576278687,0.9860679507255554,0.020417936146259308,,,
63,10,8,3.026090621948242,1.0,0.9919366240501404,0.013390709646046162,,,
63,10,9,1.3548970222473145,1.0,0.9916309118270874,0.05971958860754967,,,
63,10,10,2.785616636276245,1.0,0.9910526275634766,0.009064706973731518,,,
63,10,11,2.6114861965179443,1.0000001192092896,0.9896354675292969,0.02722458355128765,,,
63,11,0,4.929305076599121,1.0000051259994507,0.7997403740882874,0.024964531883597374,,,
63,11,1,2.9769558906555176,1.0,0.8940130472183228,0.011179178953170776,,,
63,11,2,2.956120014190674,1.0,0.8940035104751587,0.007739188615232706,,,
63,11,3,2.6052122116088867,1.0,0.8939729332923889,0.024977566674351692,,,
63,11,4,4.183191776275635,1.0000003576278687,0.8986659646034241,0.014453252777457237,,,
63,11,5,3.2070388793945312,1.0000001192092896,0.8953521251678467,0.013225216418504715,,,
63,11,6,2.6414051055908203,1.0,0.8928150534629822,0.008315210230648518,,,
63,11,7,3.2200615406036377,1.0,0.896535336971283,0.014804236590862274,,,
63,11,8,3.721489906311035,1.000022530555725,0.1349925547838211,0.1200990304350853,,,
63,11,9,2.7350189685821533,1.0,0.8935530185699463,0.007981711998581886,,,
63,11,10,3.433096408843994,1.0000001192092896,0.902012050151825,0.03667507693171501,,,
63,11,11,3.4058713912963867,1.0000001192092896,0.8996456265449524,0.029313061386346817,,,
64,0,0,4.422302722930908,1.0000171661376953,0.7997596263885498,0.021929297596216202,,,
64,0,1,0.5679073929786682,1.00003182888031,0.8068922162055969,0.8226625323295593,,,
64,0,2,4.589549541473389,1.000014066696167,0.7894341945648193,0.040090736001729965,,,
64,0,3,0.4520382583141327,1.000031590461731,0.7903869152069092,0.8407866954803467,,,
64,0,4,1.2462878227233887,1.000028371810913,0.7796388864517212,0.5553011894226074,,,
64,0,5,1.5830140113830566,1.0000247955322266,0.7526269555091858,0.5406647324562073,,,
64,0,6,4.268807888031006,1.0000224113464355,0.7261276841163635,0.02813747338950634,,,
64,0,7,1.8665459156036377,1.0000282526016235,0.7452998757362366,0.16573405265808105,,,
64,0,8,4.267220497131348,1.0000239610671997,0.789014458656311,0.05803195759654045,,,
64,0,9,4.623318672180176,1.0000178813934326,0.8445453643798828,0.02095930092036724,,,
64,0,10,4.222443580627441,1.0000245571136475,0.8761078119277954,0.15413565933704376,,,
64,0,11,5.420215129852295,1.0000144243240356,0.7283139824867249,0.0075927176512777805,,,
64,1,0,2.3209378719329834,1.0000280141830444,0.7209123373031616,0.10690165311098099,,,
64,1,1,2.7017319202423096,1.0000221729278564,0.7044381499290466,0.09374981373548508,,,
64,1,2,4.754462242126465,1.0000171661376953,0.6769837737083435,0.026216989383101463,,,
64,1,3,4.295834064483643,1.000001311302185,0.6953189969062805,0.03520108386874199,,,
64,1,4,3.7689688205718994,1.0000107288360596,0.8163356184959412,0.06850393116474152,,,
64,1,5,4.55634880065918,1.000011920928955,0.8388971090316772,0.08559086173772812,,,
64,1,6,4.49658727645874,1.0000108480453491,0.8317644596099854,0.03439955413341522,,,
64,1,7,4.900950908660889,1.0000125169754028,0.8373926281929016,0.02105790376663208,,,
64,1,8,5.333200454711914,1.0000038146972656,0.79960036277771,0.009630047716200352,,,
64,1,9,5.394372940063477,1.0000065565109253,0.7800016403198242,0.007303829304873943,,,
64,1,10,4.441380977630615,1.0000141859054565,0.6027976870536804,0.0411904901266098,,,
64,1,11,1.729841947555542,1.0000280141830444,0.7651658654212952,0.6491467952728271,,,
64,2,0,2.5580480098724365,1.000001072883606,0.8819871544837952,0.10467180609703064,,,
64,2,1,4.774629592895508,1.000001311302185,0.859470009803772,0.010124925523996353,,,
64,2,2,1.1396288871765137,1.0000042915344238,0.8875903487205505,0.12418721616268158,,,
64,2,3,1.910872459411621,1.0000077486038208,0.8343765139579773,0.1318434774875641,,,
64,2,4,1.7756121158599854,1.0000001192092896,0.8640286922454834,0.08771978318691254,,,
64,2,5,1.8549586534500122,1.0000038146972656,0.8782322406768799,0.1339404433965683,,,
64,2,6,2.8476791381835938,1.0000072717666626,0.786763608455658,0.07950770109891891,,,
64,2,7,2.6599202156066895,1.0,0.8366761803627014,0.03253931552171707,,,
64,2,8,1.8681745529174805,1.0000025033950806,0.8890777826309204,0.1041862741112709,,,
64,2,9,1.7899384498596191,1.000003457069397,0.8676751852035522,0.1266375333070755,,,
64,2,10,3.142672061920166,1.0000290870666504,0.5149614810943604,0.12266663461923599,,,
64,2,11,3.131207227706909,1.0000003576278687,0.8785673379898071,0.10445024818181992,,,
64,3,0,2.9395482540130615,1.0,0.9929279685020447,0.05973535403609276,,,
64,3,1,1.9874939918518066,1.0000001192092896,0.9920801520347595,0.06032480672001839,,,
64,3,2,1.40335214138031,1.0000007152557373,0.980537474155426,0.10938515514135361,,,
64,3,3,0.9721609354019165,1.0,0.992635190486908,0.059610068798065186,,,
64,3,4,3.937201976776123,1.0,0.993442177772522,0.010333152487874031,,,
64,3,5,2.824002742767334,1.0,0.9943670630455017,0.034655701369047165,,,
64,3,6,1.7760987281799316,1.0000003576278687,0.9867269396781921,0.15483881533145905,,,
64,3,7,1.482741117477417,1.0000001192092896,0.9916044473648071,0.11495037376880646,,,
64,3,8,1.5692107677459717,1.0000004768371582,0.9883584380149841,0.11442366987466812,,,
64,3,9,1.6092857122421265,1.0,0.9938442707061768,0.07089480012655258,,,
64,3,10,1.8191249370574951,1.0,0.9928917288780212,0.15549707412719727,,,
64,3,11,1.7857695817947388,1.0000001192092896,0.991485059261322,0.09606701135635376,,,
64,4,0,1.221781849861145,1.0,0.9162744879722595,0.06111951917409897,,,
64,4,1,1.650953769683838,1.0000001192092896,0.9180704355239868,0.06270024180412292,,,
64,4,2,2.345527172088623,1.0,0.915048360824585,0.015865923836827278,,,
64,4,3,1.6092250347137451,1.0000001192092896,0.9170252084732056,0.06795050203800201,,,
64,4,4,3.1896448135375977,1.0,0.9164413809776306,0.03876851499080658,,,
64,4,5,1.4465899467468262,1.0,0.9153236746788025,0.05771847069263458,,,
64,4,6,2.0941293239593506,1.0,0.9167705774307251,0.04378410056233406,,,
64,4,7,1.8903995752334595,1.0000005960464478,0.919562578201294,0.48171448707580566,,,
64,4,8,3.656827449798584,1.0,0.9179584980010986,0.015266429632902145,,,
64,4,9,1.9129176139831543,1.0,0.9172182083129883,0.03708278015255928,,,
64,4,10,3.481621265411377,1.0,0.916104257106781,0.012819015420973301,,,
64,4,11,0.009731517173349857,1.00002920627594,0.1392451375722885,0.004169455263763666,,,
64,5,0,1.8895760774612427,1.0,0.9968202114105225,0.010918328538537025,,,
64,5,1,0.3878230154514313,1.0,0.9963685870170593,0.0040860604494810104,,,
64,5,2,1.42001473903656,1.0,0.9967872500419617,0.0200651902705431,,,
64,5,3,2.3660528659820557,1.0000001192092896,0.9937299489974976,0.03670564666390419,,,
64,5,4,1.5147024393081665,1.0,0.996758222579956,0.052844200283288956,,,
64,5,5,2.213169813156128,1.0,0.9968587756156921,0.011180997826159,,,
64,5,6,0.6555142402648926,1.0,0.9965232610702515,0.02338068000972271,,,
64,5,7,1.0386351346969604,1.0,0.9966272115707397,0.040278393775224686,,,
64,5,8,1.1153050661087036,1.0,0.9966992735862732,0.026647327467799187,,,
64,5,9,3.0390400886535645,1.0,0.9972307085990906,0.0075195771642029285,,,
64,5,10,3.796692132949829,1.0000004768371582,0.976183295249939,0.03185385465621948,,,
64,5,11,3.0181097984313965,1.0,0.9969942569732666,0.10887773334980011,,,
64,6,0,1.8041529655456543,1.0,0.9969550967216492,0.03161114081740379,,,
64,6,1,0.6243305206298828,1.0,0.9978929758071899,0.0176283810287714,,,
64,6,2,3.5865209102630615,1.0,0.9979915618896484,0.013211462646722794,,,
64,6,3,1.7285456657409668,1.0,0.9984104633331299,0.018437843769788742,,,
64,6,4,3.7122724056243896,1.0000001192092896,0.9921865463256836,0.01781638152897358,,,
64,6,5,1.7648603916168213,1.0,0.9984376430511475,0.06195274367928505,,,
64,6,6,3.1261215209960938,1.0,0.9984769821166992,0.07576989382505417,,,
64,6,7,2.33396053314209,1.0,0.9979881048202515,0.041085511445999146,,,
64,6,8,1.2842644453048706,1.0,0.9983373284339905,0.028207894414663315,,,
64,6,9,0.9241644740104675,1.0,0.9979578256607056,0.005507306195795536,,,
64,6,10,3.5079634189605713,1.0,0.9979861974716187,0.00949124712496996,,,
64,6,11,1.566151738166809,1.0,0.9981493353843689,0.046948328614234924,,,
64,7,0,1.0634739398956299,1.0,0.9989101886749268,0.027129894122481346,,,
64,7,1,2.840437412261963,1.0,0.9983950257301331,0.011571248061954975,,,
64,7,2,0.8107123970985413,1.0,0.9989957213401794,0.004065648186951876,,,
64,7,3,1.5904960632324219,1.0,0.9992526769638062,0.04404813423752785,,,
64,7,4,0.9084230065345764,1.0,0.9991188645362854,0.015212801285088062,,,
64,7,5,2.8632986545562744,1.0,0.9977127313613892,0.026447109878063202,,,
64,7,6,3.4533920288085938,1.0,0.9986639618873596,0.010781560093164444,,,
64,7,7,1.7412683963775635,1.0,0.9991996884346008,0.007253996096551418,,,
64,7,8,1.4102284908294678,1.0,0.9986681342124939,0.03994661942124367,,,
64,7,9,1.509375810623169,1.0,0.9991146326065063,0.029549991711974144,,,
64,7,10,1.1440880298614502,1.0,0.999082624912262,0.006281944923102856,,,
64,7,11,2.200441360473633,1.0,0.9988765120506287,0.007666881196200848,,,
64,8,0,3.3487930297851562,1.0,0.9974547028541565,0.02045850083231926,,,
64,8,1,1.3431984186172485,1.0,0.9972160458564758,0.007510147523134947,,,
64,8,2,4.385009288787842,1.0000003576278687,0.981536328792572,0.009914467111229897,,,
64,8,3,2.4313111305236816,1.0,0.9976312518119812,0.01877870410680771,,,
64,8,4,1.2680948972702026,1.0,0.9974278807640076,0.054980043321847916,,,
64,8,5,2.004326343536377,1.0,0.9969833493232727,0.04092342033982277,,,
64,8,6,1.9908559322357178,1.0,0.9975219964981079,0.016146939247846603,,,
64,8,7,1.274900197982788,1.0,0.9971427321434021,0.0527358241379261,,,
64,8,8,2.449176788330078,1.0,0.9973911046981812,0.0254407599568367,,,
64,8,9,2.564687728881836,1.0,0.9976755380630493,0.029692554846405983,,,
64,8,10,2.5407586097717285,1.0,0.9977628588676453,0.06271364539861679,,,
64,8,11,1.9484902620315552,1.0,0.9970903992652893,0.01220911554992199,,,
64,9,0,2.4526805877685547,1.0,0.997128427028656,0.02260732650756836,,,
64,9,1,2.1895627975463867,1.0,0.9974361062049866,0.010145500302314758,,,
64,9,2,2.5139403343200684,1.0,0.997509777545929,0.01535364892333746,,,
64,9,3,1.6208164691925049,1.0,0.9970832467079163,0.04473474621772766,,,
64,9,4,2.0645408630371094,1.0,0.9978371262550354,0.009745479561388493,,,
64,9,5,2.4208688735961914,1.0,0.9979312419891357,0.02774752303957939,,,
64,9,6,1.7375084161758423,1.0,0.9978227615356445,0.004651691298931837,,,
64,9,7,1.9881701469421387,1.0,0.9978156685829163,0.0180166307836771,,,
64,9,8,2.643109083175659,1.0,0.994838297367096,0.009134187363088131,,,
64,9,9,1.9206796884536743,1.0,0.9978956580162048,0.00540383392944932,,,
64,9,10,1.1673513650894165,1.0,0.9976187348365784,0.038803618401288986,,,
64,9,11,2.875309705734253,1.0000001192092896,0.9866921901702881,0.006105676293373108,,,
64,10,0,2.4802210330963135,1.0000001192092896,0.9916626214981079,0.008150970563292503,,,
64,10,1,2.0242645740509033,1.0,0.9958309531211853,0.007493177894502878,,,
64,10,2,2.5222055912017822,1.0,0.993893027305603,0.008629714138805866,,,
64,10,3,3.115863084793091,1.000000238418579,0.9882700443267822,0.011185568757355213,,,
64,10,4,3.2055439949035645,1.0,0.9951826333999634,0.017874406650662422,,,
64,10,5,1.0027226209640503,1.0,0.9959401488304138,0.024703286588191986,,,
64,10,6,2.421861171722412,1.0,0.9962170124053955,0.009987578727304935,,,
64,10,7,3.1240594387054443,1.0,0.9962652325630188,0.026014836505055428,,,
64,10,8,2.554236888885498,1.0,0.9963765740394592,0.010429737158119678,,,
64,10,9,1.344019889831543,1.0,0.9961948394775391,0.05887284874916077,,,
64,10,10,1.9683912992477417,1.0,0.9964475035667419,0.0060034254565835,,,
64,10,11,2.161445140838623,1.0,0.9961250424385071,0.03319822996854782,,,
64,11,0,4.753973007202148,1.000001311302185,0.8917970061302185,0.026168810203671455,,,
64,11,1,2.954200029373169,1.0,0.9078717827796936,0.015474110841751099,,,
64,11,2,2.7808361053466797,1.0000001192092896,0.9006434082984924,0.006917589344084263,,,
64,11,3,2.1416046619415283,1.0,0.9059728384017944,0.022800859063863754,,,
64,11,4,4.121705532073975,1.000000238418579,0.9098524451255798,0.014204171486198902,,,
64,11,5,2.2902019023895264,1.0,0.9056237936019897,0.009750490076839924,,,
64,11,6,2.4177908897399902,1.0,0.9061211943626404,0.006004156544804573,,,
64,11,7,2.3767905235290527,1.0,0.9059975147247314,0.011159722693264484,,,
64,11,8,3.8983564376831055,1.0000221729278564,0.10067189484834671,0.09155701100826263,,,
64,11,9,1.987403154373169,1.0,0.9052762985229492,0.005891065578907728,,,
64,11,10,3.020718574523926,1.0,0.910580575466156,0.03525041416287422,,,
64,11,11,2.852695941925049,1.0,0.909769594669342,0.03527991473674774,,,
65,0,0,4.452340602874756,1.000017523765564,0.801103413105011,0.01976160705089569,,,
65,0,1,0.6517239809036255,1.000030517578125,0.8057618737220764,0.7889128923416138,,,
65,0,2,4.566764831542969,1.0000126361846924,0.795851469039917,0.04189861938357353,,,
65,0,3,0.45771080255508423,1.000030755996704,0.7913156747817993,0.8365358114242554,,,
65,0,4,1.2460185289382935,1.0000280141830444,0.7911888360977173,0.5824608206748962,,,
65,0,5,1.7864803075790405,1.0000238418579102,0.752315104007721,0.4906020760536194,,,
65,0,6,4.218421936035156,1.0000207424163818,0.7104091048240662,0.029277119785547256,,,
65,0,7,1.882842779159546,1.0000277757644653,0.7473634481430054,0.17282401025295258,,,
65,0,8,4.210145473480225,1.0000239610671997,0.797371506690979,0.060809649527072906,,,
65,0,9,4.623560428619385,1.000017523765564,0.8439483046531677,0.02259446680545807,,,
65,0,10,4.218125343322754,1.0000245571136475,0.8757093548774719,0.15107980370521545,,,
65,0,11,5.398446083068848,1.0000149011611938,0.735649824142456,0.007562747225165367,,,
65,1,0,2.3572494983673096,1.000028133392334,0.7051141262054443,0.10806688666343689,,,
65,1,1,2.71341609954834,1.000022053718567,0.7023845911026001,0.09597903490066528,,,
65,1,2,4.741461753845215,1.0000174045562744,0.6683475971221924,0.02678695134818554,,,
65,1,3,4.268312931060791,1.0000011920928955,0.6851524114608765,0.0357428714632988,,,
65,1,4,3.7516095638275146,1.0000100135803223,0.809603750705719,0.06981217116117477,,,
65,1,5,4.473903656005859,1.0000125169754028,0.8321870565414429,0.0920020341873169,,,
65,1,6,4.48948335647583,1.0000097751617432,0.8066186904907227,0.0340614952147007,,,
65,1,7,4.899213790893555,1.0000128746032715,0.8259265422821045,0.01962563395500183,,,
65,1,8,5.314074516296387,1.0000040531158447,0.7927849292755127,0.009539040736854076,,,
65,1,9,5.374964714050293,1.000007152557373,0.7744998335838318,0.007200814317911863,,,
65,1,10,4.428201675415039,1.0000133514404297,0.6032156348228455,0.041560400277376175,,,
65,1,11,1.8012504577636719,1.0000264644622803,0.7511008977890015,0.6269124746322632,,,
65,2,0,2.5130605697631836,1.0000014305114746,0.8729501366615295,0.10709793865680695,,,
65,2,1,4.782080173492432,1.0000014305114746,0.8568294048309326,0.011407505720853806,,,
65,2,2,1.1165955066680908,1.0000065565109253,0.8673202991485596,0.12471708655357361,,,
65,2,3,1.8894416093826294,1.000007152557373,0.8308278918266296,0.1339181363582611,,,
65,2,4,1.732123613357544,1.000000238418579,0.8550659418106079,0.09156684577465057,,,
65,2,5,1.8190860748291016,1.0000042915344238,0.8677324056625366,0.1372339427471161,,,
65,2,6,2.79378342628479,1.000008463859558,0.7760525345802307,0.07931540906429291,,,
65,2,7,2.6711316108703613,1.0,0.8257628083229065,0.03295779973268509,,,
65,2,8,1.8702752590179443,1.0000027418136597,0.8824899792671204,0.11224859207868576,,,
65,2,9,1.7661722898483276,1.0000042915344238,0.8557512760162354,0.1288377046585083,,,
65,2,10,3.1269032955169678,1.0000282526016235,0.5209921002388,0.12338333576917648,,,
65,2,11,3.1052513122558594,1.0000003576278687,0.8679571747779846,0.10425213724374771,,,
65,3,0,2.977820873260498,1.0,0.9919982552528381,0.06291239708662033,,,
65,3,1,1.9762954711914062,1.0,0.9923949837684631,0.0663953498005867,,,
65,3,2,1.4071922302246094,1.0000004768371582,0.9810510277748108,0.10632353276014328,,,
65,3,3,0.991071343421936,1.0,0.9920194745063782,0.06289376318454742,,,
65,3,4,4.039754867553711,1.0000001192092896,0.9929211139678955,0.011602777056396008,,,
65,3,5,2.7708792686462402,1.0,0.9939423203468323,0.03255688026547432,,,
65,3,6,1.7617073059082031,1.0000003576278687,0.9847995638847351,0.15382929146289825,,,
65,3,7,1.4564423561096191,1.0000003576278687,0.9904847741127014,0.11646018177270889,,,
65,3,8,1.5717039108276367,1.0000003576278687,0.9865438938140869,0.12386761605739594,,,
65,3,9,1.6200132369995117,1.0,0.9933339953422546,0.07342104613780975,,,
65,3,10,1.81689453125,1.0,0.9923027157783508,0.16104580461978912,,,
65,3,11,1.821051001548767,1.0000001192092896,0.9915171265602112,0.09859958291053772,,,
65,4,0,1.290521502494812,1.0,0.9164106845855713,0.05649538338184357,,,
65,4,1,1.6266610622406006,1.0,0.9183678030967712,0.06654740869998932,,,
65,4,2,2.38492751121521,1.0,0.9148640036582947,0.016450323164463043,,,
65,4,3,1.6316697597503662,1.000000238418579,0.9167997241020203,0.0706801488995552,,,
65,4,4,3.3021373748779297,1.0,0.9168329834938049,0.04152586683630943,,,
65,4,5,1.5027421712875366,1.0,0.915641188621521,0.061072323471307755,,,
65,4,6,2.1407463550567627,1.0,0.9169507622718811,0.04793528467416763,,,
65,4,7,1.9063633680343628,1.0000005960464478,0.9195179343223572,0.4820442199707031,,,
65,4,8,3.6327250003814697,1.0,0.9175530076026917,0.01494462601840496,,,
65,4,9,1.9278457164764404,1.0,0.9169222116470337,0.03618942201137543,,,
65,4,10,3.4721806049346924,1.0,0.9161239266395569,0.012541098520159721,,,
65,4,11,0.009571374393999577,1.0000278949737549,0.14362578094005585,0.004011186771094799,,,
65,5,0,2.1418673992156982,1.0,0.9944944977760315,0.011872181668877602,,,
65,5,1,0.5081382989883423,1.0,0.9938188195228577,0.004074507392942905,,,
65,5,2,1.4468214511871338,1.0,0.9943705201148987,0.020245414227247238,,,
65,5,3,2.325608491897583,1.0,0.9913696646690369,0.03613182157278061,,,
65,5,4,1.5056031942367554,1.0,0.9942344427108765,0.05167271941900253,,,
65,5,5,2.3548171520233154,1.0,0.9942163825035095,0.011742631904780865,,,
65,5,6,0.653217613697052,1.0,0.9938623309135437,0.023367198184132576,,,
65,5,7,0.9777661561965942,1.0,0.9940510392189026,0.03812044858932495,,,
65,5,8,1.1219416856765747,1.0,0.9940498471260071,0.028895022347569466,,,
65,5,9,3.4273717403411865,1.0,0.9950542449951172,0.008207968436181545,,,
65,5,10,3.9139599800109863,1.0000009536743164,0.9523779153823853,0.028839975595474243,,,
65,5,11,2.98791766166687,1.0,0.9948184490203857,0.11567466706037521,,,
65,6,0,1.8533134460449219,1.0000001192092896,0.9958963990211487,0.03563721850514412,,,
65,6,1,0.7112162113189697,1.0,0.9977619051933289,0.020782237872481346,,,
65,6,2,3.788222551345825,1.0,0.9971680045127869,0.013382929377257824,,,
65,6,3,1.811598539352417,1.0,0.9983100295066833,0.018197957426309586,,,
65,6,4,3.646226167678833,1.0000001192092896,0.9948802590370178,0.019806737080216408,,,
65,6,5,1.841120719909668,1.0,0.9983766078948975,0.06939467787742615,,,
65,6,6,3.2527081966400146,1.0,0.9983496069908142,0.08000850677490234,,,
65,6,7,2.416212558746338,1.0,0.9978333115577698,0.042277686297893524,,,
65,6,8,1.2917736768722534,1.0,0.9982365965843201,0.02820678800344467,,,
65,6,9,1.265059232711792,1.0,0.9979694485664368,0.006220606155693531,,,
65,6,10,3.393277406692505,1.0,0.9979784488677979,0.00993772130459547,,,
65,6,11,1.6276488304138184,1.0,0.9979618191719055,0.04959115758538246,,,
65,7,0,1.0578378438949585,1.0,0.9987359642982483,0.025624968111515045,,,
65,7,1,3.01251482963562,1.0,0.9965164661407471,0.013538516126573086,,,
65,7,2,1.0243550539016724,1.0,0.9988427758216858,0.004388006404042244,,,
65,7,3,1.599806785583496,1.0,0.9990347027778625,0.04963671416044235,,,
65,7,4,0.8724125027656555,1.0,0.9988338947296143,0.013166910968720913,,,
65,7,5,2.7769768238067627,1.0,0.997122049331665,0.02397133782505989,,,
65,7,6,3.5454981327056885,1.0,0.9985790848731995,0.01158447191119194,,,
65,7,7,1.9683676958084106,1.0,0.9990078210830688,0.012111371383070946,,,
65,7,8,1.346555233001709,1.0,0.9987550973892212,0.029390720650553703,,,
65,7,9,1.5258628129959106,1.0,0.9989368915557861,0.0339294970035553,,,
65,7,10,1.5421205759048462,1.0,0.9988954663276672,0.007766010705381632,,,
65,7,11,2.250458240509033,1.0,0.9989306926727295,0.007726818323135376,,,
65,8,0,3.444997549057007,1.0,0.9974439740180969,0.023722782731056213,,,
65,8,1,1.7848525047302246,1.0,0.9976064562797546,0.008491427637636662,,,
65,8,2,4.259969711303711,1.000000238418579,0.9847630858421326,0.010214090347290039,,,
65,8,3,2.5172059535980225,1.0,0.9977384805679321,0.018755879253149033,,,
65,8,4,1.2246487140655518,1.0,0.9976038336753845,0.05142121762037277,,,
65,8,5,1.9745491743087769,1.0,0.9973649978637695,0.037981126457452774,,,
65,8,6,2.3163371086120605,1.0,0.9978362917900085,0.016447728499770164,,,
65,8,7,1.321006417274475,1.0,0.9972471594810486,0.05529104545712471,,,
65,8,8,2.43754506111145,1.0,0.9976339936256409,0.02578923851251602,,,
65,8,9,2.536477565765381,1.0,0.9978521466255188,0.02759740501642227,,,
65,8,10,2.5206658840179443,1.0,0.99798583984375,0.06504331529140472,,,
65,8,11,2.1010935306549072,1.0,0.9975244402885437,0.012681354768574238,,,
65,9,0,2.596278429031372,1.0,0.9963344931602478,0.025626765564084053,,,
65,9,1,2.365816593170166,1.0,0.9967577457427979,0.010021082125604153,,,
65,9,2,2.835050344467163,1.0,0.9964826107025146,0.01701078563928604,,,
65,9,3,1.674628496170044,1.0,0.9970259070396423,0.043827611953020096,,,
65,9,4,2.1964333057403564,1.0,0.997825026512146,0.010772609151899815,,,
65,9,5,2.5497055053710938,1.0,0.9978749752044678,0.0330573171377182,,,
65,9,6,1.9848599433898926,1.0,0.9977256655693054,0.005585919599980116,,,
65,9,7,1.9977054595947266,1.0,0.9976431131362915,0.017602384090423584,,,
65,9,8,2.7501726150512695,1.0,0.9951319098472595,0.008875539526343346,,,
65,9,9,2.271113634109497,1.0,0.9975995421409607,0.007401426322758198,,,
65,9,10,1.1126497983932495,1.0,0.9975109696388245,0.035799503326416016,,,
65,9,11,2.986626148223877,1.0000001192092896,0.9903049468994141,0.00624097092077136,,,
65,10,0,2.8137805461883545,1.000000238418579,0.9902204275131226,0.009783201850950718,,,
65,10,1,2.2601473331451416,1.0,0.9940757751464844,0.009002797305583954,,,
65,10,2,2.4335598945617676,1.0,0.9939954876899719,0.007172637619078159,,,
65,10,3,3.3529465198516846,1.000000238418579,0.9810227751731873,0.013753359206020832,,,
65,10,4,3.282459259033203,1.0000001192092896,0.9938412308692932,0.018100837245583534,,,
65,10,5,1.0034539699554443,1.0,0.9944902658462524,0.026058977469801903,,,
65,10,6,2.1420187950134277,1.0,0.9945856332778931,0.007498434279114008,,,
65,10,7,3.0879859924316406,1.0,0.9952324032783508,0.026056861504912376,,,
65,10,8,2.7758381366729736,1.0,0.9948205351829529,0.01056717336177826,,,
65,10,9,1.4196408987045288,1.0,0.9949191808700562,0.06430642306804657,,,
65,10,10,2.2207300662994385,1.0,0.9946594834327698,0.0067606824450194836,,,
65,10,11,2.3302218914031982,1.0,0.994610071182251,0.03535302355885506,,,
65,11,0,4.787611484527588,1.0000016689300537,0.8813869953155518,0.025368914008140564,,,
65,11,1,3.062284469604492,1.0,0.9068634510040283,0.013643785379827023,,,
65,11,2,3.039733409881592,1.0000001192092896,0.9045290350914001,0.008221689611673355,,,
65,11,3,2.5230181217193604,1.0,0.9058076739311218,0.025912977755069733,,,
65,11,4,3.9959027767181396,1.0000001192092896,0.909473180770874,0.013898687437176704,,,
65,11,5,2.5201005935668945,1.0,0.9047216773033142,0.011091173626482487,,,
65,11,6,2.30120849609375,1.0,0.9037600159645081,0.006048388779163361,,,
65,11,7,3.1249451637268066,1.0,0.9070653915405273,0.018340012058615685,,,
65,11,8,3.777534008026123,1.000020980834961,0.1113123893737793,0.0983114168047905,,,
65,11,9,2.275113582611084,1.0,0.9042045474052429,0.007363285403698683,,,
65,11,10,3.0286874771118164,1.0000001192092896,0.9103219509124756,0.03953474387526512,,,
65,11,11,2.909585952758789,1.0000001192092896,0.9082273244857788,0.03295096755027771,,,
66,0,0,4.450202465057373,1.0000163316726685,0.7917734384536743,0.01860790140926838,,,
66,0,1,0.6050151586532593,1.0000317096710205,0.8032554388046265,0.8019730448722839,,,
66,0,2,4.569445610046387,1.0000132322311401,0.7940492033958435,0.04583882912993431,,,
66,0,3,0.45366886258125305,1.0000306367874146,0.7927407622337341,0.8459345698356628,,,
66,0,4,1.2292368412017822,1.0000287294387817,0.7937890887260437,0.5823559165000916,,,
66,0,5,1.7166153192520142,1.0000226497650146,0.7464303374290466,0.5255756378173828,,,
66,0,6,4.2179436683654785,1.0000213384628296,0.7057967782020569,0.031736768782138824,,,
66,0,7,1.8963674306869507,1.0000288486480713,0.7451030611991882,0.1704224795103073,,,
66,0,8,4.239047527313232,1.0000250339508057,0.79709792137146,0.0601947158575058,,,
66,0,9,4.624597549438477,1.0000196695327759,0.8475465178489685,0.02245873585343361,,,
66,0,10,4.219988822937012,1.0000253915786743,0.8766753673553467,0.15175217390060425,,,
66,0,11,5.4040913581848145,1.0000137090682983,0.7290323376655579,0.007540677208453417,,,
66,1,0,2.3780627250671387,1.0000280141830444,0.7154028415679932,0.10878685861825943,,,
66,1,1,2.72210693359375,1.0000218152999878,0.7032142877578735,0.09694866091012955,,,
66,1,2,4.7438740730285645,1.0000174045562744,0.6693711876869202,0.026780659332871437,,,
66,1,3,4.268857002258301,1.000001072883606,0.6870384812355042,0.035658422857522964,,,
66,1,4,3.748723030090332,1.000010371208191,0.8132739663124084,0.07008092850446701,,,
66,1,5,4.477729797363281,1.0000134706497192,0.831712543964386,0.08786975592374802,,,
66,1,6,4.5450358390808105,1.000009536743164,0.8199333548545837,0.03700494021177292,,,
66,1,7,4.892759323120117,1.000012993812561,0.8340204358100891,0.02093356102705002,,,
66,1,8,5.321160316467285,1.0000042915344238,0.7943567037582397,0.009305287152528763,,,
66,1,9,5.374172210693359,1.0000065565109253,0.7740058898925781,0.007178070954978466,,,
66,1,10,4.434650421142578,1.000013828277588,0.6051023602485657,0.041548117995262146,,,
66,1,11,1.911690592765808,1.0000275373458862,0.7582618594169617,0.6105214953422546,,,
66,2,0,2.574188232421875,1.0000014305114746,0.8806337118148804,0.10497819632291794,,,
66,2,1,4.812760829925537,1.000001072883606,0.8654249310493469,0.01018440630286932,,,
66,2,2,1.1544185876846313,1.0000042915344238,0.8844686150550842,0.1309010535478592,,,
66,2,3,1.9595768451690674,1.0000064373016357,0.8507448434829712,0.13448642194271088,,,
66,2,4,1.766116738319397,1.0000003576278687,0.8629763126373291,0.09401452541351318,,,
66,2,5,1.812491774559021,1.0000040531158447,0.865590512752533,0.1396704763174057,,,
66,2,6,2.8304450511932373,1.0000076293945312,0.780015766620636,0.08097842335700989,,,
66,2,7,2.677790880203247,1.0,0.8338712453842163,0.033342406153678894,,,
66,2,8,1.8960983753204346,1.0000027418136597,0.8860662579536438,0.11028262227773666,,,
66,2,9,1.793495774269104,1.0000038146972656,0.8635097742080688,0.12880519032478333,,,
66,2,10,3.1308627128601074,1.0000288486480713,0.5109190344810486,0.12556642293930054,,,
66,2,11,3.1169612407684326,1.000000238418579,0.8756881952285767,0.1051350012421608,,,
66,3,0,3.0641276836395264,1.0,0.9932510852813721,0.058730486780405045,,,
66,3,1,1.9916155338287354,1.0000001192092896,0.9932162761688232,0.0596911646425724,,,
66,3,2,1.441745400428772,1.0000004768371582,0.9862762093544006,0.1096048578619957,,,
66,3,3,1.0092462301254272,1.0,0.9929897785186768,0.06623487174510956,,,
66,3,4,3.9459781646728516,1.0,0.9937248229980469,0.010171297006309032,,,
66,3,5,2.77280592918396,1.0,0.994544267654419,0.03290487080812454,,,
66,3,6,1.7532585859298706,1.0000004768371582,0.9849893450737,0.1550297737121582,,,
66,3,7,1.4883520603179932,1.000000238418579,0.9913628101348877,0.11990329623222351,,,
66,3,8,1.5567519664764404,1.000000238418579,0.9870944619178772,0.11777345836162567,,,
66,3,9,1.6364132165908813,1.0,0.9938438534736633,0.07095400243997574,,,
66,3,10,1.8350962400436401,1.0,0.993335485458374,0.16029559075832367,,,
66,3,11,1.8174824714660645,1.0000001192092896,0.991381049156189,0.10370558500289917,,,
66,4,0,1.294740080833435,1.0000001192092896,0.916328489780426,0.05667597055435181,,,
66,4,1,1.6225141286849976,1.0,0.9183305501937866,0.06322145462036133,,,
66,4,2,2.2327563762664795,1.0,0.915030837059021,0.01535712368786335,,,
66,4,3,1.6161870956420898,1.0,0.9170608520507812,0.06510431319475174,,,
66,4,4,3.298243999481201,1.0,0.9173057675361633,0.04042970389127731,,,
66,4,5,1.4620851278305054,1.0,0.9157581925392151,0.05515491962432861,,,
66,4,6,2.086509943008423,1.0,0.9169992208480835,0.04594406113028526,,,
66,4,7,1.8996844291687012,1.0000003576278687,0.920738160610199,0.4613001346588135,,,
66,4,8,3.418341875076294,1.0,0.9172220230102539,0.013395261019468307,,,
66,4,9,1.9050428867340088,1.0,0.9170898199081421,0.03691909462213516,,,
66,4,10,3.520298719406128,1.0,0.9164369106292725,0.012871340848505497,,,
66,4,11,0.009837268851697445,1.0000293254852295,0.13735996186733246,0.003835916519165039,,,
66,5,0,1.8991210460662842,1.0,0.9962912201881409,0.009708570316433907,,,
66,5,1,0.3926037847995758,1.0,0.9959171414375305,0.00370214250870049,,,
66,5,2,1.4054564237594604,1.0,0.9962657690048218,0.021712522953748703,,,
66,5,3,2.308589458465576,1.0,0.9945102334022522,0.03548296168446541,,,
66,5,4,1.4636353254318237,1.0,0.9962405562400818,0.04880979657173157,,,
66,5,5,2.0402956008911133,1.0,0.9963412880897522,0.01036039087921381,,,
66,5,6,0.6718148589134216,1.0,0.9960314035415649,0.02427295781672001,,,
66,5,7,0.9683101773262024,1.0,0.9960143566131592,0.035741712898015976,,,
66,5,8,1.1124011278152466,1.0,0.9961992502212524,0.027434436604380608,,,
66,5,9,2.944481611251831,1.0,0.996673583984375,0.008052479475736618,,,
66,5,10,3.6798501014709473,1.0000005960464478,0.9681405425071716,0.03016948513686657,,,
66,5,11,2.9834930896759033,1.0,0.9962553381919861,0.11949579417705536,,,
66,6,0,1.8570269346237183,1.0,0.9960259795188904,0.035244572907686234,,,
66,6,1,0.7393246293067932,1.0,0.9980303049087524,0.02107112482190132,,,
66,6,2,3.6554574966430664,1.0,0.9973196387290955,0.014191710390150547,,,
66,6,3,1.5272225141525269,1.0,0.9983545541763306,0.015965018421411514,,,
66,6,4,3.4057810306549072,1.0,0.9949319362640381,0.016100432723760605,,,
66,6,5,1.6758679151535034,1.0,0.9984670877456665,0.0625476986169815,,,
66,6,6,3.1714932918548584,1.0,0.9984412789344788,0.07519952952861786,,,
66,6,7,2.278604507446289,1.0,0.9975594878196716,0.04394860938191414,,,
66,6,8,1.2217832803726196,1.0,0.998352587223053,0.02751871943473816,,,
66,6,9,0.9302281737327576,1.0,0.9980753064155579,0.0053494093008339405,,,
66,6,10,3.4129319190979004,1.0,0.9980135560035706,0.009708058089017868,,,
66,6,11,1.5604997873306274,1.0,0.9980752468109131,0.043584536761045456,,,
66,7,0,1.0836325883865356,1.0,0.9991819262504578,0.025997860357165337,,,
66,7,1,2.075977325439453,1.0,0.9992991089820862,0.007596620824187994,,,
66,7,2,0.7786127924919128,1.0,0.9993873238563538,0.003865466918796301,,,
66,7,3,1.393405795097351,1.0,0.9995228052139282,0.04234873130917549,,,
66,7,4,0.837131679058075,1.0,0.9994365572929382,0.01352187804877758,,,
66,7,5,2.7037737369537354,1.0,0.9979337453842163,0.02144760452210903,,,
66,7,6,3.1262717247009277,1.0,0.9992544054985046,0.01018966268748045,,,
66,7,7,1.8961215019226074,1.0,0.9994552731513977,0.010887582786381245,,,
66,7,8,1.3458483219146729,1.0,0.9991512298583984,0.03651187941431999,,,
66,7,9,1.3032468557357788,1.0,0.9994515776634216,0.024859627708792686,,,
66,7,10,0.891334593296051,1.0,0.9993835687637329,0.004619397688657045,,,
66,7,11,2.224066972732544,1.0,0.9993929266929626,0.0072663044556975365,,,
66,8,0,3.391296625137329,1.0,0.9975664615631104,0.023253170773386955,,,
66,8,1,1.4520663022994995,1.0,0.997584342956543,0.0076340544037520885,,,
66,8,2,4.293250560760498,1.0000003576278687,0.9837610721588135,0.011288105510175228,,,
66,8,3,1.734350562095642,1.0,0.9976903796195984,0.016012754291296005,,,
66,8,4,1.2426155805587769,1.0,0.9976584911346436,0.0567614771425724,,,
66,8,5,1.905503511428833,1.0,0.9977085590362549,0.04015708714723587,,,
66,8,6,2.1991782188415527,1.0,0.9978576898574829,0.01611439883708954,,,
66,8,7,1.374491572380066,1.0,0.99722820520401,0.059297576546669006,,,
66,8,8,2.193004846572876,1.0,0.9975302219390869,0.02643394283950329,,,
66,8,9,2.30362606048584,1.0,0.9978950619697571,0.030968645587563515,,,
66,8,10,2.3428664207458496,1.0,0.9979972243309021,0.059528984129428864,,,
66,8,11,2.0421805381774902,1.0,0.9972517490386963,0.0164793711155653,,,
66,9,0,2.0013351440429688,1.0,0.99822598695755,0.020038442686200142,,,
66,9,1,2.011923313140869,1.0,0.9980180263519287,0.010064390487968922,,,
66,9,2,2.0048863887786865,1.0,0.99826580286026,0.013764208182692528,,,
66,9,3,1.6627213954925537,1.0,0.9974043369293213,0.04799468070268631,,,
66,9,4,1.6223695278167725,1.0,0.9983955025672913,0.009848064742982388,,,
66,9,5,2.180936336517334,1.0,0.9984468221664429,0.02891341596841812,,,
66,9,6,1.3473138809204102,1.0,0.9983794689178467,0.004689509514719248,,,
66,9,7,1.7078899145126343,1.0,0.9983058571815491,0.015687523409724236,,,
66,9,8,2.7255237102508545,1.0000001192092896,0.9883738160133362,0.009437499567866325,,,
66,9,9,1.394916296005249,1.0,0.9983707070350647,0.00548118632286787,,,
66,9,10,1.1637400388717651,1.0,0.9982173442840576,0.03436638042330742,,,
66,9,11,2.590047836303711,1.0,0.9965929388999939,0.006266135256737471,,,
66,10,0,2.2836074829101562,1.0,0.9967811107635498,0.010295196436345577,,,
66,10,1,1.6626569032669067,1.0,0.9983774423599243,0.007980044931173325,,,
66,10,2,1.7651549577713013,1.0,0.998114824295044,0.00786469504237175,,,
66,10,3,3.0837104320526123,1.0,0.9965354800224304,0.014301975257694721,,,
66,10,4,2.9919371604919434,1.0,0.9979432821273804,0.016640864312648773,,,
66,10,5,0.9572006464004517,1.0,0.998130738735199,0.02318178117275238,,,
66,10,6,1.761487603187561,1.0,0.9983569979667664,0.008250058628618717,,,
66,10,7,3.031196117401123,1.0,0.997332751750946,0.028584379702806473,,,
66,10,8,2.2509758472442627,1.0,0.9963427186012268,0.009840195067226887,,,
66,10,9,1.2894103527069092,1.0,0.9982683658599854,0.060150206089019775,,,
66,10,10,1.5692073106765747,1.0,0.9980420470237732,0.006191798951476812,,,
66,10,11,2.1543352603912354,1.0,0.9978853464126587,0.0382017120718956,,,
66,11,0,4.859201908111572,1.0000016689300537,0.8798757791519165,0.026676207780838013,,,
66,11,1,2.642127752304077,1.0,0.906580924987793,0.015223471447825432,,,
66,11,2,2.792159080505371,1.0000001192092896,0.9056646227836609,0.009480380453169346,,,
66,11,3,2.5053417682647705,1.0,0.9075559377670288,0.030525753274559975,,,
66,11,4,3.7574753761291504,1.0000001192092896,0.9100390076637268,0.01414752658456564,,,
66,11,5,2.2646617889404297,1.0,0.9056187272071838,0.01041907723993063,,,
66,11,6,1.8813209533691406,1.0,0.9048227667808533,0.006626944523304701,,,
66,11,7,2.645017623901367,1.0,0.9069450497627258,0.01718870922923088,,,
66,11,8,3.870575189590454,1.0000216960906982,0.10216949135065079,0.1009465679526329,,,
66,11,9,1.914965033531189,1.0,0.9046403765678406,0.007048103027045727,,,
66,11,10,3.064527988433838,1.0,0.9106668829917908,0.04005856066942215,,,
66,11,11,2.821084976196289,1.0,0.9095582365989685,0.03158040717244148,,,
67,0,0,4.3649091720581055,1.0000172853469849,0.7832369208335876,0.019642110913991928,,,
67,0,1,0.5773137211799622,1.000030755996704,0.8023338317871094,0.8150094747543335,,,
67,0,2,4.587303638458252,1.0000123977661133,0.7875654101371765,0.04300081729888916,,,
67,0,3,0.4311693608760834,1.000030755996704,0.7839027643203735,0.8436999320983887,,,
67,0,4,1.2662980556488037,1.0000286102294922,0.787121057510376,0.57915860414505,,,
67,0,5,1.6761375665664673,1.0000228881835938,0.7556672692298889,0.5194643139839172,,,
67,0,6,4.221970558166504,1.0000205039978027,0.7082962393760681,0.0355248786509037,,,
67,0,7,1.9515886306762695,1.0000276565551758,0.7430185079574585,0.1720103621482849,,,
67,0,8,4.161923408508301,1.0000234842300415,0.7912111282348633,0.06254887580871582,,,
67,0,9,4.614764213562012,1.0000170469284058,0.8394927382469177,0.022979356348514557,,,
67,0,10,4.207191467285156,1.0000245571136475,0.8735544085502625,0.15057273209095,,,
67,0,11,5.383545875549316,1.0000145435333252,0.7239071130752563,0.007604413665831089,,,
67,1,0,2.3541860580444336,1.0000265836715698,0.7064281702041626,0.10440187156200409,,,
67,1,1,2.7289645671844482,1.0000218152999878,0.7016615271568298,0.0931873619556427,,,
67,1,2,4.746105194091797,1.0000168085098267,0.6589069962501526,0.026627566665410995,,,
67,1,3,4.267858505249023,1.000001072883606,0.6820526719093323,0.035860318690538406,,,
67,1,4,3.760634660720825,1.00001060962677,0.8067852258682251,0.06849081814289093,,,
67,1,5,4.376845359802246,1.0000132322311401,0.8194852471351624,0.09027601033449173,,,
67,1,6,4.500884532928467,1.000010371208191,0.802113950252533,0.032952357083559036,,,
67,1,7,4.885611534118652,1.0000131130218506,0.8224687576293945,0.019754167646169662,,,
67,1,8,5.3027215003967285,1.0000042915344238,0.7896305322647095,0.010183901526033878,,,
67,1,9,5.338402271270752,1.0000067949295044,0.7652955651283264,0.007598920725286007,,,
67,1,10,4.427733421325684,1.000012993812561,0.6045046448707581,0.04135730117559433,,,
67,1,11,1.802669644355774,1.0000277757644653,0.7487785220146179,0.6325284838676453,,,
67,2,0,2.5220460891723633,1.0000017881393433,0.8786472678184509,0.10356229543685913,,,
67,2,1,4.664119720458984,1.0000008344650269,0.8588742613792419,0.009486639872193336,,,
67,2,2,1.1467149257659912,1.0000052452087402,0.8786458969116211,0.12237370014190674,,,
67,2,3,1.9342598915100098,1.0000051259994507,0.8597604632377625,0.12875014543533325,,,
67,2,4,1.698180913925171,1.0000001192092896,0.8582972884178162,0.08629636466503143,,,
67,2,5,1.8095955848693848,1.0000046491622925,0.8616447448730469,0.13612791895866394,,,
67,2,6,2.8508856296539307,1.0000073909759521,0.776492714881897,0.07912995666265488,,,
67,2,7,2.6837635040283203,1.0,0.8313704133033752,0.033325180411338806,,,
67,2,8,1.8537366390228271,1.0000025033950806,0.8841337561607361,0.10647337883710861,,,
67,2,9,1.8045400381088257,1.0000042915344238,0.8647276163101196,0.12858708202838898,,,
67,2,10,3.1349124908447266,1.0000289678573608,0.48874303698539734,0.12295054644346237,,,
67,2,11,3.102574110031128,1.0000003576278687,0.8730834722518921,0.10512559115886688,,,
67,3,0,2.9099206924438477,1.0,0.9929494261741638,0.06617237627506256,,,
67,3,1,1.9863009452819824,1.0,0.992840588092804,0.058338187634944916,,,
67,3,2,1.4397681951522827,1.0000003576278687,0.9862143993377686,0.11069487780332565,,,
67,3,3,0.9797321557998657,1.0,0.9927501678466797,0.06296340376138687,,,
67,3,4,3.9637598991394043,1.0,0.9932743310928345,0.011102794669568539,,,
67,3,5,2.8376901149749756,1.0,0.9944432973861694,0.03623608872294426,,,
67,3,6,1.7499971389770508,1.0000003576278687,0.9861732721328735,0.15258298814296722,,,
67,3,7,1.4754866361618042,1.000000238418579,0.9912207126617432,0.11371152848005295,,,
67,3,8,1.5341458320617676,1.0000003576278687,0.9869632124900818,0.12361902743577957,,,
67,3,9,1.6207572221755981,1.0,0.9939191937446594,0.08255595713853836,,,
67,3,10,1.809628963470459,1.0,0.9930049777030945,0.15424561500549316,,,
67,3,11,1.7674357891082764,1.0000001192092896,0.99127197265625,0.09698382765054703,,,
67,4,0,1.2292792797088623,1.0,0.9159106612205505,0.05767820402979851,,,
67,4,1,1.6002658605575562,1.0000001192092896,0.9174522161483765,0.06258990615606308,,,
67,4,2,2.3214640617370605,1.0,0.9147226810455322,0.0161772258579731,,,
67,4,3,1.6783168315887451,1.0000001192092896,0.9166996479034424,0.06812859326601028,,,
67,4,4,3.263899326324463,1.0,0.9168355464935303,0.04331950470805168,,,
67,4,5,1.4612705707550049,1.0,0.9156261682510376,0.0579051710665226,,,
67,4,6,2.1762282848358154,1.0,0.9174394607543945,0.050005871802568436,,,
67,4,7,1.8759723901748657,1.0000003576278687,0.9201998114585876,0.48546913266181946,,,
67,4,8,3.7193408012390137,1.0,0.9181486368179321,0.016099896281957626,,,
67,4,9,1.9672465324401855,1.0,0.9174572229385376,0.039750486612319946,,,
67,4,10,3.261871814727783,1.0,0.915454626083374,0.012321541085839272,,,
67,4,11,0.009791511110961437,1.0000275373458862,0.14388126134872437,0.003619465744122863,,,
67,5,0,2.133561134338379,1.0,0.9929417967796326,0.012733844108879566,,,
67,5,1,0.4088234305381775,1.0,0.9920744299888611,0.004497954621911049,,,
67,5,2,1.4683502912521362,1.0,0.992771565914154,0.019664665684103966,,,
67,5,3,2.3690855503082275,1.0000001192092896,0.9890291094779968,0.03666090965270996,,,
67,5,4,1.5009711980819702,1.0,0.9927552938461304,0.051093004643917084,,,
67,5,5,2.4268276691436768,1.0,0.9928707480430603,0.01438615657389164,,,
67,5,6,0.6563073396682739,1.0,0.9921827912330627,0.02244516648352146,,,
67,5,7,1.0073132514953613,1.0,0.9923600554466248,0.038490500301122665,,,
67,5,8,1.2396198511123657,1.0,0.992580771446228,0.029637865722179413,,,
67,5,9,3.446324110031128,1.0,0.9935394525527954,0.008973862044513226,,,
67,5,10,3.866041660308838,1.0000011920928955,0.9357578754425049,0.030655216425657272,,,
67,5,11,2.883119583129883,1.0,0.9932929873466492,0.1289568990468979,,,
67,6,0,1.879990577697754,1.0000001192092896,0.9932359457015991,0.03734184056520462,,,
67,6,1,0.8799019455909729,1.0,0.9978294372558594,0.024219319224357605,,,
67,6,2,3.681994915008545,1.0,0.9976227283477783,0.014271792955696583,,,
67,6,3,1.9242370128631592,1.0,0.9983167052268982,0.020018478855490685,,,
67,6,4,3.4828264713287354,1.0,0.9964397549629211,0.01805848628282547,,,
67,6,5,1.8323577642440796,1.0,0.9983112215995789,0.06590546667575836,,,
67,6,6,3.243131160736084,1.0,0.99826979637146,0.07980045676231384,,,
67,6,7,2.487931728363037,1.0,0.9971717596054077,0.04362204670906067,,,
67,6,8,1.3308640718460083,1.0,0.9982429146766663,0.02835453487932682,,,
67,6,9,1.2020525932312012,1.0,0.9978929758071899,0.007571249734610319,,,
67,6,10,3.313398838043213,1.0,0.9979264736175537,0.009171133860945702,,,
67,6,11,1.6500221490859985,1.0,0.9980491995811462,0.05175390839576721,,,
67,7,0,1.033896565437317,1.0,0.9988973736763,0.026033705100417137,,,
67,7,1,3.0547966957092285,1.0,0.9965425133705139,0.015882425010204315,,,
67,7,2,0.7881638407707214,1.0,0.9988470077514648,0.005100822541862726,,,
67,7,3,1.6551953554153442,1.0,0.9991089105606079,0.048656165599823,,,
67,7,4,0.9461360573768616,1.0,0.9989367127418518,0.015902452170848846,,,
67,7,5,2.6898715496063232,1.0,0.9980150461196899,0.02445136569440365,,,
67,7,6,3.4262077808380127,1.0,0.9987993836402893,0.011394767090678215,,,
67,7,7,1.8288325071334839,1.0,0.9990382790565491,0.011921399272978306,,,
67,7,8,1.435948371887207,1.0,0.9985007643699646,0.03057762049138546,,,
67,7,9,1.6166884899139404,1.0,0.9988391399383545,0.03263826668262482,,,
67,7,10,1.504394292831421,1.0,0.9990186095237732,0.0075098550878465176,,,
67,7,11,2.0770795345306396,1.0,0.9989496469497681,0.007089595310389996,,,
67,8,0,3.3603155612945557,1.0,0.997445821762085,0.025638176128268242,,,
67,8,1,1.537959337234497,1.0,0.9970887899398804,0.009949682280421257,,,
67,8,2,4.307226181030273,1.0000003576278687,0.9820908904075623,0.011411371640861034,,,
67,8,3,2.6105105876922607,1.0,0.9972901940345764,0.019542334601283073,,,
67,8,4,1.1653393507003784,1.0,0.9971723556518555,0.049159251153469086,,,
67,8,5,1.9520915746688843,1.0,0.9968790411949158,0.040023114532232285,,,
67,8,6,2.1962547302246094,1.0,0.9973931908607483,0.01851463131606579,,,
67,8,7,1.234439730644226,1.0,0.9971597790718079,0.05126228183507919,,,
67,8,8,2.596738576889038,1.0,0.9959535002708435,0.02829512022435665,,,
67,8,9,2.45773983001709,1.0,0.9974541068077087,0.02672259695827961,,,
67,8,10,2.435497760772705,1.0,0.9976219534873962,0.06524466723203659,,,
67,8,11,1.8145101070404053,1.0,0.9972056746482849,0.013287719339132309,,,
67,9,0,2.657992124557495,1.000000238418579,0.9929558038711548,0.023127641528844833,,,
67,9,1,2.3152003288269043,1.0,0.9973323345184326,0.011062183417379856,,,
67,9,2,2.7547361850738525,1.0,0.9964498281478882,0.013637829571962357,,,
67,9,3,1.6543571949005127,1.0,0.9971948862075806,0.04709428548812866,,,
67,9,4,2.145362138748169,1.0,0.9980030655860901,0.011057442054152489,,,
67,9,5,2.4582056999206543,1.0,0.9980077743530273,0.03190236538648605,,,
67,9,6,1.9571183919906616,1.0,0.9978895783424377,0.0057520270347595215,,,
67,9,7,2.029160976409912,1.0,0.9977548718452454,0.01825050264596939,,,
67,9,8,2.4154913425445557,1.0,0.9975233674049377,0.008923890069127083,,,
67,9,9,2.2551686763763428,1.0,0.9977567791938782,0.008830258622765541,,,
67,9,10,1.2524948120117188,1.0,0.9976089000701904,0.04728013277053833,,,
67,9,11,2.563650131225586,1.000000238418579,0.9922454953193665,0.005387782119214535,,,
67,10,0,2.6800053119659424,1.0000001192092896,0.9927337765693665,0.010112153366208076,,,
67,10,1,2.297654867172241,1.0,0.9943434000015259,0.009558333083987236,,,
67,10,2,2.727018117904663,1.0,0.9917101263999939,0.009398151189088821,,,
67,10,3,3.243682384490967,1.0000004768371582,0.9815652966499329,0.011889113113284111,,,
67,10,4,3.34498929977417,1.0000001192092896,0.9921577572822571,0.01970836892724037,,,
67,10,5,1.1599997282028198,1.0,0.9942440390586853,0.03206745535135269,,,
67,10,6,1.9945104122161865,1.0,0.9946117997169495,0.006763453129678965,,,
67,10,7,3.236449718475342,1.0000001192092896,0.9946912527084351,0.023368652909994125,,,
67,10,8,2.6695990562438965,1.0,0.9944082498550415,0.011538035236299038,,,
67,10,9,1.4750423431396484,1.0,0.9947026968002319,0.07758589088916779,,,
67,10,10,2.2727248668670654,1.0,0.9941036701202393,0.0067594703286886215,,,
67,10,11,2.422675371170044,1.0,0.9937943816184998,0.03529873117804527,,,
67,11,0,4.866537094116211,1.0000019073486328,0.8747261166572571,0.023302491754293442,,,
67,11,1,3.548616647720337,1.0000001192092896,0.9077510237693787,0.018915418535470963,,,
67,11,2,2.939866304397583,1.0000001192092896,0.9027699828147888,0.009164637885987759,,,
67,11,3,1.89128839969635,1.0,0.9010657668113708,0.018617775291204453,,,
67,11,4,4.075829982757568,1.0000001192092896,0.9094537496566772,0.014821931719779968,,,
67,11,5,2.8440022468566895,1.0,0.9039880633354187,0.013413767330348492,,,
67,11,6,2.53926157951355,1.0,0.9030414819717407,0.007005101069808006,,,
67,11,7,3.0452661514282227,1.0,0.9046559929847717,0.019774019718170166,,,
67,11,8,3.782928705215454,1.0000213384628296,0.1159244030714035,0.10257858037948608,,,
67,11,9,2.3470749855041504,1.0,0.9022872447967529,0.007380781229585409,,,
67,11,10,3.185746908187866,1.0000001192092896,0.9095947742462158,0.042527858167886734,,,
67,11,11,3.2098004817962646,1.0000001192092896,0.909337043762207,0.03489650785923004,,,
68,0,0,4.446603775024414,1.0000182390213013,0.793626070022583,0.018084917217493057,,,
68,0,1,0.5685966610908508,1.00003182888031,0.8060829639434814,0.8220937848091125,,,
68,0,2,4.672216415405273,1.0000145435333252,0.7998056411743164,0.03808089345693588,,,
68,0,3,0.43044227361679077,1.0000309944152832,0.7874019145965576,0.8305491209030151,,,
68,0,4,1.2451616525650024,1.000028133392334,0.7754749059677124,0.5469765067100525,,,
68,0,5,1.6268539428710938,1.0000239610671997,0.7560501098632812,0.5255635380744934,,,
68,0,6,4.288664817810059,1.0000213384628296,0.7145276665687561,0.032557930797338486,,,
68,0,7,1.9185105562210083,1.0000284910202026,0.7528355121612549,0.16750551760196686,,,
68,0,8,4.277052879333496,1.0000239610671997,0.7824989557266235,0.057904403656721115,,,
68,0,9,4.640021800994873,1.0000181198120117,0.8488776683807373,0.022493883967399597,,,
68,0,10,4.2258710861206055,1.0000258684158325,0.8761444091796875,0.153354212641716,,,
68,0,11,5.415260314941406,1.0000145435333252,0.726043701171875,0.007390260696411133,,,
68,1,0,2.337566614151001,1.0000272989273071,0.7025613188743591,0.10661124438047409,,,
68,1,1,2.709818124771118,1.0000224113464355,0.6991731524467468,0.08998467028141022,,,
68,1,2,4.749271869659424,1.0000169277191162,0.676685094833374,0.026289448142051697,,,
68,1,3,4.2974042892456055,1.0000014305114746,0.6901931166648865,0.035290464758872986,,,
68,1,4,3.7571897506713867,1.0000112056732178,0.8107179999351501,0.06841948628425598,,,
68,1,5,4.488888263702393,1.0000126361846924,0.8321679830551147,0.08965524286031723,,,
68,1,6,4.459659576416016,1.0000090599060059,0.8053674101829529,0.0314965546131134,,,
68,1,7,4.976881504058838,1.0000122785568237,0.8289713263511658,0.019475381821393967,,,
68,1,8,5.331866264343262,1.0000048875808716,0.7960319519042969,0.00929947104305029,,,
68,1,9,5.385350704193115,1.0000061988830566,0.7718178033828735,0.006879854016005993,,,
68,1,10,4.449183464050293,1.0000137090682983,0.6073257327079773,0.04086211696267128,,,
68,1,11,1.6581884622573853,1.0000282526016235,0.7546844482421875,0.6610545516014099,,,
68,2,0,2.5460798740386963,1.0000014305114746,0.8668810129165649,0.10760633647441864,,,
68,2,1,4.742074012756348,1.0000005960464478,0.8464877605438232,0.009466251358389854,,,
68,2,2,1.139908790588379,1.0000083446502686,0.8628813028335571,0.12297309190034866,,,
68,2,3,1.9301866292953491,1.0000076293945312,0.827087938785553,0.13161981105804443,,,
68,2,4,1.7194523811340332,1.000000238418579,0.8442283868789673,0.08505594730377197,,,
68,2,5,1.8056812286376953,1.0000063180923462,0.8526239991188049,0.13435602188110352,,,
68,2,6,2.8866965770721436,1.0000087022781372,0.7515152096748352,0.08040924370288849,,,
68,2,7,2.651218891143799,1.0,0.8127048015594482,0.03221932426095009,,,
68,2,8,1.8860352039337158,1.0000038146972656,0.8736204504966736,0.10781103372573853,,,
68,2,9,1.7478172779083252,1.0000064373016357,0.8347445130348206,0.12484433501958847,,,
68,2,10,3.1419475078582764,1.0000295639038086,0.5228038430213928,0.1213858351111412,,,
68,2,11,3.1287474632263184,1.0000003576278687,0.858656644821167,0.10316123068332672,,,
68,3,0,2.934540033340454,1.0,0.9919010400772095,0.058969706296920776,,,
68,3,1,2.042492628097534,1.0000001192092896,0.991485059261322,0.05770052969455719,,,
68,3,2,1.4156666994094849,1.0000004768371582,0.9797852039337158,0.10966106504201889,,,
68,3,3,0.9829173684120178,1.0,0.9914134740829468,0.061027079820632935,,,
68,3,4,3.9954938888549805,1.0,0.9922705292701721,0.009578950703144073,,,
68,3,5,2.7430310249328613,1.0,0.9932889342308044,0.03355342522263527,,,
68,3,6,1.7768040895462036,1.0000004768371582,0.9820967316627502,0.14519774913787842,,,
68,3,7,1.482897400856018,1.0000003576278687,0.9898584485054016,0.11066706478595734,,,
68,3,8,1.5795484781265259,1.0000003576278687,0.9854755401611328,0.11714450269937515,,,
68,3,9,1.6451109647750854,1.0,0.9927295446395874,0.0737941786646843,,,
68,3,10,1.813448190689087,1.0,0.9916998147964478,0.1551409661769867,,,
68,3,11,1.8252108097076416,1.0000001192092896,0.9909440875053406,0.10128772258758545,,,
68,4,0,1.2602652311325073,1.0,0.9156103134155273,0.05885475128889084,,,
68,4,1,1.711089015007019,1.0000001192092896,0.9181941747665405,0.06474263966083527,,,
68,4,2,2.5325021743774414,1.0,0.9151462912559509,0.016395393759012222,,,
68,4,3,1.6275904178619385,1.0000001192092896,0.9160833954811096,0.06652291864156723,,,
68,4,4,3.2365095615386963,1.0,0.9161915183067322,0.04050817713141441,,,
68,4,5,1.4538962841033936,1.0,0.9148582816123962,0.05252630263566971,,,
68,4,6,2.1568338871002197,1.0,0.9166347980499268,0.045493122190237045,,,
68,4,7,1.9341797828674316,1.0000005960464478,0.9188178777694702,0.47459110617637634,,,
68,4,8,3.648782253265381,1.0,0.9174088835716248,0.01678737811744213,,,
68,4,9,1.9424428939819336,1.0,0.9167504906654358,0.03852648660540581,,,
68,4,10,3.277663469314575,1.0,0.9148460030555725,0.011018995195627213,,,
68,4,11,0.011419459246098995,1.000028371810913,0.14325371384620667,0.0032796254381537437,,,
68,5,0,1.9676560163497925,1.0,0.9952539205551147,0.01043600495904684,,,
68,5,1,0.40158456563949585,1.0,0.9946960210800171,0.004021507687866688,,,
68,5,2,1.447557806968689,1.0,0.9951534271240234,0.01906796172261238,,,
68,5,3,2.381229877471924,1.0,0.991432249546051,0.03422587737441063,,,
68,5,4,1.5265363454818726,1.0,0.9951642751693726,0.051034025847911835,,,
68,5,5,2.3848884105682373,1.0,0.9951492547988892,0.012895545922219753,,,
68,5,6,0.692915678024292,1.0,0.9948834776878357,0.02598682790994644,,,
68,5,7,1.0082861185073853,1.0,0.994969367980957,0.038385044783353806,,,
68,5,8,1.1477292776107788,1.0,0.995079755783081,0.02866075374186039,,,
68,5,9,3.3290340900421143,1.0,0.9958302974700928,0.007937640883028507,,,
68,5,10,3.7974605560302734,1.0000008344650269,0.9610620737075806,0.03208484128117561,,,
68,5,11,2.9322903156280518,1.0,0.9955921769142151,0.11764943599700928,,,
68,6,0,1.839778184890747,1.0000001192092896,0.9951984286308289,0.03583667799830437,,,
68,6,1,0.7559807896614075,1.0,0.9975486993789673,0.021868782117962837,,,
68,6,2,3.7540416717529297,1.0,0.9969123601913452,0.013280501589179039,,,
68,6,3,1.7512428760528564,1.0,0.9981063604354858,0.01750986836850643,,,
68,6,4,3.65824818611145,1.000000238418579,0.9929649829864502,0.019579080864787102,,,
68,6,5,1.8747941255569458,1.0,0.9982235431671143,0.06419955939054489,,,
68,6,6,3.162949562072754,1.0,0.9981974959373474,0.07672055810689926,,,
68,6,7,2.32841157913208,1.0,0.9977558255195618,0.03984072804450989,,,
68,6,8,1.3458794355392456,1.0,0.997982919216156,0.02779773436486721,,,
68,6,9,1.0319275856018066,1.0,0.9976069927215576,0.005744815804064274,,,
68,6,10,3.287379026412964,1.0,0.997877836227417,0.008887246251106262,,,
68,6,11,1.663378357887268,1.0,0.9975950121879578,0.05350766330957413,,,
68,7,0,1.0603008270263672,1.0,0.9988269805908203,0.026612957939505577,,,
68,7,1,3.1150033473968506,1.0,0.9972254037857056,0.012529633939266205,,,
68,7,2,0.8593639135360718,1.0,0.9989757537841797,0.003835075069218874,,,
68,7,3,1.6809821128845215,1.0,0.99924236536026,0.052535224705934525,,,
68,7,4,0.9773357510566711,1.0,0.999076783657074,0.014688554219901562,,,
68,7,5,2.751923084259033,1.0,0.997887372970581,0.0230010487139225,,,
68,7,6,3.4261417388916016,1.0,0.9987830519676208,0.010822747834026814,,,
68,7,7,1.5791703462600708,1.0,0.9991453289985657,0.008257807232439518,,,
68,7,8,1.3650367259979248,1.0,0.9989110827445984,0.03366178646683693,,,
68,7,9,1.6177681684494019,1.0,0.9990419149398804,0.03719909116625786,,,
68,7,10,1.2704685926437378,1.0,0.9990047216415405,0.007413901388645172,,,
68,7,11,2.049499988555908,1.0,0.9990827441215515,0.00688488595187664,,,
68,8,0,3.407501459121704,1.0,0.9972907900810242,0.02348869852721691,,,
68,8,1,1.3955776691436768,1.0,0.9970278143882751,0.0073021529242396355,,,
68,8,2,4.3495378494262695,1.0000004768371582,0.9810869097709656,0.01259981282055378,,,
68,8,3,2.505321502685547,1.0,0.9973576068878174,0.01796746626496315,,,
68,8,4,1.2329258918762207,1.0,0.9972506165504456,0.053231287747621536,,,
68,8,5,2.03722882270813,1.0,0.9965677857398987,0.04144158959388733,,,
68,8,6,1.9736746549606323,1.0,0.9974107146263123,0.015206022188067436,,,
68,8,7,1.2632604837417603,1.0,0.997031569480896,0.05136794596910477,,,
68,8,8,2.3710601329803467,1.0,0.9970767498016357,0.025849971920251846,,,
68,8,9,2.3442060947418213,1.0,0.9974498152732849,0.02569074183702469,,,
68,8,10,2.487532138824463,1.0,0.9976515173912048,0.06211134418845177,,,
68,8,11,1.9017680883407593,1.0,0.9971870183944702,0.010238703340291977,,,
68,9,0,2.6161701679229736,1.0000001192092896,0.9947189092636108,0.022510426118969917,,,
68,9,1,2.377722978591919,1.0,0.9972196817398071,0.01049873512238264,,,
68,9,2,2.7284042835235596,1.0,0.9959003329277039,0.012973211705684662,,,
68,9,3,1.6655346155166626,1.0,0.9970314502716064,0.04675702005624771,,,
68,9,4,2.172105550765991,1.0,0.9978048205375671,0.0102922935038805,,,
68,9,5,2.750673294067383,1.0,0.9979280829429626,0.03231042996048927,,,
68,9,6,1.9817605018615723,1.0,0.9974514245986938,0.004712308291345835,,,
68,9,7,2.130969524383545,1.0,0.9977754950523376,0.020458169281482697,,,
68,9,8,2.52677583694458,1.0,0.997627317905426,0.006929732393473387,,,
68,9,9,2.235036849975586,1.0,0.9978318810462952,0.005622945260256529,,,
68,9,10,1.2052814960479736,1.0,0.9975355267524719,0.03992689028382301,,,
68,9,11,2.7267041206359863,1.0000001192092896,0.9912086725234985,0.006998926866799593,,,
68,10,0,2.6295676231384277,1.000000238418579,0.9881364703178406,0.00609998544678092,,,
68,10,1,2.2805848121643066,1.0,0.993605375289917,0.007387420162558556,,,
68,10,2,2.7915658950805664,1.0000001192092896,0.990627646446228,0.00880073755979538,,,
68,10,3,3.244096279144287,1.0000003576278687,0.9851541519165039,0.009718349203467369,,,
68,10,4,3.6174020767211914,1.000000238418579,0.9881734848022461,0.02372553013265133,,,
68,10,5,1.0921164751052856,1.0,0.993233859539032,0.027846576645970345,,,
68,10,6,2.420456886291504,1.0,0.9938505291938782,0.006934684235602617,,,
68,10,7,3.0723724365234375,1.0,0.9942642450332642,0.021265801042318344,,,
68,10,8,2.8023695945739746,1.0,0.9937494397163391,0.011720569804310799,,,
68,10,9,1.4762086868286133,1.0,0.9937782287597656,0.06865110993385315,,,
68,10,10,2.1252524852752686,1.0,0.9947295784950256,0.005420937202870846,,,
68,10,11,2.3246541023254395,1.0,0.9941819906234741,0.03343445062637329,,,
68,11,0,4.875393867492676,1.0000027418136597,0.8574699759483337,0.023508016020059586,,,
68,11,1,3.1109280586242676,1.0,0.9032178521156311,0.013460127636790276,,,
68,11,2,2.8311126232147217,1.000000238418579,0.8993983864784241,0.007882067002356052,,,
68,11,3,2.4039254188537598,1.0,0.9015716910362244,0.027489086613059044,,,
68,11,4,4.150088310241699,1.000000238418579,0.9084904193878174,0.013227036222815514,,,
68,11,5,2.9158482551574707,1.0,0.9018653631210327,0.010609638877213001,,,
68,11,6,2.302271842956543,1.0,0.900794267654419,0.00567162549123168,,,
68,11,7,2.9674465656280518,1.0,0.9026103615760803,0.017332779243588448,,,
68,11,8,3.7623026371002197,1.0000208616256714,0.11817064881324768,0.09871864318847656,,,
68,11,9,2.6205642223358154,1.0,0.9013110995292664,0.007247772999107838,,,
68,11,10,3.1441845893859863,1.0,0.9077894687652588,0.04339934140443802,,,
68,11,11,3.0575969219207764,1.0000001192092896,0.9064433574676514,0.03607434034347534,,,
69,0,0,4.414046287536621,1.0000180006027222,0.8050400018692017,0.02128259651362896,,,
69,0,1,0.6158194541931152,1.0000296831130981,0.8068409562110901,0.803970217704773,,,
69,0,2,4.622145652770996,1.000011920928955,0.7909082174301147,0.03871072456240654,,,
69,0,3,0.4424048960208893,1.0000296831130981,0.7805354595184326,0.8234952092170715,,,
69,0,4,1.2258200645446777,1.0000284910202026,0.7880496382713318,0.5904520750045776,,,
69,0,5,1.6638363599777222,1.0000231266021729,0.7555936574935913,0.5122730135917664,,,
69,0,6,4.275575637817383,1.000022530555725,0.7359423041343689,0.029723701998591423,,,
69,0,7,1.9097784757614136,1.0000282526016235,0.754730761051178,0.17004768550395966,,,
69,0,8,4.17922830581665,1.0000234842300415,0.8064019680023193,0.06125969439744949,,,
69,0,9,4.624834060668945,1.0000168085098267,0.8419594168663025,0.021693456918001175,,,
69,0,10,4.220341205596924,1.000024676322937,0.8780677914619446,0.15313847362995148,,,
69,0,11,5.389073371887207,1.000014066696167,0.7292096614837646,0.007515740115195513,,,
69,1,0,2.3861565589904785,1.0000265836715698,0.7192243933677673,0.10090311616659164,,,
69,1,1,2.704204797744751,1.0000215768814087,0.7059181332588196,0.09764309972524643,,,
69,1,2,4.732114315032959,1.0000160932540894,0.6679887175559998,0.026716869324445724,,,
69,1,3,4.249464511871338,1.000001311302185,0.6875498294830322,0.036137308925390244,,,
69,1,4,3.7460100650787354,1.0000109672546387,0.8102392554283142,0.06956690549850464,,,
69,1,5,4.499424457550049,1.0000123977661133,0.8326241970062256,0.08488580584526062,,,
69,1,6,4.550280570983887,1.0000085830688477,0.8047292828559875,0.03223508596420288,,,
69,1,7,4.912204742431641,1.0000121593475342,0.8243017792701721,0.018882963806390762,,,
69,1,8,5.293593883514404,1.0000035762786865,0.7957829833030701,0.009918507188558578,,,
69,1,9,5.366429805755615,1.0000064373016357,0.7729923129081726,0.007142601069062948,,,
69,1,10,4.418376922607422,1.0000128746032715,0.6055686473846436,0.041619300842285156,,,
69,1,11,1.7753286361694336,1.0000275373458862,0.7527639269828796,0.6425750851631165,,,
69,2,0,2.5172677040100098,1.0000009536743164,0.8841511011123657,0.09882178157567978,,,
69,2,1,4.728119373321533,1.000001311302185,0.858098566532135,0.00948036927729845,,,
69,2,2,1.1207313537597656,1.0000065565109253,0.8773283362388611,0.128162682056427,,,
69,2,3,1.9062862396240234,1.0000040531158447,0.8681425452232361,0.1359502524137497,,,
69,2,4,1.735829472541809,1.0000001192092896,0.8638677000999451,0.08116069436073303,,,
69,2,5,1.8060131072998047,1.0000039339065552,0.8717610836029053,0.13766911625862122,,,
69,2,6,2.774590015411377,1.0000061988830566,0.7934896945953369,0.0791100561618805,,,
69,2,7,2.681004524230957,1.0,0.8425556421279907,0.033076852560043335,,,
69,2,8,1.8236371278762817,1.0000019073486328,0.8925840854644775,0.10856954008340836,,,
69,2,9,1.784605860710144,1.0000038146972656,0.8680106997489929,0.12487608194351196,,,
69,2,10,3.118147850036621,1.0000286102294922,0.48733577132225037,0.12447190284729004,,,
69,2,11,3.0853075981140137,1.0000003576278687,0.8814868330955505,0.10584039986133575,,,
69,3,0,2.9892799854278564,1.0,0.9941229224205017,0.06534244120121002,,,
69,3,1,1.890341877937317,1.0000001192092896,0.9942346215248108,0.06494337320327759,,,
69,3,2,1.419614553451538,1.000000238418579,0.989048957824707,0.11454811692237854,,,
69,3,3,0.9460590481758118,1.0,0.9943357110023499,0.058243412524461746,,,
69,3,4,4.055056095123291,1.0,0.9944135546684265,0.009916206821799278,,,
69,3,5,2.5682239532470703,1.0,0.9954634308815002,0.032884884625673294,,,
69,3,6,1.734703779220581,1.000000238418579,0.9898415207862854,0.15299294888973236,,,
69,3,7,1.4366028308868408,1.000000238418579,0.993121325969696,0.11120259016752243,,,
69,3,8,1.4952586889266968,1.0000003576278687,0.9898063540458679,0.1160786896944046,,,
69,3,9,1.54006028175354,1.0,0.9951391220092773,0.0729118138551712,,,
69,3,10,1.8006919622421265,1.0,0.9946804046630859,0.1597803235054016,,,
69,3,11,1.7159452438354492,1.0000001192092896,0.9941830039024353,0.09233658760786057,,,
69,4,0,1.189186692237854,1.0,0.9163928627967834,0.06274498254060745,,,
69,4,1,1.5181987285614014,1.0000001192092896,0.917479932308197,0.06205816566944122,,,
69,4,2,1.9321178197860718,1.0,0.9137653112411499,0.013735693879425526,,,
69,4,3,1.5900908708572388,1.0000001192092896,0.9175688028335571,0.07800659537315369,,,
69,4,4,3.3486313819885254,1.0,0.9172064065933228,0.042971331626176834,,,
69,4,5,1.3744171857833862,1.0,0.9152550101280212,0.06119171157479286,,,
69,4,6,2.113574504852295,1.0,0.9171823859214783,0.04584132879972458,,,
69,4,7,1.865166187286377,1.0000004768371582,0.9193952083587646,0.4839577376842499,,,
69,4,8,3.664215564727783,1.0,0.9176462292671204,0.013185493648052216,,,
69,4,9,1.8979860544204712,1.0,0.9171444177627563,0.03988117352128029,,,
69,4,10,3.3051462173461914,1.0,0.9156127572059631,0.011602449230849743,,,
69,4,11,0.009294199757277966,1.0000275373458862,0.140241801738739,0.003798708086833358,,,
69,5,0,2.227468967437744,1.0,0.9958812594413757,0.009097260423004627,,,
69,5,1,0.47425147891044617,1.0,0.9951921701431274,0.0037222595419734716,,,
69,5,2,1.3863716125488281,1.0,0.9956929683685303,0.01862337253987789,,,
69,5,3,2.306062936782837,1.0000001192092896,0.9922915101051331,0.03697358816862106,,,
69,5,4,1.3957797288894653,1.0,0.9956352710723877,0.04823513329029083,,,
69,5,5,2.386131525039673,1.0,0.9954596161842346,0.012155059725046158,,,
69,5,6,0.6342311501502991,1.0,0.9952051043510437,0.022393815219402313,,,
69,5,7,0.8934529423713684,1.0,0.9953250288963318,0.03620363026857376,,,
69,5,8,1.0868537425994873,1.0,0.9954225420951843,0.028788218274712563,,,
69,5,9,3.4208171367645264,1.0,0.9962455630302429,0.008286290802061558,,,
69,5,10,4.061300277709961,1.0000007152557373,0.965464174747467,0.03484512120485306,,,
69,5,11,2.9274115562438965,1.0,0.9960041046142578,0.11245781928300858,,,
69,6,0,1.791928768157959,1.0000001192092896,0.9963836669921875,0.039587683975696564,,,
69,6,1,0.7563955783843994,1.0,0.9981874227523804,0.022971482947468758,,,
69,6,2,3.6607465744018555,1.0,0.9978030920028687,0.012439534068107605,,,
69,6,3,1.9142049551010132,1.0,0.9986976981163025,0.01999763771891594,,,
69,6,4,3.539341926574707,1.0,0.9967037439346313,0.015844693407416344,,,
69,6,5,1.7953349351882935,1.0,0.9986925721168518,0.06606721878051758,,,
69,6,6,3.336813449859619,1.0,0.9984580874443054,0.07281024008989334,,,
69,6,7,2.425863265991211,1.0,0.9977490901947021,0.04391161724925041,,,
69,6,8,1.2900956869125366,1.0,0.9985622763633728,0.02772763930261135,,,
69,6,9,1.2040404081344604,1.0,0.9982714056968689,0.005532510112971067,,,
69,6,10,2.9554085731506348,1.0,0.9985498785972595,0.00663504796102643,,,
69,6,11,1.6105819940567017,1.0,0.9980344772338867,0.051170505583286285,,,
69,7,0,1.010398507118225,1.0,0.998822808265686,0.026205409318208694,,,
69,7,1,3.1636276245117188,1.0,0.9959104657173157,0.011994310654699802,,,
69,7,2,0.9919441938400269,1.0,0.9988564848899841,0.0037574092857539654,,,
69,7,3,1.6567991971969604,1.0,0.9990646243095398,0.04650250822305679,,,
69,7,4,0.9558970332145691,1.0,0.9989022612571716,0.014301418326795101,,,
69,7,5,2.729447603225708,1.0,0.9979789853096008,0.022472091019153595,,,
69,7,6,3.632183313369751,1.0,0.9985910058021545,0.010043783113360405,,,
69,7,7,1.9106154441833496,1.0,0.999028742313385,0.009213030338287354,,,
69,7,8,1.3534785509109497,1.0,0.9986966848373413,0.039331916719675064,,,
69,7,9,1.6062248945236206,1.0,0.99886554479599,0.03321298584342003,,,
69,7,10,1.6362950801849365,1.0,0.9989190697669983,0.006729543209075928,,,
69,7,11,2.2352354526519775,1.0,0.9990278482437134,0.006673877127468586,,,
69,8,0,3.227999210357666,1.0,0.997561514377594,0.020020021125674248,,,
69,8,1,1.6033614873886108,1.0,0.9972135424613953,0.00867962185293436,,,
69,8,2,4.324018478393555,1.0000003576278687,0.983456015586853,0.010919425636529922,,,
69,8,3,2.5629119873046875,1.0,0.9975908398628235,0.018372470512986183,,,
69,8,4,1.1222076416015625,1.0,0.9972505569458008,0.04916590079665184,,,
69,8,5,1.9481929540634155,1.0,0.9965629577636719,0.0366499200463295,,,
69,8,6,2.193516969680786,1.0,0.9975192546844482,0.013352823443710804,,,
69,8,7,1.1730388402938843,1.0,0.9970974326133728,0.052004337310791016,,,
69,8,8,2.7979557514190674,1.0,0.9951183795928955,0.030023561790585518,,,
69,8,9,2.6420958042144775,1.0,0.997580349445343,0.029955795034766197,,,
69,8,10,2.4991607666015625,1.0,0.9976896643638611,0.06363585591316223,,,
69,8,11,1.8011889457702637,1.0,0.9972214102745056,0.010944951325654984,,,
69,9,0,2.836773633956909,1.0000001192092896,0.9943398833274841,0.023093629628419876,,,
69,9,1,2.5258519649505615,1.0,0.9973121285438538,0.009366503916680813,,,
69,9,2,3.224290370941162,1.0000001192092896,0.995081901550293,0.013586894609034061,,,
69,9,3,1.6224546432495117,1.0,0.9972501993179321,0.04029928147792816,,,
69,9,4,2.5106639862060547,1.0,0.998158872127533,0.011114190332591534,,,
69,9,5,2.794670820236206,1.0,0.9982110857963562,0.026789436116814613,,,
69,9,6,2.3172366619110107,1.0,0.9979543685913086,0.004845741204917431,,,
69,9,7,2.1507461071014404,1.0,0.9979759454727173,0.01962168514728546,,,
69,9,8,2.518726348876953,1.0,0.9979895949363708,0.006312858778983355,,,
69,9,9,2.6056103706359863,1.0,0.9967469573020935,0.006152324378490448,,,
69,9,10,1.1470580101013184,1.0,0.9976980686187744,0.042193181812763214,,,
69,9,11,2.6122095584869385,1.0,0.9974603056907654,0.004338359460234642,,,
69,10,0,2.9946296215057373,1.0000001192092896,0.9890435934066772,0.00804830715060234,,,
69,10,1,2.6306281089782715,1.0,0.9938244223594666,0.008467715233564377,,,
69,10,2,2.5655810832977295,1.0,0.9953127503395081,0.0065172514878213406,,,
69,10,3,3.3696610927581787,1.0000003576278687,0.9802810549736023,0.009096392430365086,,,
69,10,4,3.4210078716278076,1.0,0.9931856393814087,0.015058612450957298,,,
69,10,5,1.0646690130233765,1.0,0.9939478039741516,0.026933686807751656,,,
69,10,6,2.331589460372925,1.0000001192092896,0.9933033585548401,0.005474780686199665,,,
69,10,7,3.1745059490203857,1.0000001192092896,0.9937087893486023,0.020708920434117317,,,
69,10,8,2.873695135116577,1.0,0.9941604137420654,0.010464822873473167,,,
69,10,9,1.3168660402297974,1.0,0.9944635629653931,0.0682179257273674,,,
69,10,10,2.3746509552001953,1.0,0.9937499761581421,0.006466722581535578,,,
69,10,11,2.3922934532165527,1.0,0.9944607019424438,0.03200547397136688,,,
69,11,0,4.855259418487549,1.0000016689300537,0.8861760497093201,0.02221333421766758,,,
69,11,1,3.5920250415802,1.0000001192092896,0.9087062478065491,0.013425849378108978,,,
69,11,2,2.9511423110961914,1.0,0.9062690138816833,0.007425486575812101,,,
69,11,3,2.0537543296813965,1.0,0.9033651351928711,0.017072906717658043,,,
69,11,4,4.158829689025879,1.0000001192092896,0.9110536575317383,0.014850561507046223,,,
69,11,5,2.91605806350708,1.0,0.9061099886894226,0.01030808687210083,,,
69,11,6,2.632174253463745,1.0,0.9035631418228149,0.005647153593599796,,,
69,11,7,3.030574321746826,1.0,0.9066829681396484,0.016803685575723648,,,
69,11,8,3.9212329387664795,1.0000213384628296,0.10982853919267654,0.08521120995283127,,,
69,11,9,2.6734297275543213,1.0,0.9054915904998779,0.006361583713442087,,,
69,11,10,3.168076276779175,1.0,0.9105070233345032,0.04223465546965599,,,
69,11,11,3.180156946182251,1.0000001192092896,0.9097177386283875,0.03646127134561539,,,
70,0,0,4.372951984405518,1.0000149011611938,0.7867351174354553,0.02043631486594677,,,
70,0,1,0.6662887930870056,1.0000272989273071,0.8004176616668701,0.7828107476234436,,,
70,0,2,4.471417427062988,1.0000113248825073,0.7962507605552673,0.050755616277456284,,,
70,0,3,0.47368818521499634,1.0000276565551758,0.788886308670044,0.8379206657409668,,,
70,0,4,1.2437996864318848,1.0000252723693848,0.7902442812919617,0.5780641436576843,,,
70,0,5,1.7206438779830933,1.0000216960906982,0.7545564770698547,0.5189055800437927,,,
70,0,6,4.158611297607422,1.0000194311141968,0.7120842337608337,0.03274301812052727,,,
70,0,7,1.9188599586486816,1.0000256299972534,0.7468793392181396,0.17495304346084595,,,
70,0,8,4.159322261810303,1.000022292137146,0.7863441705703735,0.059539660811424255,,,
70,0,9,4.593047618865967,1.0000154972076416,0.8409613966941833,0.02343103289604187,,,
70,0,10,4.192550182342529,1.0000221729278564,0.875659704208374,0.1458180546760559,,,
70,0,11,5.247875690460205,1.0000133514404297,0.7287574410438538,0.008811556734144688,,,
70,1,0,2.4110798835754395,1.0000253915786743,0.7068644165992737,0.11307343095541,,,
70,1,1,2.6802737712860107,1.0000196695327759,0.6917203664779663,0.09576629847288132,,,
70,1,2,4.6535162925720215,1.0000154972076416,0.6228911876678467,0.02937646023929119,,,
70,1,3,4.128400802612305,1.000001072883606,0.6698829531669617,0.03823139891028404,,,
70,1,4,3.738024950027466,1.0000078678131104,0.7968034148216248,0.06989828497171402,,,
70,1,5,4.320670127868652,1.0000128746032715,0.8176255822181702,0.0910804271697998,,,
70,1,6,4.366605758666992,1.000009298324585,0.7903903722763062,0.03220038488507271,,,
70,1,7,4.787717819213867,1.0000115633010864,0.8147348761558533,0.02146049402654171,,,
70,1,8,5.1785712242126465,1.0000042915344238,0.7835289239883423,0.0106295645236969,,,
70,1,9,5.1436872482299805,1.0000053644180298,0.7431764006614685,0.00820607878267765,,,
70,1,10,4.36115026473999,1.0000120401382446,0.576510488986969,0.04233376681804657,,,
70,1,11,1.8977506160736084,1.0000250339508057,0.7431603074073792,0.6052953004837036,,,
70,2,0,2.4355435371398926,1.0000014305114746,0.870388925075531,0.10942044854164124,,,
70,2,1,4.488938331604004,1.0000009536743164,0.848432719707489,0.011316541582345963,,,
70,2,2,1.145565390586853,1.0000085830688477,0.8584476709365845,0.13127325475215912,,,
70,2,3,1.9326974153518677,1.000005841255188,0.8466385006904602,0.13922645151615143,,,
70,2,4,1.7127341032028198,1.0000001192092896,0.8482620716094971,0.09585712105035782,,,
70,2,5,1.7626382112503052,1.0000065565109253,0.8489765524864197,0.13843213021755219,,,
70,2,6,2.8231098651885986,1.000008463859558,0.7624761462211609,0.08318053930997849,,,
70,2,7,2.7965011596679688,1.0,0.8213226795196533,0.035186849534511566,,,
70,2,8,1.8475062847137451,1.000003695487976,0.8750429749488831,0.1131068542599678,,,
70,2,9,1.748344898223877,1.0000046491622925,0.8436771631240845,0.13144029676914215,,,
70,2,10,3.0967416763305664,1.0000261068344116,0.5355021953582764,0.1262868046760559,,,
70,2,11,2.945111036300659,1.0000003576278687,0.8567829728126526,0.10554973781108856,,,
70,3,0,2.931734800338745,1.0,0.9913639426231384,0.07013341784477234,,,
70,3,1,1.971303105354309,1.0000001192092896,0.991255521774292,0.06575212627649307,,,
70,3,2,1.4402532577514648,1.0000005960464478,0.984629213809967,0.1254509538412094,,,
70,3,3,1.0395451784133911,1.0,0.9910278916358948,0.07321136444807053,,,
70,3,4,3.8186442852020264,1.0,0.9918569922447205,0.011588281951844692,,,
70,3,5,2.8042590618133545,1.0,0.9928568005561829,0.0371655598282814,,,
70,3,6,1.7030681371688843,1.0000003576278687,0.9821548461914062,0.15795104205608368,,,
70,3,7,1.4293043613433838,1.0000004768371582,0.9859564304351807,0.1231609582901001,,,
70,3,8,1.5331932306289673,1.0000003576278687,0.9828798770904541,0.13324925303459167,,,
70,3,9,1.6875271797180176,1.0,0.9921430349349976,0.08268850296735764,,,
70,3,10,1.8438422679901123,1.0,0.9911862015724182,0.1628926396369934,,,
70,3,11,1.7959669828414917,1.000000238418579,0.9886226058006287,0.10398966819047928,,,
70,4,0,1.2497797012329102,1.0000001192092896,0.9161895513534546,0.06032764911651611,,,
70,4,1,1.5882701873779297,1.0000001192092896,0.9184974431991577,0.06580891460180283,,,
70,4,2,2.189967155456543,1.0,0.9148828387260437,0.014775156043469906,,,
70,4,3,1.5816682577133179,1.0000001192092896,0.91730135679245,0.07078752666711807,,,
70,4,4,3.2952077388763428,1.0,0.9179012775421143,0.043480284512043,,,
70,4,5,1.4553097486495972,1.0,0.9159204363822937,0.05727254971861839,,,
70,4,6,2.1010239124298096,1.0,0.9177134037017822,0.050146330147981644,,,
70,4,7,1.838797688484192,1.0000004768371582,0.9203023314476013,0.48251599073410034,,,
70,4,8,3.5197033882141113,1.0,0.9186403155326843,0.017497975379228592,,,
70,4,9,1.9356250762939453,1.0,0.9175371527671814,0.03718474879860878,,,
70,4,10,3.4259142875671387,1.0,0.9170486330986023,0.016365045681595802,,,
70,4,11,0.011028925888240337,1.000026822090149,0.15160465240478516,0.004622589331120253,,,
70,5,0,1.9314497709274292,1.0,0.9955382943153381,0.011005578562617302,,,
70,5,1,0.3956570625305176,1.0,0.994903564453125,0.004756700247526169,,,
70,5,2,1.4780787229537964,1.0,0.9953981041908264,0.021731030195951462,,,
70,5,3,2.3325514793395996,1.0000001192092896,0.992429792881012,0.03573102504014969,,,
70,5,4,1.5099984407424927,1.0,0.9954294562339783,0.05218571424484253,,,
70,5,5,2.1833958625793457,1.0,0.9955213665962219,0.014307567849755287,,,
70,5,6,0.7111967206001282,1.0,0.9951596856117249,0.027312830090522766,,,
70,5,7,1.0190256834030151,1.0,0.9952462911605835,0.03558576479554176,,,
70,5,8,1.1693077087402344,1.0,0.9953280091285706,0.028866318985819817,,,
70,5,9,2.9650213718414307,1.0,0.9959743022918701,0.009593842551112175,,,
70,5,10,3.6383092403411865,1.0000007152557373,0.962691068649292,0.03907268866896629,,,
70,5,11,2.906754970550537,1.0,0.9957723617553711,0.11460047960281372,,,
70,6,0,1.8227638006210327,1.0,0.9958391785621643,0.03820882737636566,,,
70,6,1,0.8290809392929077,1.0,0.9981615543365479,0.024379990994930267,,,
70,6,2,3.6143765449523926,1.0000001192092896,0.9976724982261658,0.014313195832073689,,,
70,6,3,1.6647483110427856,1.0,0.9985083937644958,0.016695868223905563,,,
70,6,4,3.2051801681518555,1.0,0.9970197081565857,0.017119672149419785,,,
70,6,5,1.6771249771118164,1.0,0.9985618591308594,0.05990895628929138,,,
70,6,6,3.109384059906006,1.0,0.9985236525535583,0.08456017076969147,,,
70,6,7,2.3549723625183105,1.0,0.9974936842918396,0.04194852337241173,,,
70,6,8,1.3071738481521606,1.0,0.9984895586967468,0.02966686338186264,,,
70,6,9,1.0208308696746826,1.0,0.998141348361969,0.006518864072859287,,,
70,6,10,3.35489559173584,1.0,0.9980430006980896,0.012021645903587341,,,
70,6,11,1.644693374633789,1.0,0.9981399178504944,0.04671753942966461,,,
70,7,0,1.0662223100662231,1.0,0.9988744854927063,0.026320157572627068,,,
70,7,1,2.569629192352295,1.0,0.9986069202423096,0.012553618289530277,,,
70,7,2,0.7601513862609863,1.0,0.9989200830459595,0.004643954336643219,,,
70,7,3,1.6077325344085693,1.0,0.9991439580917358,0.04886443912982941,,,
70,7,4,1.023795485496521,1.0,0.9990589022636414,0.0162154920399189,,,
70,7,5,2.7872564792633057,1.0,0.9965024590492249,0.02272103913128376,,,
70,7,6,3.2314674854278564,1.0,0.9989475011825562,0.01236957311630249,,,
70,7,7,1.8581931591033936,1.0,0.9991359710693359,0.015438320115208626,,,
70,7,8,1.3871766328811646,1.0,0.9981629848480225,0.033565882593393326,,,
70,7,9,1.5500733852386475,1.0,0.9989717602729797,0.032241709530353546,,,
70,7,10,1.1998478174209595,1.0,0.9990162253379822,0.008080835454165936,,,
70,7,11,2.10918927192688,1.0,0.9991025328636169,0.007514902390539646,,,
70,8,0,3.2093801498413086,1.0,0.9965755343437195,0.0241633839905262,,,
70,8,1,1.4023360013961792,1.0,0.9961708188056946,0.01039037574082613,,,
70,8,2,4.302225112915039,1.0000005960464478,0.9754553437232971,0.011874375864863396,,,
70,8,3,2.3492839336395264,1.0,0.9966377019882202,0.019782310351729393,,,
70,8,4,1.3212765455245972,1.0,0.9963328838348389,0.05039959028363228,,,
70,8,5,1.9241812229156494,1.0,0.996184766292572,0.03865499049425125,,,
70,8,6,2.1783199310302734,1.0,0.9966909289360046,0.021272161975502968,,,
70,8,7,1.3180694580078125,1.0,0.9961198568344116,0.056012190878391266,,,
70,8,8,2.566603660583496,1.0,0.9952616095542908,0.029930345714092255,,,
70,8,9,2.3957455158233643,1.0,0.9967300295829773,0.02916751801967621,,,
70,8,10,2.504477024078369,1.0,0.9969093799591064,0.06250636279582977,,,
70,8,11,2.1228280067443848,1.0,0.9960025548934937,0.019158652052283287,,,
70,9,0,2.3243391513824463,1.0,0.9969465136528015,0.027255749329924583,,,
70,9,1,2.1744399070739746,1.0,0.9979174137115479,0.011982674710452557,,,
70,9,2,2.2637221813201904,1.0,0.9980189800262451,0.015312924981117249,,,
70,9,3,1.665048599243164,1.0,0.9975658655166626,0.04912729933857918,,,
70,9,4,2.0703396797180176,1.0,0.9983903765678406,0.011981339193880558,,,
70,9,5,2.310910940170288,1.0,0.998421847820282,0.030180837959051132,,,
70,9,6,1.4114110469818115,1.0,0.9983802437782288,0.0052041648887097836,,,
70,9,7,1.9320950508117676,1.0,0.9983033537864685,0.016853082925081253,,,
70,9,8,2.588489055633545,1.0,0.9949159026145935,0.010041417554020882,,,
70,9,9,1.789473295211792,1.0,0.9983599185943604,0.008560961112380028,,,
70,9,10,1.339990258216858,1.0,0.9980769753456116,0.043663688004016876,,,
70,9,11,2.523449420928955,1.0000001192092896,0.9930091500282288,0.005989747121930122,,,
70,10,0,2.112067937850952,1.0,0.9965513348579407,0.008512740023434162,,,
70,10,1,1.914405107498169,1.0,0.9970613718032837,0.009315031580626965,,,
70,10,2,2.253204822540283,1.0,0.9962345361709595,0.008192590437829494,,,
70,10,3,3.1351940631866455,1.0000001192092896,0.9946576952934265,0.01455905381590128,,,
70,10,4,3.2135374546051025,1.0000001192092896,0.9946167469024658,0.019494326785206795,,,
70,10,5,1.0759682655334473,1.0,0.996852457523346,0.025407757610082626,,,
70,10,6,1.835365891456604,1.0,0.9971380829811096,0.008515778928995132,,,
70,10,7,3.115895986557007,1.0000001192092896,0.994529664516449,0.02317873202264309,,,
70,10,8,2.3485536575317383,1.0,0.9969819784164429,0.012543095275759697,,,
70,10,9,1.4642173051834106,1.0,0.9972273111343384,0.0747847631573677,,,
70,10,10,1.9467220306396484,1.0,0.9968595504760742,0.007404512260109186,,,
70,10,11,2.3068108558654785,1.0,0.9961990118026733,0.04551958292722702,,,
70,11,0,4.780561447143555,1.0000025033950806,0.8533846139907837,0.02622969076037407,,,
70,11,1,3.0063297748565674,1.0,0.903629720211029,0.017377248033881187,,,
70,11,2,2.854459047317505,1.0000001192092896,0.9013755321502686,0.01011031772941351,,,
70,11,3,2.420686960220337,1.0,0.9026889801025391,0.029780564829707146,,,
70,11,4,3.9877476692199707,1.000000238418579,0.9026175141334534,0.01686309278011322,,,
70,11,5,2.446028232574463,1.0,0.9012079238891602,0.01192900724709034,,,
70,11,6,2.3517801761627197,1.0,0.9008588790893555,0.008861133828759193,,,
70,11,7,2.7068817615509033,1.0,0.9024595022201538,0.016641700640320778,,,
70,11,8,3.755788803100586,1.0000195503234863,0.11706805229187012,0.09382552653551102,,,
70,11,9,1.9280972480773926,1.0,0.899493932723999,0.008015813305974007,,,
70,11,10,3.184049367904663,1.0000001192092896,0.9075086116790771,0.041627321392297745,,,
70,11,11,2.7483532428741455,1.0,0.9054020047187805,0.027408581227064133,,,
71,0,0,4.350559234619141,1.0000184774398804,0.8051599860191345,0.02169446460902691,,,
71,0,1,0.5971570014953613,1.0000309944152832,0.806985080242157,0.813299834728241,,,
71,0,2,4.6029558181762695,1.0000114440917969,0.7831553816795349,0.0410512313246727,,,
71,0,3,0.45202839374542236,1.0000290870666504,0.785061776638031,0.8123405575752258,,,
71,0,4,1.1845476627349854,1.0000280141830444,0.786799967288971,0.5738716125488281,,,
71,0,5,1.5740938186645508,1.0000241994857788,0.7596232891082764,0.544188916683197,,,
71,0,6,4.288632392883301,1.0000218152999878,0.7443363070487976,0.028308026492595673,,,
71,0,7,1.875433087348938,1.0000275373458862,0.749051034450531,0.16762247681617737,,,
71,0,8,4.193237781524658,1.0000231266021729,0.8105888962745667,0.061779558658599854,,,
71,0,9,4.628903388977051,1.0000176429748535,0.8421891927719116,0.021719664335250854,,,
71,0,10,4.22769021987915,1.0000238418579102,0.8786227703094482,0.14977692067623138,,,
71,0,11,5.364356517791748,1.000015139579773,0.7259561419487,0.007972010411322117,,,
71,1,0,2.458902597427368,1.0000269412994385,0.725175142288208,0.10867726057767868,,,
71,1,1,2.7257955074310303,1.0000221729278564,0.7068434357643127,0.09420987963676453,,,
71,1,2,4.745336532592773,1.0000169277191162,0.6561217904090881,0.02659851871430874,,,
71,1,3,4.266895771026611,1.0000011920928955,0.6892638802528381,0.035795778036117554,,,
71,1,4,3.7649102210998535,1.0000100135803223,0.8105031847953796,0.06854408979415894,,,
71,1,5,4.506019115447998,1.0000128746032715,0.8317511081695557,0.07873708009719849,,,
71,1,6,4.482029914855957,1.0000085830688477,0.8080850839614868,0.030483510345220566,,,
71,1,7,4.9114556312561035,1.0000122785568237,0.8272991180419922,0.018402833491563797,,,
71,1,8,5.283116817474365,1.0000051259994507,0.7963085770606995,0.010137326084077358,,,
71,1,9,5.332055568695068,1.0000067949295044,0.7724481821060181,0.007432230748236179,,,
71,1,10,4.4209818840026855,1.0000133514404297,0.6020026803016663,0.04132828116416931,,,
71,1,11,1.8733856678009033,1.0000274181365967,0.7604691982269287,0.620680570602417,,,
71,2,0,2.5260214805603027,1.0000011920928955,0.8748800158500671,0.09698598831892014,,,
71,2,1,4.475305080413818,1.0000005960464478,0.853127658367157,0.008969830349087715,,,
71,2,2,1.1518306732177734,1.0000073909759521,0.8654108643531799,0.12911014258861542,,,
71,2,3,1.9172111749649048,1.0000059604644775,0.8414041996002197,0.131973996758461,,,
71,2,4,1.7129091024398804,1.0000001192092896,0.8555598855018616,0.08386062830686569,,,
71,2,5,1.8156784772872925,1.0000044107437134,0.864071249961853,0.13287651538848877,,,
71,2,6,2.8333611488342285,1.0000081062316895,0.7761825919151306,0.07624262571334839,,,
71,2,7,2.747864007949829,1.0,0.831927478313446,0.03285178914666176,,,
71,2,8,1.8379930257797241,1.000002145767212,0.8821521401405334,0.10468540340662003,,,
71,2,9,1.794536828994751,1.0000040531158447,0.8541122674942017,0.12654772400856018,,,
71,2,10,3.15055513381958,1.0000280141830444,0.492682546377182,0.12014427781105042,,,
71,2,11,3.101487636566162,1.000000238418579,0.8711075186729431,0.10331379622220993,,,
71,3,0,3.020528554916382,1.0,0.9927589893341064,0.07144155353307724,,,
71,3,1,1.9178330898284912,1.0000001192092896,0.992531418800354,0.06331311911344528,,,
71,3,2,1.4436391592025757,1.0000003576278687,0.9846460819244385,0.11173611879348755,,,
71,3,3,0.9947960376739502,1.0,0.9926935434341431,0.058529824018478394,,,
71,3,4,4.038727283477783,1.0,0.9934427738189697,0.009303595870733261,,,
71,3,5,2.702709436416626,1.0,0.9942806363105774,0.03232907876372337,,,
71,3,6,1.7413270473480225,1.0000004768371582,0.9856117367744446,0.16434518992900848,,,
71,3,7,1.470428466796875,1.0000001192092896,0.9896860122680664,0.11126463115215302,,,
71,3,8,1.545060396194458,1.0000003576278687,0.9879876971244812,0.11879099160432816,,,
71,3,9,1.5807394981384277,1.0,0.9936338663101196,0.07363907992839813,,,
71,3,10,1.878151774406433,1.0,0.9932082891464233,0.1573353260755539,,,
71,3,11,1.7909331321716309,1.0,0.9928068518638611,0.10074306279420853,,,
71,4,0,1.269201636314392,1.0,0.9161665439605713,0.058962929993867874,,,
71,4,1,1.6259652376174927,1.0,0.9180418252944946,0.06831402331590652,,,
71,4,2,2.0515472888946533,1.0,0.9137848019599915,0.014368284493684769,,,
71,4,3,1.6578001976013184,1.0000001192092896,0.9174510836601257,0.07940882444381714,,,
71,4,4,3.392935276031494,1.0,0.9170787334442139,0.04002286121249199,,,
71,4,5,1.5083335638046265,1.0,0.915911078453064,0.06633914262056351,,,
71,4,6,2.143864870071411,1.0,0.9171276688575745,0.0439915768802166,,,
71,4,7,1.906591773033142,1.0000005960464478,0.9192616939544678,0.48127269744873047,,,
71,4,8,3.725015163421631,1.0,0.9180021286010742,0.013386204838752747,,,
71,4,9,1.9390414953231812,1.0,0.9170007705688477,0.04055372253060341,,,
71,4,10,3.3403756618499756,1.0,0.9157209396362305,0.011931833811104298,,,
71,4,11,0.010677254758775234,1.0000299215316772,0.14558841288089752,0.004124002531170845,,,
71,5,0,2.2400195598602295,1.0,0.9952507615089417,0.010517088696360588,,,
71,5,1,0.4049750566482544,1.0,0.9944398403167725,0.003965065814554691,,,
71,5,2,1.4552102088928223,1.0,0.9951211810112,0.020176036283373833,,,
71,5,3,2.3457107543945312,1.0000001192092896,0.9919402599334717,0.03690000995993614,,,
71,5,4,1.5206114053726196,1.0,0.9949918985366821,0.0565263107419014,,,
71,5,5,2.3791089057922363,1.0,0.9952057003974915,0.01355079934000969,,,
71,5,6,0.6299973130226135,1.0,0.9945740103721619,0.022592224180698395,,,
71,5,7,0.9994756579399109,1.0,0.9947971105575562,0.03846069425344467,,,
71,5,8,1.1593070030212402,1.0,0.9948570132255554,0.027652692049741745,,,
71,5,9,3.3398187160491943,1.0,0.9956872463226318,0.007586910389363766,,,
71,5,10,3.9798638820648193,1.0000008344650269,0.9588361382484436,0.036575354635715485,,,
71,5,11,3.0341804027557373,1.0,0.9954946041107178,0.1104629635810852,,,
71,6,0,1.8823190927505493,1.0,0.9960605502128601,0.042811837047338486,,,
71,6,1,0.8490517139434814,1.0,0.9982879161834717,0.024778643622994423,,,
71,6,2,3.6404032707214355,1.0,0.9977943897247314,0.012367062270641327,,,
71,6,3,1.8940858840942383,1.0,0.9987342357635498,0.018723664805293083,,,
71,6,4,3.391160011291504,1.0,0.997555136680603,0.014966827817261219,,,
71,6,5,1.7663129568099976,1.0,0.9987186193466187,0.06431541591882706,,,
71,6,6,3.3785650730133057,1.0,0.9984845519065857,0.07229691743850708,,,
71,6,7,2.4426369667053223,1.0,0.9978818297386169,0.04664834588766098,,,
71,6,8,1.3172664642333984,1.0,0.9986655712127686,0.026558710262179375,,,
71,6,9,1.1380741596221924,1.0,0.9983133673667908,0.00591548765078187,,,
71,6,10,3.1634931564331055,1.0,0.9985446929931641,0.008220330812036991,,,
71,6,11,1.6815612316131592,1.0,0.9982313513755798,0.05395347252488136,,,
71,7,0,1.0192742347717285,1.0,0.998872697353363,0.026664331555366516,,,
71,7,1,3.0514402389526367,1.0000001192092896,0.9968814253807068,0.014593459665775299,,,
71,7,2,0.8892069458961487,1.0,0.998970091342926,0.004138286225497723,,,
71,7,3,1.6318128108978271,1.0,0.9991638660430908,0.04591745138168335,,,
71,7,4,0.9727596640586853,1.0,0.9990375638008118,0.014498241245746613,,,
71,7,5,2.7051279544830322,1.0,0.9979768395423889,0.022511258721351624,,,
71,7,6,3.4515116214752197,1.0,0.9989480376243591,0.010785420425236225,,,
71,7,7,1.8295985460281372,1.0,0.9991282820701599,0.01193204801529646,,,
71,7,8,1.430761694908142,1.0,0.9987667202949524,0.0399787575006485,,,
71,7,9,1.6236283779144287,1.0,0.9989784359931946,0.031871650367975235,,,
71,7,10,1.4818687438964844,1.0,0.9990635514259338,0.006508062593638897,,,
71,7,11,2.190640449523926,1.0,0.9990772604942322,0.006015953607857227,,,
71,8,0,3.236212968826294,1.0,0.997401237487793,0.021948501467704773,,,
71,8,1,1.3896784782409668,1.0,0.9970714449882507,0.00884251855313778,,,
71,8,2,4.344799041748047,1.0000003576278687,0.9824510812759399,0.010726504027843475,,,
71,8,3,2.73907208442688,1.0,0.9971155524253845,0.023364907130599022,,,
71,8,4,1.1505060195922852,1.0,0.9971377849578857,0.0463281124830246,,,
71,8,5,1.949552059173584,1.0,0.9968960285186768,0.036832839250564575,,,
71,8,6,2.1349103450775146,1.0,0.997462809085846,0.015776749700307846,,,
71,8,7,1.2380077838897705,1.0,0.9969133138656616,0.057055722922086716,,,
71,8,8,2.6179707050323486,1.0,0.9957228302955627,0.028761431574821472,,,
71,8,9,2.474898338317871,1.0,0.997484564781189,0.03070247545838356,,,
71,8,10,2.524451494216919,1.0,0.9976599216461182,0.0712992399930954,,,
71,8,11,1.768899917602539,1.0,0.9971824288368225,0.012114236131310463,,,
71,9,0,2.7154529094696045,1.0000001192092896,0.9954552054405212,0.028172047808766365,,,
71,9,1,2.4794042110443115,1.0,0.997409462928772,0.010418207384645939,,,
71,9,2,2.822857618331909,1.0,0.9972659945487976,0.01563969999551773,,,
71,9,3,1.6028167009353638,1.0,0.997297465801239,0.0436185784637928,,,
71,9,4,2.5268123149871826,1.0,0.9980630874633789,0.012362265959382057,,,
71,9,5,2.5739312171936035,1.0,0.998090386390686,0.02672204189002514,,,
71,9,6,2.082019805908203,1.0,0.9979991912841797,0.005653527099639177,,,
71,9,7,2.0975120067596436,1.0,0.9978654980659485,0.01764071360230446,,,
71,9,8,2.5200164318084717,1.0,0.9977155327796936,0.007385680917650461,,,
71,9,9,2.426372766494751,1.0,0.9974157214164734,0.006862557493150234,,,
71,9,10,1.160022497177124,1.0,0.9976640939712524,0.03849569335579872,,,
71,9,11,2.8562026023864746,1.000000238418579,0.9906834959983826,0.0051873913034796715,,,
71,10,0,2.9231433868408203,1.0000001192092896,0.9922997951507568,0.00951992254704237,,,
71,10,1,2.3718507289886475,1.0,0.9937500357627869,0.008556206710636616,,,
71,10,2,2.6884446144104004,1.0000001192092896,0.9908503890037537,0.007418596185743809,,,
71,10,3,3.3282363414764404,1.0000003576278687,0.9756991863250732,0.009846493601799011,,,
71,10,4,3.482325315475464,1.0,0.992475688457489,0.01653505302965641,,,
71,10,5,1.0347076654434204,1.0,0.9936392307281494,0.02651338279247284,,,
71,10,6,2.0427799224853516,1.0,0.9938293695449829,0.005745878908783197,,,
71,10,7,3.2282235622406006,1.0000001192092896,0.9925412535667419,0.025795403867959976,,,
71,10,8,2.687004566192627,1.0,0.9942465424537659,0.010023004375398159,,,
71,10,9,1.3253227472305298,1.0,0.9940986633300781,0.06537123024463654,,,
71,10,10,2.2058820724487305,1.0,0.9947748184204102,0.006496643181890249,,,
71,10,11,2.1576931476593018,1.0,0.9943139553070068,0.03385590761899948,,,
71,11,0,4.844946384429932,1.000002145767212,0.8697799444198608,0.024203922599554062,,,
71,11,1,3.4431746006011963,1.0,0.9074945449829102,0.014087149873375893,,,
71,11,2,2.926276206970215,1.0000001192092896,0.9041684865951538,0.007301756180822849,,,
71,11,3,1.8827680349349976,1.0,0.9015665650367737,0.018096961081027985,,,
71,11,4,4.13003396987915,1.000000238418579,0.9104797840118408,0.016841329634189606,,,
71,11,5,2.8490540981292725,1.0,0.9043447375297546,0.011810759082436562,,,
71,11,6,2.5827291011810303,1.0,0.9030125141143799,0.006386950612068176,,,
71,11,7,3.2899155616760254,1.0,0.9068868160247803,0.017106734216213226,,,
71,11,8,3.832765579223633,1.0000213384628296,0.11464481055736542,0.09227130562067032,,,
71,11,9,2.4021687507629395,1.0,0.9022807478904724,0.006048699840903282,,,
71,11,10,3.2603282928466797,1.0000001192092896,0.9099605679512024,0.040060508996248245,,,
71,11,11,3.043118715286255,1.0000001192092896,0.9079630374908447,0.03223595768213272,,,
72,0,0,4.4171247482299805,1.0000171661376953,0.7985524535179138,0.016438186168670654,,,
72,0,1,0.6341334581375122,1.000030517578125,0.8002535104751587,0.7904054522514343,,,
72,0,2,4.5846266746521,1.0000133514404297,0.7980175018310547,0.04355845972895622,,,
72,0,3,0.48283541202545166,1.0000284910202026,0.7869802713394165,0.8230907917022705,,,
72,0,4,1.2571947574615479,1.0000276565551758,0.7853770852088928,0.5583881139755249,,,
72,0,5,1.7381197214126587,1.0000218152999878,0.7479836940765381,0.5145957469940186,,,
72,0,6,4.229215621948242,1.000020146369934,0.7161537408828735,0.030717480927705765,,,
72,0,7,1.9058109521865845,1.0000269412994385,0.7419988512992859,0.16750389337539673,,,
72,0,8,4.223333358764648,1.0000227689743042,0.7853574156761169,0.060772910714149475,,,
72,0,9,4.625906467437744,1.0000172853469849,0.8467090129852295,0.022113695740699768,,,
72,0,10,4.2169880867004395,1.0000240802764893,0.8760501742362976,0.149678573012352,,,
72,0,11,5.321926116943359,1.0000135898590088,0.7335975766181946,0.008777443319559097,,,
72,1,0,2.388815402984619,1.0000267028808594,0.714533269405365,0.11423741281032562,,,
72,1,1,2.7004756927490234,1.0000207424163818,0.6927400231361389,0.09395532310009003,,,
72,1,2,4.70748233795166,1.0000158548355103,0.6365094780921936,0.02753540687263012,,,
72,1,3,4.218792915344238,1.0000009536743164,0.6782300472259521,0.03635242208838463,,,
72,1,4,3.7570457458496094,1.000009298324585,0.8037222027778625,0.0682191327214241,,,
72,1,5,4.428857326507568,1.0000131130218506,0.8250243663787842,0.08817891031503677,,,
72,1,6,4.4046430587768555,1.0000094175338745,0.8089056015014648,0.03437984734773636,,,
72,1,7,4.890900135040283,1.000011682510376,0.8308915495872498,0.020322531461715698,,,
72,1,8,5.242732048034668,1.000004529953003,0.7964091897010803,0.01002415455877781,,,
72,1,9,5.2850189208984375,1.0000061988830566,0.7668512463569641,0.007353927008807659,,,
72,1,10,4.40203857421875,1.000011682510376,0.597862720489502,0.04167735204100609,,,
72,1,11,1.8148117065429688,1.0000264644622803,0.7593448162078857,0.6154356002807617,,,
72,2,0,2.5002150535583496,1.0000019073486328,0.8620426654815674,0.10588322579860687,,,
72,2,1,4.604357719421387,1.0000005960464478,0.84214186668396,0.009768804535269737,,,
72,2,2,1.1457850933074951,1.0000083446502686,0.8596076369285583,0.13281168043613434,,,
72,2,3,1.8835771083831787,1.0000090599060059,0.8136573433876038,0.13348489999771118,,,
72,2,4,1.723097801208496,1.000000238418579,0.8428511023521423,0.09438581019639969,,,
72,2,5,1.7653279304504395,1.0000070333480835,0.8405441641807556,0.1392233669757843,,,
72,2,6,2.7677650451660156,1.0000094175338745,0.7459433078765869,0.08238866180181503,,,
72,2,7,2.7425334453582764,1.0,0.8099445700645447,0.03353897109627724,,,
72,2,8,1.838017225265503,1.0000033378601074,0.8699931502342224,0.11071494221687317,,,
72,2,9,1.7290470600128174,1.0000065565109253,0.8249011635780334,0.12285474687814713,,,
72,2,10,3.111300230026245,1.0000269412994385,0.5278218984603882,0.12391691654920578,,,
72,2,11,3.0344557762145996,1.0000003576278687,0.8504320383071899,0.10318097472190857,,,
72,3,0,2.852691650390625,1.0,0.9910902380943298,0.057763803750276566,,,
72,3,1,2.0043389797210693,1.0000001192092896,0.9906221628189087,0.0644916370511055,,,
72,3,2,1.4188027381896973,1.0000004768371582,0.9763467907905579,0.11574829369783401,,,
72,3,3,1.0028226375579834,1.0,0.9906775951385498,0.06478022783994675,,,
72,3,4,3.850025177001953,1.0,0.9917250275611877,0.011305264197289944,,,
72,3,5,2.788924217224121,1.0,0.9928225874900818,0.0359761044383049,,,
72,3,6,1.7467185258865356,1.0000007152557373,0.9818967580795288,0.16469787061214447,,,
72,3,7,1.4616813659667969,1.0000003576278687,0.9891080856323242,0.11977463215589523,,,
72,3,8,1.52632474899292,1.0000003576278687,0.982655942440033,0.1177307516336441,,,
72,3,9,1.6472026109695435,1.0,0.9920168519020081,0.07463296502828598,,,
72,3,10,1.8535557985305786,1.0,0.9911453127861023,0.16700425744056702,,,
72,3,11,1.7914904356002808,1.0000001192092896,0.9898049831390381,0.10482199490070343,,,
72,4,0,1.218671202659607,1.0,0.9155994057655334,0.058629028499126434,,,
72,4,1,1.6330004930496216,1.0000001192092896,0.9183766841888428,0.07136070728302002,,,
72,4,2,2.322819471359253,1.0,0.9147191643714905,0.015589544549584389,,,
72,4,3,1.566416621208191,1.000000238418579,0.9171575307846069,0.07378295809030533,,,
72,4,4,3.1840009689331055,1.0,0.9164051413536072,0.039818428456783295,,,
72,4,5,1.4255391359329224,1.0,0.9150478839874268,0.06190241128206253,,,
72,4,6,2.1272072792053223,1.0,0.9170850515365601,0.04643906280398369,,,
72,4,7,1.8721764087677002,1.0000005960464478,0.9188157916069031,0.4906308352947235,,,
72,4,8,3.705012798309326,1.0,0.9182519316673279,0.015178988687694073,,,
72,4,9,1.9488390684127808,1.0,0.9172307848930359,0.0373343788087368,,,
72,4,10,3.2515828609466553,1.0,0.9155208468437195,0.01189405471086502,,,
72,4,11,0.011652280576527119,1.0000301599502563,0.14892782270908356,0.00396221037954092,,,
72,5,0,2.216252088546753,1.0,0.9967799782752991,0.010846825316548347,,,
72,5,1,0.41808366775512695,1.0,0.9961118698120117,0.004245853051543236,,,
72,5,2,1.4151192903518677,1.0,0.996656060218811,0.021887099370360374,,,
72,5,3,2.370929002761841,1.0000001192092896,0.9931501150131226,0.035645853728055954,,,
72,5,4,1.517454743385315,1.0,0.9965885281562805,0.05260045453906059,,,
72,5,5,2.2808642387390137,1.0,0.996584951877594,0.01241646334528923,,,
72,5,6,0.6556930541992188,1.0,0.9962967038154602,0.024644289165735245,,,
72,5,7,1.0380371809005737,1.0,0.9964500665664673,0.045072291046381,,,
72,5,8,1.224293828010559,1.0,0.9965748190879822,0.03045475482940674,,,
72,5,9,3.2461600303649902,1.0,0.9971913695335388,0.00901688914746046,,,
72,5,10,3.819124698638916,1.0000004768371582,0.9773858785629272,0.03857861086726189,,,
72,5,11,3.0233490467071533,1.0,0.996830403804779,0.1118544191122055,,,
72,6,0,1.8427727222442627,1.0,0.9954585433006287,0.040771178901195526,,,
72,6,1,0.7786778211593628,1.0,0.9970550537109375,0.023444343358278275,,,
72,6,2,3.679365873336792,1.0,0.9963945150375366,0.013561517931520939,,,
72,6,3,1.8133282661437988,1.0,0.9976826310157776,0.019168585538864136,,,
72,6,4,3.7136194705963135,1.000000238418579,0.9892554879188538,0.019244974479079247,,,
72,6,5,1.787757158279419,1.0,0.9977428317070007,0.06258737295866013,,,
72,6,6,3.198424816131592,1.0,0.9978464245796204,0.08124006539583206,,,
72,6,7,2.274351119995117,1.0,0.9973416924476624,0.04264409467577934,,,
72,6,8,1.3079304695129395,1.0,0.99764084815979,0.028027638792991638,,,
72,6,9,0.9949625730514526,1.0,0.9971202611923218,0.004833114333450794,,,
72,6,10,3.638108968734741,1.0,0.9969968199729919,0.010386391542851925,,,
72,6,11,1.6735607385635376,1.0,0.9970526099205017,0.04876655340194702,,,
72,7,0,1.0880824327468872,1.0,0.9990609884262085,0.026642601937055588,,,
72,7,1,2.851789712905884,1.0,0.9983586668968201,0.013746868818998337,,,
72,7,2,0.868331253528595,1.0,0.9990645051002502,0.003812648355960846,,,
72,7,3,1.6584796905517578,1.0,0.9992983341217041,0.04633605480194092,,,
72,7,4,0.9453948736190796,1.0,0.9991534948348999,0.014567635022103786,,,
72,7,5,2.7349419593811035,1.0,0.9978182315826416,0.023329706862568855,,,
72,7,6,3.495267868041992,1.0,0.9987268447875977,0.009964067488908768,,,
72,7,7,1.7524091005325317,1.0,0.9992541670799255,0.012171637266874313,,,
72,7,8,1.3609963655471802,1.0,0.9990208148956299,0.038496728986501694,,,
72,7,9,1.5926800966262817,1.0,0.9991480112075806,0.03233973681926727,,,
72,7,10,1.2598313093185425,1.0,0.9990630745887756,0.006737629882991314,,,
72,7,11,2.407761812210083,1.0,0.9990807175636292,0.006638745311647654,,,
72,8,0,3.330937385559082,1.0,0.9967778921127319,0.020631279796361923,,,
72,8,1,1.2678492069244385,1.0,0.9964304566383362,0.007445530034601688,,,
72,8,2,4.4344096183776855,1.0000004768371582,0.9758071899414062,0.011791115626692772,,,
72,8,3,2.3991281986236572,1.0,0.9969034790992737,0.01975710503757,,,
72,8,4,1.2653156518936157,1.0,0.9966568350791931,0.05461042374372482,,,
72,8,5,2.037910223007202,1.0,0.9960167407989502,0.03785434737801552,,,
72,8,6,2.169872522354126,1.0,0.9969524145126343,0.01476735807955265,,,
72,8,7,1.2669891119003296,1.0,0.996355414390564,0.05662740767002106,,,
72,8,8,2.2574806213378906,1.0,0.9968103170394897,0.02478007785975933,,,
72,8,9,2.515209197998047,1.0,0.9969825148582458,0.0282482597976923,,,
72,8,10,2.4815218448638916,1.0,0.997144341468811,0.06342311203479767,,,
72,8,11,1.991500735282898,1.0,0.9964840412139893,0.011315986514091492,,,
72,9,0,2.5226526260375977,1.0,0.9969381093978882,0.02955648861825466,,,
72,9,1,2.4655978679656982,1.0,0.9975065588951111,0.010607087053358555,,,
72,9,2,2.7406136989593506,1.0,0.9969931244850159,0.014577279798686504,,,
72,9,3,1.6274327039718628,1.0,0.9971404671669006,0.04190101847052574,,,
72,9,4,2.3697996139526367,1.0,0.9979322552680969,0.012534987181425095,,,
72,9,5,2.6511149406433105,1.0,0.9981439709663391,0.031755510717630386,,,
72,9,6,2.017028570175171,1.0,0.9978751540184021,0.004555220250040293,,,
72,9,7,2.231146812438965,1.0,0.9978014230728149,0.018412256613373756,,,
72,9,8,2.79600191116333,1.0,0.9950554370880127,0.006546606309711933,,,
72,9,9,2.212333917617798,1.0,0.9978303909301758,0.005957686807960272,,,
72,9,10,1.2378199100494385,1.0,0.9975826740264893,0.04116598516702652,,,
72,9,11,2.954643964767456,1.0000001192092896,0.9932425022125244,0.005268612410873175,,,
72,10,0,2.576521873474121,1.0,0.9916137456893921,0.006412365939468145,,,
72,10,1,2.2453277111053467,1.0,0.9924848079681396,0.007200388703495264,,,
72,10,2,2.739471197128296,1.000000238418579,0.989650547504425,0.007720812223851681,,,
72,10,3,3.2556607723236084,1.0000003576278687,0.985226035118103,0.010450388304889202,,,
72,10,4,3.620577096939087,1.000000238418579,0.9891647696495056,0.01875958777964115,,,
72,10,5,1.0711147785186768,1.0,0.9938470721244812,0.024127710610628128,,,
72,10,6,2.474757194519043,1.0,0.9939494729042053,0.008855328895151615,,,
72,10,7,2.9509530067443848,1.0,0.9952087998390198,0.028551315888762474,,,
72,10,8,2.6845333576202393,1.0,0.9944568872451782,0.011428304947912693,,,
72,10,9,1.3949463367462158,1.0,0.9943385720252991,0.06468769907951355,,,
72,10,10,2.0429694652557373,1.0,0.9948530793190002,0.005482324864715338,,,
72,10,11,2.1140801906585693,1.0,0.9946566224098206,0.043005142360925674,,,
72,11,0,4.819136619567871,1.000002145767212,0.8724046945571899,0.02518041990697384,,,
72,11,1,3.269057512283325,1.0000001192092896,0.9044963717460632,0.014660938642919064,,,
72,11,2,2.87469220161438,1.0000001192092896,0.9004331231117249,0.007781044114381075,,,
72,11,3,2.5855751037597656,1.0,0.9048502445220947,0.03473218157887459,,,
72,11,4,4.110555648803711,1.000000238418579,0.9080339670181274,0.014716366305947304,,,
72,11,5,2.652714252471924,1.0,0.9032032489776611,0.011295054107904434,,,
72,11,6,2.321044683456421,1.0,0.9020330905914307,0.005658934358507395,,,
72,11,7,2.8575541973114014,1.0,0.9039645791053772,0.01699415035545826,,,
72,11,8,3.6754508018493652,1.000019907951355,0.11114391684532166,0.0972873792052269,,,
72,11,9,2.4161176681518555,1.0,0.9024314284324646,0.0060167815536260605,,,
72,11,10,3.028050422668457,1.0000001192092896,0.9095814228057861,0.04833708330988884,,,
72,11,11,2.8869268894195557,1.0000001192092896,0.9071012139320374,0.04297773167490959,,,
73,0,0,4.41838264465332,1.0000170469284058,0.8085585236549377,0.020616982132196426,,,
73,0,1,0.6086162328720093,1.0000306367874146,0.8062026500701904,0.8067574501037598,,,
73,0,2,4.5214314460754395,1.0000123977661133,0.7899391055107117,0.046643588691949844,,,
73,0,3,0.44937434792518616,1.00002920627594,0.7910876870155334,0.8422021269798279,,,
73,0,4,1.2223399877548218,1.0000277757644653,0.7949634790420532,0.5921536087989807,,,
73,0,5,1.6571153402328491,1.0000228881835938,0.7552974224090576,0.5316334962844849,,,
73,0,6,4.2503662109375,1.0000208616256714,0.7268460988998413,0.03296266123652458,,,
73,0,7,1.8701367378234863,1.0000267028808594,0.754647433757782,0.17038141191005707,,,
73,0,8,4.180943965911865,1.0000227689743042,0.8061979413032532,0.06298403441905975,,,
73,0,9,4.611460208892822,1.0000156164169312,0.8397980332374573,0.022187089547514915,,,
73,0,10,4.219879150390625,1.0000239610671997,0.8791033029556274,0.1488739252090454,,,
73,0,11,5.356732368469238,1.000015377998352,0.7339000105857849,0.008069629780948162,,,
73,1,0,2.3537018299102783,1.000025987625122,0.7071094512939453,0.1110735535621643,,,
73,1,1,2.7212002277374268,1.0000218152999878,0.7105281352996826,0.09746456891298294,,,
73,1,2,4.719817638397217,1.0000169277191162,0.6420875787734985,0.027320362627506256,,,
73,1,3,4.233206272125244,1.0000008344650269,0.6817184686660767,0.03594924136996269,,,
73,1,4,3.7498106956481934,1.000009298324585,0.807177722454071,0.06936249136924744,,,
73,1,5,4.377841949462891,1.0000139474868774,0.826377272605896,0.08864949643611908,,,
73,1,6,4.513945579528809,1.0000091791152954,0.8166179060935974,0.031648073345422745,,,
73,1,7,4.848689556121826,1.0000118017196655,0.8301134705543518,0.02064565382897854,,,
73,1,8,5.275601863861084,1.000004529953003,0.7903053164482117,0.010207516141235828,,,
73,1,9,5.308330059051514,1.0000056028366089,0.7678638696670532,0.007929837331175804,,,
73,1,10,4.4080119132995605,1.0000134706497192,0.5905308723449707,0.04161111265420914,,,
73,1,11,1.8838729858398438,1.0000261068344116,0.7599146366119385,0.6163641810417175,,,
73,2,0,2.5326786041259766,1.0000011920928955,0.8765879273414612,0.1046980544924736,,,
73,2,1,4.606709003448486,1.0000005960464478,0.8587589263916016,0.009471808560192585,,,
73,2,2,1.1567143201828003,1.0000065565109253,0.8708581924438477,0.13040119409561157,,,
73,2,3,1.9230948686599731,1.000007152557373,0.8345940113067627,0.13289792835712433,,,
73,2,4,1.7439852952957153,1.0000001192092896,0.8590874075889587,0.0950881838798523,,,
73,2,5,1.800902009010315,1.0000054836273193,0.8576459884643555,0.14125637710094452,,,
73,2,6,2.8410472869873047,1.0000065565109253,0.779238760471344,0.08072701841592789,,,
73,2,7,2.721501588821411,1.0,0.8311917781829834,0.03345439210534096,,,
73,2,8,1.8862111568450928,1.0000027418136597,0.8843792080879211,0.11234242469072342,,,
73,2,9,1.7957485914230347,1.000003695487976,0.8578842282295227,0.12452715635299683,,,
73,2,10,3.134244918823242,1.0000277757644653,0.5146904587745667,0.12503167986869812,,,
73,2,11,3.0700225830078125,1.0000003576278687,0.870256781578064,0.10511108487844467,,,
73,3,0,2.858031749725342,1.0,0.9929392337799072,0.0627218633890152,,,
73,3,1,1.969119906425476,1.0000001192092896,0.992353081703186,0.06057600677013397,,,
73,3,2,1.428633451461792,1.0000003576278687,0.983781635761261,0.10719963163137436,,,
73,3,3,1.0048152208328247,1.0,0.9926936626434326,0.06731805950403214,,,
73,3,4,3.7680819034576416,1.0,0.9933174252510071,0.010575706139206886,,,
73,3,5,2.7429466247558594,1.0,0.9942348599433899,0.03375186398625374,,,
73,3,6,1.7337720394134521,1.0000003576278687,0.9841024279594421,0.1497398018836975,,,
73,3,7,1.485263466835022,1.000000238418579,0.9912161231040955,0.1087503433227539,,,
73,3,8,1.5616918802261353,1.0000003576278687,0.9876298904418945,0.12419440597295761,,,
73,3,9,1.6009423732757568,1.0,0.9937428832054138,0.07248736917972565,,,
73,3,10,1.8345075845718384,1.0,0.9930000305175781,0.15480543673038483,,,
73,3,11,1.788482904434204,1.0000001192092896,0.9911732077598572,0.10745922476053238,,,
73,4,0,1.2785608768463135,1.0000001192092896,0.9158114790916443,0.058801185339689255,,,
73,4,1,1.612424373626709,1.0,0.9180631637573242,0.06333932280540466,,,
73,4,2,2.2519543170928955,1.0,0.9148351550102234,0.01564338058233261,,,
73,4,3,1.6428619623184204,1.0000001192092896,0.9167366027832031,0.07214650511741638,,,
73,4,4,3.2836568355560303,1.0,0.9173885583877563,0.04371987655758858,,,
73,4,5,1.5006533861160278,1.0,0.9160841107368469,0.06130143254995346,,,
73,4,6,2.1165759563446045,1.0,0.9173546433448792,0.046488918364048004,,,
73,4,7,1.908797264099121,1.0000003576278687,0.9210634827613831,0.4647456109523773,,,
73,4,8,3.5491068363189697,1.0,0.9178479909896851,0.015310600399971008,,,
73,4,9,1.905272126197815,1.0,0.9170186519622803,0.03915013000369072,,,
73,4,10,3.4324705600738525,1.0,0.916621208190918,0.014792588539421558,,,
73,4,11,0.009814121760427952,1.0000295639038086,0.1429608315229416,0.0038658990524709225,,,
73,5,0,1.90956711769104,1.0,0.9962543249130249,0.010507320985198021,,,
73,5,1,0.40362539887428284,1.0,0.9957773685455322,0.004271260462701321,,,
73,5,2,1.490799903869629,1.0,0.9961405396461487,0.021582001820206642,,,
73,5,3,2.3300251960754395,1.0,0.993709921836853,0.03466131538152695,,,
73,5,4,1.497994303703308,1.0,0.9959411025047302,0.048553742468357086,,,
73,5,5,2.0803444385528564,1.0,0.9963752627372742,0.011371497996151447,,,
73,5,6,0.7205707430839539,1.0,0.9959501028060913,0.0263040903955698,,,
73,5,7,0.9975631833076477,1.0,0.9959277510643005,0.03746817260980606,,,
73,5,8,1.1403988599777222,1.0,0.996106743812561,0.02713998593389988,,,
73,5,9,2.9719183444976807,1.0,0.9966264963150024,0.007450181059539318,,,
73,5,10,3.789238691329956,1.0000005960464478,0.9687559008598328,0.03188285231590271,,,
73,5,11,2.9721813201904297,1.0,0.9963400363922119,0.11520621925592422,,,
73,6,0,1.8982285261154175,1.0,0.9953212738037109,0.03862263634800911,,,
73,6,1,0.876765251159668,1.0,0.9982419610023499,0.02247566357254982,,,
73,6,2,3.5912387371063232,1.0,0.9978471398353577,0.01400470919907093,,,
73,6,3,1.6975393295288086,1.0,0.9985675811767578,0.016917264088988304,,,
73,6,4,3.226020097732544,1.0,0.9974409341812134,0.014989182353019714,,,
73,6,5,1.6552605628967285,1.0,0.9985887408256531,0.05909000709652901,,,
73,6,6,3.1363325119018555,1.0,0.9985242486000061,0.075127974152565,,,
73,6,7,2.330972909927368,1.0,0.9975494742393494,0.04386521130800247,,,
73,6,8,1.2982264757156372,1.0,0.9985284209251404,0.028028087690472603,,,
73,6,9,0.9532391428947449,1.0,0.998201310634613,0.005611674394458532,,,
73,6,10,3.1538164615631104,1.0,0.9983831644058228,0.0103760352358222,,,
73,6,11,1.649792194366455,1.0,0.998157262802124,0.050278302282094955,,,
73,7,0,1.0986931324005127,1.0,0.9989694952964783,0.026670318096876144,,,
73,7,1,2.472454071044922,1.0,0.9989038705825806,0.008890138939023018,,,
73,7,2,0.7783800363540649,1.0,0.9992073178291321,0.0044182417914271355,,,
73,7,3,1.4891667366027832,1.0,0.9993868470191956,0.04394499212503433,,,
73,7,4,1.0153638124465942,1.0,0.9993095397949219,0.015366867184638977,,,
73,7,5,2.6819112300872803,1.0,0.9981226325035095,0.022700190544128418,,,
73,7,6,3.2364511489868164,1.0,0.9990814328193665,0.011034941300749779,,,
73,7,7,1.8232237100601196,1.0,0.9993600845336914,0.01281993743032217,,,
73,7,8,1.414610743522644,1.0,0.9987260699272156,0.03373206406831741,,,
73,7,9,1.4565938711166382,1.0,0.9993072748184204,0.0289686918258667,,,
73,7,10,1.0172843933105469,1.0,0.9992342591285706,0.006111505441367626,,,
73,7,11,2.1893694400787354,1.0,0.999215304851532,0.009061777032911777,,,
73,8,0,3.33435320854187,1.0,0.9977257251739502,0.021889010444283485,,,
73,8,1,1.2790642976760864,1.0,0.9977134466171265,0.0077043999917805195,,,
73,8,2,4.163898468017578,1.0000003576278687,0.9865906238555908,0.010962432250380516,,,
73,8,3,2.086963653564453,1.0,0.9980104565620422,0.01538153924047947,,,
73,8,4,1.255721926689148,1.0,0.9979138970375061,0.05229652673006058,,,
73,8,5,1.9920663833618164,1.0,0.9976045489311218,0.040377162396907806,,,
73,8,6,2.147052764892578,1.0,0.9978734850883484,0.01590893045067787,,,
73,8,7,1.3497035503387451,1.0,0.9973593354225159,0.059392623603343964,,,
73,8,8,2.2584006786346436,1.0,0.9975437521934509,0.026509210467338562,,,
73,8,9,2.36677885055542,1.0,0.9981091022491455,0.028109004721045494,,,
73,8,10,2.367964744567871,1.0,0.9982145428657532,0.055200789123773575,,,
73,8,11,1.8458046913146973,1.0,0.9977900981903076,0.014832356944680214,,,
73,9,0,2.078544855117798,1.0,0.9970949292182922,0.020954713225364685,,,
73,9,1,1.9684475660324097,1.0,0.9979681372642517,0.008587660267949104,,,
73,9,2,2.0817651748657227,1.0,0.998174250125885,0.011825740337371826,,,
73,9,3,1.6409732103347778,1.0,0.9975070953369141,0.04617203772068024,,,
73,9,4,1.8687363862991333,1.0,0.9983024001121521,0.01071776170283556,,,
73,9,5,2.417085886001587,1.0,0.9983511567115784,0.028998838737607002,,,
73,9,6,1.494093894958496,1.0,0.9983083605766296,0.005085069220513105,,,
73,9,7,1.9052801132202148,1.0,0.9982537627220154,0.016540812328457832,,,
73,9,8,2.3198304176330566,1.0,0.9959439635276794,0.008883975446224213,,,
73,9,9,1.5362070798873901,1.0,0.998289167881012,0.005642666015774012,,,
73,9,10,1.1886030435562134,1.0,0.9981168508529663,0.03826453164219856,,,
73,9,11,2.5800564289093018,1.0,0.9892961978912354,0.005858298856765032,,,
73,10,0,2.5703115463256836,1.0000001192092896,0.9954761266708374,0.010780786164104939,,,
73,10,1,1.6558364629745483,1.0,0.9972693920135498,0.006856223568320274,,,
73,10,2,2.0658953189849854,1.0000001192092896,0.9950448870658875,0.006489738821983337,,,
73,10,3,3.0917303562164307,1.0000001192092896,0.9935817718505859,0.013802524656057358,,,
73,10,4,3.098273515701294,1.0,0.9966379404067993,0.01596209965646267,,,
73,10,5,1.0574421882629395,1.0,0.9973256587982178,0.02658662386238575,,,
73,10,6,1.4871164560317993,1.0,0.9975545406341553,0.005575899966061115,,,
73,10,7,3.026416063308716,1.0,0.9968360662460327,0.02499515190720558,,,
73,10,8,2.3522145748138428,1.0,0.9976529479026794,0.009784280322492123,,,
73,10,9,1.3596289157867432,1.0,0.997523307800293,0.05942336469888687,,,
73,10,10,1.6597530841827393,1.0,0.9975684881210327,0.006049301475286484,,,
73,10,11,2.2032582759857178,1.0,0.9972739815711975,0.0391107052564621,,,
73,11,0,4.772208213806152,1.0000019073486328,0.8773494362831116,0.027494193986058235,,,
73,11,1,2.55586838722229,1.0,0.9053596258163452,0.013850612565875053,,,
73,11,2,2.8423640727996826,1.0,0.9049999713897705,0.011449145153164864,,,
73,11,3,1.9681214094161987,1.0,0.9040756821632385,0.02181597612798214,,,
73,11,4,3.9366841316223145,1.0000001192092896,0.9103975892066956,0.016256649047136307,,,
73,11,5,2.3375837802886963,1.0,0.9047679305076599,0.009856484830379486,,,
73,11,6,1.9586966037750244,1.0,0.9035167694091797,0.0058713266626000404,,,
73,11,7,2.685133934020996,1.0,0.9060350060462952,0.020850656554102898,,,
73,11,8,3.8512277603149414,1.0000213384628296,0.1093527153134346,0.0995277538895607,,,
73,11,9,1.881593108177185,1.0,0.9035018682479858,0.005952670704573393,,,
73,11,10,3.1508405208587646,1.0000001192092896,0.910970151424408,0.041195232421159744,,,
73,11,11,3.0499014854431152,1.000000238418579,0.9093638062477112,0.032167766243219376,,,
74,0,0,4.394622325897217,1.000017762184143,0.7869521975517273,0.017485713586211205,,,
74,0,1,0.6316373348236084,1.000030755996704,0.8035145401954651,0.8013045787811279,,,
74,0,2,4.522284984588623,1.0000134706497192,0.794730544090271,0.04870150610804558,,,
74,0,3,0.4641100764274597,1.0000293254852295,0.7795106768608093,0.8143906593322754,,,
74,0,4,1.2477331161499023,1.0000280141830444,0.7881920337677002,0.5743199586868286,,,
74,0,5,1.757599115371704,1.0000226497650146,0.7529380321502686,0.5043660402297974,,,
74,0,6,4.240417003631592,1.0000218152999878,0.7098333835601807,0.02975347451865673,,,
74,0,7,1.8939933776855469,1.0000274181365967,0.7470234036445618,0.17509156465530396,,,
74,0,8,4.216750621795654,1.0000243186950684,0.7929664850234985,0.05983229726552963,,,
74,0,9,4.6252546310424805,1.000017762184143,0.841578483581543,0.022758321836590767,,,
74,0,10,4.243313789367676,1.0000247955322266,0.8735808730125427,0.1433151513338089,,,
74,0,11,5.3750081062316895,1.000013828277588,0.7206993699073792,0.007339926436543465,,,
74,1,0,2.3622817993164062,1.0000274181365967,0.7025461792945862,0.11130589246749878,,,
74,1,1,2.6943299770355225,1.000022053718567,0.6903696656227112,0.0964822992682457,,,
74,1,2,4.727862358093262,1.0000172853469849,0.6534121036529541,0.02724483236670494,,,
74,1,3,4.252414226531982,1.000001072883606,0.6840813159942627,0.03587522357702255,,,
74,1,4,3.746112585067749,1.0000102519989014,0.8084064722061157,0.0695514976978302,,,
74,1,5,4.481002330780029,1.0000158548355103,0.826646625995636,0.08042072504758835,,,
74,1,6,4.511931419372559,1.0000089406967163,0.8096536993980408,0.03372589126229286,,,
74,1,7,4.8879289627075195,1.0000112056732178,0.8282797336578369,0.020757438614964485,,,
74,1,8,5.283437728881836,1.0000039339065552,0.7871696949005127,0.00979598332196474,,,
74,1,9,5.338687896728516,1.0000067949295044,0.7645607590675354,0.0071461875922977924,,,
74,1,10,4.413493633270264,1.000014066696167,0.5926814675331116,0.041490670293569565,,,
74,1,11,1.9797565937042236,1.000027060508728,0.7621802687644958,0.6016668677330017,,,
74,2,0,2.525963306427002,1.0000014305114746,0.8753218054771423,0.1071857213973999,,,
74,2,1,4.63935661315918,1.0000008344650269,0.8551958203315735,0.010237219743430614,,,
74,2,2,1.1463112831115723,1.0000051259994507,0.8749759197235107,0.1369827389717102,,,
74,2,3,1.9057027101516724,1.0000048875808716,0.8512290716171265,0.13416317105293274,,,
74,2,4,1.7285139560699463,1.0000001192092896,0.8539516925811768,0.09757206588983536,,,
74,2,5,1.7507349252700806,1.0000056028366089,0.856475830078125,0.14422988891601562,,,
74,2,6,2.836332321166992,1.0000094175338745,0.7544988989830017,0.08098471164703369,,,
74,2,7,2.6981468200683594,1.0,0.8272364139556885,0.03328654170036316,,,
74,2,8,1.8760044574737549,1.0000025033950806,0.8819215893745422,0.11643153429031372,,,
74,2,9,1.7772408723831177,1.0000040531158447,0.8540225625038147,0.13298439979553223,,,
74,2,10,3.1188621520996094,1.0000288486480713,0.4890473186969757,0.12339166551828384,,,
74,2,11,3.077132225036621,1.000000238418579,0.8674787282943726,0.10380691289901733,,,
74,3,0,3.1611294746398926,1.0000001192092896,0.9912076592445374,0.0674014538526535,,,
74,3,1,1.9696451425552368,1.000000238418579,0.9915223717689514,0.06516280025243759,,,
74,3,2,1.4458566904067993,1.0000003576278687,0.985465407371521,0.11597638577222824,,,
74,3,3,1.028420090675354,1.0,0.9919117093086243,0.07123974710702896,,,
74,3,4,4.010404109954834,1.0,0.9927330017089844,0.011515984311699867,,,
74,3,5,2.7618305683135986,1.0,0.9935005307197571,0.036125607788562775,,,
74,3,6,1.7301862239837646,1.0000004768371582,0.9839093685150146,0.1566593050956726,,,
74,3,7,1.447921633720398,1.0000003576278687,0.9889020919799805,0.1249748021364212,,,
74,3,8,1.5115488767623901,1.0000004768371582,0.9854271411895752,0.13383129239082336,,,
74,3,9,1.643192172050476,1.0,0.9929905533790588,0.07944586127996445,,,
74,3,10,1.8569563627243042,1.0,0.992218554019928,0.16051828861236572,,,
74,3,11,1.7916603088378906,1.0000001192092896,0.989650547504425,0.10969502478837967,,,
74,4,0,1.2874208688735962,1.0000001192092896,0.9154549241065979,0.06009184941649437,,,
74,4,1,1.6225953102111816,1.0,0.9178642630577087,0.06850577890872955,,,
74,4,2,2.312673330307007,1.0,0.9141317009925842,0.01575373485684395,,,
74,4,3,1.6624867916107178,1.0000001192092896,0.916783332824707,0.07893755286931992,,,
74,4,4,3.5466060638427734,1.0,0.9172462821006775,0.041661959141492844,,,
74,4,5,1.492963194847107,1.0,0.9153208136558533,0.06461220979690552,,,
74,4,6,2.1456546783447266,1.0,0.9168253540992737,0.05116662010550499,,,
74,4,7,1.908637523651123,1.0000005960464478,0.9188091158866882,0.481904000043869,,,
74,4,8,3.7992236614227295,1.0,0.9181501865386963,0.01668969914317131,,,
74,4,9,1.9261670112609863,1.0,0.9161003232002258,0.037259895354509354,,,
74,4,10,3.4077391624450684,1.0,0.9154340624809265,0.01348083559423685,,,
74,4,11,0.010012166574597359,1.000030279159546,0.14812010526657104,0.0038200910203158855,,,
74,5,0,2.2234716415405273,1.0,0.9964374303817749,0.012780185788869858,,,
74,5,1,0.4840041697025299,1.0,0.9957002997398376,0.005206128116697073,,,
74,5,2,1.4417905807495117,1.0,0.9962317943572998,0.022984957322478294,,,
74,5,3,2.3454837799072266,1.0000001192092896,0.993189811706543,0.0391564816236496,,,
74,5,4,1.4967607259750366,1.0,0.9962174892425537,0.05501975864171982,,,
74,5,5,2.4337284564971924,1.0,0.9961157441139221,0.015177163295447826,,,
74,5,6,0.6971436738967896,1.0,0.9958434700965881,0.026539094746112823,,,
74,5,7,0.9481765627861023,1.0,0.9958862662315369,0.03504183888435364,,,
74,5,8,1.1873972415924072,1.0,0.9960775375366211,0.030881674960255623,,,
74,5,9,3.3780500888824463,1.0,0.9967370629310608,0.009298846125602722,,,
74,5,10,3.966435670852661,1.0000005960464478,0.971191942691803,0.029199128970503807,,,
74,5,11,2.859163522720337,1.0,0.996498167514801,0.11705081909894943,,,
74,6,0,1.8782340288162231,1.0000001192092896,0.9945170879364014,0.039838988333940506,,,
74,6,1,0.9500690698623657,1.0,0.9978864192962646,0.028063330799341202,,,
74,6,2,3.6433916091918945,1.0,0.9977973699569702,0.014531070366501808,,,
74,6,3,1.7317355871200562,1.0,0.9982109665870667,0.020488666370511055,,,
74,6,4,3.4828953742980957,1.0,0.9955827593803406,0.018913116306066513,,,
74,6,5,1.8190853595733643,1.0,0.9983183145523071,0.07030466198921204,,,
74,6,6,3.303079605102539,1.0,0.9982365965843201,0.07971832156181335,,,
74,6,7,2.4053964614868164,1.0,0.9972257614135742,0.04701370373368263,,,
74,6,8,1.3253562450408936,1.0,0.9981601238250732,0.030399663373827934,,,
74,6,9,1.3877290487289429,1.0,0.9979634881019592,0.007235260680317879,,,
74,6,10,3.4058010578155518,1.0,0.9977664947509766,0.01123163104057312,,,
74,6,11,1.6453746557235718,1.0,0.9979600310325623,0.054196711629629135,,,
74,7,0,1.057388424873352,1.0,0.9987320303916931,0.025524284690618515,,,
74,7,1,3.254896640777588,1.0000001192092896,0.996354877948761,0.015149003826081753,,,
74,7,2,1.1059019565582275,1.0,0.9989694952964783,0.0053458609618246555,,,
74,7,3,1.549243450164795,1.0,0.9991090893745422,0.04826715961098671,,,
74,7,4,0.99654620885849,1.0,0.9989588260650635,0.015948612242937088,,,
74,7,5,2.563699722290039,1.0,0.9983776211738586,0.019823826849460602,,,
74,7,6,3.4718334674835205,1.0,0.9988882541656494,0.012007116340100765,,,
74,7,7,2.3026041984558105,1.0,0.999037504196167,0.018961384892463684,,,
74,7,8,1.270749568939209,1.0,0.9988998174667358,0.03061133623123169,,,
74,7,9,1.5704809427261353,1.0,0.9989790320396423,0.03331104293465614,,,
74,7,10,1.7315890789031982,1.0,0.998972475528717,0.008336232975125313,,,
74,7,11,2.278719663619995,1.0,0.9990192651748657,0.008348487317562103,,,
74,8,0,3.2901511192321777,1.0,0.9971979260444641,0.025333570316433907,,,
74,8,1,1.7506836652755737,1.0,0.9971923828125,0.011237405240535736,,,
74,8,2,4.27311897277832,1.0000003576278687,0.9814409017562866,0.012078867293894291,,,
74,8,3,2.5188474655151367,1.0,0.9974001049995422,0.02146272547543049,,,
74,8,4,1.1659109592437744,1.0,0.9971198439598083,0.05149158090353012,,,
74,8,5,1.8816159963607788,1.0,0.9972124695777893,0.04090166091918945,,,
74,8,6,2.3198013305664062,1.0,0.9968788027763367,0.02028881385922432,,,
74,8,7,1.2792541980743408,1.0,0.9970369338989258,0.053741879761219025,,,
74,8,8,2.5770390033721924,1.0,0.9965055584907532,0.03000602498650551,,,
74,8,9,2.5671839714050293,1.0,0.9974384307861328,0.032498300075531006,,,
74,8,10,2.4617836475372314,1.0,0.99761962890625,0.06557515263557434,,,
74,8,11,1.7939419746398926,1.0,0.9970571398735046,0.01468330156058073,,,
74,9,0,2.5204708576202393,1.0,0.9978836178779602,0.022015050053596497,,,
74,9,1,2.4021217823028564,1.0,0.9983204007148743,0.010978561826050282,,,
74,9,2,2.6814448833465576,1.0,0.9979842901229858,0.014321094378829002,,,
74,9,3,1.5647639036178589,1.0,0.9982749819755554,0.043626684695482254,,,
74,9,4,2.2588460445404053,1.0,0.9988817572593689,0.011953878216445446,,,
74,9,5,2.5212409496307373,1.0,0.998945951461792,0.03383682668209076,,,
74,9,6,2.136514902114868,1.0,0.9987335801124573,0.005435218568891287,,,
74,9,7,1.9256075620651245,1.0,0.9987292885780334,0.01777767390012741,,,
74,9,8,2.5603108406066895,1.0,0.9979780316352844,0.007817341014742851,,,
74,9,9,2.315112829208374,1.0,0.9983672499656677,0.007182010915130377,,,
74,9,10,1.1555315256118774,1.0,0.9986106753349304,0.0369129441678524,,,
74,9,11,2.5716753005981445,1.0,0.9977107644081116,0.0062985350377857685,,,
74,10,0,2.5301544666290283,1.0,0.9955483078956604,0.008178316056728363,,,
74,10,1,2.2868165969848633,1.0,0.9954378604888916,0.009410989470779896,,,
74,10,2,2.7093145847320557,1.0000001192092896,0.9938926100730896,0.011283141560852528,,,
74,10,3,3.3295371532440186,1.000000238418579,0.9840705394744873,0.01333673857152462,,,
74,10,4,3.3559811115264893,1.0000001192092896,0.9927821755409241,0.020793436095118523,,,
74,10,5,1.0812770128250122,1.0,0.9948433041572571,0.02849922515451908,,,
74,10,6,2.0470120906829834,1.0,0.9952528476715088,0.0061679114587605,,,
74,10,7,3.345365285873413,1.0000001192092896,0.9910200238227844,0.023324668407440186,,,
74,10,8,2.5519723892211914,1.0,0.9950233697891235,0.01045957114547491,,,
74,10,9,1.3416746854782104,1.0,0.9952936172485352,0.07511346787214279,,,
74,10,10,1.936746597290039,1.0,0.9956807494163513,0.0063629248179495335,,,
74,10,11,2.6532115936279297,1.0000001192092896,0.9947309494018555,0.03267890214920044,,,
74,11,0,4.854369640350342,1.0000020265579224,0.8664479851722717,0.024898460134863853,,,
74,11,1,2.9177987575531006,1.0,0.9044334292411804,0.013660433702170849,,,
74,11,2,2.337628126144409,1.0,0.9022911190986633,0.0063809603452682495,,,
74,11,3,2.171665906906128,1.0,0.9028447866439819,0.024767251685261726,,,
74,11,4,3.86370587348938,1.0000001192092896,0.9069095849990845,0.014523634687066078,,,
74,11,5,2.6712827682495117,1.0,0.9039046764373779,0.010075525380671024,,,
74,11,6,2.164729118347168,1.0,0.9016659259796143,0.0062204524874687195,,,
74,11,7,3.1018872261047363,1.0,0.9050989151000977,0.01877615414559841,,,
74,11,8,3.8829431533813477,1.0000213384628296,0.11415555328130722,0.09268645197153091,,,
74,11,9,2.4024152755737305,1.0,0.9024619460105896,0.006687671411782503,,,
74,11,10,3.1708555221557617,1.0,0.9095517992973328,0.04635310918092728,,,
74,11,11,3.09342360496521,1.0000001192092896,0.9076825976371765,0.036361150443553925,,,
75,0,0,4.362574100494385,1.0000159740447998,0.8006900548934937,0.022841038182377815,,,
75,0,1,0.5506758689880371,1.000029444694519,0.8039147853851318,0.8268323540687561,,,
75,0,2,4.537031650543213,1.000011920928955,0.7989292144775391,0.04403659328818321,,,
75,0,3,0.4565962851047516,1.0000282526016235,0.7850176095962524,0.8323338627815247,,,
75,0,4,1.281732439994812,1.0000263452529907,0.7870845198631287,0.5578428506851196,,,
75,0,5,1.6068021059036255,1.0000224113464355,0.7657991051673889,0.5502937436103821,,,
75,0,6,4.1896209716796875,1.0000202655792236,0.7259247303009033,0.03348517417907715,,,
75,0,7,1.8800525665283203,1.000025987625122,0.7565373778343201,0.16612069308757782,,,
75,0,8,4.185631275177002,1.0000215768814087,0.7950515747070312,0.06237317994236946,,,
75,0,9,4.597923755645752,1.000016212463379,0.8431753516197205,0.02272380143404007,,,
75,0,10,4.178079605102539,1.0000234842300415,0.8775894641876221,0.1539456695318222,,,
75,0,11,5.283052444458008,1.0000126361846924,0.7293782830238342,0.008308030664920807,,,
75,1,0,2.339677095413208,1.0000243186950684,0.7133991718292236,0.10341102629899979,,,
75,1,1,2.704394578933716,1.000019907951355,0.6943115592002869,0.0932818055152893,,,
75,1,2,4.670528411865234,1.0000158548355103,0.629103422164917,0.0284089595079422,,,
75,1,3,4.1729607582092285,1.0000008344650269,0.6886360049247742,0.03709996119141579,,,
75,1,4,3.752664566040039,1.0000090599060059,0.8078693151473999,0.0691114291548729,,,
75,1,5,4.400496006011963,1.0000100135803223,0.8258687853813171,0.0923730880022049,,,
75,1,6,4.372557163238525,1.0000094175338745,0.810613214969635,0.039297446608543396,,,
75,1,7,4.8397979736328125,1.0000114440917969,0.8302773833274841,0.020881500095129013,,,
75,1,8,5.204079627990723,1.0000038146972656,0.7920225262641907,0.01033935695886612,,,
75,1,9,5.2428741455078125,1.0000059604644775,0.7723146080970764,0.007665399461984634,,,
75,1,10,4.379341125488281,1.000011920928955,0.5726730823516846,0.04180637374520302,,,
75,1,11,1.7212653160095215,1.0000249147415161,0.7574208974838257,0.6506327390670776,,,
75,2,0,2.5144765377044678,1.000001311302185,0.8714491128921509,0.10330447554588318,,,
75,2,1,4.687990665435791,1.0000008344650269,0.8621615767478943,0.011794219724833965,,,
75,2,2,1.106573462486267,1.0000081062316895,0.8638700246810913,0.11775386333465576,,,
75,2,3,1.8929049968719482,1.0000076293945312,0.8282799124717712,0.12885190546512604,,,
75,2,4,1.6891826391220093,1.000000238418579,0.8537483811378479,0.08751709014177322,,,
75,2,5,1.8074811697006226,1.0000057220458984,0.8588860034942627,0.1278049498796463,,,
75,2,6,2.773242473602295,1.0000067949295044,0.7681263089179993,0.07954130321741104,,,
75,2,7,2.800499439239502,1.0,0.8237372040748596,0.03381658345460892,,,
75,2,8,1.8323575258255005,1.0000027418136597,0.8810543417930603,0.1050395518541336,,,
75,2,9,1.7762194871902466,1.0000051259994507,0.8461210131645203,0.11995909363031387,,,
75,2,10,3.1350162029266357,1.000026822090149,0.5334205031394958,0.12352647632360458,,,
75,2,11,3.0164315700531006,1.000000238418579,0.861267626285553,0.10251087695360184,,,
75,3,0,2.758042573928833,1.0,0.9917985796928406,0.06027258187532425,,,
75,3,1,1.9931598901748657,1.0,0.9919662475585938,0.05713487043976784,,,
75,3,2,1.43556547164917,1.0000004768371582,0.9824168682098389,0.11645893007516861,,,
75,3,3,0.9956546425819397,1.0,0.9917239546775818,0.06220812350511551,,,
75,3,4,3.6808407306671143,1.0,0.9926580190658569,0.01093265786767006,,,
75,3,5,2.7436587810516357,1.0000001192092896,0.9935203790664673,0.03676028177142143,,,
75,3,6,1.7112575769424438,1.0000004768371582,0.978603184223175,0.15119431912899017,,,
75,3,7,1.4686145782470703,1.000000238418579,0.98992919921875,0.11614356935024261,,,
75,3,8,1.5598827600479126,1.0000003576278687,0.9863723516464233,0.11578875780105591,,,
75,3,9,1.6084535121917725,1.0,0.9930359125137329,0.07152234762907028,,,
75,3,10,1.8137346506118774,1.0,0.9920509457588196,0.15869109332561493,,,
75,3,11,1.7857489585876465,1.000000238418579,0.9903995990753174,0.10751519352197647,,,
75,4,0,1.224623680114746,1.0,0.9165888428688049,0.06464317440986633,,,
75,4,1,1.6235336065292358,1.0,0.9182079434394836,0.06206240504980087,,,
75,4,2,2.3885338306427,1.0,0.9155082702636719,0.01582520455121994,,,
75,4,3,1.612242579460144,1.0,0.9172079563140869,0.06984297186136246,,,
75,4,4,3.1393849849700928,1.0,0.917097270488739,0.04508935660123825,,,
75,4,5,1.4419351816177368,1.0,0.9156965017318726,0.06390976905822754,,,
75,4,6,2.100632667541504,1.0,0.917188286781311,0.043793294578790665,,,
75,4,7,1.8343912363052368,1.0000005960464478,0.9189676642417908,0.48660722374916077,,,
75,4,8,3.343374013900757,1.0,0.9174000024795532,0.015316951088607311,,,
75,4,9,1.9025434255599976,1.0,0.9175340533256531,0.036632388830184937,,,
75,4,10,3.3217170238494873,1.0,0.9163146615028381,0.014224422164261341,,,
75,4,11,0.012266596779227257,1.0000275373458862,0.1487884372472763,0.004477971233427525,,,
75,5,0,1.809227466583252,1.0,0.995592474937439,0.012573473155498505,,,
75,5,1,0.3571487367153168,1.0,0.9950084090232849,0.00408424437046051,,,
75,5,2,1.3954535722732544,1.0,0.9955117702484131,0.021267617121338844,,,
75,5,3,2.3074443340301514,1.0000001192092896,0.9920181035995483,0.03516235947608948,,,
75,5,4,1.4909729957580566,1.0,0.9955580234527588,0.05217614769935608,,,
75,5,5,2.071981430053711,1.0,0.9955407977104187,0.012681914493441582,,,
75,5,6,0.6709426045417786,1.0,0.9951881766319275,0.024884400889277458,,,
75,5,7,1.0133013725280762,1.0,0.995366096496582,0.043936971575021744,,,
75,5,8,1.1216803789138794,1.0,0.99538654088974,0.03029981069266796,,,
75,5,9,2.96193265914917,1.0,0.9960505962371826,0.008676993660628796,,,
75,5,10,3.6377756595611572,1.0000007152557373,0.9631677269935608,0.041768137365579605,,,
75,5,11,2.8464090824127197,1.0,0.9957607388496399,0.11912282556295395,,,
75,6,0,1.874004602432251,1.0,0.9956619739532471,0.03977283462882042,,,
75,6,1,0.7356780171394348,1.0,0.997760534286499,0.022731827571988106,,,
75,6,2,3.72106671333313,1.0000001192092896,0.9970962405204773,0.013700558803975582,,,
75,6,3,1.736811876296997,1.0,0.9982830286026001,0.017981309443712234,,,
75,6,4,3.495596408843994,1.0,0.9947936534881592,0.0194231029599905,,,
75,6,5,1.8408560752868652,1.0,0.9984070062637329,0.06676340848207474,,,
75,6,6,3.0239686965942383,1.0,0.9984402060508728,0.085377998650074,,,
75,6,7,2.3821663856506348,1.0,0.9973676204681396,0.041051674634218216,,,
75,6,8,1.3512760400772095,1.0,0.998246967792511,0.03087427094578743,,,
75,6,9,0.8823891878128052,1.0,0.9977878332138062,0.005448926240205765,,,
75,6,10,3.1970598697662354,1.0,0.9980741739273071,0.010240101255476475,,,
75,6,11,1.6100842952728271,1.0,0.9980477690696716,0.047832902520895004,,,
75,7,0,1.1199005842208862,1.0,0.9989020824432373,0.028241343796253204,,,
75,7,1,2.725052833557129,1.0,0.9975301623344421,0.012684077024459839,,,
75,7,2,0.7675706148147583,1.0,0.9989791512489319,0.004401518497616053,,,
75,7,3,1.662001609802246,1.0,0.9991827011108398,0.05102475360035896,,,
75,7,4,0.9509832262992859,1.0,0.99904865026474,0.014438086189329624,,,
75,7,5,2.7399773597717285,1.0,0.9975537657737732,0.02306596003472805,,,
75,7,6,3.372304677963257,1.0,0.9986745715141296,0.012390519492328167,,,
75,7,7,1.6288630962371826,1.0,0.9991503357887268,0.009712335653603077,,,
75,7,8,1.361080527305603,1.0,0.9988436102867126,0.0332956537604332,,,
75,7,9,1.5652612447738647,1.0,0.9990246295928955,0.03339240700006485,,,
75,7,10,1.1777480840682983,1.0,0.9990360736846924,0.006422787439078093,,,
75,7,11,2.085801601409912,1.0,0.9991330504417419,0.007329160813242197,,,
75,8,0,3.324512004852295,1.0,0.9975292086601257,0.025750134140253067,,,
75,8,1,1.2629085779190063,1.0,0.997338056564331,0.00834648497402668,,,
75,8,2,4.2260026931762695,1.0000003576278687,0.9875814914703369,0.011151593178510666,,,
75,8,3,2.3442800045013428,1.0,0.9977411031723022,0.017868945375084877,,,
75,8,4,1.2212791442871094,1.0,0.9975824356079102,0.047751590609550476,,,
75,8,5,2.000490188598633,1.0,0.9967718720436096,0.0399504192173481,,,
75,8,6,1.7271215915679932,1.0,0.9976347088813782,0.014835984446108341,,,
75,8,7,1.228114366531372,1.0,0.9973680377006531,0.049372512847185135,,,
75,8,8,2.5153865814208984,1.0,0.9961423277854919,0.02951532043516636,,,
75,8,9,2.5218682289123535,1.0,0.9978312849998474,0.02740713208913803,,,
75,8,10,2.4637928009033203,1.0,0.9980377554893494,0.06382560729980469,,,
75,8,11,2.134946584701538,1.0,0.997067391872406,0.014523656107485294,,,
75,9,0,2.486734390258789,1.0000001192092896,0.9947931170463562,0.023309433832764626,,,
75,9,1,2.1073191165924072,1.0,0.9981788396835327,0.01345265656709671,,,
75,9,2,2.541860342025757,1.0,0.9965004324913025,0.013616356067359447,,,
75,9,3,1.6786420345306396,1.0,0.9974573254585266,0.04873072728514671,,,
75,9,4,1.8154760599136353,1.0,0.9985708594322205,0.011005786247551441,,,
75,9,5,2.3447399139404297,1.0,0.9986700415611267,0.03190300241112709,,,
75,9,6,1.5323870182037354,1.0,0.9985063672065735,0.004841191694140434,,,
75,9,7,1.9725111722946167,1.0,0.9985246658325195,0.01892065443098545,,,
75,9,8,2.343416690826416,1.0,0.9984804391860962,0.008068461902439594,,,
75,9,9,1.7778514623641968,1.0,0.9986122250556946,0.006827250123023987,,,
75,9,10,1.1042782068252563,1.0,0.9983346462249756,0.03469424694776535,,,
75,9,11,2.5803020000457764,1.0,0.9975055456161499,0.006458562333136797,,,
75,10,0,2.0710911750793457,1.0,0.9966118335723877,0.007195551414042711,,,
75,10,1,1.8629295825958252,1.0,0.9975578188896179,0.008770729415118694,,,
75,10,2,2.5038228034973145,1.0,0.9971259832382202,0.009047770872712135,,,
75,10,3,2.969881057739258,1.0000001192092896,0.9944209456443787,0.010658973827958107,,,
75,10,4,3.1756558418273926,1.0,0.996121346950531,0.021928979083895683,,,
75,10,5,0.9889834523200989,1.0,0.9975681900978088,0.024637646973133087,,,
75,10,6,2.1556243896484375,1.0,0.9975542426109314,0.00920877419412136,,,
75,10,7,2.9787087440490723,1.0,0.9970794320106506,0.028217699378728867,,,
75,10,8,2.360154867172241,1.0,0.9977588057518005,0.011765465140342712,,,
75,10,9,1.3277758359909058,1.0,0.9978363513946533,0.05944939702749252,,,
75,10,10,1.7917672395706177,1.0,0.9978259801864624,0.006546339951455593,,,
75,10,11,2.2827019691467285,1.0,0.9975011944770813,0.03550143539905548,,,
75,11,0,4.633147239685059,1.0000011920928955,0.8914576172828674,0.028269879519939423,,,
75,11,1,2.382434368133545,1.0,0.9075405597686768,0.010861602611839771,,,
75,11,2,2.289910316467285,1.0000001192092896,0.9063026905059814,0.008667158894240856,,,
75,11,3,2.406935930252075,1.0,0.9089136123657227,0.029888128861784935,,,
75,11,4,3.930213212966919,1.0000001192092896,0.9117591381072998,0.01681067980825901,,,
75,11,5,2.3549611568450928,1.0,0.9074229598045349,0.011662594974040985,,,
75,11,6,1.8536531925201416,1.0,0.9064283967018127,0.005959083326160908,,,
75,11,7,2.8497235774993896,1.0,0.9091205596923828,0.017200155183672905,,,
75,11,8,3.6375532150268555,1.0000196695327759,0.09545766562223434,0.09584372490644455,,,
75,11,9,2.0564284324645996,1.0,0.9069753885269165,0.007695174776017666,,,
75,11,10,2.8902502059936523,1.0,0.9121701717376709,0.044844649732112885,,,
75,11,11,2.8595497608184814,1.0,0.9113832116127014,0.03330720588564873,,,
76,0,0,4.396029949188232,1.0000183582305908,0.7958992123603821,0.01803841069340706,,,
76,0,1,0.6736152768135071,1.000029444694519,0.8083183169364929,0.7865064144134521,,,
76,0,2,4.559198379516602,1.0000147819519043,0.8094003200531006,0.04418053478002548,,,
76,0,3,0.48281461000442505,1.0000296831130981,0.7924396991729736,0.8236746191978455,,,
76,0,4,1.2749903202056885,1.0000274181365967,0.7913832068443298,0.5647156834602356,,,
76,0,5,1.699764609336853,1.0000226497650146,0.7641919851303101,0.5357342958450317,,,
76,0,6,4.238621711730957,1.0000214576721191,0.7187146544456482,0.031067948788404465,,,
76,0,7,1.9121488332748413,1.0000271797180176,0.7420337200164795,0.17309008538722992,,,
76,0,8,4.226136207580566,1.0000238418579102,0.7982499599456787,0.05654681473970413,,,
76,0,9,4.636124134063721,1.0000170469284058,0.8464691638946533,0.021856004372239113,,,
76,0,10,4.248485088348389,1.000023603439331,0.879650354385376,0.14293061196804047,,,
76,0,11,5.349724769592285,1.0000147819519043,0.7240723967552185,0.007854655385017395,,,
76,1,0,2.431591033935547,1.0000269412994385,0.7066493630409241,0.1157349944114685,,,
76,1,1,2.6835508346557617,1.0000216960906982,0.6808780431747437,0.09655541926622391,,,
76,1,2,4.7253947257995605,1.000016450881958,0.6453599333763123,0.026962971314787865,,,
76,1,3,4.253727912902832,1.000001311302185,0.6811723709106445,0.03597686067223549,,,
76,1,4,3.758314371109009,1.0000104904174805,0.8070247173309326,0.06892254203557968,,,
76,1,5,4.521164894104004,1.0000145435333252,0.8310007452964783,0.07952917367219925,,,
76,1,6,4.475706577301025,1.0000081062316895,0.802317202091217,0.035633888095617294,,,
76,1,7,4.86590576171875,1.0000102519989014,0.8287447094917297,0.020461557433009148,,,
76,1,8,5.273824691772461,1.000004768371582,0.7949163913726807,0.009992913343012333,,,
76,1,9,5.303020477294922,1.0000078678131104,0.7540098428726196,0.007308386266231537,,,
76,1,10,4.4051313400268555,1.000012993812561,0.5943342447280884,0.041394732892513275,,,
76,1,11,2.0320494174957275,1.0000262260437012,0.7593559622764587,0.5918628573417664,,,
76,2,0,2.451660394668579,1.000001072883606,0.8706645369529724,0.1062610000371933,,,
76,2,1,4.498709201812744,1.0000005960464478,0.8519376516342163,0.010654567740857601,,,
76,2,2,1.1507092714309692,1.0000042915344238,0.8776411414146423,0.13475029170513153,,,
76,2,3,1.9269225597381592,1.0000051259994507,0.8558145761489868,0.13961146771907806,,,
76,2,4,1.700225830078125,1.0000001192092896,0.849912703037262,0.09695989638566971,,,
76,2,5,1.7225894927978516,1.0000057220458984,0.8458513021469116,0.14234384894371033,,,
76,2,6,2.7448887825012207,1.000008225440979,0.7402094006538391,0.08410874009132385,,,
76,2,7,2.6917121410369873,1.0,0.8247005939483643,0.03305864334106445,,,
76,2,8,1.8246729373931885,1.000002384185791,0.8813132643699646,0.11494775116443634,,,
76,2,9,1.6934789419174194,1.0000064373016357,0.8343983292579651,0.12523452937602997,,,
76,2,10,3.0846569538116455,1.0000280141830444,0.5042699575424194,0.12423306703567505,,,
76,2,11,3.0352118015289307,1.000000238418579,0.864463746547699,0.10405221581459045,,,
76,3,0,3.0590195655822754,1.0,0.9929543137550354,0.06870266050100327,,,
76,3,1,1.9212899208068848,1.0000001192092896,0.992363691329956,0.0626673623919487,,,
76,3,2,1.4261842966079712,1.0000003576278687,0.9882051348686218,0.13530491292476654,,,
76,3,3,0.9799558520317078,1.0,0.9926601052284241,0.06770490109920502,,,
76,3,4,3.9216933250427246,1.0,0.9934700131416321,0.009800149127840996,,,
76,3,5,2.624507188796997,1.0,0.9940471649169922,0.0367119200527668,,,
76,3,6,1.670301914215088,1.0000003576278687,0.9818572998046875,0.1624474972486496,,,
76,3,7,1.4005115032196045,1.000000238418579,0.9902604818344116,0.11825348436832428,,,
76,3,8,1.4609116315841675,1.0000004768371582,0.985874354839325,0.1283981204032898,,,
76,3,9,1.5654823780059814,1.0,0.9937093257904053,0.08242377638816833,,,
76,3,10,1.8163830041885376,1.0,0.9930053949356079,0.16090218722820282,,,
76,3,11,1.785858392715454,1.0000003576278687,0.9925768375396729,0.11328060179948807,,,
76,4,0,1.1960450410842896,1.0,0.9160724878311157,0.0699775218963623,,,
76,4,1,1.5530633926391602,1.0,0.9178475737571716,0.07131453603506088,,,
76,4,2,2.3472695350646973,1.0,0.9153549671173096,0.015924841165542603,,,
76,4,3,1.518478274345398,1.0,0.9170348644256592,0.07552539557218552,,,
76,4,4,3.3979694843292236,1.0,0.9174708724021912,0.03983428329229355,,,
76,4,5,1.3996518850326538,1.0,0.915066659450531,0.06349581480026245,,,
76,4,6,2.1154820919036865,1.0,0.9173396825790405,0.05078548192977905,,,
76,4,7,1.8759496212005615,1.0000005960464478,0.918766438961029,0.4906195104122162,,,
76,4,8,3.4690911769866943,1.0,0.9174824357032776,0.015027878805994987,,,
76,4,9,1.8640037775039673,1.0,0.916851282119751,0.03732038661837578,,,
76,4,10,3.248703718185425,1.0,0.9157595038414001,0.013055691495537758,,,
76,4,11,0.008494517765939236,1.0000296831130981,0.14332450926303864,0.0035441515501588583,,,
76,5,0,2.3516218662261963,1.0,0.9970336556434631,0.009892002679407597,,,
76,5,1,0.5189367532730103,1.0,0.9963610172271729,0.003676652442663908,,,
76,5,2,1.4084478616714478,1.0,0.9968072772026062,0.024423860013484955,,,
76,5,3,2.3264694213867188,1.000000238418579,0.9932213425636292,0.03700532019138336,,,
76,5,4,1.4836755990982056,1.0,0.9968151450157166,0.058819398283958435,,,
76,5,5,2.351994752883911,1.0,0.9968319535255432,0.012114902026951313,,,
76,5,6,0.7157167792320251,1.0,0.9964916110038757,0.02854604832828045,,,
76,5,7,0.9516909122467041,1.0,0.9965221881866455,0.036678511649370193,,,
76,5,8,1.2195851802825928,1.0,0.9967401027679443,0.027301283553242683,,,
76,5,9,3.154120922088623,1.0,0.9972901940345764,0.008839908055961132,,,
76,5,10,3.7442221641540527,1.0000005960464478,0.977840006351471,0.042289409786462784,,,
76,5,11,2.9720067977905273,1.0,0.9969807267189026,0.10632418841123581,,,
76,6,0,1.8337795734405518,1.0,0.9965856075286865,0.04217438027262688,,,
76,6,1,0.9261413216590881,1.0,0.9981452822685242,0.027341296896338463,,,
76,6,2,3.675658941268921,1.0,0.9974502921104431,0.013109799474477768,,,
76,6,3,1.677398920059204,1.0,0.9984149932861328,0.02002975344657898,,,
76,6,4,3.4220292568206787,1.0,0.9965693950653076,0.02002623863518238,,,
76,6,5,1.8114473819732666,1.0,0.998577356338501,0.06436414271593094,,,
76,6,6,3.3692514896392822,1.0,0.9983218908309937,0.07244332134723663,,,
76,6,7,2.3149609565734863,1.0,0.997545063495636,0.04511069878935814,,,
76,6,8,1.3314812183380127,1.0,0.9984024167060852,0.03113511949777603,,,
76,6,9,1.1798467636108398,1.0,0.9981239438056946,0.005183595698326826,,,
76,6,10,3.370605707168579,1.0,0.9980506896972656,0.010129168629646301,,,
76,6,11,1.6361048221588135,1.0,0.9980565905570984,0.049357883632183075,,,
76,7,0,1.0498805046081543,1.0,0.9991347789764404,0.0246902909129858,,,
76,7,1,2.8770551681518555,1.0,0.9982495903968811,0.013817999511957169,,,
76,7,2,0.9151643514633179,1.0,0.9991443753242493,0.0037965686060488224,,,
76,7,3,1.6021424531936646,1.0,0.9992917776107788,0.05168416351079941,,,
76,7,4,0.9397592544555664,1.0,0.9991984963417053,0.014108316972851753,,,
76,7,5,2.6162824630737305,1.0,0.9980358481407166,0.020275220274925232,,,
76,7,6,3.3348934650421143,1.0,0.9990600943565369,0.012307248078286648,,,
76,7,7,2.0629351139068604,1.0,0.9992476105690002,0.016116883605718613,,,
76,7,8,1.2659797668457031,1.0,0.9989900588989258,0.03638691082596779,,,
76,7,9,1.6226847171783447,1.0,0.9990988373756409,0.03406849503517151,,,
76,7,10,1.3103729486465454,1.0,0.999183714389801,0.0054944539442658424,,,
76,7,11,2.291365623474121,1.0,0.9992756247520447,0.0062597282230854034,,,
76,8,0,3.24169921875,1.0,0.995853066444397,0.025492068380117416,,,
76,8,1,1.613067626953125,1.0,0.9959157705307007,0.010847136378288269,,,
76,8,2,4.474822044372559,1.0000005960464478,0.9703425765037537,0.01238955743610859,,,
76,8,3,2.377720832824707,1.0,0.9961996674537659,0.019612515345215797,,,
76,8,4,1.1948572397232056,1.0,0.9959142208099365,0.04964710399508476,,,
76,8,5,1.9173557758331299,1.0,0.9958576560020447,0.03965521231293678,,,
76,8,6,2.2393267154693604,1.0,0.9959781169891357,0.016442440450191498,,,
76,8,7,1.2133853435516357,1.0,0.9959663152694702,0.05333605408668518,,,
76,8,8,2.471578359603882,1.0,0.9939360022544861,0.03461802750825882,,,
76,8,9,2.4053056240081787,1.0,0.9963124990463257,0.03264615312218666,,,
76,8,10,2.4946417808532715,1.0,0.9964516162872314,0.06496410071849823,,,
76,8,11,1.709792137145996,1.0,0.9958827495574951,0.014035245403647423,,,
76,9,0,2.35615873336792,1.0,0.9980842471122742,0.02695208415389061,,,
76,9,1,2.1856932640075684,1.0,0.9980285167694092,0.010626212693750858,,,
76,9,2,2.765842914581299,1.000000238418579,0.9927931427955627,0.019134921953082085,,,
76,9,3,1.6652740240097046,1.0,0.9974661469459534,0.050456199795007706,,,
76,9,4,2.0829663276672363,1.0,0.9984853267669678,0.011988246813416481,,,
76,9,5,2.620140790939331,1.0,0.9985454082489014,0.02975648269057274,,,
76,9,6,1.7388240098953247,1.0,0.9984188675880432,0.004404820967465639,,,
76,9,7,1.9233472347259521,1.0,0.9983797669410706,0.020509464666247368,,,
76,9,8,2.236117362976074,1.0,0.9985437393188477,0.007492950651794672,,,
76,9,9,1.905045747756958,1.0,0.9983711838722229,0.005840477999299765,,,
76,9,10,1.234849214553833,1.0,0.9982936382293701,0.047954488545656204,,,
76,9,11,2.781116247177124,1.0,0.9956709146499634,0.006559109780937433,,,
76,10,0,2.3332998752593994,1.0,0.9967203736305237,0.008000615052878857,,,
76,10,1,2.0749306678771973,1.0,0.9970691800117493,0.008649379014968872,,,
76,10,2,2.462907552719116,1.0,0.9974833130836487,0.008216103538870811,,,
76,10,3,3.01257586479187,1.0,0.9952555298805237,0.01110541820526123,,,
76,10,4,3.51141619682312,1.0000001192092896,0.9924705624580383,0.021547406911849976,,,
76,10,5,1.0729385614395142,1.0,0.99691241979599,0.030265534296631813,,,
76,10,6,2.1234827041625977,1.0,0.9967663288116455,0.007242649327963591,,,
76,10,7,3.2500569820404053,1.0000001192092896,0.9935239553451538,0.02414556033909321,,,
76,10,8,2.444498062133789,1.0,0.9967784881591797,0.010376225225627422,,,
76,10,9,1.264557123184204,1.0,0.9972203969955444,0.07767760753631592,,,
76,10,10,1.683014154434204,1.0,0.9972471594810486,0.006077788304537535,,,
76,10,11,2.258040189743042,1.0,0.9972091317176819,0.037834759801626205,,,
76,11,0,4.745595932006836,1.0000019073486328,0.8293594121932983,0.02350199595093727,,,
76,11,1,2.9061474800109863,1.0,0.902334988117218,0.012628373689949512,,,
76,11,2,2.1874771118164062,1.0,0.900042712688446,0.0074488152749836445,,,
76,11,3,2.4051780700683594,1.0,0.9021671414375305,0.029398631304502487,,,
76,11,4,3.821208953857422,1.0,0.9067472815513611,0.014681772328913212,,,
76,11,5,2.3563427925109863,1.0,0.9008011221885681,0.008445763029158115,,,
76,11,6,1.7174543142318726,1.0,0.8988271951675415,0.005596105940639973,,,
76,11,7,2.9649744033813477,1.0,0.9024112224578857,0.016192901879549026,,,
76,11,8,3.8779540061950684,1.00001859664917,0.0973227471113205,0.08004895597696304,,,
76,11,9,2.28715443611145,1.0,0.9004652500152588,0.0063095721416175365,,,
76,11,10,3.0586183071136475,1.0,0.9058803915977478,0.042690031230449677,,,
76,11,11,2.9861621856689453,1.0000001192092896,0.9054664969444275,0.041327692568302155,,,
77,0,0,4.364491939544678,1.000017523765564,0.8048204779624939,0.023788487538695335,,,
77,0,1,0.5163748264312744,1.000030279159546,0.8059637546539307,0.8382938504219055,,,
77,0,2,4.549972057342529,1.0000123977661133,0.7954906821250916,0.04018707573413849,,,
77,0,3,0.43363261222839355,1.000030279159546,0.788587212562561,0.8391138315200806,,,
77,0,4,1.2220627069473267,1.0000264644622803,0.7767789959907532,0.5680890083312988,,,
77,0,5,1.5195178985595703,1.0000247955322266,0.7689838409423828,0.5810046195983887,,,
77,0,6,4.243051052093506,1.00002121925354,0.7336486577987671,0.03419468179345131,,,
77,0,7,1.9055275917053223,1.000026822090149,0.7500523924827576,0.16902399063110352,,,
77,0,8,4.216067790985107,1.0000221729278564,0.7960872054100037,0.05980189889669418,,,
77,0,9,4.599894046783447,1.000016450881958,0.8447038531303406,0.022009151056408882,,,
77,0,10,4.181044578552246,1.0000232458114624,0.877820611000061,0.1556229442358017,,,
77,0,11,5.3262739181518555,1.000014305114746,0.7274211645126343,0.008456631563603878,,,
77,1,0,2.3531718254089355,1.0000262260437012,0.7204033136367798,0.10650815069675446,,,
77,1,1,2.6989669799804688,1.0000207424163818,0.7005192041397095,0.09330542385578156,,,
77,1,2,4.711738586425781,1.0000171661376953,0.6404321789741516,0.027865353971719742,,,
77,1,3,4.215793132781982,1.0000009536743164,0.6786597967147827,0.03629070892930031,,,
77,1,4,3.752988815307617,1.0000094175338745,0.8080074191093445,0.06897914409637451,,,
77,1,5,4.36755895614624,1.0000126361846924,0.8314517736434937,0.09479522705078125,,,
77,1,6,4.37667179107666,1.0000113248825073,0.8135117888450623,0.03707379847764969,,,
77,1,7,4.853836536407471,1.000014066696167,0.8280290961265564,0.020729592069983482,,,
77,1,8,5.247994899749756,1.0000040531158447,0.7903637290000916,0.010330665856599808,,,
77,1,9,5.280925273895264,1.0000061988830566,0.7647011280059814,0.0076819309033453465,,,
77,1,10,4.395602703094482,1.0000128746032715,0.5918835401535034,0.0417407751083374,,,
77,1,11,1.7067358493804932,1.000026822090149,0.7630817294120789,0.656090259552002,,,
77,2,0,2.494716167449951,1.000001311302185,0.8776953220367432,0.1101144328713417,,,
77,2,1,4.672604084014893,1.0000008344650269,0.8634620904922485,0.011331714689731598,,,
77,2,2,1.1194065809249878,1.0000032186508179,0.8917524218559265,0.1263779252767563,,,
77,2,3,1.9243505001068115,1.0000072717666626,0.8484542965888977,0.13331909477710724,,,
77,2,4,1.6712102890014648,1.000000238418579,0.8585687279701233,0.08542495220899582,,,
77,2,5,1.7958359718322754,1.0000051259994507,0.8640642762184143,0.13240255415439606,,,
77,2,6,2.766484022140503,1.0000076293945312,0.7694594860076904,0.08118914812803268,,,
77,2,7,2.742574453353882,1.0,0.8306453824043274,0.03352659195661545,,,
77,2,8,1.7810347080230713,1.0000027418136597,0.8795976042747498,0.1048089936375618,,,
77,2,9,1.751002550125122,1.0000041723251343,0.8566600680351257,0.12349298596382141,,,
77,2,10,3.1142818927764893,1.0000277757644653,0.5147063136100769,0.12580546736717224,,,
77,2,11,3.0472095012664795,1.000000238418579,0.8697938323020935,0.10499557107686996,,,
77,3,0,2.7755632400512695,1.0,0.9928182363510132,0.06393991410732269,,,
77,3,1,1.985093355178833,1.0000001192092896,0.9928119778633118,0.060299262404441833,,,
77,3,2,1.4035441875457764,1.0000003576278687,0.9860123991966248,0.11925347149372101,,,
77,3,3,0.9606077075004578,1.0,0.9926485419273376,0.06109687685966492,,,
77,3,4,3.620178461074829,1.0,0.9934275150299072,0.010228755883872509,,,
77,3,5,2.791102886199951,1.0,0.9944270849227905,0.03774433955550194,,,
77,3,6,1.694577693939209,1.0000003576278687,0.9834814667701721,0.16092488169670105,,,
77,3,7,1.4750882387161255,1.000000238418579,0.9918422698974609,0.1181645542383194,,,
77,3,8,1.5549640655517578,1.000000238418579,0.9863064289093018,0.11575737595558167,,,
77,3,9,1.6094285249710083,1.0,0.9939145445823669,0.07221093028783798,,,
77,3,10,1.8072654008865356,1.0,0.9930233359336853,0.16170215606689453,,,
77,3,11,1.7843278646469116,1.0000001192092896,0.9904153943061829,0.10445450991392136,,,
77,4,0,1.2043646574020386,1.0,0.9162715673446655,0.059901148080825806,,,
77,4,1,1.6227666139602661,1.0,0.9179831147193909,0.06532011181116104,,,
77,4,2,2.361450433731079,1.0,0.9152346253395081,0.0167695265263319,,,
77,4,3,1.5341731309890747,1.0000001192092896,0.9164222478866577,0.06997297704219818,,,
77,4,4,3.1565651893615723,1.0,0.9166923761367798,0.043722838163375854,,,
77,4,5,1.4042528867721558,1.0,0.9151710271835327,0.06536354124546051,,,
77,4,6,2.065058946609497,1.0,0.9168494939804077,0.045208271592855453,,,
77,4,7,1.8929710388183594,1.0000004768371582,0.9190006852149963,0.4762665927410126,,,
77,4,8,3.5397071838378906,1.0,0.9179649949073792,0.015475348569452763,,,
77,4,9,1.892377257347107,1.0,0.9174680113792419,0.03862087428569794,,,
77,4,10,3.359264612197876,1.0,0.91595858335495,0.014142130501568317,,,
77,4,11,0.013355063274502754,1.0000300407409668,0.14635519683361053,0.004440370015799999,,,
77,5,0,1.9175200462341309,1.0,0.9957664608955383,0.010103030130267143,,,
77,5,1,0.334642231464386,1.0,0.9951475262641907,0.004151130095124245,,,
77,5,2,1.3827564716339111,1.0,0.9957627654075623,0.02327544614672661,,,
77,5,3,2.3289783000946045,1.0000001192092896,0.9917500019073486,0.03803277760744095,,,
77,5,4,1.5137944221496582,1.0,0.9956803917884827,0.05709229037165642,,,
77,5,5,2.161259412765503,1.0,0.9958460330963135,0.01240297220647335,,,
77,5,6,0.6769722700119019,1.0,0.9953799843788147,0.027119765058159828,,,
77,5,7,1.053753137588501,1.0,0.9954940676689148,0.04563257098197937,,,
77,5,8,1.164142370223999,1.0,0.9956178665161133,0.028426621109247208,,,
77,5,9,2.9990346431732178,1.0,0.9962338805198669,0.0076627545058727264,,,
77,5,10,3.7255635261535645,1.0000007152557373,0.9661725759506226,0.03970324620604515,,,
77,5,11,2.90846848487854,1.0,0.9959829449653625,0.11437045782804489,,,
77,6,0,1.7838276624679565,1.0000001192092896,0.99602872133255,0.040543943643569946,,,
77,6,1,0.6968975067138672,1.0,0.9980407953262329,0.024340711534023285,,,
77,6,2,3.65730881690979,1.0,0.9975128769874573,0.01457362063229084,,,
77,6,3,1.6844916343688965,1.0,0.9985226988792419,0.019008424133062363,,,
77,6,4,3.3637049198150635,1.0000001192092896,0.9957367181777954,0.01924256980419159,,,
77,6,5,1.7679145336151123,1.0,0.9986142516136169,0.06601516157388687,,,
77,6,6,3.0325496196746826,1.0,0.9985652565956116,0.0766698345541954,,,
77,6,7,2.279245376586914,1.0,0.9977640509605408,0.045383114367723465,,,
77,6,8,1.2308281660079956,1.0,0.998445451259613,0.02976745180785656,,,
77,6,9,0.8858556747436523,1.0,0.9980514645576477,0.005423200316727161,,,
77,6,10,3.436866044998169,1.0,0.9981462955474854,0.009617351926863194,,,
77,6,11,1.5788670778274536,1.0,0.9979379177093506,0.04675784707069397,,,
77,7,0,1.0441336631774902,1.0,0.9990491271018982,0.02738664671778679,,,
77,7,1,2.71974778175354,1.0,0.9985111355781555,0.014117955230176449,,,
77,7,2,0.6294594407081604,1.0,0.9990417957305908,0.0038250635843724012,,,
77,7,3,1.6104283332824707,1.0,0.9992856979370117,0.04945369064807892,,,
77,7,4,0.9207049608230591,1.0,0.9991776943206787,0.016436751931905746,,,
77,7,5,2.6806843280792236,1.0,0.9973416924476624,0.02513652667403221,,,
77,7,6,3.3663980960845947,1.0,0.9986801743507385,0.011234506964683533,,,
77,7,7,1.5249953269958496,1.0,0.9992436766624451,0.008403131738305092,,,
77,7,8,1.3853445053100586,1.0,0.9989162087440491,0.03594641014933586,,,
77,7,9,1.5643588304519653,1.0,0.999163806438446,0.035516753792762756,,,
77,7,10,1.0934849977493286,1.0,0.9991253018379211,0.006761951372027397,,,
77,7,11,2.2706565856933594,1.0,0.9991174936294556,0.007027500309050083,,,
77,8,0,3.2921788692474365,1.0,0.9969387650489807,0.024397434666752815,,,
77,8,1,1.1199902296066284,1.0,0.9963968396186829,0.007653027772903442,,,
77,8,2,4.490841388702393,1.0000004768371582,0.9761468768119812,0.012060697190463543,,,
77,8,3,2.4127707481384277,1.0,0.9969099164009094,0.019243404269218445,,,
77,8,4,1.1909358501434326,1.0,0.9966819286346436,0.05135693401098251,,,
77,8,5,1.9315133094787598,1.0,0.9962987899780273,0.04236052930355072,,,
77,8,6,1.8561490774154663,1.0,0.9968691468238831,0.01475416962057352,,,
77,8,7,1.1987061500549316,1.0,0.9965555667877197,0.05094873532652855,,,
77,8,8,2.460259199142456,1.0,0.995939314365387,0.03263036906719208,,,
77,8,9,2.551577568054199,1.0,0.9969671368598938,0.03135772794485092,,,
77,8,10,2.3541998863220215,1.0,0.9971807599067688,0.06091032549738884,,,
77,8,11,1.928100347518921,1.0,0.9966616034507751,0.015172666870057583,,,
77,9,0,2.502224922180176,1.0,0.996032178401947,0.028101623058319092,,,
77,9,1,2.1242754459381104,1.0,0.9980146884918213,0.01164314616471529,,,
77,9,2,2.4461686611175537,1.0,0.9980161190032959,0.016174843534827232,,,
77,9,3,1.6390219926834106,1.0,0.9975538849830627,0.05077122896909714,,,
77,9,4,2.011477470397949,1.0,0.9982950091362,0.012907971628010273,,,
77,9,5,2.3850321769714355,1.0,0.9983909130096436,0.032434165477752686,,,
77,9,6,1.7880208492279053,1.0,0.9982475638389587,0.005025013349950314,,,
77,9,7,2.0424375534057617,1.0,0.9982454776763916,0.021534591913223267,,,
77,9,8,2.431126594543457,1.0,0.9977763891220093,0.008813322521746159,,,
77,9,9,1.8962578773498535,1.0,0.9983312487602234,0.0068975710310041904,,,
77,9,10,1.1655009984970093,1.0,0.9980769753456116,0.040517885237932205,,,
77,9,11,2.8163344860076904,1.0,0.9912052154541016,0.00596595136448741,,,
77,10,0,2.4388632774353027,1.0000001192092896,0.9944252371788025,0.010711980052292347,,,
77,10,1,2.1569082736968994,1.0,0.9961007833480835,0.009164348244667053,,,
77,10,2,2.7416343688964844,1.0000001192092896,0.9955358505249023,0.008200719952583313,,,
77,10,3,3.208709478378296,1.0,0.9943281412124634,0.011158790439367294,,,
77,10,4,3.30378794670105,1.0,0.9950467944145203,0.024069877341389656,,,
77,10,5,1.025915265083313,1.0,0.9966505169868469,0.026937704533338547,,,
77,10,6,2.3561878204345703,1.0,0.9967489838600159,0.010408038273453712,,,
77,10,7,3.0339856147766113,1.0,0.9964397549629211,0.025916846469044685,,,
77,10,8,2.472564697265625,1.0,0.9969596266746521,0.011282303370535374,,,
77,10,9,1.3920825719833374,1.0,0.9969915747642517,0.06426247954368591,,,
77,10,10,2.0020837783813477,1.0,0.9971992373466492,0.007057322189211845,,,
77,10,11,2.487337350845337,1.0,0.9970031380653381,0.04358484968543053,,,
77,11,0,4.826817989349365,1.0000022649765015,0.8610685467720032,0.02734999917447567,,,
77,11,1,2.7834060192108154,1.0,0.902850866317749,0.011807072907686234,,,
77,11,2,2.8646390438079834,1.0000001192092896,0.9008155465126038,0.008646240457892418,,,
77,11,3,2.636261463165283,1.0,0.9044350981712341,0.033650536090135574,,,
77,11,4,4.1457600593566895,1.000000238418579,0.9078693389892578,0.01713666506111622,,,
77,11,5,2.535284996032715,1.0,0.9014714956283569,0.011791571974754333,,,
77,11,6,2.252492904663086,1.0,0.9015693068504333,0.006492080632597208,,,
77,11,7,3.119339942932129,1.0000001192092896,0.9036251306533813,0.015389656648039818,,,
77,11,8,3.739891290664673,1.0000203847885132,0.11392844468355179,0.10329987108707428,,,
77,11,9,2.2678933143615723,1.0,0.9012384414672852,0.008030831813812256,,,
77,11,10,3.0822482109069824,1.0,0.907949686050415,0.04463696479797363,,,
77,11,11,2.960785150527954,1.0,0.9072120189666748,0.036892369389534,,,
78,0,0,4.25404691696167,1.000016689300537,0.7625511288642883,0.019868334755301476,,,
78,0,1,0.6670457720756531,1.0000288486480713,0.8002557754516602,0.78111732006073,,,
78,0,2,4.553173542022705,1.0000125169754028,0.7947313785552979,0.04202469810843468,,,
78,0,3,0.47875726222991943,1.0000277757644653,0.7846806049346924,0.8283894658088684,,,
78,0,4,1.3490002155303955,1.000025987625122,0.7884767651557922,0.5486788153648376,,,
78,0,5,1.7419193983078003,1.00002121925354,0.752109706401825,0.49573516845703125,,,
78,0,6,4.157527446746826,1.0000207424163818,0.7004638314247131,0.03413986787199974,,,
78,0,7,1.9249616861343384,1.0000261068344116,0.7529175281524658,0.17194533348083496,,,
78,0,8,4.194215297698975,1.0000227689743042,0.7815067768096924,0.0626601129770279,,,
78,0,9,4.59218692779541,1.0000172853469849,0.8419901132583618,0.02472531422972679,,,
78,0,10,4.1794867515563965,1.0000240802764893,0.8727453351020813,0.1469993144273758,,,
78,0,11,5.299655914306641,1.0000134706497192,0.7280206680297852,0.00815502181649208,,,
78,1,0,2.4006505012512207,1.000025987625122,0.7141692638397217,0.12163561582565308,,,
78,1,1,2.7080419063568115,1.0000218152999878,0.703295886516571,0.09728638082742691,,,
78,1,2,4.677209377288818,1.000016212463379,0.6384559273719788,0.028696557506918907,,,
78,1,3,4.171300411224365,1.000001072883606,0.6701236367225647,0.03807450830936432,,,
78,1,4,3.7338993549346924,1.000009536743164,0.8013499975204468,0.07107701897621155,,,
78,1,5,4.364198207855225,1.0000135898590088,0.8276883959770203,0.10073434561491013,,,
78,1,6,4.498006343841553,1.0000102519989014,0.7965522408485413,0.031389568001031876,,,
78,1,7,4.891699314117432,1.0000121593475342,0.8190953731536865,0.02005927450954914,,,
78,1,8,5.225255489349365,1.0000042915344238,0.7895939350128174,0.010465780273079872,,,
78,1,9,5.234991073608398,1.0000048875808716,0.7576070427894592,0.007482567802071571,,,
78,1,10,4.364513397216797,1.0000125169754028,0.586027204990387,0.0429304838180542,,,
78,1,11,1.9830964803695679,1.0000249147415161,0.7509580254554749,0.5808457136154175,,,
78,2,0,2.4497623443603516,1.0000014305114746,0.8750479221343994,0.11738158017396927,,,
78,2,1,4.3443756103515625,1.0000005960464478,0.8503566384315491,0.011843343265354633,,,
78,2,2,1.1432430744171143,1.0000067949295044,0.8732454180717468,0.12674672901630402,,,
78,2,3,1.880462884902954,1.0000061988830566,0.8508911728858948,0.13603460788726807,,,
78,2,4,1.7210553884506226,1.0000001192092896,0.854381799697876,0.09402991831302643,,,
78,2,5,1.7507896423339844,1.0000051259994507,0.8564100861549377,0.14035682380199432,,,
78,2,6,2.830791711807251,1.0000083446502686,0.7783927321434021,0.08426888287067413,,,
78,2,7,2.728968858718872,1.0,0.8257463574409485,0.03425246477127075,,,
78,2,8,1.7813763618469238,1.000002384185791,0.879009485244751,0.11296160519123077,,,
78,2,9,1.725596308708191,1.0000059604644775,0.8459541201591492,0.13698558509349823,,,
78,2,10,3.0829806327819824,1.000027060508728,0.5300473570823669,0.12662066519260406,,,
78,2,11,2.964738368988037,1.0000001192092896,0.8643149733543396,0.10750367492437363,,,
78,3,0,2.9575440883636475,1.0,0.9928776025772095,0.08780279755592346,,,
78,3,1,1.9649821519851685,1.0,0.9928776025772095,0.06439713388681412,,,
78,3,2,1.4089645147323608,1.0000005960464478,0.9858734011650085,0.12622478604316711,,,
78,3,3,0.9946092963218689,1.0,0.9922689199447632,0.07244251668453217,,,
78,3,4,3.915745973587036,1.0,0.9934759736061096,0.015695123001933098,,,
78,3,5,2.676665782928467,1.0,0.9940137267112732,0.035617731511592865,,,
78,3,6,1.6736631393432617,1.0000004768371582,0.9845859408378601,0.17091576755046844,,,
78,3,7,1.4282490015029907,1.0000003576278687,0.9890098571777344,0.12613791227340698,,,
78,3,8,1.5080833435058594,1.0000003576278687,0.985817015171051,0.13161839544773102,,,
78,3,9,1.5826778411865234,1.0,0.9932581186294556,0.08232583850622177,,,
78,3,10,1.7923898696899414,1.0,0.9924806952476501,0.15743963420391083,,,
78,3,11,1.7646019458770752,1.0000001192092896,0.9930276274681091,0.10613370686769485,,,
78,4,0,1.2276593446731567,1.0,0.9167392253875732,0.06899183243513107,,,
78,4,1,1.619637131690979,1.0000001192092896,0.9191839098930359,0.06938476860523224,,,
78,4,2,2.4312989711761475,1.0,0.9153274893760681,0.017829446122050285,,,
78,4,3,1.579970359802246,1.0000001192092896,0.917356550693512,0.07467229664325714,,,
78,4,4,3.293142318725586,1.0,0.917478621006012,0.04885010048747063,,,
78,4,5,1.3816156387329102,1.0,0.9152616262435913,0.06175680831074715,,,
78,4,6,2.139120578765869,1.0,0.9179205298423767,0.053307220339775085,,,
78,4,7,1.8030444383621216,1.0000005960464478,0.918975830078125,0.49743908643722534,,,
78,4,8,3.4398536682128906,1.0,0.9177303314208984,0.018716007471084595,,,
78,4,9,1.9328539371490479,1.0,0.9175625443458557,0.03722497820854187,,,
78,4,10,3.126563310623169,1.0,0.9154186844825745,0.013471421785652637,,,
78,4,11,0.008055217564105988,1.0000276565551758,0.1513301283121109,0.0036533616948872805,,,
78,5,0,2.057361125946045,1.0,0.9963270425796509,0.013454936444759369,,,
78,5,1,0.43754497170448303,1.0,0.9955530166625977,0.004503116011619568,,,
78,5,2,1.4036149978637695,1.0,0.9960916042327881,0.022135654464364052,,,
78,5,3,2.339381456375122,1.0000001192092896,0.9922339916229248,0.04164338856935501,,,
78,5,4,1.5049798488616943,1.0,0.9962354898452759,0.060149695724248886,,,
78,5,5,2.3088185787200928,1.0,0.9960307478904724,0.016322370618581772,,,
78,5,6,0.6573713421821594,1.0,0.9956614971160889,0.02477085590362549,,,
78,5,7,0.9533461928367615,1.0,0.9958104491233826,0.03683390095829964,,,
78,5,8,1.1862086057662964,1.0,0.995966911315918,0.02813575603067875,,,
78,5,9,3.262226104736328,1.0,0.9966652393341064,0.012294597923755646,,,
78,5,10,3.857412338256836,1.0000005960464478,0.9709396958351135,0.038902588188648224,,,
78,5,11,2.7932963371276855,1.0,0.9964665770530701,0.11755098402500153,,,
78,6,0,1.7656142711639404,1.0000001192092896,0.9965522289276123,0.04124778136610985,,,
78,6,1,0.8192956447601318,1.0,0.9979541301727295,0.026339419186115265,,,
78,6,2,3.664854049682617,1.0,0.9975637793540955,0.014436147175729275,,,
78,6,3,1.8542187213897705,1.0,0.9985150694847107,0.02194697968661785,,,
78,6,4,3.4316272735595703,1.0000001192092896,0.9957497119903564,0.01998891308903694,,,
78,6,5,1.9090572595596313,1.0,0.9986207485198975,0.07413600385189056,,,
78,6,6,3.1956734657287598,1.0,0.9984849691390991,0.07891187816858292,,,
78,6,7,2.4015705585479736,1.0,0.9975151419639587,0.04360391944646835,,,
78,6,8,1.3045037984848022,1.0,0.9984279870986938,0.030208460986614227,,,
78,6,9,1.1814510822296143,1.0,0.9980766773223877,0.005961091723293066,,,
78,6,10,3.171487808227539,1.0,0.9981880187988281,0.011324235238134861,,,
78,6,11,1.6504966020584106,1.0,0.9980490207672119,0.05249784141778946,,,
78,7,0,0.9624805450439453,1.0,0.9986827373504639,0.02565162442624569,,,
78,7,1,3.294224739074707,1.0000001192092896,0.9947577118873596,0.01808193139731884,,,
78,7,2,0.961101770401001,1.0,0.9986686110496521,0.005309571512043476,,,
78,7,3,1.7280502319335938,1.0,0.9989170432090759,0.05639704316854477,,,
78,7,4,1.0102545022964478,1.0,0.9987182021141052,0.017800774425268173,,,
78,7,5,2.624389171600342,1.0,0.9979709386825562,0.02488912269473076,,,
78,7,6,3.592426300048828,1.0,0.9983229041099548,0.013537716120481491,,,
78,7,7,2.0149359703063965,1.0,0.9989168643951416,0.017372440546751022,,,
78,7,8,1.2989938259124756,1.0,0.9984802603721619,0.031169990077614784,,,
78,7,9,1.6619033813476562,1.0,0.9986402988433838,0.03888881951570511,,,
78,7,10,1.7090742588043213,1.0,0.9987815618515015,0.0080691734328866,,,
78,7,11,2.1861941814422607,1.0,0.9988250136375427,0.006959265097975731,,,
78,8,0,3.3644979000091553,1.0,0.9967085123062134,0.029331613332033157,,,
78,8,1,1.8304908275604248,1.0,0.9966669082641602,0.012154883705079556,,,
78,8,2,4.257411003112793,1.0000003576278687,0.9827789068222046,0.012859120965003967,,,
78,8,3,2.7853784561157227,1.0,0.9969328045845032,0.024346452206373215,,,
78,8,4,1.205432653427124,1.0,0.9966087341308594,0.04826783016324043,,,
78,8,5,1.9615598917007446,1.0,0.9962714910507202,0.04287111386656761,,,
78,8,6,2.1902687549591064,1.0,0.9969943761825562,0.019384512677788734,,,
78,8,7,1.142800211906433,1.0,0.9965856671333313,0.0528242252767086,,,
78,8,8,2.8434669971466064,1.0000001192092896,0.9925661087036133,0.035599082708358765,,,
78,8,9,2.6283891201019287,1.0,0.9971333146095276,0.0309525728225708,,,
78,8,10,2.5661633014678955,1.0,0.9972889423370361,0.06884294748306274,,,
78,8,11,1.9892032146453857,1.0,0.9965941905975342,0.01441183965653181,,,
78,9,0,2.8508036136627197,1.0,0.995168924331665,0.02320985309779644,,,
78,9,1,2.6318917274475098,1.0,0.997261106967926,0.012632965110242367,,,
78,9,2,2.714416265487671,1.0,0.9972830414772034,0.013007699511945248,,,
78,9,3,1.6138150691986084,1.0,0.9973258972167969,0.04650680720806122,,,
78,9,4,2.5197582244873047,1.0,0.9979345202445984,0.013311104848980904,,,
78,9,5,2.4865469932556152,1.0,0.9979298114776611,0.03336549550294876,,,
78,9,6,2.2444519996643066,1.0,0.997005045413971,0.006048187613487244,,,
78,9,7,1.9396131038665771,1.0,0.9977279305458069,0.01882508210837841,,,
78,9,8,2.238722324371338,1.0,0.9979051351547241,0.007501722779124975,,,
78,9,9,2.492924213409424,1.0,0.9931192398071289,0.008191903121769428,,,
78,9,10,1.1727524995803833,1.0,0.9975613951683044,0.041672565042972565,,,
78,9,11,2.6881704330444336,1.0,0.9947742223739624,0.00598808191716671,,,
78,10,0,2.483898878097534,1.0000001192092896,0.9934815764427185,0.006821135990321636,,,
78,10,1,2.7027382850646973,1.0000001192092896,0.9910942316055298,0.009279767982661724,,,
78,10,2,3.1426467895507812,1.000000238418579,0.9877848029136658,0.009925213642418385,,,
78,10,3,3.081550121307373,1.0000001192092896,0.9899240136146545,0.01075881626456976,,,
78,10,4,3.3947055339813232,1.0000001192092896,0.9901685118675232,0.021610936149954796,,,
78,10,5,1.1075191497802734,1.0,0.9933879375457764,0.028304394334554672,,,
78,10,6,2.4479622840881348,1.0,0.9942080974578857,0.007537641562521458,,,
78,10,7,3.382786989212036,1.0000001192092896,0.9912232756614685,0.01753239892423153,,,
78,10,8,2.910607099533081,1.0,0.9934054017066956,0.01221134141087532,,,
78,10,9,1.3555351495742798,1.0,0.9939122796058655,0.07693585753440857,,,
78,10,10,2.4651079177856445,1.0,0.9946312308311462,0.007344430312514305,,,
78,10,11,2.687255859375,1.0000001192092896,0.9929408431053162,0.02559725195169449,,,
78,11,0,4.852088928222656,1.0000026226043701,0.851851224899292,0.024602942168712616,,,
78,11,1,3.200868606567383,1.0,0.9021179676055908,0.013075098395347595,,,
78,11,2,2.801546812057495,1.0,0.8983328342437744,0.008630896918475628,,,
78,11,3,2.4608566761016846,1.0,0.9007189273834229,0.027528388425707817,,,
78,11,4,4.109460353851318,1.0000003576278687,0.9049650430679321,0.015533857978880405,,,
78,11,5,3.1875863075256348,1.0000001192092896,0.9021896123886108,0.013022572733461857,,,
78,11,6,2.7578070163726807,1.0,0.8997039794921875,0.008248541504144669,,,
78,11,7,3.1763498783111572,1.0,0.9020383358001709,0.017010141164064407,,,
78,11,8,3.8445587158203125,1.0000208616256714,0.12878116965293884,0.10077492147684097,,,
78,11,9,2.9184188842773438,1.0,0.9005966186523438,0.008021418005228043,,,
78,11,10,3.315798044204712,1.0000001192092896,0.9071407914161682,0.037599172443151474,,,
78,11,11,3.221158027648926,1.0000001192092896,0.9061563611030579,0.03110766038298607,,,
79,0,0,4.359228610992432,1.000016212463379,0.7726856470108032,0.020528940483927727,,,
79,0,1,0.7160189151763916,1.000030279159546,0.8018929958343506,0.7750940918922424,,,
79,0,2,4.476887226104736,1.0000135898590088,0.7872825264930725,0.04463320970535278,,,
79,0,3,0.524512529373169,1.00002920627594,0.7835434079170227,0.8120777606964111,,,
79,0,4,1.3318641185760498,1.0000277757644653,0.7887523770332336,0.5522692203521729,,,
79,0,5,1.9208794832229614,1.0000213384628296,0.7358940243721008,0.475227415561676,,,
79,0,6,4.1459574699401855,1.0000218152999878,0.6948896050453186,0.03227212652564049,,,
79,0,7,1.9244072437286377,1.0000271797180176,0.7477304935455322,0.18186332285404205,,,
79,0,8,4.18731689453125,1.000023603439331,0.7865874767303467,0.06300389021635056,,,
79,0,9,4.601080417633057,1.000016689300537,0.8378000855445862,0.02393057942390442,,,
79,0,10,4.2144389152526855,1.000024437904358,0.8705760836601257,0.1418708860874176,,,
79,0,11,5.3340606689453125,1.000014305114746,0.7240902185440063,0.008020458742976189,,,
79,1,0,2.3422648906707764,1.0000267028808594,0.6975937485694885,0.1132456362247467,,,
79,1,1,2.678302764892578,1.0000219345092773,0.6906457543373108,0.10000181198120117,,,
79,1,2,4.695899963378906,1.000017523765564,0.6393508911132812,0.027885127812623978,,,
79,1,3,4.1937055587768555,1.0000009536743164,0.6743242144584656,0.036953140050172806,,,
79,1,4,3.737704277038574,1.0000090599060059,0.8016607761383057,0.07031111419200897,,,
79,1,5,4.418910503387451,1.0000133514404297,0.8208284378051758,0.0861111581325531,,,
79,1,6,4.3416748046875,1.0000101327896118,0.7850362658500671,0.03459806367754936,,,
79,1,7,4.851714611053467,1.0000133514404297,0.8153111934661865,0.02104337513446808,,,
79,1,8,5.247897624969482,1.0000042915344238,0.7829535007476807,0.009888408705592155,,,
79,1,9,5.285396575927734,1.0000048875808716,0.7559060454368591,0.007450317498296499,,,
79,1,10,4.376424312591553,1.0000123977661133,0.5826169848442078,0.04218157008290291,,,
79,1,11,2.013345956802368,1.0000265836715698,0.7544559836387634,0.5880918502807617,,,
79,2,0,2.53459095954895,1.0000015497207642,0.8721094131469727,0.10953252762556076,,,
79,2,1,4.628927230834961,1.0000011920928955,0.8513920307159424,0.011445200070738792,,,
79,2,2,1.1363526582717896,1.0000061988830566,0.8670938014984131,0.12773601710796356,,,
79,2,3,1.9040316343307495,1.0000067949295044,0.8326802849769592,0.13881194591522217,,,
79,2,4,1.7965493202209473,1.000000238418579,0.8543248772621155,0.09897919744253159,,,
79,2,5,1.8110942840576172,1.0000046491622925,0.8644126653671265,0.14481571316719055,,,
79,2,6,2.815490484237671,1.0000075101852417,0.7658752202987671,0.08181775361299515,,,
79,2,7,2.772833824157715,1.0,0.8256224989891052,0.033923763781785965,,,
79,2,8,1.8950005769729614,1.0000027418136597,0.881106436252594,0.11283847689628601,,,
79,2,9,1.7642173767089844,1.0000048875808716,0.8508239388465881,0.13631071150302887,,,
79,2,10,3.123689651489258,1.0000275373458862,0.5131711959838867,0.12253013253211975,,,
79,2,11,3.0669431686401367,1.000000238418579,0.8646204471588135,0.10303985327482224,,,
79,3,0,3.072145938873291,1.0,0.9916092157363892,0.06668233871459961,,,
79,3,1,2.007416009902954,1.0000001192092896,0.9913889169692993,0.06753727048635483,,,
79,3,2,1.4108152389526367,1.0000005960464478,0.9796116352081299,0.11790439486503601,,,
79,3,3,1.0634442567825317,1.0,0.9913744330406189,0.06975485384464264,,,
79,3,4,3.911895990371704,1.0,0.9921026229858398,0.01298679318279028,,,
79,3,5,2.8433291912078857,1.0,0.9929689764976501,0.03668016940355301,,,
79,3,6,1.7240370512008667,1.0000004768371582,0.9834794998168945,0.15902724862098694,,,
79,3,7,1.4779775142669678,1.000000238418579,0.9888824224472046,0.12205728888511658,,,
79,3,8,1.5292491912841797,1.0000003576278687,0.9844009280204773,0.13301846385002136,,,
79,3,9,1.6810258626937866,1.0,0.9925962090492249,0.08252672851085663,,,
79,3,10,1.8583966493606567,1.0,0.9915660619735718,0.166194885969162,,,
79,3,11,1.8020087480545044,1.0000001192092896,0.9903860092163086,0.10802052170038223,,,
79,4,0,1.320741057395935,1.0,0.9165367484092712,0.06550988554954529,,,
79,4,1,1.6550041437149048,1.0,0.918360710144043,0.06961295008659363,,,
79,4,2,2.3830697536468506,1.0,0.9147148728370667,0.01665261946618557,,,
79,4,3,1.6421968936920166,1.0000001192092896,0.9164953827857971,0.08755369484424591,,,
79,4,4,3.322009801864624,1.0,0.9175586700439453,0.04731321707367897,,,
79,4,5,1.465061902999878,1.0,0.915137529373169,0.058721404522657394,,,
79,4,6,2.168488025665283,1.0,0.9173216223716736,0.05284697189927101,,,
79,4,7,1.8930951356887817,1.0000005960464478,0.9194822311401367,0.4799512028694153,,,
79,4,8,3.555846691131592,1.0,0.9177111983299255,0.016880333423614502,,,
79,4,9,2.010673999786377,1.0,0.9173767566680908,0.03952419385313988,,,
79,4,10,3.504760980606079,1.0,0.9160670638084412,0.013981449417769909,,,
79,4,11,0.010751025751233101,1.000029444694519,0.14998899400234222,0.004301195498555899,,,
79,5,0,1.9591737985610962,1.0,0.9960078597068787,0.012749210000038147,,,
79,5,1,0.4867349863052368,1.0,0.9953422546386719,0.004530138801783323,,,
79,5,2,1.5062546730041504,1.0,0.9959300756454468,0.023260723799467087,,,
79,5,3,2.3819618225097656,1.0000001192092896,0.9925665259361267,0.039916668087244034,,,
79,5,4,1.5330780744552612,1.0,0.9958290457725525,0.056414972990751266,,,
79,5,5,2.3442678451538086,1.0,0.9958326816558838,0.014499579556286335,,,
79,5,6,0.670263409614563,1.0,0.995353639125824,0.02488061785697937,,,
79,5,7,1.024567723274231,1.0,0.9955961108207703,0.03720759227871895,,,
79,5,8,1.1450374126434326,1.0,0.9956216812133789,0.032223816961050034,,,
79,5,9,3.257434606552124,1.0,0.9963638782501221,0.008999422192573547,,,
79,5,10,3.870321273803711,1.0000008344650269,0.9679736495018005,0.029917581006884575,,,
79,5,11,2.8991167545318604,1.0,0.9961419701576233,0.12262412160634995,,,
79,6,0,1.9143754243850708,1.0000001192092896,0.9949578642845154,0.03978576883673668,,,
79,6,1,0.8282192945480347,1.0,0.9976247549057007,0.02452084608376026,,,
79,6,2,3.683344602584839,1.0,0.9974356293678284,0.0142051437869668,,,
79,6,3,1.7906734943389893,1.0,0.998167097568512,0.019560543820261955,,,
79,6,4,3.6987364292144775,1.0000001192092896,0.9944414496421814,0.020896580070257187,,,
79,6,5,1.792664885520935,1.0,0.9982268810272217,0.06583699584007263,,,
79,6,6,3.203793525695801,1.0,0.9982752203941345,0.0809316411614418,,,
79,6,7,2.453187942504883,1.0,0.9974458813667297,0.044097963720560074,,,
79,6,8,1.374959111213684,1.0,0.9981801509857178,0.03304848074913025,,,
79,6,9,1.2148939371109009,1.0,0.9977924227714539,0.007432077545672655,,,
79,6,10,3.233003854751587,1.0,0.9979269504547119,0.010513159446418285,,,
79,6,11,1.7258225679397583,1.0,0.9979168176651001,0.05513487383723259,,,
79,7,0,1.0731706619262695,1.0,0.9988998174667358,0.02675388567149639,,,
79,7,1,3.0356059074401855,1.0,0.9967800378799438,0.01377971563488245,,,
79,7,2,0.9994295239448547,1.0,0.9989015460014343,0.004072797950357199,,,
79,7,3,1.5940542221069336,1.0,0.9990880489349365,0.05021819844841957,,,
79,7,4,0.9979403614997864,1.0,0.99892258644104,0.016438759863376617,,,
79,7,5,2.8126745223999023,1.0000001192092896,0.9978083968162537,0.023902596905827522,,,
79,7,6,3.455498456954956,1.0,0.9986902475357056,0.012310461141169071,,,
79,7,7,1.7908079624176025,1.0,0.9990397095680237,0.013420993462204933,,,
79,7,8,1.4537278413772583,1.0,0.9984894394874573,0.03435279428958893,,,
79,7,9,1.6312789916992188,1.0,0.998906135559082,0.03318282961845398,,,
79,7,10,1.5019545555114746,1.0,0.9989722967147827,0.006870402954518795,,,
79,7,11,2.087798833847046,1.0,0.9990168213844299,0.00641710264608264,,,
79,8,0,3.2838616371154785,1.0,0.9959459900856018,0.02251974679529667,,,
79,8,1,1.5829250812530518,1.0,0.9955546855926514,0.008386771194636822,,,
79,8,2,4.4488525390625,1.0000007152557373,0.9659652709960938,0.012391225434839725,,,
79,8,3,2.4953560829162598,1.0,0.9960431456565857,0.020201953127980232,,,
79,8,4,1.2452539205551147,1.0,0.9956193566322327,0.04239093139767647,,,
79,8,5,2.069307804107666,1.0,0.995369017124176,0.04465333744883537,,,
79,8,6,2.1409621238708496,1.0,0.9958571791648865,0.016943683847784996,,,
79,8,7,1.2944906949996948,1.0,0.9955640435218811,0.055697277188301086,,,
79,8,8,2.6086363792419434,1.0,0.9953216314315796,0.029231665655970573,,,
79,8,9,2.4789657592773438,1.0,0.9959802627563477,0.028815820813179016,,,
79,8,10,2.5580193996429443,1.0,0.9961864352226257,0.06965964287519455,,,
79,8,11,1.994345784187317,1.0,0.9956976175308228,0.01326331589370966,,,
79,9,0,2.8262362480163574,1.000000238418579,0.992038905620575,0.021940724924206734,,,
79,9,1,2.4283945560455322,1.0,0.9967412352561951,0.00987003743648529,,,
79,9,2,2.9453115463256836,1.0000001192092896,0.9951973557472229,0.011458994820713997,,,
79,9,3,1.7377060651779175,1.0,0.9964088201522827,0.048057250678539276,,,
79,9,4,2.3981094360351562,1.0,0.9976025223731995,0.01204306073486805,,,
79,9,5,2.5836265087127686,1.0,0.997616708278656,0.03251662477850914,,,
79,9,6,1.9399707317352295,1.0,0.9974107146263123,0.004713189788162708,,,
79,9,7,2.1238675117492676,1.0,0.9973041415214539,0.018333036452531815,,,
79,9,8,3.018846273422241,1.0,0.9949518442153931,0.008390526287257671,,,
79,9,9,2.3587214946746826,1.0,0.9962474703788757,0.006642723456025124,,,
79,9,10,1.2185083627700806,1.0,0.9969674944877625,0.036295678466558456,,,
79,9,11,2.6928558349609375,1.0,0.9959716200828552,0.006028825882822275,,,
79,10,0,2.5835273265838623,1.0000001192092896,0.9913294315338135,0.007119134999811649,,,
79,10,1,2.4290637969970703,1.0,0.9932697415351868,0.008543537929654121,,,
79,10,2,2.631495237350464,1.0000001192092896,0.9900923371315002,0.009050468914210796,,,
79,10,3,3.3372936248779297,1.0000003576278687,0.9837484359741211,0.01242632046341896,,,
79,10,4,3.4252350330352783,1.0000001192092896,0.9919595122337341,0.020433776080608368,,,
79,10,5,1.1866451501846313,1.0,0.9935022592544556,0.02859899401664734,,,
79,10,6,2.3765716552734375,1.0,0.9937348961830139,0.007884981110692024,,,
79,10,7,3.2788400650024414,1.000000238418579,0.9894999861717224,0.02708345651626587,,,
79,10,8,2.6478161811828613,1.0,0.9938218593597412,0.010104017332196236,,,
79,10,9,1.3749717473983765,1.0,0.9939823150634766,0.06361962854862213,,,
79,10,10,2.1240198612213135,1.0,0.9939266443252563,0.005558199714869261,,,
79,10,11,2.2518842220306396,1.0,0.9944034814834595,0.02652357891201973,,,
79,11,0,4.899077892303467,1.0000038146972656,0.8387010097503662,0.025694994255900383,,,
79,11,1,3.1502022743225098,1.0,0.8998002409934998,0.014027304016053677,,,
79,11,2,2.7495577335357666,1.000000238418579,0.8953891396522522,0.006722710095345974,,,
79,11,3,2.2129340171813965,1.0,0.8966503143310547,0.02426096424460411,,,
79,11,4,3.9514107704162598,1.0000003576278687,0.899962842464447,0.013181168586015701,,,
79,11,5,2.580030918121338,1.0,0.897108793258667,0.009041416458785534,,,
79,11,6,2.488396644592285,1.0,0.8967029452323914,0.005667404737323523,,,
79,11,7,3.207063674926758,1.0,0.8993073105812073,0.019570065662264824,,,
79,11,8,3.848102331161499,1.0000215768814087,0.12718066573143005,0.09321460872888565,,,
79,11,9,2.3401389122009277,1.0,0.8965539336204529,0.005995524115860462,,,
79,11,10,3.1080009937286377,1.0,0.9039658904075623,0.042260728776454926,,,
79,11,11,3.2706894874572754,1.000000238418579,0.8977867364883423,0.03305519372224808,,,
80,0,0,4.432189464569092,1.000017762184143,0.8122844099998474,0.0183089692145586,,,
80,0,1,0.5740126967430115,1.0000298023223877,0.8085924386978149,0.8191377520561218,,,
80,0,2,4.501741886138916,1.0000134706497192,0.7800557613372803,0.04237407073378563,,,
80,0,3,0.44942399859428406,1.000030517578125,0.7902047634124756,0.8413652181625366,,,
80,0,4,1.2568572759628296,1.0000277757644653,0.7922751903533936,0.5767486095428467,,,
80,0,5,1.6089357137680054,1.0000226497650146,0.7601058483123779,0.5414936542510986,,,
80,0,6,4.199772834777832,1.0000200271606445,0.7179713845252991,0.032299358397722244,,,
80,0,7,1.9019426107406616,1.0000269412994385,0.7456897497177124,0.17185741662979126,,,
80,0,8,4.247153282165527,1.0000227689743042,0.7821922898292542,0.056776370853185654,,,
80,0,9,4.6156744956970215,1.0000169277191162,0.8424264788627625,0.022264065220952034,,,
80,0,10,4.2104034423828125,1.0000241994857788,0.8760680556297302,0.15010042488574982,,,
80,0,11,5.317546367645264,1.0000145435333252,0.732118546962738,0.008374964818358421,,,
80,1,0,2.3827908039093018,1.0000263452529907,0.6994627118110657,0.10680641233921051,,,
80,1,1,2.7123446464538574,1.000020980834961,0.6983693838119507,0.091563880443573,,,
80,1,2,4.713508129119873,1.000016689300537,0.6415652632713318,0.02792191132903099,,,
80,1,3,4.216297626495361,1.0000009536743164,0.6779680252075195,0.0358370803296566,,,
80,1,4,3.765576124191284,1.0000091791152954,0.8042083382606506,0.06784205138683319,,,
80,1,5,4.434544086456299,1.0000132322311401,0.8242378234863281,0.09092266857624054,,,
80,1,6,4.468306541442871,1.0000096559524536,0.818825900554657,0.03568822890520096,,,
80,1,7,4.897740840911865,1.0000110864639282,0.8341979384422302,0.021191010251641273,,,
80,1,8,5.2486066818237305,1.0000044107437134,0.7976555228233337,0.010568915866315365,,,
80,1,9,5.2625274658203125,1.0000057220458984,0.7660906314849854,0.007895052433013916,,,
80,1,10,4.402339935302734,1.0000123977661133,0.5927659869194031,0.041145727038383484,,,
80,1,11,1.8405444622039795,1.0000267028808594,0.7588943243026733,0.6277575492858887,,,
80,2,0,2.5226247310638428,1.0000019073486328,0.8760004043579102,0.10878508538007736,,,
80,2,1,4.466702461242676,1.0000003576278687,0.8593745827674866,0.010036633349955082,,,
80,2,2,1.163449764251709,1.0000048875808716,0.880567729473114,0.13697588443756104,,,
80,2,3,1.9360432624816895,1.0000067949295044,0.8398269414901733,0.13100497424602509,,,
80,2,4,1.6857609748840332,1.000000238418579,0.8584524393081665,0.09087369590997696,,,
80,2,5,1.822713017463684,1.0000054836273193,0.8619018793106079,0.13348563015460968,,,
80,2,6,2.8025500774383545,1.0000070333480835,0.7638210654258728,0.07969686388969421,,,
80,2,7,2.7728347778320312,1.0,0.8325971364974976,0.03360370174050331,,,
80,2,8,1.867154598236084,1.0000025033950806,0.8822992444038391,0.10809149593114853,,,
80,2,9,1.754018783569336,1.0000054836273193,0.8486221432685852,0.12475128471851349,,,
80,2,10,3.133526086807251,1.0000277757644653,0.5097087621688843,0.12287339568138123,,,
80,2,11,3.0493760108947754,1.0000001192092896,0.8700851798057556,0.10342352837324142,,,
80,3,0,2.794490337371826,1.0,0.9918888211250305,0.05294697359204292,,,
80,3,1,1.9550822973251343,1.0,0.9916860461235046,0.057869188487529755,,,
80,3,2,1.4147769212722778,1.0000005960464478,0.9818601608276367,0.11116830259561539,,,
80,3,3,0.9569429159164429,1.0,0.9919454455375671,0.0624871589243412,,,
80,3,4,3.6391665935516357,1.0,0.9923210740089417,0.010481365025043488,,,
80,3,5,2.5994415283203125,1.0,0.9931768178939819,0.03139412775635719,,,
80,3,6,1.7340480089187622,1.0000004768371582,0.9808028936386108,0.1551186740398407,,,
80,3,7,1.4426432847976685,1.0000001192092896,0.9898261427879333,0.11855613440275192,,,
80,3,8,1.5502991676330566,1.000000238418579,0.9850893020629883,0.12601788341999054,,,
80,3,9,1.5536867380142212,1.0,0.9928144812583923,0.07145223021507263,,,
80,3,10,1.8281973600387573,1.0,0.9922166466712952,0.16171222925186157,,,
80,3,11,1.7520500421524048,1.0000001192092896,0.9907251596450806,0.10673084110021591,,,
80,4,0,1.2144807577133179,1.0000001192092896,0.9163121581077576,0.05557924136519432,,,
80,4,1,1.6497963666915894,1.0,0.9187350869178772,0.06305062770843506,,,
80,4,2,2.272202253341675,1.0,0.9151882529258728,0.014752248302102089,,,
80,4,3,1.601412057876587,1.0,0.9176483154296875,0.06575540453195572,,,
80,4,4,3.2265961170196533,1.0,0.9173964858055115,0.04335952177643776,,,
80,4,5,1.4780402183532715,1.0,0.9161494970321655,0.06159522756934166,,,
80,4,6,2.110213041305542,1.0,0.9174217581748962,0.044552166014909744,,,
80,4,7,1.919412612915039,1.0000004768371582,0.9204152822494507,0.45998087525367737,,,
80,4,8,3.305520534515381,1.0,0.9172742366790771,0.014965014532208443,,,
80,4,9,1.8803280591964722,1.0,0.9172255992889404,0.038014594465494156,,,
80,4,10,3.317434787750244,1.0,0.9162675738334656,0.013192879036068916,,,
80,4,11,0.011698613874614239,1.0000301599502563,0.14469389617443085,0.00444434117525816,,,
80,5,0,1.8360675573349,1.0,0.9970634579658508,0.011273630894720554,,,
80,5,1,0.4091472327709198,1.0,0.9966681003570557,0.00503551634028554,,,
80,5,2,1.431707739830017,1.0,0.9970497488975525,0.02206486277282238,,,
80,5,3,2.306933641433716,1.0,0.9937246441841125,0.035524871200323105,,,
80,5,4,1.5256656408309937,1.0,0.9969273209571838,0.05139865353703499,,,
80,5,5,1.9570448398590088,1.0,0.9971456527709961,0.01060109119862318,,,
80,5,6,0.6913015246391296,1.0,0.9968395233154297,0.026886744424700737,,,
80,5,7,0.9787501692771912,1.0,0.9969173073768616,0.03718613088130951,,,
80,5,8,1.0984634160995483,1.0,0.9969985485076904,0.028875820338726044,,,
80,5,9,2.8347830772399902,1.0,0.9974626302719116,0.007710191421210766,,,
80,5,10,3.616368293762207,1.0000003576278687,0.9794458746910095,0.03197624161839485,,,
80,5,11,2.894521474838257,1.0,0.9972100853919983,0.11421730369329453,,,
80,6,0,1.8242603540420532,1.0,0.9962614178657532,0.04052985832095146,,,
80,6,1,0.7670445442199707,1.0,0.9982236623764038,0.02405211329460144,,,
80,6,2,3.592290163040161,1.0,0.9977676272392273,0.013631747104227543,,,
80,6,3,1.6274220943450928,1.0,0.9986311197280884,0.016116507351398468,,,
80,6,4,3.2746477127075195,1.0,0.9967365264892578,0.015685442835092545,,,
80,6,5,1.7117524147033691,1.0,0.9987020492553711,0.06207093968987465,,,
80,6,6,3.006500720977783,1.0,0.9987116456031799,0.08137612789869308,,,
80,6,7,2.2740020751953125,1.0,0.9977620840072632,0.043524399399757385,,,
80,6,8,1.2960487604141235,1.0,0.9985291957855225,0.0327758826315403,,,
80,6,9,0.8731284141540527,1.0,0.9982115030288696,0.005466929636895657,,,
80,6,10,3.1942574977874756,1.0,0.9983186721801758,0.010767288506031036,,,
80,6,11,1.5628678798675537,1.0,0.9982932806015015,0.04985016956925392,,,
80,7,0,1.0720717906951904,1.0,0.999104917049408,0.02863682247698307,,,
80,7,1,2.386812686920166,1.0,0.9990522265434265,0.010913203470408916,,,
80,7,2,0.7073764204978943,1.0,0.9992874264717102,0.00421256385743618,,,
80,7,3,1.5074113607406616,1.0,0.9994781017303467,0.05118075758218765,,,
80,7,4,0.9325606822967529,1.0,0.9993961453437805,0.01515106949955225,,,
80,7,5,2.5636041164398193,1.0,0.998235285282135,0.023866871371865273,,,
80,7,6,3.0772294998168945,1.0,0.9991491436958313,0.011264708824455738,,,
80,7,7,1.5332560539245605,1.0,0.9994353652000427,0.00928560271859169,,,
80,7,8,1.3630709648132324,1.0,0.9991172552108765,0.03645188733935356,,,
80,7,9,1.4430135488510132,1.0,0.9993523955345154,0.03173451870679855,,,
80,7,10,0.966938316822052,1.0,0.9993005394935608,0.00728824594989419,,,
80,7,11,2.0217230319976807,1.0,0.9993742108345032,0.00838862918317318,,,
80,8,0,3.199843406677246,1.0,0.997843325138092,0.023383650928735733,,,
80,8,1,1.119982361793518,1.0,0.9975787997245789,0.009525973349809647,,,
80,8,2,4.227806568145752,1.0000003576278687,0.9857404232025146,0.01112318690866232,,,
80,8,3,1.9932113885879517,1.0,0.9979737997055054,0.01672401651740074,,,
80,8,4,1.1832445859909058,1.0,0.9977393746376038,0.056601908057928085,,,
80,8,5,1.951921820640564,1.0,0.9971925616264343,0.03984079137444496,,,
80,8,6,1.8698481321334839,1.0,0.9979272484779358,0.016780024394392967,,,
80,8,7,1.2155359983444214,1.0,0.9975228905677795,0.05545538291335106,,,
80,8,8,2.2768948078155518,1.0,0.9973657131195068,0.029133453965187073,,,
80,8,9,2.2275209426879883,1.0,0.9979987740516663,0.027738505974411964,,,
80,8,10,2.2591826915740967,1.0,0.9981258511543274,0.060339365154504776,,,
80,8,11,1.780934453010559,1.0,0.9973416924476624,0.012484951876103878,,,
80,9,0,2.53494930267334,1.0,0.9943845868110657,0.02196425385773182,,,
80,9,1,2.030318260192871,1.0,0.9979995489120483,0.010037429630756378,,,
80,9,2,2.2360341548919678,1.0,0.9982122778892517,0.01293292734771967,,,
80,9,3,1.5871658325195312,1.0,0.9977626800537109,0.04449666291475296,,,
80,9,4,1.833755612373352,1.0,0.9983726739883423,0.010685529559850693,,,
80,9,5,2.313692569732666,1.0,0.9984408020973206,0.03076862171292305,,,
80,9,6,1.5052740573883057,1.0,0.9983821511268616,0.0045724366791546345,,,
80,9,7,1.9951220750808716,1.0,0.9982798099517822,0.020219653844833374,,,
80,9,8,2.4621875286102295,1.0,0.9944444894790649,0.00868920236825943,,,
80,9,9,1.6448520421981812,1.0,0.9984517693519592,0.005463335197418928,,,
80,9,10,1.1676506996154785,1.0,0.998120903968811,0.042289841920137405,,,
80,9,11,2.5606508255004883,1.0,0.9963189959526062,0.00926459301263094,,,
80,10,0,2.5462284088134766,1.0000001192092896,0.9904152154922485,0.009187813848257065,,,
80,10,1,1.7694997787475586,1.0,0.9970846772193909,0.006679386366158724,,,
80,10,2,2.3756415843963623,1.0,0.9968180060386658,0.009191303513944149,,,
80,10,3,3.0486841201782227,1.000000238418579,0.9939113259315491,0.011385339312255383,,,
80,10,4,3.320063352584839,1.0,0.9946825504302979,0.021107016131281853,,,
80,10,5,1.0643404722213745,1.0,0.9968093633651733,0.027837786823511124,,,
80,10,6,1.8555341958999634,1.0,0.9971336126327515,0.007087187375873327,,,
80,10,7,2.9703102111816406,1.0,0.9958956241607666,0.026266563683748245,,,
80,10,8,2.373307228088379,1.0,0.996938943862915,0.013299714773893356,,,
80,10,9,1.3557860851287842,1.0,0.9970371723175049,0.06983298063278198,,,
80,10,10,1.8741612434387207,1.0,0.9974755644798279,0.007144731003791094,,,
80,10,11,1.9358633756637573,1.0,0.9970556497573853,0.032502688467502594,,,
80,11,0,4.631478786468506,1.000001072883606,0.8939437866210938,0.02575579285621643,,,
80,11,1,2.8044846057891846,1.0,0.9092742800712585,0.01633903756737709,,,
80,11,2,2.5515804290771484,1.0,0.9070907235145569,0.008623265661299229,,,
80,11,3,2.0958521366119385,1.0,0.9071025848388672,0.024465659633278847,,,
80,11,4,3.9536285400390625,1.0000001192092896,0.9124060273170471,0.017336400225758553,,,
80,11,5,2.20436692237854,1.0,0.9069861769676208,0.009915696457028389,,,
80,11,6,1.983394980430603,1.0,0.9066981673240662,0.006193080451339483,,,
80,11,7,2.6377856731414795,1.0,0.9083194136619568,0.01698504388332367,,,
80,11,8,3.608004570007324,1.0000203847885132,0.09604313224554062,0.10444173216819763,,,
80,11,9,1.9023144245147705,1.0,0.906476616859436,0.006818963680416346,,,
80,11,10,2.830338954925537,1.0,0.9114990234375,0.03898698091506958,,,
80,11,11,2.8817665576934814,1.0000001192092896,0.9107577800750732,0.03826882690191269,,,
81,0,0,4.3774638175964355,1.000015139579773,0.7782173156738281,0.020166246220469475,,,
81,0,1,0.6099464297294617,1.000030279159546,0.8051605820655823,0.8047717809677124,,,
81,0,2,4.547796249389648,1.0000154972076416,0.8025535345077515,0.04426347836852074,,,
81,0,3,0.49543192982673645,1.0000300407409668,0.789882242679596,0.8218477964401245,,,
81,0,4,1.3172500133514404,1.0000284910202026,0.7956144213676453,0.5526914000511169,,,
81,0,5,1.7497241497039795,1.0000228881835938,0.7562280893325806,0.5280389785766602,,,
81,0,6,4.1731462478637695,1.000020980834961,0.7017278671264648,0.03307037055492401,,,
81,0,7,1.8632657527923584,1.0000280141830444,0.7547969818115234,0.16706694662570953,,,
81,0,8,4.225780487060547,1.0000237226486206,0.7837759256362915,0.06037126109004021,,,
81,0,9,4.619557857513428,1.0000187158584595,0.8461700677871704,0.023428604006767273,,,
81,0,10,4.2106499671936035,1.0000245571136475,0.8752712607383728,0.14916057884693146,,,
81,0,11,5.372000217437744,1.0000135898590088,0.7246026992797852,0.007584070786833763,,,
81,1,0,2.366274833679199,1.0000276565551758,0.7086198329925537,0.10525694489479065,,,
81,1,1,2.7026660442352295,1.000020980834961,0.7002046704292297,0.0918952152132988,,,
81,1,2,4.728934288024902,1.0000172853469849,0.6564286947250366,0.027287080883979797,,,
81,1,3,4.229333877563477,1.0000011920928955,0.6803737282752991,0.03600876405835152,,,
81,1,4,3.7471182346343994,1.0000097751617432,0.8125849366188049,0.0689392015337944,,,
81,1,5,4.514236927032471,1.0000132322311401,0.8351249098777771,0.08611750602722168,,,
81,1,6,4.411931037902832,1.0000098943710327,0.8107375502586365,0.03619084134697914,,,
81,1,7,4.907110691070557,1.0000132322311401,0.8342626094818115,0.02108529768884182,,,
81,1,8,5.295409202575684,1.0000040531158447,0.7918501496315002,0.009744140319526196,,,
81,1,9,5.342154026031494,1.0000061988830566,0.7708336114883423,0.007249429821968079,,,
81,1,10,4.413514137268066,1.000012993812561,0.5994781255722046,0.041771456599235535,,,
81,1,11,1.8500022888183594,1.0000269412994385,0.7625078558921814,0.6258007884025574,,,
81,2,0,2.5280935764312744,1.0000014305114746,0.8760807514190674,0.10294209420681,,,
81,2,1,4.721838474273682,1.0000009536743164,0.8630807399749756,0.011667185463011265,,,
81,2,2,1.1361958980560303,1.0000067949295044,0.87203449010849,0.12227338552474976,,,
81,2,3,1.9211727380752563,1.0000072717666626,0.8341434597969055,0.1311478614807129,,,
81,2,4,1.711688756942749,1.000000238418579,0.8603306412696838,0.08884373307228088,,,
81,2,5,1.8002903461456299,1.0000051259994507,0.8616157174110413,0.13375486433506012,,,
81,2,6,2.797520875930786,1.000007152557373,0.7757115960121155,0.07876179367303848,,,
81,2,7,2.6713345050811768,1.0,0.8268764615058899,0.03290698677301407,,,
81,2,8,1.8774360418319702,1.0000027418136597,0.8826094269752502,0.10660245269536972,,,
81,2,9,1.7653313875198364,1.0000042915344238,0.8533785343170166,0.11758970469236374,,,
81,2,10,3.124368190765381,1.0000271797180176,0.5290371775627136,0.12162995338439941,,,
81,2,11,3.091940402984619,1.0000003576278687,0.8695144057273865,0.10294629633426666,,,
81,3,0,2.9589037895202637,1.0,0.9928212761878967,0.05767367035150528,,,
81,3,1,2.020216703414917,1.0000001192092896,0.9925634264945984,0.05906880646944046,,,
81,3,2,1.4387277364730835,1.0000004768371582,0.9837850332260132,0.1049429252743721,,,
81,3,3,1.0059460401535034,1.0,0.9927682280540466,0.06144687533378601,,,
81,3,4,3.744619607925415,1.0,0.9934091567993164,0.010351304896175861,,,
81,3,5,2.801379919052124,1.0,0.9941266775131226,0.03415490314364433,,,
81,3,6,1.7398273944854736,1.0000003576278687,0.983818769454956,0.14533023536205292,,,
81,3,7,1.4802567958831787,1.000000238418579,0.9909084439277649,0.10809606313705444,,,
81,3,8,1.5599050521850586,1.000000238418579,0.9874598979949951,0.11573291569948196,,,
81,3,9,1.6598929166793823,1.0,0.9937792420387268,0.07225042581558228,,,
81,3,10,1.8168450593948364,1.0,0.9928168654441833,0.15288543701171875,,,
81,3,11,1.810914158821106,1.000000238418579,0.9905847907066345,0.0954015776515007,,,
81,4,0,1.294121265411377,1.0,0.9166116118431091,0.05639784783124924,,,
81,4,1,1.6395020484924316,1.0,0.9185510873794556,0.061062250286340714,,,
81,4,2,2.386892795562744,1.0,0.9154729247093201,0.016242966055870056,,,
81,4,3,1.6003756523132324,1.0,0.917224109172821,0.06311047077178955,,,
81,4,4,3.2390284538269043,1.0,0.9173545837402344,0.04393679276108742,,,
81,4,5,1.4639519453048706,1.0,0.9158490896224976,0.05880167707800865,,,
81,4,6,2.1014013290405273,1.0,0.9172754287719727,0.04256244748830795,,,
81,4,7,1.8511526584625244,1.0000004768371582,0.9211385846138,0.4767515957355499,,,
81,4,8,3.6702651977539062,1.0,0.9185593128204346,0.014745987951755524,,,
81,4,9,1.9364032745361328,1.0,0.9173737168312073,0.03463919088244438,,,
81,4,10,3.4362435340881348,1.0,0.9165939688682556,0.013838897459208965,,,
81,4,11,0.01104328315705061,1.000030517578125,0.14109034836292267,0.0034900750033557415,,,
81,5,0,2.0219128131866455,1.0,0.9959695935249329,0.01248808391392231,,,
81,5,1,0.3870019316673279,1.0,0.995351254940033,0.00422188825905323,,,
81,5,2,1.484195590019226,1.0,0.9959456920623779,0.019625341519713402,,,
81,5,3,2.3792364597320557,1.0000001192092896,0.9925800561904907,0.03590617701411247,,,
81,5,4,1.5384076833724976,1.0,0.995927631855011,0.04825182631611824,,,
81,5,5,2.287485122680664,1.0,0.99603271484375,0.011370852589607239,,,
81,5,6,0.693537175655365,1.0,0.9955523014068604,0.025818657130002975,,,
81,5,7,1.0636650323867798,1.0,0.9957557916641235,0.03781648352742195,,,
81,5,8,1.1833279132843018,1.0,0.9957600235939026,0.024357005953788757,,,
81,5,9,3.122810125350952,1.0,0.9964032769203186,0.008238397538661957,,,
81,5,10,3.7542834281921387,1.0000007152557373,0.9665375351905823,0.03578665852546692,,,
81,5,11,2.866304636001587,1.0,0.9961423873901367,0.11485566198825836,,,
81,6,0,1.8617304563522339,1.0000001192092896,0.9961280226707458,0.03563011810183525,,,
81,6,1,0.8263653516769409,1.0,0.9980014562606812,0.02045515552163124,,,
81,6,2,3.5696990489959717,1.0,0.9979441165924072,0.013331335037946701,,,
81,6,3,1.7006454467773438,1.0,0.9984003305435181,0.016786541789770126,,,
81,6,4,3.69732928276062,1.0000001192092896,0.9943323135375977,0.020788362249732018,,,
81,6,5,1.7387617826461792,1.0,0.9984592795372009,0.05889271944761276,,,
81,6,6,2.9603796005249023,1.0,0.9985835552215576,0.07723072916269302,,,
81,6,7,2.390333652496338,1.0,0.9974799752235413,0.04169756546616554,,,
81,6,8,1.2841696739196777,1.0,0.9983586668968201,0.026747489348053932,,,
81,6,9,0.8870458006858826,1.0,0.9979414343833923,0.005035355221480131,,,
81,6,10,3.315608024597168,1.0,0.998115599155426,0.010009435005486012,,,
81,6,11,1.6068859100341797,1.0,0.9979655742645264,0.04394717514514923,,,
81,7,0,1.1071289777755737,1.0,0.9988787174224854,0.02774053066968918,,,
81,7,1,2.780200719833374,1.0,0.9979608058929443,0.012974514625966549,,,
81,7,2,0.7592735290527344,1.0,0.9989518523216248,0.004292335361242294,,,
81,7,3,1.6037850379943848,1.0,0.9992155432701111,0.047719527035951614,,,
81,7,4,0.9266479015350342,1.0,0.9990575313568115,0.01345420815050602,,,
81,7,5,2.889174222946167,1.0000001192092896,0.9966545104980469,0.023704027757048607,,,
81,7,6,3.2708301544189453,1.0,0.9990339279174805,0.010419686324894428,,,
81,7,7,1.8789063692092896,1.0,0.9991399645805359,0.012902012094855309,,,
81,7,8,1.4296903610229492,1.0,0.9987444281578064,0.03437861427664757,,,
81,7,9,1.4995646476745605,1.0,0.999096155166626,0.030498120933771133,,,
81,7,10,1.2133231163024902,1.0,0.9990537762641907,0.007018791977316141,,,
81,7,11,2.165829658508301,1.0,0.9991066455841064,0.007540648337453604,,,
81,8,0,3.41562557220459,1.0,0.9965590834617615,0.024079207330942154,,,
81,8,1,1.5122416019439697,1.0,0.9961979389190674,0.009588448330760002,,,
81,8,2,4.4967875480651855,1.0000005960464478,0.9734951257705688,0.01208556443452835,,,
81,8,3,2.3198635578155518,1.0,0.9965980648994446,0.020377710461616516,,,
81,8,4,1.2446424961090088,1.0,0.9962963461875916,0.04287485405802727,,,
81,8,5,2.012777805328369,1.0,0.9961367249488831,0.03690754249691963,,,
81,8,6,2.2559545040130615,1.0,0.996590793132782,0.017409672960639,,,
81,8,7,1.3001881837844849,1.0,0.9959443807601929,0.05004892498254776,,,
81,8,8,2.552157402038574,1.0,0.995384156703949,0.02762879990041256,,,
81,8,9,2.569314956665039,1.0,0.9966655373573303,0.031294092535972595,,,
81,8,10,2.4146182537078857,1.0,0.9968338012695312,0.0651722326874733,,,
81,8,11,2.1002285480499268,1.0,0.9960547089576721,0.016019437462091446,,,
81,9,0,2.4070756435394287,1.0,0.9969679117202759,0.023405179381370544,,,
81,9,1,2.1562681198120117,1.0,0.9979892373085022,0.011290357448160648,,,
81,9,2,2.6093432903289795,1.0,0.9971277713775635,0.018235651776194572,,,
81,9,3,1.7137651443481445,1.0,0.9972097277641296,0.04342403635382652,,,
81,9,4,1.9378741979599,1.0,0.9983543157577515,0.011256352998316288,,,
81,9,5,2.3025906085968018,1.0,0.998391330242157,0.030249325558543205,,,
81,9,6,1.4658823013305664,1.0,0.9982931613922119,0.005280067212879658,,,
81,9,7,2.015010356903076,1.0,0.9982372522354126,0.018362144008278847,,,
81,9,8,2.5539391040802,1.0,0.9975396990776062,0.008914757519960403,,,
81,9,9,1.8160181045532227,1.0,0.9983379244804382,0.006797575857490301,,,
81,9,10,1.199249505996704,1.0,0.9980947971343994,0.035750776529312134,,,
81,9,11,2.7508950233459473,1.0000001192092896,0.9911026358604431,0.006568185519427061,,,
81,10,0,2.3056085109710693,1.0,0.9965406060218811,0.009102960117161274,,,
81,10,1,1.8911771774291992,1.0,0.9971628785133362,0.00950239785015583,,,
81,10,2,2.3430593013763428,1.0,0.996045708656311,0.009029313921928406,,,
81,10,3,3.240532636642456,1.0000001192092896,0.9942240118980408,0.01143120788037777,,,
81,10,4,3.338771104812622,1.0,0.9956937432289124,0.021479805931448936,,,
81,10,5,1.0635071992874146,1.0,0.9969959259033203,0.02401643805205822,,,
81,10,6,2.434709310531616,1.0,0.994925320148468,0.01098580565303564,,,
81,10,7,3.1707537174224854,1.0,0.996320903301239,0.029223676770925522,,,
81,10,8,2.315678358078003,1.0,0.9972878098487854,0.010214160196483135,,,
81,10,9,1.4054577350616455,1.0,0.9972307682037354,0.0636703222990036,,,
81,10,10,1.7575552463531494,1.0,0.9976200461387634,0.006983100436627865,,,
81,10,11,2.237074136734009,1.0,0.9968571066856384,0.03906068205833435,,,
81,11,0,4.7281012535095215,1.0000011920928955,0.892262876033783,0.025571469217538834,,,
81,11,1,3.016514301300049,1.0,0.9074252843856812,0.015894195064902306,,,
81,11,2,2.319549322128296,1.0000001192092896,0.9016137719154358,0.0072979796677827835,,,
81,11,3,2.3963663578033447,1.0,0.9074938297271729,0.027130335569381714,,,
81,11,4,3.912205219268799,1.0000001192092896,0.9114564657211304,0.014760032296180725,,,
81,11,5,2.3976247310638428,1.0,0.9068755507469177,0.01137587334960699,,,
81,11,6,1.777212142944336,1.0,0.9050229787826538,0.0054642679169774055,,,
81,11,7,2.8238844871520996,1.0,0.9077697992324829,0.0157381109893322,,,
81,11,8,3.782686948776245,1.000023365020752,0.10137490928173065,0.0987241342663765,,,
81,11,9,1.9556405544281006,1.0,0.9055942296981812,0.007315153256058693,,,
81,11,10,3.147463798522949,1.0000001192092896,0.9122421741485596,0.04787369444966316,,,
81,11,11,2.83180832862854,1.0000001192092896,0.9106226563453674,0.035762906074523926,,,
