sequence_id,change_point,confidence
10__01_nq_closed_book__High-N-Beg,116,0.9879751418230103
10__01_nq_closed_book__High-N-End,134,0.7077260878099344
10__01_nq_closed_book__High-N-Mid,113,0.9617455164656912
10__01_nq_closed_book__High-P-Beg,188,0.8219698939296121
10__01_nq_closed_book__High-P-End,55,0.8758633387447463
10__01_nq_closed_book__High-P-Mid,237,0.9437040578148845
10__01_nq_closed_book__High-T-Beg,195,0.9250202747549338
10__01_nq_closed_book__High-T-End,236,0.9471833293155613
10__01_nq_closed_book__High-T-Mid,136,0.791378862943155
10__01_nq_closed_book__Low-N-Beg,93,0.8826501950890916
10__01_nq_closed_book__Low-N-End,51,0.9445854862869701
10__01_nq_closed_book__Low-N-Mid,218,0.8341819109548734
10__01_nq_closed_book__Low-P-Beg,137,0.8263764048457405
10__01_nq_closed_book__Low-P-End,95,0.8356094053627098
10__01_nq_closed_book__Low-P-Mid,222,0.9737492575451311
10__01_nq_closed_book__Low-T-Beg,184,0.7431972356142439
10__01_nq_closed_book__Low-T-End,202,0.9886088948908202
10__01_nq_closed_book__Low-T-Mid,145,0.7786552106295446
10__01_nq_closed_book__Medium-N-Beg,220,0.9542951513180447
10__01_nq_closed_book__Medium-N-End,92,0.8089009564167523
10__01_nq_closed_book__Medium-N-Mid,222,0.8565900270018685
10__01_nq_closed_book__Medium-P-Beg,90,0.9244352712538797
10__01_nq_closed_book__Medium-P-End,240,0.807000249401106
10__01_nq_closed_book__Medium-P-Mid,73,0.9327993326550205
10__01_nq_closed_book__Medium-T-Beg,212,0.794512694490856
10__01_nq_closed_book__Medium-T-End,197,0.7719687967565102
10__01_nq_closed_book__Medium-T-Mid,134,0.7289742670789692
10__02_hotpot_citation__High-N-Beg,168,0.8566842987822644
10__02_hotpot_citation__High-N-End,147,0.8468719043578636
10__02_hotpot_citation__High-N-Mid,203,0.7713637399370206
10__02_hotpot_citation__High-P-Beg,55,0.8510487440653665
10__02_hotpot_citation__High-P-End,141,0.9703065870803503
10__02_hotpot_citation__High-P-Mid,230,0.982739021296684
10__02_hotpot_citation__High-T-Beg,104,0.7305900968410923
10__02_hotpot_citation__High-T-End,102,0.805267324047034
10__02_hotpot_citation__High-T-Mid,63,0.7942973314934003
10__02_hotpot_citation__Low-N-Beg,169,0.8281656815994466
10__02_hotpot_citation__Low-N-End,130,0.930289135185526
10__02_hotpot_citation__Low-N-Mid,194,0.7285105738195102
10__02_hotpot_citation__Low-P-Beg,139,0.7280290830562666
10__02_hotpot_citation__Low-P-End,185,0.7265451760140406
10__02_hotpot_citation__Low-P-Mid,129,0.9557965227801039
10__02_hotpot_citation__Low-T-Beg,127,0.70905097052771
10__02_hotpot_citation__Low-T-End,203,0.8626417709703256
10__02_hotpot_citation__Low-T-Mid,86,0.7726299432011084
10__02_hotpot_citation__Medium-N-Beg,113,0.839280611891446
10__02_hotpot_citation__Medium-N-End,142,0.7683366905048269
10__02_hotpot_citation__Medium-N-Mid,96,0.7704448557315163
10__02_hotpot_citation__Medium-P-Beg,71,0.8076554241112711
10__02_hotpot_citation__Medium-P-End,186,0.7084404411514754
10__02_hotpot_citation__Medium-P-Mid,128,0.7480896596512624
10__02_hotpot_citation__Medium-T-Beg,121,0.8545137016250925
10__02_hotpot_citation__Medium-T-End,58,0.7618732344201095
10__02_hotpot_citation__Medium-T-Mid,136,0.8374216984006212
10__03_novelhop_multihop__High-N-Beg,180,0.8676956208404721
10__03_novelhop_multihop__High-N-End,186,0.7852634390018789
10__03_novelhop_multihop__High-N-Mid,239,0.7973160781807775
10__03_novelhop_multihop__High-P-Beg,227,0.9123032474568171
10__03_novelhop_multihop__High-P-End,146,0.7998782131902468
10__03_novelhop_multihop__High-P-Mid,113,0.9275300593274999
10__03_novelhop_multihop__High-T-Beg,178,0.8884270902531124
10__03_novelhop_multihop__High-T-End,224,0.9527463097052524
10__03_novelhop_multihop__High-T-Mid,112,0.7345116954650219
10__03_novelhop_multihop__Low-N-Beg,186,0.9000060801893428
10__03_novelhop_multihop__Low-N-End,68,0.9459575147268665
10__03_novelhop_multihop__Low-N-Mid,153,0.774549455254698
10__03_novelhop_multihop__Low-P-Beg,211,0.886274195715917
10__03_novelhop_multihop__Low-P-End,84,0.8896176870614307
10__03_novelhop_multihop__Low-P-Mid,109,0.8457358628906853
10__03_novelhop_multihop__Low-T-Beg,224,0.7792265796982831
10__03_novelhop_multihop__Low-T-End,97,0.8064962077315244
10__03_novelhop_multihop__Low-T-Mid,77,0.822759623359616
10__03_novelhop_multihop__Medium-N-Beg,154,0.7131958083853173
10__03_novelhop_multihop__Medium-N-End,220,0.9047662199756252
10__03_novelhop_multihop__Medium-N-Mid,166,0.7482536934792088
10__03_novelhop_multihop__Medium-P-Beg,154,0.8173191868820106
10__03_novelhop_multihop__Medium-P-End,62,0.9528913612841673
10__03_novelhop_multihop__Medium-P-Mid,145,0.8464574834029002
10__03_novelhop_multihop__Medium-T-Beg,144,0.9488437286722764
10__03_novelhop_multihop__Medium-T-End,102,0.9210428572199509
10__03_novelhop_multihop__Medium-T-Mid,221,0.843807911596151
10__04_temporal_recency__High-N-Beg,205,0.9473365079435472
10__04_temporal_recency__High-N-End,201,0.7296699430395938
10__04_temporal_recency__High-N-Mid,233,0.8549070414425628
10__04_temporal_recency__High-P-Beg,124,0.9561472246413538
10__04_temporal_recency__High-P-End,158,0.9618625140800687
10__04_temporal_recency__High-P-Mid,218,0.9257370552182793
10__04_temporal_recency__High-T-Beg,186,0.8963639431438339
10__04_temporal_recency__High-T-End,138,0.8264166836734225
10__04_temporal_recency__High-T-Mid,148,0.8395653498939043
10__04_temporal_recency__Low-N-Beg,105,0.9675902419037302
10__04_temporal_recency__Low-N-End,200,0.9830798023600756
10__04_temporal_recency__Low-N-Mid,127,0.9774482847203985
10__04_temporal_recency__Low-P-Beg,70,0.7326612928593186
10__04_temporal_recency__Low-P-End,71,0.8890153773473767
10__04_temporal_recency__Low-P-Mid,193,0.9610645295983735
10__04_temporal_recency__Low-T-Beg,51,0.8130340716811941
10__04_temporal_recency__Low-T-End,169,0.7688063465027664
10__04_temporal_recency__Low-T-Mid,225,0.9355634232351571
10__04_temporal_recency__Medium-N-Beg,145,0.9721312919444933
10__04_temporal_recency__Medium-N-End,196,0.8787675991387216
10__04_temporal_recency__Medium-N-Mid,187,0.7053099630383513
10__04_temporal_recency__Medium-P-Beg,132,0.7919224694621748
10__04_temporal_recency__Medium-P-End,138,0.827742263675824
10__04_temporal_recency__Medium-P-Mid,157,0.7948147890811234
10__04_temporal_recency__Medium-T-Beg,243,0.7418334593608868
10__04_temporal_recency__Medium-T-End,147,0.9173127034374295
10__04_temporal_recency__Medium-T-Mid,58,0.9533855633035232
10__05_stackmath_numerical__High-N-Beg,186,0.8152998502702862
10__05_stackmath_numerical__High-N-End,222,0.8807670379211964
10__05_stackmath_numerical__High-N-Mid,102,0.9626534766097024
10__05_stackmath_numerical__High-P-Beg,97,0.8842459296654674
10__05_stackmath_numerical__High-P-End,248,0.7594804595264829
10__05_stackmath_numerical__High-P-Mid,75,0.7976501090534939
10__05_stackmath_numerical__High-T-Beg,54,0.8433662750351484
10__05_stackmath_numerical__High-T-End,161,0.878789188674072
10__05_stackmath_numerical__High-T-Mid,228,0.7702495161907087
10__05_stackmath_numerical__Low-N-Beg,238,0.7055705811165227
10__05_stackmath_numerical__Low-N-End,200,0.9000348780752538
10__05_stackmath_numerical__Low-N-Mid,51,0.9328011429312595
10__05_stackmath_numerical__Low-P-Beg,54,0.8031568293386233
10__05_stackmath_numerical__Low-P-End,73,0.7853249230864552
10__05_stackmath_numerical__Low-P-Mid,119,0.9477087816992753
10__05_stackmath_numerical__Low-T-Beg,109,0.8299015452229993
10__05_stackmath_numerical__Low-T-End,148,0.9688845472253766
10__05_stackmath_numerical__Low-T-Mid,84,0.8263363043232146
10__05_stackmath_numerical__Medium-N-Beg,80,0.8432848779083139
10__05_stackmath_numerical__Medium-N-End,89,0.7611229875603372
10__05_stackmath_numerical__Medium-N-Mid,224,0.9250465691162277
10__05_stackmath_numerical__Medium-P-Beg,181,0.9248146602863792
10__05_stackmath_numerical__Medium-P-End,231,0.7440144610304921
10__05_stackmath_numerical__Medium-P-Mid,105,0.7388471098462366
10__05_stackmath_numerical__Medium-T-Beg,172,0.9067615544680897
10__05_stackmath_numerical__Medium-T-End,58,0.770107573387475
10__05_stackmath_numerical__Medium-T-Mid,81,0.8385711089604344
10__06_policy_compliance__High-N-Beg,139,0.9102690936986921
10__06_policy_compliance__High-N-End,58,0.8469440219307414
10__06_policy_compliance__High-N-Mid,57,0.7689417534648378
10__06_policy_compliance__High-P-Beg,114,0.9208010155915745
10__06_policy_compliance__High-P-End,244,0.8139169758087851
10__06_policy_compliance__High-P-Mid,238,0.8823260198684245
10__06_policy_compliance__High-T-Beg,104,0.824242790542204
10__06_policy_compliance__High-T-End,56,0.8800618318325543
10__06_policy_compliance__High-T-Mid,123,0.8366655329391539
10__06_policy_compliance__Low-N-Beg,161,0.8072954357443777
10__06_policy_compliance__Low-N-End,170,0.7407531756715642
10__06_policy_compliance__Low-N-Mid,189,0.8001485820801594
10__06_policy_compliance__Low-P-Beg,80,0.9214742544819213
10__06_policy_compliance__Low-P-End,79,0.7634875686928491
10__06_policy_compliance__Low-P-Mid,192,0.8645970187805755
10__06_policy_compliance__Low-T-Beg,203,0.9574146355388573
10__06_policy_compliance__Low-T-End,67,0.9222841570921823
10__06_policy_compliance__Low-T-Mid,91,0.7295684238399041
10__06_policy_compliance__Medium-N-Beg,181,0.8845151521993465
10__06_policy_compliance__Medium-N-End,55,0.9489004991741062
10__06_policy_compliance__Medium-N-Mid,92,0.748740528034904
10__06_policy_compliance__Medium-P-Beg,211,0.7172671146369662
10__06_policy_compliance__Medium-P-End,163,0.8058847565092079
10__06_policy_compliance__Medium-P-Mid,203,0.8142743808246896
10__06_policy_compliance__Medium-T-Beg,173,0.7005050958316428
10__06_policy_compliance__Medium-T-End,201,0.7863160225075196
10__06_policy_compliance__Medium-T-Mid,180,0.9214882211223407
10__07_expert_legal_med__High-N-Beg,96,0.782042066042915
10__07_expert_legal_med__High-N-End,171,0.9435899753636652
10__07_expert_legal_med__High-N-Mid,180,0.8086909234067556
10__07_expert_legal_med__High-P-Beg,185,0.8952674639715034
10__07_expert_legal_med__High-P-End,60,0.9205887361194618
10__07_expert_legal_med__High-P-Mid,114,0.7882924737195054
10__07_expert_legal_med__High-T-Beg,143,0.7849128012178739
10__07_expert_legal_med__High-T-End,89,0.9381008123028394
10__07_expert_legal_med__High-T-Mid,55,0.9799351170940402
10__07_expert_legal_med__Low-N-Beg,150,0.8582542111544197
10__07_expert_legal_med__Low-N-End,219,0.7500721698152962
10__07_expert_legal_med__Low-N-Mid,144,0.8791149833108484
10__07_expert_legal_med__Low-P-Beg,204,0.9292116869300233
10__07_expert_legal_med__Low-P-End,141,0.7921904649344346
10__07_expert_legal_med__Low-P-Mid,173,0.9241671882220533
10__07_expert_legal_med__Low-T-Beg,140,0.7038297692187594
10__07_expert_legal_med__Low-T-End,215,0.787879869246062
10__07_expert_legal_med__Low-T-Mid,85,0.8899781522717134
10__07_expert_legal_med__Medium-N-Beg,64,0.9729026120977284
10__07_expert_legal_med__Medium-N-End,236,0.7815322928494903
10__07_expert_legal_med__Medium-N-Mid,100,0.729832591121208
10__07_expert_legal_med__Medium-P-Beg,129,0.7413639946222859
10__07_expert_legal_med__Medium-P-End,177,0.933470304375301
10__07_expert_legal_med__Medium-P-Mid,199,0.9217302140981919
10__07_expert_legal_med__Medium-T-Beg,147,0.9075974868687108
10__07_expert_legal_med__Medium-T-End,59,0.8694521940042194
10__07_expert_legal_med__Medium-T-Mid,224,0.7588596816019176
11__01_nq_closed_book__High-N-Beg,233,0.7776384761158818
11__01_nq_closed_book__High-N-End,149,0.9231200869224918
11__01_nq_closed_book__High-N-Mid,95,0.9371394775652833
11__01_nq_closed_book__High-P-Beg,88,0.7197203337863552
11__01_nq_closed_book__High-P-End,109,0.7662709882551997
11__01_nq_closed_book__High-P-Mid,68,0.7308483953239485
11__01_nq_closed_book__High-T-Beg,76,0.8273991800634264
11__01_nq_closed_book__High-T-End,197,0.9594084968294196
11__01_nq_closed_book__High-T-Mid,63,0.973782705544138
11__01_nq_closed_book__Low-N-Beg,246,0.7732540610357125
11__01_nq_closed_book__Low-N-End,168,0.8350619810841784
11__01_nq_closed_book__Low-N-Mid,230,0.7109917966699428
11__01_nq_closed_book__Low-P-Beg,210,0.8808247634086026
11__01_nq_closed_book__Low-P-End,135,0.7827122461449942
11__01_nq_closed_book__Low-P-Mid,67,0.9233202385448982
11__01_nq_closed_book__Low-T-Beg,209,0.7533117425770401
11__01_nq_closed_book__Low-T-End,217,0.8523317240202593
11__01_nq_closed_book__Low-T-Mid,94,0.9604593945877693
11__01_nq_closed_book__Medium-N-Beg,223,0.741965216568617
11__01_nq_closed_book__Medium-N-End,131,0.9780999558484217
11__01_nq_closed_book__Medium-N-Mid,60,0.8910434327869514
11__01_nq_closed_book__Medium-P-Beg,186,0.7723273117460584
11__01_nq_closed_book__Medium-P-End,83,0.7009848840045437
11__01_nq_closed_book__Medium-P-Mid,80,0.8268468165601593
11__01_nq_closed_book__Medium-T-Beg,114,0.9128227155519668
11__01_nq_closed_book__Medium-T-End,179,0.790187244064485
11__01_nq_closed_book__Medium-T-Mid,106,0.9345916738059502
11__02_hotpot_citation__High-N-Beg,172,0.7794418112836188
11__02_hotpot_citation__High-N-End,156,0.943123504256137
11__02_hotpot_citation__High-N-Mid,94,0.9810054942919503
11__02_hotpot_citation__High-P-Beg,191,0.9298624607636696
11__02_hotpot_citation__High-P-End,140,0.8928472352298288
11__02_hotpot_citation__High-P-Mid,243,0.8770802844830244
11__02_hotpot_citation__High-T-Beg,213,0.9820949479113488
11__02_hotpot_citation__High-T-End,231,0.9530403074627706
11__02_hotpot_citation__High-T-Mid,139,0.8770717304683522
11__02_hotpot_citation__Low-N-Beg,109,0.8734904980077043
11__02_hotpot_citation__Low-N-End,133,0.7422253306921962
11__02_hotpot_citation__Low-N-Mid,189,0.9343959319147814
11__02_hotpot_citation__Low-P-Beg,117,0.8407172377188543
11__02_hotpot_citation__Low-P-End,230,0.7422635664167999
11__02_hotpot_citation__Low-P-Mid,53,0.8127393255475364
11__02_hotpot_citation__Low-T-Beg,98,0.9162981556348524
11__02_hotpot_citation__Low-T-End,135,0.7737187092422161
11__02_hotpot_citation__Low-T-Mid,247,0.8947309270220933
11__02_hotpot_citation__Medium-N-Beg,92,0.8097235561380998
11__02_hotpot_citation__Medium-N-End,172,0.8561772439382377
11__02_hotpot_citation__Medium-N-Mid,242,0.883835318128027
11__02_hotpot_citation__Medium-P-Beg,78,0.8216459213607467
11__02_hotpot_citation__Medium-P-End,156,0.9429625100708678
11__02_hotpot_citation__Medium-P-Mid,239,0.9045076747685465
11__02_hotpot_citation__Medium-T-Beg,123,0.7373913168968249
11__02_hotpot_citation__Medium-T-End,68,0.9218267494946818
11__02_hotpot_citation__Medium-T-Mid,227,0.8998844123206132
11__03_novelhop_multihop__High-N-Beg,211,0.7481869319403981
11__03_novelhop_multihop__High-N-End,65,0.8221305001270588
11__03_novelhop_multihop__High-N-Mid,135,0.9782255509011438
11__03_novelhop_multihop__High-P-Beg,67,0.8419894818037315
11__03_novelhop_multihop__High-P-End,161,0.7160157090242634
11__03_novelhop_multihop__High-P-Mid,76,0.8186800110047596
11__03_novelhop_multihop__High-T-Beg,224,0.9393904299406515
11__03_novelhop_multihop__High-T-End,91,0.7197226107521498
11__03_novelhop_multihop__High-T-Mid,99,0.9300672923043762
11__03_novelhop_multihop__Low-N-Beg,106,0.9320395863300134
11__03_novelhop_multihop__Low-N-End,221,0.7632784793858992
11__03_novelhop_multihop__Low-N-Mid,53,0.7542065725340241
11__03_novelhop_multihop__Low-P-Beg,121,0.7450674571545968
11__03_novelhop_multihop__Low-P-End,60,0.9442588839165116
11__03_novelhop_multihop__Low-P-Mid,58,0.7284789058358373
11__03_novelhop_multihop__Low-T-Beg,96,0.7216738194431868
11__03_novelhop_multihop__Low-T-End,132,0.8415676266904539
11__03_novelhop_multihop__Low-T-Mid,174,0.8909108846044584
11__03_novelhop_multihop__Medium-N-Beg,236,0.9772685152768246
11__03_novelhop_multihop__Medium-N-End,113,0.7472110346104971
11__03_novelhop_multihop__Medium-N-Mid,91,0.7440402949928031
11__03_novelhop_multihop__Medium-P-Beg,140,0.7530378716868106
11__03_novelhop_multihop__Medium-P-End,219,0.7503829144999243
11__03_novelhop_multihop__Medium-P-Mid,145,0.9034462494731139
11__03_novelhop_multihop__Medium-T-Beg,170,0.737595773468815
11__03_novelhop_multihop__Medium-T-End,77,0.9028174576976271
11__03_novelhop_multihop__Medium-T-Mid,139,0.9227577167727306
11__04_temporal_recency__High-N-Beg,150,0.7795660973616088
11__04_temporal_recency__High-N-End,190,0.9623026128931251
11__04_temporal_recency__High-N-Mid,156,0.9810563403841197
11__04_temporal_recency__High-P-Beg,101,0.7136994593310925
11__04_temporal_recency__High-P-End,151,0.793661883021339
11__04_temporal_recency__High-P-Mid,95,0.7094860905035931
11__04_temporal_recency__High-T-Beg,162,0.8431159834372363
11__04_temporal_recency__High-T-End,233,0.8023274024496868
11__04_temporal_recency__High-T-Mid,76,0.7516204006848868
11__04_temporal_recency__Low-N-Beg,180,0.8583743564842865
11__04_temporal_recency__Low-N-End,127,0.7757888128699457
11__04_temporal_recency__Low-N-Mid,83,0.874637628812502
11__04_temporal_recency__Low-P-Beg,152,0.9596918589429442
11__04_temporal_recency__Low-P-End,135,0.7356151729653257
11__04_temporal_recency__Low-P-Mid,133,0.7520386862366479
11__04_temporal_recency__Low-T-Beg,181,0.8385561810642969
11__04_temporal_recency__Low-T-End,173,0.9257928929957235
11__04_temporal_recency__Low-T-Mid,144,0.7939938507093008
11__04_temporal_recency__Medium-N-Beg,141,0.7535832650410623
11__04_temporal_recency__Medium-N-End,238,0.8112595321239534
11__04_temporal_recency__Medium-N-Mid,131,0.9350535708432597
11__04_temporal_recency__Medium-P-Beg,93,0.9393450082044821
11__04_temporal_recency__Medium-P-End,130,0.7109058154815351
11__04_temporal_recency__Medium-P-Mid,152,0.868136063486909
11__04_temporal_recency__Medium-T-Beg,241,0.743189580307424
11__04_temporal_recency__Medium-T-End,50,0.929900632870853
11__04_temporal_recency__Medium-T-Mid,68,0.7866742323529927
11__05_stackmath_numerical__High-N-Beg,81,0.7602261927745795
11__05_stackmath_numerical__High-N-End,192,0.9377086782931391
11__05_stackmath_numerical__High-N-Mid,91,0.7253463286442468
11__05_stackmath_numerical__High-P-Beg,189,0.897962929311421
11__05_stackmath_numerical__High-P-End,105,0.7250326846561949
11__05_stackmath_numerical__High-P-Mid,235,0.7389979035463815
11__05_stackmath_numerical__High-T-Beg,68,0.7551999364428152
11__05_stackmath_numerical__High-T-End,154,0.9375003141548325
11__05_stackmath_numerical__High-T-Mid,208,0.7110654498532863
11__05_stackmath_numerical__Low-N-Beg,240,0.8982372945434397
11__05_stackmath_numerical__Low-N-End,138,0.9144155488213994
11__05_stackmath_numerical__Low-N-Mid,205,0.7642786291602455
11__05_stackmath_numerical__Low-P-Beg,88,0.8239542180195345
11__05_stackmath_numerical__Low-P-End,65,0.7103514093910095
11__05_stackmath_numerical__Low-P-Mid,81,0.9397902289514214
11__05_stackmath_numerical__Low-T-Beg,87,0.8576908155364055
11__05_stackmath_numerical__Low-T-End,228,0.909438826937748
11__05_stackmath_numerical__Low-T-Mid,95,0.7396229831910148
11__05_stackmath_numerical__Medium-N-Beg,183,0.9354896915366081
11__05_stackmath_numerical__Medium-N-End,143,0.8890111546043746
11__05_stackmath_numerical__Medium-N-Mid,114,0.7201217694850877
11__05_stackmath_numerical__Medium-P-Beg,74,0.7293875558225926
11__05_stackmath_numerical__Medium-P-End,168,0.8684062866028299
11__05_stackmath_numerical__Medium-P-Mid,73,0.8482247073760942
11__05_stackmath_numerical__Medium-T-Beg,105,0.7241559279812417
11__05_stackmath_numerical__Medium-T-End,214,0.9411345141707952
11__05_stackmath_numerical__Medium-T-Mid,214,0.7442375695963395
11__06_policy_compliance__High-N-Beg,214,0.8385564892806266
11__06_policy_compliance__High-N-End,224,0.9425591004582947
11__06_policy_compliance__High-N-Mid,59,0.9495445757412544
11__06_policy_compliance__High-P-Beg,145,0.8455726004427919
11__06_policy_compliance__High-P-End,72,0.9785181049736655
11__06_policy_compliance__High-P-Mid,214,0.9442549840817497
11__06_policy_compliance__High-T-Beg,166,0.8220821487312433
11__06_policy_compliance__High-T-End,238,0.9730567146651381
11__06_policy_compliance__High-T-Mid,231,0.8514466580338559
11__06_policy_compliance__Low-N-Beg,139,0.8725276982183146
11__06_policy_compliance__Low-N-End,56,0.7859832626658195
11__06_policy_compliance__Low-N-Mid,182,0.7835359895943068
11__06_policy_compliance__Low-P-Beg,97,0.936388210623068
11__06_policy_compliance__Low-P-End,123,0.7530895142677648
11__06_policy_compliance__Low-P-Mid,164,0.8514347426093494
11__06_policy_compliance__Low-T-Beg,118,0.7798492199841354
11__06_policy_compliance__Low-T-End,142,0.9530827171702436
11__06_policy_compliance__Low-T-Mid,130,0.7958497041940631
11__06_policy_compliance__Medium-N-Beg,103,0.8308756875799195
11__06_policy_compliance__Medium-N-End,80,0.8320389794006914
11__06_policy_compliance__Medium-N-Mid,57,0.7073225053867161
11__06_policy_compliance__Medium-P-Beg,142,0.9346734392990558
11__06_policy_compliance__Medium-P-End,248,0.8029151964835078
11__06_policy_compliance__Medium-P-Mid,180,0.8923421222192877
11__06_policy_compliance__Medium-T-Beg,247,0.9736304463702146
11__06_policy_compliance__Medium-T-End,199,0.8237165358244429
11__06_policy_compliance__Medium-T-Mid,237,0.7767723027705935
11__07_expert_legal_med__High-N-Beg,242,0.8345940403651371
11__07_expert_legal_med__High-N-End,66,0.809357739351758
11__07_expert_legal_med__High-N-Mid,246,0.837754140679899
11__07_expert_legal_med__High-P-Beg,52,0.938961785765794
11__07_expert_legal_med__High-P-End,122,0.7326365683339121
11__07_expert_legal_med__High-P-Mid,214,0.7715139009956841
11__07_expert_legal_med__High-T-Beg,57,0.7545566467987526
11__07_expert_legal_med__High-T-End,199,0.9580557307191273
11__07_expert_legal_med__High-T-Mid,201,0.7420229787633951
11__07_expert_legal_med__Low-N-Beg,234,0.9866065940838273
11__07_expert_legal_med__Low-N-End,200,0.9569621172280596
11__07_expert_legal_med__Low-N-Mid,195,0.8840965611205527
11__07_expert_legal_med__Low-P-Beg,66,0.9292611737922888
11__07_expert_legal_med__Low-P-End,186,0.902682197562551
11__07_expert_legal_med__Low-P-Mid,188,0.8933388601579091
11__07_expert_legal_med__Low-T-Beg,247,0.7204837763025038
11__07_expert_legal_med__Low-T-End,241,0.9890861084029257
11__07_expert_legal_med__Low-T-Mid,230,0.9022605663509178
11__07_expert_legal_med__Medium-N-Beg,115,0.7913350823103087
11__07_expert_legal_med__Medium-N-End,68,0.9372734725167958
11__07_expert_legal_med__Medium-N-Mid,153,0.8920959599923622
11__07_expert_legal_med__Medium-P-Beg,117,0.9485640316825592
11__07_expert_legal_med__Medium-P-End,96,0.9884148860095368
11__07_expert_legal_med__Medium-P-Mid,197,0.8054872512547331
11__07_expert_legal_med__Medium-T-Beg,197,0.7217685287846828
11__07_expert_legal_med__Medium-T-End,128,0.770972742024719
11__07_expert_legal_med__Medium-T-Mid,65,0.9160417716437421
12__01_nq_closed_book__Low-N-Beg,160,0.9255659018011353
12__01_nq_closed_book__Low-N-End,144,0.9330983473170826
12__01_nq_closed_book__Low-N-Mid,186,0.7173463542752608
12__01_nq_closed_book__Low-P-Beg,151,0.8074850961885864
12__01_nq_closed_book__Low-P-End,213,0.8794149091633353
12__01_nq_closed_book__Low-P-Mid,217,0.9750876564243163
12__01_nq_closed_book__Low-T-Beg,129,0.8880502327099438
12__01_nq_closed_book__Low-T-End,122,0.9883444329931634
12__01_nq_closed_book__Low-T-Mid,237,0.9120860589808529
12__01_nq_closed_book__Medium-N-Beg,238,0.794761427574165
12__01_nq_closed_book__Medium-N-End,83,0.8286631840900338
12__01_nq_closed_book__Medium-N-Mid,76,0.8105738119002063
12__02_hotpot_citation__High-N-Beg,230,0.9036741206890653
12__02_hotpot_citation__High-N-End,95,0.9352905984522603
12__02_hotpot_citation__High-N-Mid,212,0.9066120789257338
12__02_hotpot_citation__High-P-Beg,178,0.9825427406666025
12__02_hotpot_citation__High-P-End,208,0.8728331176836546
12__02_hotpot_citation__High-P-Mid,166,0.7702570535588037
12__02_hotpot_citation__High-T-Beg,149,0.9191952594765501
12__02_hotpot_citation__High-T-End,112,0.9084651334301485
12__02_hotpot_citation__High-T-Mid,153,0.87634221520514
12__02_hotpot_citation__Low-N-Beg,169,0.9018376990232262
12__02_hotpot_citation__Low-N-End,203,0.8942625666751289
12__02_hotpot_citation__Low-N-Mid,176,0.73030166048001
12__02_hotpot_citation__Low-P-Beg,113,0.960744611071238
12__02_hotpot_citation__Low-P-End,184,0.7444734495138915
12__02_hotpot_citation__Low-P-Mid,181,0.8991928473274191
12__02_hotpot_citation__Low-T-Beg,80,0.7183489675136004
12__02_hotpot_citation__Low-T-End,149,0.8962323399317071
12__02_hotpot_citation__Low-T-Mid,192,0.8624345110715013
12__02_hotpot_citation__Medium-N-Beg,219,0.9402569133871684
12__02_hotpot_citation__Medium-N-End,144,0.8286543860720981
12__02_hotpot_citation__Medium-N-Mid,118,0.895155110890316
12__02_hotpot_citation__Medium-P-Beg,185,0.7822976332547169
12__02_hotpot_citation__Medium-P-End,158,0.9299407382713308
12__02_hotpot_citation__Medium-P-Mid,235,0.8682448128741032
12__02_hotpot_citation__Medium-T-Beg,179,0.7303339145145271
12__02_hotpot_citation__Medium-T-End,67,0.7966004687218265
12__02_hotpot_citation__Medium-T-Mid,120,0.9827316463899447
12__03_novelhop_multihop__High-N-Beg,147,0.7411005429344621
12__03_novelhop_multihop__High-N-End,224,0.7751615482029224
12__03_novelhop_multihop__High-N-Mid,171,0.7783103358393764
12__03_novelhop_multihop__High-P-Beg,74,0.801499434932159
12__03_novelhop_multihop__High-P-End,193,0.9454751993892444
12__03_novelhop_multihop__High-P-Mid,240,0.8578036300856282
12__03_novelhop_multihop__High-T-Beg,90,0.7841429504733791
12__03_novelhop_multihop__High-T-End,163,0.7320068971486169
12__03_novelhop_multihop__High-T-Mid,195,0.9491820047262712
12__03_novelhop_multihop__Low-N-Beg,139,0.7938583730164875
12__03_novelhop_multihop__Low-N-End,162,0.9884342507376391
12__03_novelhop_multihop__Low-N-Mid,70,0.7941397070005601
12__03_novelhop_multihop__Low-P-Beg,85,0.8635170268752093
12__03_novelhop_multihop__Low-P-End,245,0.970706126732346
12__03_novelhop_multihop__Low-P-Mid,144,0.7645226913697291
12__03_novelhop_multihop__Low-T-Beg,240,0.9313472990080423
12__03_novelhop_multihop__Low-T-End,150,0.736295988072522
12__03_novelhop_multihop__Low-T-Mid,126,0.8371381045361528
12__03_novelhop_multihop__Medium-N-Beg,139,0.983333164265813
12__03_novelhop_multihop__Medium-N-End,136,0.7510471123265952
12__03_novelhop_multihop__Medium-N-Mid,92,0.7340903001372628
12__03_novelhop_multihop__Medium-P-Beg,161,0.7067236512992034
12__03_novelhop_multihop__Medium-P-End,163,0.8130066121132147
12__03_novelhop_multihop__Medium-P-Mid,223,0.7559622779506525
12__03_novelhop_multihop__Medium-T-Beg,128,0.733649004880448
12__03_novelhop_multihop__Medium-T-End,136,0.7725478377062446
12__03_novelhop_multihop__Medium-T-Mid,83,0.7242487380152385
12__04_temporal_recency__High-N-Beg,89,0.9095019754205018
12__04_temporal_recency__High-N-End,213,0.7421393260538773
12__04_temporal_recency__High-N-Mid,188,0.8269900207244744
12__04_temporal_recency__High-P-Beg,155,0.8732871223140248
12__04_temporal_recency__High-P-End,153,0.7634538091050257
12__04_temporal_recency__High-P-Mid,119,0.7017329405515675
12__04_temporal_recency__High-T-Beg,236,0.7442304766877349
12__04_temporal_recency__High-T-End,193,0.9339139381817791
12__04_temporal_recency__High-T-Mid,112,0.8340680452812899
12__04_temporal_recency__Low-N-Beg,229,0.899211101601769
12__04_temporal_recency__Low-N-End,151,0.95324561838442
12__04_temporal_recency__Low-N-Mid,58,0.9818193492846408
12__04_temporal_recency__Low-P-Beg,173,0.9182934652648728
12__04_temporal_recency__Low-P-End,242,0.7047206226529777
12__04_temporal_recency__Low-P-Mid,174,0.9777534380066457
12__04_temporal_recency__Low-T-Beg,175,0.9359730696747367
12__04_temporal_recency__Low-T-End,62,0.8759155371632281
12__04_temporal_recency__Low-T-Mid,246,0.8904542126000852
12__04_temporal_recency__Medium-N-Beg,70,0.9318329675690554
12__04_temporal_recency__Medium-N-End,166,0.9685662725178064
12__04_temporal_recency__Medium-N-Mid,207,0.9799980734361947
12__04_temporal_recency__Medium-P-Beg,244,0.8787042574566235
12__04_temporal_recency__Medium-P-End,186,0.8264051766578963
12__04_temporal_recency__Medium-P-Mid,64,0.9727441045945264
12__04_temporal_recency__Medium-T-Beg,195,0.8436174422806697
12__04_temporal_recency__Medium-T-End,197,0.9403396691350261
12__04_temporal_recency__Medium-T-Mid,233,0.7662426594396649
12__05_stackmath_numerical__High-N-Beg,175,0.9053910894985424
12__05_stackmath_numerical__High-N-End,236,0.8492478886818787
12__05_stackmath_numerical__High-N-Mid,105,0.7879677548003231
12__05_stackmath_numerical__High-P-Beg,199,0.939536142623408
12__05_stackmath_numerical__High-P-End,124,0.9556658249305869
12__05_stackmath_numerical__High-P-Mid,248,0.7546619120756435
12__05_stackmath_numerical__High-T-Beg,113,0.8494179038975029
12__05_stackmath_numerical__High-T-End,60,0.7503834235924681
12__05_stackmath_numerical__High-T-Mid,224,0.9413015513598838
12__05_stackmath_numerical__Low-N-Beg,125,0.9537174541956235
12__05_stackmath_numerical__Low-N-End,220,0.9716882235595794
12__05_stackmath_numerical__Low-N-Mid,247,0.7235081449222605
12__05_stackmath_numerical__Low-P-Beg,88,0.9869990281821643
12__05_stackmath_numerical__Low-P-End,69,0.8773169427042306
12__05_stackmath_numerical__Low-P-Mid,108,0.9641141670751888
12__05_stackmath_numerical__Low-T-Beg,128,0.7626162572849425
12__05_stackmath_numerical__Low-T-End,108,0.9847171148777951
12__05_stackmath_numerical__Low-T-Mid,243,0.7747795228544496
12__05_stackmath_numerical__Medium-N-Beg,54,0.7645384052033354
12__05_stackmath_numerical__Medium-N-End,215,0.8172059681931528
12__05_stackmath_numerical__Medium-N-Mid,53,0.9562388429709001
12__05_stackmath_numerical__Medium-P-Beg,117,0.8638258699903286
12__05_stackmath_numerical__Medium-P-End,183,0.8711235111723534
12__05_stackmath_numerical__Medium-P-Mid,58,0.7012866921058267
12__05_stackmath_numerical__Medium-T-Beg,159,0.8854637523130449
12__05_stackmath_numerical__Medium-T-End,131,0.7417436396240574
12__05_stackmath_numerical__Medium-T-Mid,152,0.8683758885748589
12__06_policy_compliance__High-N-Beg,176,0.821631731432198
12__06_policy_compliance__High-N-End,147,0.9670020347876955
12__06_policy_compliance__High-N-Mid,170,0.9603597139349898
12__06_policy_compliance__High-P-Beg,232,0.707009175938095
12__06_policy_compliance__High-P-End,202,0.797034790245706
12__06_policy_compliance__High-P-Mid,237,0.862797838371709
12__06_policy_compliance__High-T-Beg,192,0.7258607607495393
12__06_policy_compliance__High-T-End,221,0.9026275579171685
12__06_policy_compliance__High-T-Mid,245,0.7994212504224879
12__06_policy_compliance__Low-N-Beg,190,0.8442648598145993
12__06_policy_compliance__Low-N-End,117,0.9013180341635703
12__06_policy_compliance__Low-N-Mid,188,0.8834158578439586
12__06_policy_compliance__Low-P-Beg,166,0.8557174068210454
12__06_policy_compliance__Low-P-End,90,0.9338619774703137
12__06_policy_compliance__Low-P-Mid,128,0.85648531134714
12__06_policy_compliance__Low-T-Beg,178,0.9587746972514779
12__06_policy_compliance__Low-T-End,174,0.7895631040321797
12__06_policy_compliance__Low-T-Mid,224,0.8547041494233047
12__06_policy_compliance__Medium-N-Beg,53,0.8160235614846247
12__06_policy_compliance__Medium-N-End,198,0.8563216564987693
12__06_policy_compliance__Medium-N-Mid,192,0.8146226253073214
12__06_policy_compliance__Medium-P-Beg,209,0.7095898606175183
12__06_policy_compliance__Medium-P-End,217,0.7555045214242571
12__06_policy_compliance__Medium-P-Mid,228,0.9595700545301076
12__06_policy_compliance__Medium-T-Beg,101,0.8604635646054201
12__06_policy_compliance__Medium-T-End,168,0.9208357306990775
12__06_policy_compliance__Medium-T-Mid,158,0.8567154923386279
12__07_expert_legal_med__High-N-Beg,56,0.8705948248793517
12__07_expert_legal_med__High-N-End,95,0.8923588791317787
12__07_expert_legal_med__High-N-Mid,242,0.7083649060746625
12__07_expert_legal_med__High-P-Beg,89,0.8725954916805783
12__07_expert_legal_med__High-P-End,240,0.8967390971309258
12__07_expert_legal_med__High-P-Mid,137,0.9160538368337017
12__07_expert_legal_med__High-T-Beg,77,0.9689550447493129
12__07_expert_legal_med__High-T-End,165,0.7889088415242087
12__07_expert_legal_med__High-T-Mid,245,0.9264259684491969
12__07_expert_legal_med__Low-N-Beg,66,0.8722074683017279
12__07_expert_legal_med__Low-N-End,95,0.9126272423880273
12__07_expert_legal_med__Low-N-Mid,242,0.748810457529809
12__07_expert_legal_med__Low-P-Beg,249,0.8471995521061007
12__07_expert_legal_med__Low-P-End,243,0.7655733670411107
12__07_expert_legal_med__Low-P-Mid,179,0.7482264471632871
12__07_expert_legal_med__Low-T-Beg,224,0.868778758238254
12__07_expert_legal_med__Low-T-End,114,0.8573443358632638
12__07_expert_legal_med__Low-T-Mid,231,0.8193823126459995
12__07_expert_legal_med__Medium-N-Beg,224,0.7315813489074671
12__07_expert_legal_med__Medium-N-End,145,0.9221017859949442
12__07_expert_legal_med__Medium-N-Mid,235,0.9284072959041045
12__07_expert_legal_med__Medium-P-Beg,101,0.8425311113086634
12__07_expert_legal_med__Medium-P-End,199,0.7340528010785539
12__07_expert_legal_med__Medium-P-Mid,212,0.743153560821116
12__07_expert_legal_med__Medium-T-Beg,249,0.7990619919317183
12__07_expert_legal_med__Medium-T-End,179,0.7816064481192009
12__07_expert_legal_med__Medium-T-Mid,154,0.9168890786060768
13__02_hotpot_citation__High-N-Beg,62,0.8712732819117294
13__02_hotpot_citation__High-N-End,103,0.9453719447884161
13__02_hotpot_citation__High-N-Mid,119,0.8210121154490138
13__02_hotpot_citation__High-P-Beg,140,0.7445004267014029
13__02_hotpot_citation__High-P-End,73,0.7874812667002229
13__02_hotpot_citation__High-P-Mid,178,0.7222528958111605
13__02_hotpot_citation__High-T-Beg,54,0.8095560309885073
13__02_hotpot_citation__High-T-End,180,0.9623928627581041
13__02_hotpot_citation__High-T-Mid,148,0.9805392742178574
13__02_hotpot_citation__Low-N-Beg,155,0.8198041843781421
13__02_hotpot_citation__Low-N-End,117,0.946629141758411
13__02_hotpot_citation__Low-N-Mid,124,0.832523062551427
13__02_hotpot_citation__Low-P-Beg,179,0.7842888438572078
13__02_hotpot_citation__Low-P-End,154,0.779159359967401
13__02_hotpot_citation__Low-P-Mid,139,0.9703431901310733
13__02_hotpot_citation__Low-T-Beg,125,0.7924063155144501
13__02_hotpot_citation__Low-T-End,186,0.7049060010926201
13__02_hotpot_citation__Low-T-Mid,184,0.7353297390103819
13__02_hotpot_citation__Medium-N-Beg,155,0.7656225775549133
13__02_hotpot_citation__Medium-N-End,81,0.8186904198696626
13__02_hotpot_citation__Medium-N-Mid,132,0.7347311019479498
13__02_hotpot_citation__Medium-P-Beg,243,0.8089548721252946
13__02_hotpot_citation__Medium-P-End,216,0.8552585627755461
13__02_hotpot_citation__Medium-P-Mid,243,0.8248314548356916
13__02_hotpot_citation__Medium-T-Beg,118,0.8312732438438819
13__02_hotpot_citation__Medium-T-End,222,0.8613526668687397
13__02_hotpot_citation__Medium-T-Mid,204,0.7444838707508931
13__03_novelhop_multihop__High-N-Beg,214,0.7591810196708056
13__03_novelhop_multihop__High-N-End,164,0.8823630887325808
13__03_novelhop_multihop__High-N-Mid,248,0.9745985875390275
13__03_novelhop_multihop__High-P-Beg,137,0.7178886963934427
13__03_novelhop_multihop__High-P-End,76,0.7164480118884125
13__03_novelhop_multihop__High-P-Mid,216,0.8854882083253522
13__03_novelhop_multihop__High-T-Beg,85,0.8794006838701337
13__03_novelhop_multihop__High-T-End,78,0.7451572253608948
13__03_novelhop_multihop__High-T-Mid,205,0.8696757832809712
13__03_novelhop_multihop__Low-N-Beg,131,0.8390057871968455
13__03_novelhop_multihop__Low-N-End,175,0.8761183329958465
13__03_novelhop_multihop__Low-N-Mid,207,0.7645924581069012
13__03_novelhop_multihop__Low-P-Beg,218,0.9658638736251227
13__03_novelhop_multihop__Low-P-End,203,0.7634779235255575
13__03_novelhop_multihop__Low-P-Mid,179,0.7428562878466882
13__03_novelhop_multihop__Low-T-Beg,205,0.8976910781829497
13__03_novelhop_multihop__Low-T-End,153,0.8200628453836737
13__03_novelhop_multihop__Low-T-Mid,54,0.7906043008998692
13__03_novelhop_multihop__Medium-N-Beg,91,0.9620213538494466
13__03_novelhop_multihop__Medium-N-End,159,0.978768632767838
13__03_novelhop_multihop__Medium-N-Mid,234,0.7524931150059708
13__03_novelhop_multihop__Medium-P-Beg,220,0.8665670645282224
13__03_novelhop_multihop__Medium-P-End,55,0.9733927306936822
13__03_novelhop_multihop__Medium-P-Mid,151,0.9871072390356589
13__03_novelhop_multihop__Medium-T-Beg,217,0.8598631267893836
13__03_novelhop_multihop__Medium-T-End,100,0.7495480127751584
13__03_novelhop_multihop__Medium-T-Mid,191,0.7889977087611754
13__04_temporal_recency__High-N-Beg,168,0.770323983186245
13__04_temporal_recency__High-N-End,249,0.8937410048794684
13__04_temporal_recency__High-N-Mid,180,0.7494767404872522
13__04_temporal_recency__High-P-Beg,239,0.9253198979536306
13__04_temporal_recency__High-P-End,50,0.9561687557535242
13__04_temporal_recency__High-P-Mid,76,0.78267807245646
13__04_temporal_recency__High-T-Beg,169,0.7827203529766176
13__04_temporal_recency__High-T-End,205,0.8803129434418154
13__04_temporal_recency__High-T-Mid,51,0.7520028635971193
13__04_temporal_recency__Low-N-Beg,241,0.8232481304021249
13__04_temporal_recency__Low-N-End,191,0.8383725918206084
13__04_temporal_recency__Low-N-Mid,168,0.7408624205173998
13__04_temporal_recency__Low-P-Beg,245,0.752292356336091
13__04_temporal_recency__Low-P-End,111,0.7307690695567811
13__04_temporal_recency__Low-P-Mid,167,0.7734384979865264
13__04_temporal_recency__Low-T-Beg,214,0.9282505065615254
13__04_temporal_recency__Low-T-End,195,0.9002576723104994
13__04_temporal_recency__Low-T-Mid,222,0.8228547867383559
13__04_temporal_recency__Medium-N-Beg,121,0.955099008456309
13__04_temporal_recency__Medium-N-End,192,0.7124604254669685
13__04_temporal_recency__Medium-N-Mid,233,0.8064038836730144
13__04_temporal_recency__Medium-P-Beg,162,0.7871984086119839
13__04_temporal_recency__Medium-P-End,207,0.7574933777674007
13__04_temporal_recency__Medium-P-Mid,169,0.7734983215007549
13__04_temporal_recency__Medium-T-Beg,89,0.9581534623388476
13__04_temporal_recency__Medium-T-End,236,0.7808666458754528
13__04_temporal_recency__Medium-T-Mid,232,0.8949761992405306
13__05_stackmath_numerical__High-N-Beg,154,0.8657191843364893
13__05_stackmath_numerical__High-N-End,73,0.7470096588414297
13__05_stackmath_numerical__High-N-Mid,226,0.9684684767060869
13__05_stackmath_numerical__High-P-Beg,151,0.8020582038101253
13__05_stackmath_numerical__High-P-End,160,0.7135598546913654
13__05_stackmath_numerical__High-P-Mid,231,0.8500132458749103
13__05_stackmath_numerical__High-T-Beg,154,0.9668218050211284
13__05_stackmath_numerical__High-T-End,131,0.8238321679042386
13__05_stackmath_numerical__High-T-Mid,107,0.8673769969841121
13__05_stackmath_numerical__Low-N-Beg,133,0.8780503589855196
13__05_stackmath_numerical__Low-N-End,178,0.926819828422926
13__05_stackmath_numerical__Low-N-Mid,67,0.7033239075265318
13__05_stackmath_numerical__Low-P-Beg,157,0.7316305193343183
13__05_stackmath_numerical__Low-P-End,221,0.8297637685920769
13__05_stackmath_numerical__Low-P-Mid,247,0.712414535382641
13__05_stackmath_numerical__Low-T-Beg,112,0.8722338738573104
13__05_stackmath_numerical__Low-T-End,146,0.9869115227216337
13__05_stackmath_numerical__Low-T-Mid,182,0.7934103905615644
13__05_stackmath_numerical__Medium-N-Beg,157,0.8957098625296502
13__05_stackmath_numerical__Medium-N-End,192,0.9228795563062118
13__05_stackmath_numerical__Medium-N-Mid,245,0.8324872556606027
13__05_stackmath_numerical__Medium-P-Beg,73,0.9369957089134348
13__05_stackmath_numerical__Medium-P-End,165,0.8462974975422157
13__05_stackmath_numerical__Medium-P-Mid,141,0.982923897870257
13__05_stackmath_numerical__Medium-T-Beg,234,0.8292093535851939
13__05_stackmath_numerical__Medium-T-End,248,0.9152320130228704
13__05_stackmath_numerical__Medium-T-Mid,152,0.71277896156019
13__06_policy_compliance__High-N-Beg,84,0.8840024366969487
13__06_policy_compliance__High-N-End,236,0.8819373934580198
13__06_policy_compliance__High-N-Mid,178,0.907345484474567
13__06_policy_compliance__High-P-Beg,147,0.9014409615457543
13__06_policy_compliance__High-P-End,98,0.9114699211919579
13__06_policy_compliance__High-P-Mid,110,0.933608311302449
13__06_policy_compliance__High-T-Beg,108,0.7356318857644704
13__06_policy_compliance__High-T-End,236,0.8070462396248553
13__06_policy_compliance__High-T-Mid,96,0.8388220956270989
13__06_policy_compliance__Low-N-Beg,169,0.9010537591080345
13__06_policy_compliance__Low-N-End,223,0.9481221675096809
13__06_policy_compliance__Low-N-Mid,157,0.8157351856964196
13__06_policy_compliance__Low-P-Beg,172,0.7625180029855987
13__06_policy_compliance__Low-P-End,240,0.7195598495991162
13__06_policy_compliance__Low-P-Mid,233,0.7936073479657658
13__06_policy_compliance__Low-T-Beg,214,0.7489309245373476
13__06_policy_compliance__Low-T-End,103,0.9603542440293868
13__06_policy_compliance__Low-T-Mid,121,0.955181184138351
13__06_policy_compliance__Medium-N-Beg,73,0.8854086539646772
13__06_policy_compliance__Medium-N-End,233,0.8833596203294647
13__06_policy_compliance__Medium-N-Mid,183,0.8036587591102093
13__06_policy_compliance__Medium-P-Beg,89,0.7080210368221896
13__06_policy_compliance__Medium-P-End,166,0.8115489541228618
13__06_policy_compliance__Medium-P-Mid,54,0.7490676660940576
13__06_policy_compliance__Medium-T-Beg,127,0.9642084563013557
13__06_policy_compliance__Medium-T-End,119,0.8224014119273647
13__06_policy_compliance__Medium-T-Mid,97,0.9108605592802754
13__07_expert_legal_med__High-N-Beg,72,0.9191435426178671
13__07_expert_legal_med__High-N-End,86,0.9191873878743317
13__07_expert_legal_med__High-N-Mid,144,0.853926858041069
13__07_expert_legal_med__High-P-Beg,198,0.7128132750582077
13__07_expert_legal_med__High-P-End,115,0.944449545885617
13__07_expert_legal_med__High-P-Mid,104,0.968781392938101
13__07_expert_legal_med__High-T-Beg,126,0.890097918100983
13__07_expert_legal_med__High-T-End,64,0.8256710782253692
13__07_expert_legal_med__High-T-Mid,161,0.9890187064778664
13__07_expert_legal_med__Low-N-Beg,160,0.8512254933392838
13__07_expert_legal_med__Low-N-End,160,0.8332010439319744
13__07_expert_legal_med__Low-N-Mid,244,0.8509081378977755
13__07_expert_legal_med__Low-P-Beg,76,0.8422207680087753
13__07_expert_legal_med__Low-P-End,201,0.753130152813096
13__07_expert_legal_med__Low-P-Mid,152,0.9129809497446026
13__07_expert_legal_med__Low-T-Beg,72,0.8902817145969273
13__07_expert_legal_med__Low-T-End,178,0.7854527700341704
13__07_expert_legal_med__Low-T-Mid,63,0.8144546181668539
13__07_expert_legal_med__Medium-N-Beg,175,0.8073100991426986
13__07_expert_legal_med__Medium-N-End,113,0.7698874153548837
13__07_expert_legal_med__Medium-N-Mid,167,0.7821310393557483
13__07_expert_legal_med__Medium-P-Beg,221,0.7431381850890362
13__07_expert_legal_med__Medium-P-End,162,0.7517679950139504
13__07_expert_legal_med__Medium-P-Mid,223,0.8683283264635366
13__07_expert_legal_med__Medium-T-Beg,110,0.7643667717237457
13__07_expert_legal_med__Medium-T-End,113,0.9067486619152987
13__07_expert_legal_med__Medium-T-Mid,210,0.7167489067150177
14__02_hotpot_citation__High-N-Beg,78,0.7632572769199284
14__02_hotpot_citation__High-N-End,81,0.8356287164457966
14__02_hotpot_citation__High-N-Mid,188,0.9733130131153398
14__02_hotpot_citation__High-P-Beg,193,0.8172488062018548
14__02_hotpot_citation__High-P-End,207,0.9887047344625444
14__02_hotpot_citation__High-P-Mid,51,0.743505246202893
14__02_hotpot_citation__High-T-Beg,202,0.8994823342348535
14__02_hotpot_citation__High-T-End,247,0.9400786183618062
14__02_hotpot_citation__High-T-Mid,146,0.9216364251260388
14__02_hotpot_citation__Low-N-Beg,57,0.7330183120364737
14__02_hotpot_citation__Low-N-End,225,0.8144489676976748
14__02_hotpot_citation__Low-N-Mid,119,0.7438127887263357
14__02_hotpot_citation__Low-P-Beg,100,0.9009325721612607
14__02_hotpot_citation__Low-P-End,194,0.8014143456934684
14__02_hotpot_citation__Low-P-Mid,107,0.8389633983361344
14__02_hotpot_citation__Low-T-Beg,60,0.9276105675667249
14__02_hotpot_citation__Low-T-End,212,0.9164874641399237
14__02_hotpot_citation__Low-T-Mid,210,0.8230105650752312
14__02_hotpot_citation__Medium-N-Beg,116,0.8096750724691101
14__02_hotpot_citation__Medium-N-End,221,0.896723199439739
14__02_hotpot_citation__Medium-N-Mid,136,0.8606034001931809
14__02_hotpot_citation__Medium-P-Beg,205,0.8164510143665605
14__02_hotpot_citation__Medium-P-End,183,0.9504715374965267
14__02_hotpot_citation__Medium-P-Mid,158,0.7284706946277761
14__02_hotpot_citation__Medium-T-Beg,108,0.7955880589601103
14__02_hotpot_citation__Medium-T-End,132,0.8429475898591767
14__02_hotpot_citation__Medium-T-Mid,89,0.9186703906989091
14__03_novelhop_multihop__High-N-Beg,249,0.75858211565118
14__03_novelhop_multihop__High-N-End,90,0.7690694936026576
14__03_novelhop_multihop__High-N-Mid,58,0.796629344090003
14__03_novelhop_multihop__High-P-Beg,202,0.7472769086510678
14__03_novelhop_multihop__High-P-End,92,0.8558499816056759
14__03_novelhop_multihop__High-P-Mid,151,0.8713179472181805
14__03_novelhop_multihop__High-T-Beg,208,0.805002036256966
14__03_novelhop_multihop__High-T-End,183,0.7394765396632085
14__03_novelhop_multihop__High-T-Mid,87,0.8844352778845851
14__03_novelhop_multihop__Low-N-Beg,112,0.8918455058916438
14__03_novelhop_multihop__Low-N-End,207,0.8323198399146378
14__03_novelhop_multihop__Low-N-Mid,136,0.7745563069987346
14__03_novelhop_multihop__Low-P-Beg,88,0.9563003328688187
14__03_novelhop_multihop__Low-P-End,74,0.7121960478590688
14__03_novelhop_multihop__Low-P-Mid,240,0.8008800538137818
14__03_novelhop_multihop__Low-T-Beg,174,0.7900293643934161
14__03_novelhop_multihop__Low-T-End,195,0.9422202546686322
14__03_novelhop_multihop__Low-T-Mid,99,0.8142755211560703
14__03_novelhop_multihop__Medium-N-Beg,204,0.8481507861668505
14__03_novelhop_multihop__Medium-N-End,238,0.9181551067750638
14__03_novelhop_multihop__Medium-N-Mid,57,0.7494512222331547
14__03_novelhop_multihop__Medium-P-Beg,179,0.762975622509225
14__03_novelhop_multihop__Medium-P-End,199,0.8841695812904696
14__03_novelhop_multihop__Medium-P-Mid,121,0.7058131816163593
14__03_novelhop_multihop__Medium-T-Beg,64,0.8072143550128748
14__03_novelhop_multihop__Medium-T-End,102,0.8888448084275951
14__03_novelhop_multihop__Medium-T-Mid,124,0.8267603617644949
14__04_temporal_recency__High-N-Beg,128,0.7075364474721617
14__04_temporal_recency__High-N-End,188,0.7784332974847662
14__04_temporal_recency__High-N-Mid,164,0.8240496022373982
14__04_temporal_recency__High-P-Beg,120,0.8894130711673176
14__04_temporal_recency__High-P-End,165,0.9064233500815638
14__04_temporal_recency__High-P-Mid,111,0.9714874098568551
14__04_temporal_recency__High-T-Beg,116,0.9020083110137612
14__04_temporal_recency__High-T-End,182,0.893195368606629
14__04_temporal_recency__High-T-Mid,175,0.8328490105249998
14__04_temporal_recency__Low-N-Beg,141,0.7307746509785338
14__04_temporal_recency__Low-N-End,85,0.7489109020754814
14__04_temporal_recency__Low-N-Mid,125,0.9183072787092889
14__04_temporal_recency__Low-P-Beg,183,0.9499230990261165
14__04_temporal_recency__Low-P-End,207,0.8641161608851132
14__04_temporal_recency__Low-P-Mid,151,0.913674800420317
14__04_temporal_recency__Low-T-Beg,144,0.9089340773257133
14__04_temporal_recency__Low-T-End,156,0.7707501633511182
14__04_temporal_recency__Low-T-Mid,187,0.9851934174414382
14__04_temporal_recency__Medium-N-Beg,110,0.7544158012152867
14__04_temporal_recency__Medium-N-End,173,0.9283996706278619
14__04_temporal_recency__Medium-N-Mid,156,0.9123662370782519
14__04_temporal_recency__Medium-P-Beg,59,0.9862701339246143
14__04_temporal_recency__Medium-P-End,139,0.773708358807996
14__04_temporal_recency__Medium-P-Mid,196,0.9478225569208313
14__04_temporal_recency__Medium-T-Beg,161,0.9491536934279462
14__04_temporal_recency__Medium-T-End,210,0.7199708517036518
14__04_temporal_recency__Medium-T-Mid,182,0.8870386756493618
14__05_stackmath_numerical__High-N-Beg,249,0.8445381137472641
14__05_stackmath_numerical__High-N-End,178,0.9396486246901409
14__05_stackmath_numerical__High-N-Mid,72,0.8774455899889319
14__05_stackmath_numerical__High-P-Beg,56,0.8145336913672024
14__05_stackmath_numerical__High-P-End,172,0.743988646087632
14__05_stackmath_numerical__High-P-Mid,178,0.9466521944407456
14__05_stackmath_numerical__High-T-Beg,145,0.8848968302754805
14__05_stackmath_numerical__High-T-End,61,0.7638953326280181
14__05_stackmath_numerical__High-T-Mid,155,0.7521646453157255
14__05_stackmath_numerical__Low-N-Beg,180,0.9134539008084364
14__05_stackmath_numerical__Low-N-End,224,0.9136136408588527
14__05_stackmath_numerical__Low-N-Mid,174,0.9570248962606455
14__05_stackmath_numerical__Low-P-Beg,103,0.8633510497297905
14__05_stackmath_numerical__Low-P-End,169,0.8924044646448485
14__05_stackmath_numerical__Low-P-Mid,64,0.9611382353119515
14__05_stackmath_numerical__Low-T-Beg,77,0.9515202386378845
14__05_stackmath_numerical__Low-T-End,222,0.8094632911551054
14__05_stackmath_numerical__Low-T-Mid,106,0.7105744802512608
14__05_stackmath_numerical__Medium-N-Beg,100,0.8866221418175593
14__05_stackmath_numerical__Medium-N-End,125,0.9056138263933239
14__05_stackmath_numerical__Medium-N-Mid,169,0.8859503808459946
14__05_stackmath_numerical__Medium-P-Beg,234,0.7872838508925949
14__05_stackmath_numerical__Medium-P-End,139,0.9285722914496823
14__05_stackmath_numerical__Medium-P-Mid,187,0.8668807951253676
14__05_stackmath_numerical__Medium-T-Beg,86,0.9490328033032894
14__05_stackmath_numerical__Medium-T-End,157,0.9245914196201952
14__05_stackmath_numerical__Medium-T-Mid,170,0.8563700800529783
14__06_policy_compliance__High-N-Beg,233,0.9122926271343927
14__06_policy_compliance__High-N-End,183,0.851997605429177
14__06_policy_compliance__High-N-Mid,64,0.7557960787569816
14__06_policy_compliance__High-P-Beg,204,0.9645478278443957
14__06_policy_compliance__High-P-End,236,0.9473657649097614
14__06_policy_compliance__High-P-Mid,56,0.8229779650731079
14__06_policy_compliance__High-T-Beg,175,0.8711786054015584
14__06_policy_compliance__High-T-End,134,0.9825199526813065
14__06_policy_compliance__High-T-Mid,222,0.9739546500483252
14__06_policy_compliance__Low-N-Beg,120,0.9753804239383839
14__06_policy_compliance__Low-N-End,92,0.869182716389467
14__06_policy_compliance__Low-N-Mid,62,0.952633180275657
14__06_policy_compliance__Low-P-Beg,83,0.9262094767972652
14__06_policy_compliance__Low-P-End,116,0.880059890988995
14__06_policy_compliance__Low-P-Mid,205,0.8243488558241644
14__06_policy_compliance__Low-T-Beg,107,0.9757005622619073
14__06_policy_compliance__Low-T-End,196,0.9514386886054409
14__06_policy_compliance__Low-T-Mid,172,0.7681302772202042
14__06_policy_compliance__Medium-N-Beg,88,0.8526055565975187
14__06_policy_compliance__Medium-N-End,172,0.940770347226706
14__06_policy_compliance__Medium-N-Mid,68,0.8346012085759454
14__06_policy_compliance__Medium-P-Beg,117,0.9134957191201608
14__06_policy_compliance__Medium-P-End,61,0.7550362200904704
14__06_policy_compliance__Medium-P-Mid,158,0.7175217435124466
14__06_policy_compliance__Medium-T-Beg,199,0.8773433137081601
14__06_policy_compliance__Medium-T-End,144,0.9819986657385307
14__06_policy_compliance__Medium-T-Mid,112,0.9071803480767099
14__07_expert_legal_med__High-N-Beg,143,0.8891228058759232
14__07_expert_legal_med__High-N-End,152,0.7232413207045072
14__07_expert_legal_med__High-N-Mid,171,0.8621127925889804
14__07_expert_legal_med__High-P-Beg,239,0.7511314814737992
14__07_expert_legal_med__High-P-End,78,0.895385075828952
14__07_expert_legal_med__High-P-Mid,219,0.8878868125666824
14__07_expert_legal_med__High-T-Beg,242,0.9718565284513723
14__07_expert_legal_med__High-T-End,61,0.8379759395363243
14__07_expert_legal_med__High-T-Mid,66,0.8589134830429794
14__07_expert_legal_med__Low-N-Beg,138,0.7362544591093868
14__07_expert_legal_med__Low-N-End,163,0.8317957519351799
14__07_expert_legal_med__Low-N-Mid,205,0.7411873655703433
14__07_expert_legal_med__Low-P-Beg,190,0.802518754903851
14__07_expert_legal_med__Low-P-End,210,0.8661830715933092
14__07_expert_legal_med__Low-P-Mid,160,0.9876380033729066
14__07_expert_legal_med__Low-T-Beg,174,0.7823430241905536
14__07_expert_legal_med__Low-T-End,223,0.7965672155498542
14__07_expert_legal_med__Low-T-Mid,162,0.7710599286849622
14__07_expert_legal_med__Medium-N-Beg,153,0.73746550142981
14__07_expert_legal_med__Medium-N-End,122,0.98745771655407
14__07_expert_legal_med__Medium-N-Mid,194,0.855991951630707
14__07_expert_legal_med__Medium-P-Beg,232,0.9636296934163521
14__07_expert_legal_med__Medium-P-End,142,0.9572252327869666
14__07_expert_legal_med__Medium-P-Mid,231,0.7614096796301759
14__07_expert_legal_med__Medium-T-Beg,200,0.8487289044926869
14__07_expert_legal_med__Medium-T-End,217,0.8086840979078116
14__07_expert_legal_med__Medium-T-Mid,124,0.7653455421525173
15__02_hotpot_citation__High-N-Beg,60,0.9754297993044863
15__02_hotpot_citation__High-N-End,126,0.930384292385207
15__02_hotpot_citation__High-N-Mid,171,0.891428114537183
15__02_hotpot_citation__High-P-Beg,97,0.8405243522425159
15__02_hotpot_citation__High-P-End,88,0.8674830599292523
15__02_hotpot_citation__High-P-Mid,168,0.9012002798929142
15__02_hotpot_citation__High-T-Beg,215,0.7075826165742504
15__02_hotpot_citation__High-T-End,177,0.8006482214921982
15__02_hotpot_citation__High-T-Mid,101,0.8196554297472483
15__02_hotpot_citation__Low-N-Beg,207,0.9058660124244795
15__02_hotpot_citation__Low-N-End,62,0.7659257357060199
15__02_hotpot_citation__Low-N-Mid,99,0.9820888260768581
15__02_hotpot_citation__Low-P-Beg,128,0.8155540545972423
15__02_hotpot_citation__Low-P-End,56,0.8044082303960909
15__02_hotpot_citation__Low-P-Mid,193,0.9535871248341015
15__02_hotpot_citation__Low-T-Beg,59,0.9500204395275968
15__02_hotpot_citation__Low-T-End,55,0.7752468488358011
15__02_hotpot_citation__Low-T-Mid,69,0.82231682727219
15__02_hotpot_citation__Medium-N-Beg,160,0.8409355999498225
15__02_hotpot_citation__Medium-N-End,98,0.9447593653780368
15__02_hotpot_citation__Medium-N-Mid,164,0.9746927371745837
15__02_hotpot_citation__Medium-P-Beg,247,0.8174598600325249
15__02_hotpot_citation__Medium-P-End,120,0.8414496377747472
15__02_hotpot_citation__Medium-P-Mid,156,0.824018150298742
15__02_hotpot_citation__Medium-T-Beg,206,0.9613138487546575
15__02_hotpot_citation__Medium-T-End,127,0.8118361124300509
15__02_hotpot_citation__Medium-T-Mid,164,0.7300029308074176
15__03_novelhop_multihop__High-N-Beg,57,0.8529017894387118
15__03_novelhop_multihop__High-N-End,83,0.9888541447838015
15__03_novelhop_multihop__High-N-Mid,129,0.9436813614621464
15__03_novelhop_multihop__High-P-Beg,72,0.91410972231401
15__03_novelhop_multihop__High-P-End,229,0.8134901100790511
15__03_novelhop_multihop__High-P-Mid,67,0.9564875665466634
15__03_novelhop_multihop__High-T-Beg,73,0.8763403555108172
15__03_novelhop_multihop__High-T-End,75,0.9018248929082315
15__03_novelhop_multihop__High-T-Mid,88,0.9076685979035962
15__03_novelhop_multihop__Low-N-Beg,187,0.9393683750064012
15__03_novelhop_multihop__Low-N-End,246,0.8458482366369805
15__03_novelhop_multihop__Low-N-Mid,191,0.7042068397511965
15__03_novelhop_multihop__Low-P-Beg,70,0.8736708120950776
15__03_novelhop_multihop__Low-P-End,139,0.8460068067279773
15__03_novelhop_multihop__Low-P-Mid,179,0.9607081396875152
15__03_novelhop_multihop__Low-T-Beg,113,0.7280111095696196
15__03_novelhop_multihop__Low-T-End,227,0.8386358385837275
15__03_novelhop_multihop__Low-T-Mid,57,0.9461692002178208
15__03_novelhop_multihop__Medium-N-Beg,112,0.798530367885408
15__03_novelhop_multihop__Medium-N-End,236,0.9114149140378243
15__03_novelhop_multihop__Medium-N-Mid,176,0.8150153903719695
15__03_novelhop_multihop__Medium-P-Beg,213,0.7798547006105166
15__03_novelhop_multihop__Medium-P-End,147,0.7981771469481814
15__03_novelhop_multihop__Medium-P-Mid,151,0.86427553248445
15__03_novelhop_multihop__Medium-T-Beg,213,0.8159495939465048
15__03_novelhop_multihop__Medium-T-End,149,0.7203565431468325
15__03_novelhop_multihop__Medium-T-Mid,190,0.7513995009612707
15__04_temporal_recency__High-N-Beg,161,0.8505875976790129
15__04_temporal_recency__High-N-End,232,0.907392290920658
15__04_temporal_recency__High-N-Mid,200,0.7928451756754072
15__04_temporal_recency__High-P-Beg,173,0.7461346645864315
15__04_temporal_recency__High-P-End,60,0.9443835026685653
15__04_temporal_recency__High-P-Mid,165,0.7124669975127343
15__04_temporal_recency__High-T-Beg,195,0.857759400145504
15__04_temporal_recency__High-T-End,146,0.8404523929472467
15__04_temporal_recency__High-T-Mid,117,0.9053818916048836
15__04_temporal_recency__Low-N-Beg,106,0.8286852669219635
15__04_temporal_recency__Low-N-End,159,0.7152956929232324
15__04_temporal_recency__Low-N-Mid,216,0.764331813036903
15__04_temporal_recency__Low-P-Beg,204,0.9265348550907282
15__04_temporal_recency__Low-P-End,207,0.9256345275512408
15__04_temporal_recency__Low-P-Mid,158,0.7499164441236952
15__04_temporal_recency__Low-T-Beg,130,0.8668590444054782
15__04_temporal_recency__Low-T-End,79,0.8105258093748184
15__04_temporal_recency__Low-T-Mid,211,0.818642521100989
15__04_temporal_recency__Medium-N-Beg,65,0.9043448994666694
15__04_temporal_recency__Medium-N-End,247,0.917975622309012
15__04_temporal_recency__Medium-N-Mid,238,0.8184186089154899
15__04_temporal_recency__Medium-P-Beg,246,0.72557775437508
15__04_temporal_recency__Medium-P-End,97,0.8397365465012907
15__04_temporal_recency__Medium-P-Mid,160,0.7500745856949942
15__04_temporal_recency__Medium-T-Beg,195,0.9370722884120415
15__04_temporal_recency__Medium-T-End,170,0.8170929321794226
15__04_temporal_recency__Medium-T-Mid,191,0.7637749408452065
15__05_stackmath_numerical__High-N-Beg,93,0.8485407883383512
15__05_stackmath_numerical__High-N-End,94,0.7209862186617908
15__05_stackmath_numerical__High-N-Mid,249,0.7650053919203129
15__05_stackmath_numerical__High-P-Beg,57,0.9336389016502789
15__05_stackmath_numerical__High-P-End,109,0.7486328170020338
15__05_stackmath_numerical__High-P-Mid,166,0.8016651598971664
15__05_stackmath_numerical__High-T-Beg,222,0.8090991331674913
15__05_stackmath_numerical__High-T-End,246,0.9186314317279016
15__05_stackmath_numerical__High-T-Mid,142,0.7942989474316035
15__05_stackmath_numerical__Low-N-Beg,190,0.705513739474835
15__05_stackmath_numerical__Low-N-End,124,0.8924188855156246
15__05_stackmath_numerical__Low-N-Mid,97,0.8642294694194899
15__05_stackmath_numerical__Low-P-Beg,201,0.7696485704987748
15__05_stackmath_numerical__Low-P-End,109,0.7664360050126169
15__05_stackmath_numerical__Low-P-Mid,204,0.9606217450191502
15__05_stackmath_numerical__Low-T-Beg,136,0.9298554171294828
15__05_stackmath_numerical__Low-T-End,218,0.8786267039223714
15__05_stackmath_numerical__Low-T-Mid,219,0.9888681205036637
15__05_stackmath_numerical__Medium-N-Beg,145,0.8755775495814264
15__05_stackmath_numerical__Medium-N-End,211,0.7170490497622953
15__05_stackmath_numerical__Medium-N-Mid,62,0.9587310237088942
15__05_stackmath_numerical__Medium-P-Beg,55,0.8026124306538142
15__05_stackmath_numerical__Medium-P-End,240,0.7887460553698012
15__05_stackmath_numerical__Medium-P-Mid,99,0.8893151630525106
15__05_stackmath_numerical__Medium-T-Beg,208,0.8712108499130196
15__05_stackmath_numerical__Medium-T-End,192,0.7339676869843129
15__05_stackmath_numerical__Medium-T-Mid,215,0.8978775150190565
15__06_policy_compliance__High-N-Beg,183,0.7281167058391271
15__06_policy_compliance__High-N-End,222,0.7393372633045521
15__06_policy_compliance__High-N-Mid,201,0.7455773458199371
15__06_policy_compliance__High-P-Beg,53,0.8391876091895103
15__06_policy_compliance__High-P-End,208,0.7209613802293341
15__06_policy_compliance__High-P-Mid,106,0.974687736132527
15__06_policy_compliance__High-T-Beg,234,0.9287931207452496
15__06_policy_compliance__High-T-End,113,0.7702930055259558
15__06_policy_compliance__High-T-Mid,216,0.8022636418420342
15__06_policy_compliance__Low-N-Beg,180,0.8655288524841755
15__06_policy_compliance__Low-N-End,192,0.7602150459174384
15__06_policy_compliance__Low-N-Mid,232,0.8890505364560876
15__06_policy_compliance__Low-P-Beg,221,0.7477174653293038
15__06_policy_compliance__Low-P-End,175,0.9850759314614868
15__06_policy_compliance__Low-P-Mid,153,0.9860767998368809
15__06_policy_compliance__Low-T-Beg,221,0.9480767731973044
15__06_policy_compliance__Low-T-End,82,0.7206849119645802
15__06_policy_compliance__Low-T-Mid,207,0.933234195304474
15__06_policy_compliance__Medium-N-Beg,159,0.7338786689505034
15__06_policy_compliance__Medium-N-End,191,0.7168473268289781
15__06_policy_compliance__Medium-N-Mid,209,0.8655113327491913
15__06_policy_compliance__Medium-P-Beg,203,0.727144006417368
15__06_policy_compliance__Medium-P-End,82,0.9307462639833789
15__06_policy_compliance__Medium-P-Mid,63,0.9579340950536137
15__06_policy_compliance__Medium-T-Beg,192,0.7443542286838257
15__06_policy_compliance__Medium-T-End,244,0.7951167299446279
15__06_policy_compliance__Medium-T-Mid,66,0.8657184135288143
15__07_expert_legal_med__High-N-Beg,120,0.7283458587940329
15__07_expert_legal_med__High-N-End,75,0.8698071144351487
15__07_expert_legal_med__High-N-Mid,247,0.97748252546388
15__07_expert_legal_med__High-P-Beg,90,0.8278763958586084
15__07_expert_legal_med__High-P-End,134,0.7959601811191288
15__07_expert_legal_med__High-P-Mid,171,0.7244540872710331
15__07_expert_legal_med__High-T-Beg,65,0.7459164479302464
15__07_expert_legal_med__High-T-End,181,0.7259210501491263
15__07_expert_legal_med__High-T-Mid,57,0.7270612537059433
15__07_expert_legal_med__Low-N-Beg,110,0.9645242435772522
15__07_expert_legal_med__Low-N-End,145,0.8888958009589591
15__07_expert_legal_med__Low-N-Mid,78,0.7429836138090135
15__07_expert_legal_med__Low-P-Beg,223,0.9157131292322458
15__07_expert_legal_med__Low-P-End,174,0.7988093663035094
15__07_expert_legal_med__Low-P-Mid,172,0.9426068470762098
15__07_expert_legal_med__Low-T-Beg,82,0.8665488420079979
15__07_expert_legal_med__Low-T-End,172,0.8749189572969743
15__07_expert_legal_med__Low-T-Mid,70,0.8101446697101571
15__07_expert_legal_med__Medium-N-Beg,119,0.8431117642446355
15__07_expert_legal_med__Medium-N-End,63,0.7131870103100535
15__07_expert_legal_med__Medium-N-Mid,60,0.7581981650898465
15__07_expert_legal_med__Medium-P-Beg,120,0.9293995312251613
15__07_expert_legal_med__Medium-P-End,145,0.7637836996463128
15__07_expert_legal_med__Medium-P-Mid,162,0.8482193129980986
15__07_expert_legal_med__Medium-T-Beg,164,0.9508905064778306
15__07_expert_legal_med__Medium-T-End,155,0.9119597832778166
15__07_expert_legal_med__Medium-T-Mid,58,0.9668065818846745
16__02_hotpot_citation__High-N-Beg,74,0.7245235934682244
16__02_hotpot_citation__High-N-End,192,0.9512291280155796
16__02_hotpot_citation__High-N-Mid,238,0.8230037383681355
16__02_hotpot_citation__High-P-Beg,60,0.7950194980772591
16__02_hotpot_citation__High-P-End,92,0.9222431908685453
16__02_hotpot_citation__High-P-Mid,98,0.8400999646065049
16__02_hotpot_citation__High-T-Beg,81,0.7830276506417843
16__02_hotpot_citation__High-T-End,137,0.9269977262224417
16__02_hotpot_citation__High-T-Mid,187,0.8057081726663399
16__02_hotpot_citation__Low-N-Beg,74,0.8883526224905136
16__02_hotpot_citation__Low-N-End,91,0.8070538095709026
16__02_hotpot_citation__Low-N-Mid,148,0.8764787133282502
16__02_hotpot_citation__Low-P-Beg,143,0.7247644036008792
16__02_hotpot_citation__Low-P-End,130,0.864148700797516
16__02_hotpot_citation__Low-P-Mid,141,0.8647769020518895
16__02_hotpot_citation__Low-T-Beg,223,0.7234804967038266
16__02_hotpot_citation__Low-T-End,67,0.9639220643629072
16__02_hotpot_citation__Low-T-Mid,133,0.7982647036613852
16__02_hotpot_citation__Medium-N-Beg,247,0.8775024937720924
16__02_hotpot_citation__Medium-N-End,220,0.9066060862682552
16__02_hotpot_citation__Medium-N-Mid,197,0.74598778021565
16__02_hotpot_citation__Medium-P-Beg,199,0.718125685869566
16__02_hotpot_citation__Medium-P-End,106,0.7145086334557401
16__02_hotpot_citation__Medium-P-Mid,118,0.7993401699983715
16__02_hotpot_citation__Medium-T-Beg,141,0.8746275049723763
16__02_hotpot_citation__Medium-T-End,124,0.7783411453420422
16__02_hotpot_citation__Medium-T-Mid,192,0.7994318413247428
16__03_novelhop_multihop__High-N-Beg,170,0.9555037715880601
16__03_novelhop_multihop__High-N-End,164,0.7657459636229416
16__03_novelhop_multihop__High-N-Mid,166,0.8335329588219398
16__03_novelhop_multihop__High-P-Beg,122,0.7674294010196068
16__03_novelhop_multihop__High-P-End,241,0.9621744555649874
16__03_novelhop_multihop__High-P-Mid,185,0.8731668508897295
16__03_novelhop_multihop__High-T-Beg,244,0.7572303644233818
16__03_novelhop_multihop__High-T-End,214,0.9095036789796385
16__03_novelhop_multihop__High-T-Mid,234,0.9433101618556626
16__03_novelhop_multihop__Low-N-Beg,186,0.9669345525107091
16__03_novelhop_multihop__Low-N-End,94,0.8062630520215726
16__03_novelhop_multihop__Low-N-Mid,134,0.7316910286777069
16__03_novelhop_multihop__Low-P-Beg,243,0.9656329067825092
16__03_novelhop_multihop__Low-P-End,186,0.9246697111910173
16__03_novelhop_multihop__Low-P-Mid,232,0.7460285697485332
16__03_novelhop_multihop__Low-T-Beg,113,0.9309032439799987
16__03_novelhop_multihop__Low-T-End,195,0.8999858083567307
16__03_novelhop_multihop__Low-T-Mid,91,0.900108277555475
16__03_novelhop_multihop__Medium-N-Beg,189,0.8805911901165533
16__03_novelhop_multihop__Medium-N-End,233,0.7651186157957446
16__03_novelhop_multihop__Medium-N-Mid,100,0.7559814237935922
16__03_novelhop_multihop__Medium-P-Beg,171,0.7340931821283663
16__03_novelhop_multihop__Medium-P-End,128,0.7211362202022984
16__03_novelhop_multihop__Medium-P-Mid,106,0.8344071597487946
16__03_novelhop_multihop__Medium-T-Beg,141,0.8262791676130126
16__03_novelhop_multihop__Medium-T-End,151,0.9486067537334159
16__03_novelhop_multihop__Medium-T-Mid,153,0.8438896457783491
16__04_temporal_recency__High-N-Beg,70,0.8496683938000684
16__04_temporal_recency__High-N-End,212,0.7262698702070852
16__04_temporal_recency__High-N-Mid,134,0.7759507249276985
16__04_temporal_recency__High-P-Beg,140,0.7006898783759412
16__04_temporal_recency__High-P-End,141,0.8847981462792396
16__04_temporal_recency__High-P-Mid,93,0.8795222139149003
16__04_temporal_recency__High-T-Beg,82,0.823015404191577
16__04_temporal_recency__High-T-End,102,0.9372308179377264
16__04_temporal_recency__High-T-Mid,242,0.9189730382081154
16__04_temporal_recency__Low-N-Beg,85,0.8222395217034592
16__04_temporal_recency__Low-N-End,139,0.9593760291897763
16__04_temporal_recency__Low-N-Mid,120,0.9495768996820881
16__04_temporal_recency__Low-P-Beg,128,0.7241592685753621
16__04_temporal_recency__Low-P-End,105,0.7902801394541339
16__04_temporal_recency__Low-P-Mid,224,0.9386453524317555
16__04_temporal_recency__Low-T-Beg,220,0.9509637166632038
16__04_temporal_recency__Low-T-End,109,0.8016480721172323
16__04_temporal_recency__Low-T-Mid,181,0.753741151535316
16__04_temporal_recency__Medium-N-Beg,53,0.8819144074826485
16__04_temporal_recency__Medium-N-End,200,0.7916061557860904
16__04_temporal_recency__Medium-N-Mid,121,0.7127328552669594
16__04_temporal_recency__Medium-P-Beg,119,0.7459041745513874
16__04_temporal_recency__Medium-P-End,135,0.8657136092473542
16__04_temporal_recency__Medium-P-Mid,136,0.989224485737322
16__04_temporal_recency__Medium-T-Beg,98,0.8664892813258538
16__04_temporal_recency__Medium-T-End,137,0.9407750017976588
16__04_temporal_recency__Medium-T-Mid,224,0.8357875746800945
16__05_stackmath_numerical__High-N-Beg,238,0.9645428578376516
16__05_stackmath_numerical__High-N-End,89,0.938078211719608
16__05_stackmath_numerical__High-N-Mid,155,0.9150713486482157
16__05_stackmath_numerical__High-P-Beg,86,0.8747932777232265
16__05_stackmath_numerical__High-P-End,124,0.9307448058823462
16__05_stackmath_numerical__High-P-Mid,93,0.9010303121639927
16__05_stackmath_numerical__High-T-Beg,129,0.9817327091376071
16__05_stackmath_numerical__High-T-End,77,0.7501113554376614
16__05_stackmath_numerical__High-T-Mid,145,0.8661631305263536
16__05_stackmath_numerical__Low-N-Beg,92,0.9289111935400337
16__05_stackmath_numerical__Low-N-End,134,0.8345782990821449
16__05_stackmath_numerical__Low-N-Mid,59,0.8107532895244038
16__05_stackmath_numerical__Low-P-Beg,186,0.9055679959523321
16__05_stackmath_numerical__Low-P-End,112,0.8529524248657621
16__05_stackmath_numerical__Low-P-Mid,82,0.7730302257037733
16__05_stackmath_numerical__Low-T-Beg,192,0.8856805684237299
16__05_stackmath_numerical__Low-T-End,226,0.9838603245983186
16__05_stackmath_numerical__Low-T-Mid,245,0.9833316433963114
16__05_stackmath_numerical__Medium-N-Beg,126,0.7947712824265745
16__05_stackmath_numerical__Medium-N-End,87,0.9635612573429385
16__05_stackmath_numerical__Medium-N-Mid,183,0.9845398067293558
16__05_stackmath_numerical__Medium-P-Beg,205,0.8252196907557792
16__05_stackmath_numerical__Medium-P-End,88,0.8904430655403911
16__05_stackmath_numerical__Medium-P-Mid,238,0.8468174787323
16__05_stackmath_numerical__Medium-T-Beg,199,0.8681700511915516
16__05_stackmath_numerical__Medium-T-End,58,0.70408346218608
16__05_stackmath_numerical__Medium-T-Mid,214,0.9584904345496728
16__06_policy_compliance__High-N-Beg,113,0.7468730107935717
16__06_policy_compliance__High-N-End,214,0.9027568218332708
16__06_policy_compliance__High-N-Mid,238,0.9849729130634682
16__06_policy_compliance__High-P-Beg,95,0.7978709293235714
16__06_policy_compliance__High-P-End,213,0.905076078030709
16__06_policy_compliance__High-P-Mid,243,0.8814690204783701
16__06_policy_compliance__High-T-Beg,118,0.7125136900261247
16__06_policy_compliance__High-T-End,125,0.8228212187202869
16__06_policy_compliance__High-T-Mid,120,0.7187372199869295
16__06_policy_compliance__Low-N-Beg,231,0.7210501995042914
16__06_policy_compliance__Low-N-End,231,0.822849756089576
16__06_policy_compliance__Low-N-Mid,193,0.9820659491476598
16__06_policy_compliance__Low-P-Beg,192,0.8825936243213748
16__06_policy_compliance__Low-P-End,204,0.7053960912712721
16__06_policy_compliance__Low-P-Mid,227,0.9359189081824835
16__06_policy_compliance__Low-T-Beg,171,0.7725568823624434
16__06_policy_compliance__Low-T-End,221,0.9196782965255641
16__06_policy_compliance__Low-T-Mid,227,0.7098010939710182
16__06_policy_compliance__Medium-N-Beg,57,0.8406002337711873
16__06_policy_compliance__Medium-N-End,192,0.8573614373756322
16__06_policy_compliance__Medium-N-Mid,247,0.9499278775521703
16__06_policy_compliance__Medium-P-Beg,173,0.7608354348825546
16__06_policy_compliance__Medium-P-End,228,0.9648316696012431
16__06_policy_compliance__Medium-P-Mid,101,0.7742188096001719
16__06_policy_compliance__Medium-T-Beg,66,0.8618020698690391
16__06_policy_compliance__Medium-T-End,200,0.814977975861122
16__06_policy_compliance__Medium-T-Mid,145,0.7832011221911115
16__07_expert_legal_med__High-N-Beg,99,0.7958319531180551
16__07_expert_legal_med__High-N-End,196,0.7978428974433733
16__07_expert_legal_med__High-N-Mid,155,0.7182878710546345
16__07_expert_legal_med__High-P-Beg,174,0.9251621398478457
16__07_expert_legal_med__High-P-End,152,0.8110298183402447
16__07_expert_legal_med__High-P-Mid,243,0.8599657907108657
16__07_expert_legal_med__High-T-Beg,77,0.8074689261881753
16__07_expert_legal_med__High-T-End,213,0.8357023825947382
16__07_expert_legal_med__High-T-Mid,162,0.8585993911997758
16__07_expert_legal_med__Low-N-Beg,129,0.7369829380133281
16__07_expert_legal_med__Low-N-End,244,0.7488415913962334
16__07_expert_legal_med__Low-N-Mid,202,0.7997130311085036
16__07_expert_legal_med__Low-P-Beg,213,0.7602325478411673
16__07_expert_legal_med__Low-P-End,133,0.9664896319905942
16__07_expert_legal_med__Low-P-Mid,179,0.8516591752603383
16__07_expert_legal_med__Low-T-Beg,180,0.7074483088312591
16__07_expert_legal_med__Low-T-End,171,0.825200156702556
16__07_expert_legal_med__Low-T-Mid,125,0.755716267053005
16__07_expert_legal_med__Medium-N-Beg,220,0.7191006920342088
16__07_expert_legal_med__Medium-N-End,234,0.9859583802127692
16__07_expert_legal_med__Medium-N-Mid,119,0.8532608095949663
16__07_expert_legal_med__Medium-P-Beg,190,0.9644210204739838
16__07_expert_legal_med__Medium-P-End,70,0.7207737516723884
16__07_expert_legal_med__Medium-P-Mid,121,0.8794543682419961
16__07_expert_legal_med__Medium-T-Beg,152,0.895701674628862
16__07_expert_legal_med__Medium-T-End,113,0.9160349548083873
16__07_expert_legal_med__Medium-T-Mid,127,0.7037067452984723
17__02_hotpot_citation__High-N-Beg,173,0.7968249416656905
17__02_hotpot_citation__High-N-End,150,0.7236726221823027
17__02_hotpot_citation__High-N-Mid,246,0.9112839425397784
17__02_hotpot_citation__High-P-Beg,127,0.886101408527425
17__02_hotpot_citation__High-P-End,181,0.8162493651633916
17__02_hotpot_citation__High-P-Mid,228,0.9622670295802718
17__02_hotpot_citation__High-T-Beg,108,0.7716466949032896
17__02_hotpot_citation__High-T-End,179,0.7870700052965053
17__02_hotpot_citation__High-T-Mid,89,0.7448974004973927
17__02_hotpot_citation__Low-N-Beg,201,0.9056021256505333
17__02_hotpot_citation__Low-N-End,166,0.718489619142047
17__02_hotpot_citation__Low-N-Mid,160,0.8864453603246241
17__02_hotpot_citation__Low-P-Beg,79,0.7282148674927503
17__02_hotpot_citation__Low-P-End,146,0.7976918990393922
17__02_hotpot_citation__Low-P-Mid,199,0.9182983749845428
17__02_hotpot_citation__Low-T-Beg,68,0.937700825697012
17__02_hotpot_citation__Low-T-End,64,0.9173031841129755
17__02_hotpot_citation__Low-T-Mid,61,0.9084608897304035
17__02_hotpot_citation__Medium-N-Beg,186,0.785368541009374
17__02_hotpot_citation__Medium-N-End,168,0.9252372102424783
17__02_hotpot_citation__Medium-N-Mid,217,0.886557797955024
17__02_hotpot_citation__Medium-P-Beg,96,0.7005132497564031
17__02_hotpot_citation__Medium-P-End,149,0.820252158252905
17__02_hotpot_citation__Medium-P-Mid,178,0.967055731350754
17__02_hotpot_citation__Medium-T-Beg,204,0.8121622825103942
17__02_hotpot_citation__Medium-T-End,235,0.9349157306328189
17__02_hotpot_citation__Medium-T-Mid,106,0.7819558077359892
17__03_novelhop_multihop__High-N-Beg,151,0.8945833181086063
17__03_novelhop_multihop__High-N-End,90,0.9832207417948322
17__03_novelhop_multihop__High-N-Mid,66,0.7251254297200722
17__03_novelhop_multihop__High-P-Beg,128,0.8710327085660284
17__03_novelhop_multihop__High-P-End,74,0.9821655614848103
17__03_novelhop_multihop__High-P-Mid,182,0.801314665832967
17__03_novelhop_multihop__High-T-Beg,190,0.8853125294623815
17__03_novelhop_multihop__High-T-End,84,0.8736323790332148
17__03_novelhop_multihop__High-T-Mid,59,0.9640323703460258
17__03_novelhop_multihop__Low-N-Beg,126,0.9879111304595883
17__03_novelhop_multihop__Low-N-End,85,0.85017933738239
17__03_novelhop_multihop__Low-N-Mid,150,0.7037319693538292
17__03_novelhop_multihop__Low-P-Beg,109,0.8166364657123625
17__03_novelhop_multihop__Low-P-End,126,0.7883276499054559
17__03_novelhop_multihop__Low-P-Mid,144,0.8427635532988837
17__03_novelhop_multihop__Low-T-Beg,110,0.7581625577498337
17__03_novelhop_multihop__Low-T-End,68,0.8148226945062155
17__03_novelhop_multihop__Low-T-Mid,220,0.91232492056086
17__03_novelhop_multihop__Medium-N-Beg,192,0.9774780329698844
17__03_novelhop_multihop__Medium-N-End,66,0.7373472768502591
17__03_novelhop_multihop__Medium-N-Mid,229,0.8920091126658014
17__03_novelhop_multihop__Medium-P-Beg,62,0.7391599118362254
17__03_novelhop_multihop__Medium-P-End,214,0.9541338702960962
17__03_novelhop_multihop__Medium-P-Mid,178,0.8888946874154805
17__03_novelhop_multihop__Medium-T-Beg,132,0.9855618111935238
17__03_novelhop_multihop__Medium-T-End,52,0.7423858243591626
17__03_novelhop_multihop__Medium-T-Mid,117,0.9048330588010446
17__04_temporal_recency__High-N-Beg,74,0.7791467771812748
17__04_temporal_recency__High-N-End,203,0.773267005701436
17__04_temporal_recency__High-N-Mid,209,0.8789429009491321
17__04_temporal_recency__High-P-Beg,96,0.8233337552101153
17__04_temporal_recency__High-P-End,127,0.8122920051473917
17__04_temporal_recency__High-P-Mid,98,0.7511258622554363
17__04_temporal_recency__High-T-Beg,97,0.9101457678206679
17__04_temporal_recency__High-T-End,142,0.9578352870927241
17__04_temporal_recency__High-T-Mid,158,0.813832832774317
17__04_temporal_recency__Low-N-Beg,82,0.9265801375548215
17__04_temporal_recency__Low-N-End,191,0.7808051547927827
17__04_temporal_recency__Low-N-Mid,235,0.9851553454300099
17__04_temporal_recency__Low-P-Beg,84,0.982665565162115
17__04_temporal_recency__Low-P-End,123,0.9461006342435354
17__04_temporal_recency__Low-P-Mid,57,0.9250354576582215
17__04_temporal_recency__Low-T-Beg,204,0.9003365452861483
17__04_temporal_recency__Low-T-End,64,0.811252728856552
17__04_temporal_recency__Low-T-Mid,240,0.7037629377140602
17__04_temporal_recency__Medium-N-Beg,180,0.7822648634693796
17__04_temporal_recency__Medium-N-End,214,0.7871879346415214
17__04_temporal_recency__Medium-N-Mid,236,0.7030533209279125
17__04_temporal_recency__Medium-P-Beg,149,0.9765433934717825
17__04_temporal_recency__Medium-P-End,105,0.9601489135059024
17__04_temporal_recency__Medium-P-Mid,130,0.847067550285888
17__04_temporal_recency__Medium-T-Beg,148,0.7713513816150902
17__04_temporal_recency__Medium-T-End,158,0.9560793431162148
17__04_temporal_recency__Medium-T-Mid,80,0.8679726681542828
17__05_stackmath_numerical__High-N-Beg,230,0.908507885436717
17__05_stackmath_numerical__High-N-End,199,0.7414875493175233
17__05_stackmath_numerical__High-N-Mid,238,0.7734862548902648
17__05_stackmath_numerical__High-P-Beg,159,0.8530332229859174
17__05_stackmath_numerical__High-P-End,98,0.9090270155679865
17__05_stackmath_numerical__High-P-Mid,237,0.7741354466328824
17__05_stackmath_numerical__High-T-Beg,81,0.9043892013979928
17__05_stackmath_numerical__High-T-End,79,0.780236127751113
17__05_stackmath_numerical__High-T-Mid,233,0.7768367516802753
17__05_stackmath_numerical__Low-N-Beg,114,0.9842652160456957
17__05_stackmath_numerical__Low-N-End,183,0.9434072983494743
17__05_stackmath_numerical__Low-N-Mid,191,0.8850646595266067
17__05_stackmath_numerical__Low-P-Beg,69,0.7445652536637393
17__05_stackmath_numerical__Low-P-End,237,0.734147720407555
17__05_stackmath_numerical__Low-P-Mid,164,0.8081741267462902
17__05_stackmath_numerical__Low-T-Beg,114,0.7977236201295861
17__05_stackmath_numerical__Low-T-End,243,0.807562287324694
17__05_stackmath_numerical__Low-T-Mid,70,0.9291392119580935
17__05_stackmath_numerical__Medium-N-Beg,160,0.7108163844474656
17__05_stackmath_numerical__Medium-N-End,129,0.8140602308373099
17__05_stackmath_numerical__Medium-N-Mid,128,0.7546981413167523
17__05_stackmath_numerical__Medium-P-Beg,76,0.710458018856171
17__05_stackmath_numerical__Medium-P-End,134,0.7719319633498193
17__05_stackmath_numerical__Medium-P-Mid,149,0.7465217824784072
17__05_stackmath_numerical__Medium-T-Beg,90,0.9628962377523849
17__05_stackmath_numerical__Medium-T-End,66,0.98067350169013
17__05_stackmath_numerical__Medium-T-Mid,236,0.720203725209167
17__06_policy_compliance__High-N-Beg,198,0.7769989463716311
17__06_policy_compliance__High-N-End,167,0.7723914873369064
17__06_policy_compliance__High-N-Mid,222,0.9326813379539263
17__06_policy_compliance__High-P-Beg,108,0.9240823290920954
17__06_policy_compliance__High-P-End,82,0.8742968992618056
17__06_policy_compliance__High-P-Mid,185,0.785356763965225
17__06_policy_compliance__High-T-Beg,181,0.9552360759336387
17__06_policy_compliance__High-T-End,133,0.892877467015645
17__06_policy_compliance__High-T-Mid,127,0.7196389664005703
17__06_policy_compliance__Low-N-Beg,128,0.9353610963145488
17__06_policy_compliance__Low-N-End,219,0.9178285096828241
17__06_policy_compliance__Low-N-Mid,216,0.9335070431574823
17__06_policy_compliance__Low-P-Beg,71,0.9438710495310592
17__06_policy_compliance__Low-P-End,222,0.8944145185648569
17__06_policy_compliance__Low-P-Mid,207,0.8414479991451077
17__06_policy_compliance__Low-T-Beg,140,0.7234818245079483
17__06_policy_compliance__Low-T-End,229,0.8192321964373739
17__06_policy_compliance__Low-T-Mid,226,0.9013170806292661
17__06_policy_compliance__Medium-N-Beg,121,0.9194995829991861
17__06_policy_compliance__Medium-N-End,107,0.890483654312718
17__06_policy_compliance__Medium-N-Mid,233,0.8420784071146891
17__06_policy_compliance__Medium-P-Beg,95,0.7304020482740048
17__06_policy_compliance__Medium-P-End,66,0.7849102024095396
17__06_policy_compliance__Medium-P-Mid,243,0.8802255320326963
17__06_policy_compliance__Medium-T-Beg,228,0.9283061533515864
17__06_policy_compliance__Medium-T-End,89,0.829022653099542
17__06_policy_compliance__Medium-T-Mid,117,0.8796737569917765
17__07_expert_legal_med__High-N-Beg,81,0.868865297320252
17__07_expert_legal_med__High-N-End,154,0.8933877500203564
17__07_expert_legal_med__High-N-Mid,201,0.890535865030468
17__07_expert_legal_med__High-P-Beg,184,0.743819950084275
17__07_expert_legal_med__High-P-End,180,0.9097582899018697
17__07_expert_legal_med__High-P-Mid,242,0.7372535916109348
17__07_expert_legal_med__High-T-Beg,118,0.7832728234669409
17__07_expert_legal_med__High-T-End,164,0.8583409586572937
17__07_expert_legal_med__High-T-Mid,137,0.8401287357974294
17__07_expert_legal_med__Low-N-Beg,107,0.9250118945317192
17__07_expert_legal_med__Low-N-End,247,0.8249622435600399
17__07_expert_legal_med__Low-N-Mid,189,0.7271887829650899
17__07_expert_legal_med__Low-P-Beg,153,0.7672628422026487
17__07_expert_legal_med__Low-P-End,132,0.8115457462838765
17__07_expert_legal_med__Low-P-Mid,236,0.9608561018465176
17__07_expert_legal_med__Low-T-Beg,94,0.7943447702032284
17__07_expert_legal_med__Low-T-End,86,0.9114852278130501
17__07_expert_legal_med__Low-T-Mid,196,0.8189364330627488
17__07_expert_legal_med__Medium-N-Beg,244,0.8725107747461999
17__07_expert_legal_med__Medium-N-End,116,0.9081485047876436
17__07_expert_legal_med__Medium-N-Mid,150,0.9424186294554323
17__07_expert_legal_med__Medium-P-Beg,234,0.8140630626115308
17__07_expert_legal_med__Medium-P-End,126,0.843837073613764
17__07_expert_legal_med__Medium-P-Mid,71,0.8084400774011684
17__07_expert_legal_med__Medium-T-Beg,97,0.904388178827329
17__07_expert_legal_med__Medium-T-End,202,0.785000568174134
17__07_expert_legal_med__Medium-T-Mid,112,0.942045977672494
18__02_hotpot_citation__High-N-Beg,202,0.7486275247038154
18__02_hotpot_citation__High-N-End,197,0.9029627493061809
18__02_hotpot_citation__High-N-Mid,197,0.9363001011918378
18__02_hotpot_citation__High-P-Beg,118,0.8933857047362631
18__02_hotpot_citation__High-P-End,76,0.8001468050992658
18__02_hotpot_citation__High-P-Mid,93,0.9521885159502912
18__02_hotpot_citation__High-T-Beg,214,0.9747278854340923
18__02_hotpot_citation__High-T-End,192,0.9541178907725746
18__02_hotpot_citation__High-T-Mid,129,0.9422318925360851
18__02_hotpot_citation__Low-N-Beg,112,0.7249542228251623
18__02_hotpot_citation__Low-N-End,136,0.9641244319628538
18__02_hotpot_citation__Low-N-Mid,159,0.9312080309591996
18__02_hotpot_citation__Low-P-Beg,158,0.829762736037599
18__02_hotpot_citation__Low-P-End,105,0.8459463929876194
18__02_hotpot_citation__Low-P-Mid,83,0.7746105169202462
18__02_hotpot_citation__Low-T-Beg,100,0.7826295926513664
18__02_hotpot_citation__Low-T-End,123,0.8521788618780138
18__02_hotpot_citation__Low-T-Mid,178,0.9172234437967501
18__02_hotpot_citation__Medium-N-Beg,135,0.9700531840289388
18__02_hotpot_citation__Medium-N-End,111,0.7414501021267383
18__02_hotpot_citation__Medium-N-Mid,153,0.934216379628281
18__02_hotpot_citation__Medium-P-Beg,140,0.8964851889515413
18__02_hotpot_citation__Medium-P-End,142,0.7427002356758866
18__02_hotpot_citation__Medium-P-Mid,242,0.7391550152996124
18__02_hotpot_citation__Medium-T-Beg,232,0.724014789660406
18__02_hotpot_citation__Medium-T-End,193,0.7647921882816785
18__02_hotpot_citation__Medium-T-Mid,122,0.7316532770029345
18__03_novelhop_multihop__High-N-Beg,111,0.9148763162528517
18__03_novelhop_multihop__High-N-End,103,0.7850958079338968
18__03_novelhop_multihop__High-N-Mid,147,0.9718077737614081
18__03_novelhop_multihop__High-P-Beg,123,0.8135458294331188
18__03_novelhop_multihop__High-P-End,200,0.8812413064352115
18__03_novelhop_multihop__High-P-Mid,184,0.7609122411724233
18__03_novelhop_multihop__High-T-Beg,247,0.7181085634275389
18__03_novelhop_multihop__High-T-End,160,0.9878784590903159
18__03_novelhop_multihop__High-T-Mid,222,0.8728225547458323
18__03_novelhop_multihop__Low-N-Beg,78,0.7760607011907706
18__03_novelhop_multihop__Low-N-End,236,0.9084958282894787
18__03_novelhop_multihop__Low-N-Mid,220,0.7881428766586442
18__03_novelhop_multihop__Low-P-Beg,223,0.7191249609955627
18__03_novelhop_multihop__Low-P-End,66,0.9504772147484759
18__03_novelhop_multihop__Low-P-Mid,54,0.9755770194381077
18__03_novelhop_multihop__Low-T-Beg,55,0.7750810273857163
18__03_novelhop_multihop__Low-T-End,245,0.8778565702028152
18__03_novelhop_multihop__Low-T-Mid,204,0.8140798343298096
18__03_novelhop_multihop__Medium-N-Beg,219,0.7402952521137438
18__03_novelhop_multihop__Medium-N-End,141,0.7685340730273444
18__03_novelhop_multihop__Medium-N-Mid,161,0.964959872036552
18__03_novelhop_multihop__Medium-P-Beg,94,0.8481723518401101
18__03_novelhop_multihop__Medium-P-End,230,0.7555526522905369
18__03_novelhop_multihop__Medium-P-Mid,170,0.7224700902462736
18__03_novelhop_multihop__Medium-T-Beg,188,0.9360882240276748
18__03_novelhop_multihop__Medium-T-End,102,0.8973765994632568
18__03_novelhop_multihop__Medium-T-Mid,189,0.8739535268458438
18__04_temporal_recency__High-N-Beg,90,0.8329019776071449
18__04_temporal_recency__High-N-End,229,0.8393915747164817
18__04_temporal_recency__High-N-Mid,107,0.7797277217362701
18__04_temporal_recency__High-P-Beg,183,0.8418133110720927
18__04_temporal_recency__High-P-End,156,0.8631739814063695
18__04_temporal_recency__High-P-Mid,92,0.9659211883244465
18__04_temporal_recency__High-T-Beg,194,0.7529013744985232
18__04_temporal_recency__High-T-End,158,0.7594338453989014
18__04_temporal_recency__High-T-Mid,220,0.9712827454449907
18__04_temporal_recency__Low-N-Beg,138,0.9338180107402547
18__04_temporal_recency__Low-N-End,246,0.7585730305697995
18__04_temporal_recency__Low-N-Mid,239,0.7072624713673696
18__04_temporal_recency__Low-P-Beg,168,0.8032754545083562
18__04_temporal_recency__Low-P-End,234,0.7709255710634673
18__04_temporal_recency__Low-P-Mid,248,0.777226508668726
18__04_temporal_recency__Low-T-Beg,129,0.9395048983591672
18__04_temporal_recency__Low-T-End,247,0.7705282929025205
18__04_temporal_recency__Low-T-Mid,89,0.9198178141349983
18__04_temporal_recency__Medium-N-Beg,206,0.7439994311014106
18__04_temporal_recency__Medium-N-End,86,0.7998071713992589
18__04_temporal_recency__Medium-N-Mid,177,0.9149001715490107
18__04_temporal_recency__Medium-P-Beg,223,0.8683916076846446
18__04_temporal_recency__Medium-P-End,153,0.8641410871736258
18__04_temporal_recency__Medium-P-Mid,142,0.894736010227214
18__04_temporal_recency__Medium-T-Beg,185,0.8664909194028566
18__04_temporal_recency__Medium-T-End,126,0.979922027446125
18__04_temporal_recency__Medium-T-Mid,137,0.9067172423525068
18__05_stackmath_numerical__High-N-Beg,95,0.9712908224752088
18__05_stackmath_numerical__High-N-End,74,0.8886110690370623
18__05_stackmath_numerical__High-N-Mid,62,0.7260297166957415
18__05_stackmath_numerical__High-P-Beg,79,0.7507340506525826
18__05_stackmath_numerical__High-P-End,85,0.9436486600987425
18__05_stackmath_numerical__High-P-Mid,71,0.8824231877264467
18__05_stackmath_numerical__High-T-Beg,101,0.7357293398930503
18__05_stackmath_numerical__High-T-End,174,0.9142595580313635
18__05_stackmath_numerical__High-T-Mid,98,0.7849298153549022
18__05_stackmath_numerical__Low-N-Beg,188,0.7061704063381208
18__05_stackmath_numerical__Low-N-End,194,0.8312043055991739
18__05_stackmath_numerical__Low-N-Mid,222,0.9433176852366638
18__05_stackmath_numerical__Low-P-Beg,51,0.979654709999315
18__05_stackmath_numerical__Low-P-End,69,0.8522249996246005
18__05_stackmath_numerical__Low-P-Mid,206,0.9126913167411398
18__05_stackmath_numerical__Low-T-Beg,109,0.9807022996144563
18__05_stackmath_numerical__Low-T-End,219,0.9341858289743389
18__05_stackmath_numerical__Low-T-Mid,128,0.9357806841685089
18__05_stackmath_numerical__Medium-N-Beg,126,0.8857712063538359
18__05_stackmath_numerical__Medium-N-End,76,0.8285653541327004
18__05_stackmath_numerical__Medium-N-Mid,85,0.7297540004229083
18__05_stackmath_numerical__Medium-P-Beg,126,0.7534533170864807
18__05_stackmath_numerical__Medium-P-End,166,0.8521682668469651
18__05_stackmath_numerical__Medium-P-Mid,176,0.9640575068298858
18__05_stackmath_numerical__Medium-T-Beg,176,0.7070536127852916
18__05_stackmath_numerical__Medium-T-End,181,0.7674648929761742
18__05_stackmath_numerical__Medium-T-Mid,124,0.9623858442103814
18__06_policy_compliance__High-N-Beg,111,0.9106523450805369
18__06_policy_compliance__High-N-End,98,0.8613667298904535
18__06_policy_compliance__High-N-Mid,174,0.8334001933215908
18__06_policy_compliance__High-P-Beg,100,0.8839371688893043
18__06_policy_compliance__High-P-End,51,0.7786533142264406
18__06_policy_compliance__High-P-Mid,67,0.7334990755753996
18__06_policy_compliance__High-T-Beg,228,0.9886832839031179
18__06_policy_compliance__High-T-End,52,0.725552531165318
18__06_policy_compliance__High-T-Mid,182,0.7306083624700764
18__06_policy_compliance__Low-N-Beg,168,0.9897700112371052
18__06_policy_compliance__Low-N-End,196,0.7419853424081619
18__06_policy_compliance__Low-N-Mid,231,0.9046848084966165
18__06_policy_compliance__Low-P-Beg,152,0.7789628897878222
18__06_policy_compliance__Low-P-End,87,0.9317289271694568
18__06_policy_compliance__Low-P-Mid,94,0.8407346457462208
18__06_policy_compliance__Low-T-Beg,213,0.7918249135689911
18__06_policy_compliance__Low-T-End,100,0.7469737587304135
18__06_policy_compliance__Low-T-Mid,237,0.9749837800454786
18__06_policy_compliance__Medium-N-Beg,198,0.9790915011934767
18__06_policy_compliance__Medium-N-End,84,0.9698337450537022
18__06_policy_compliance__Medium-N-Mid,203,0.905250853484462
18__06_policy_compliance__Medium-P-Beg,60,0.8117737754991119
18__06_policy_compliance__Medium-P-End,90,0.8293431558648079
18__06_policy_compliance__Medium-P-Mid,105,0.9647900349685894
18__06_policy_compliance__Medium-T-Beg,96,0.9094810877577278
18__06_policy_compliance__Medium-T-End,207,0.7399103486936378
18__06_policy_compliance__Medium-T-Mid,123,0.9114372382685338
18__07_expert_legal_med__High-N-Beg,177,0.849464569667685
18__07_expert_legal_med__High-N-End,235,0.9401746303132871
18__07_expert_legal_med__High-N-Mid,202,0.9120386671525669
18__07_expert_legal_med__High-P-Beg,154,0.8348665420203868
18__07_expert_legal_med__High-P-End,150,0.9497250933956605
18__07_expert_legal_med__High-P-Mid,156,0.9609732612935589
18__07_expert_legal_med__High-T-Beg,220,0.7227138597831234
18__07_expert_legal_med__High-T-End,221,0.75867002390186
18__07_expert_legal_med__High-T-Mid,131,0.7495211624863298
18__07_expert_legal_med__Low-N-Beg,66,0.966589911631726
18__07_expert_legal_med__Low-N-End,114,0.8751992160173713
18__07_expert_legal_med__Low-N-Mid,206,0.7252267287786327
18__07_expert_legal_med__Low-P-Beg,102,0.908185249447876
18__07_expert_legal_med__Low-P-End,180,0.8577035711891724
18__07_expert_legal_med__Low-P-Mid,95,0.7282737092418659
18__07_expert_legal_med__Low-T-Beg,192,0.83466296325577
18__07_expert_legal_med__Low-T-End,64,0.814639136421193
18__07_expert_legal_med__Low-T-Mid,237,0.7797374111394213
18__07_expert_legal_med__Medium-N-Beg,145,0.8040039322038859
18__07_expert_legal_med__Medium-N-End,133,0.9195322417459364
18__07_expert_legal_med__Medium-N-Mid,65,0.9398431320558894
18__07_expert_legal_med__Medium-P-Beg,214,0.8146741790535905
18__07_expert_legal_med__Medium-P-End,229,0.8377191068502381
18__07_expert_legal_med__Medium-P-Mid,82,0.8164293974866537
18__07_expert_legal_med__Medium-T-Beg,164,0.7586863630657581
18__07_expert_legal_med__Medium-T-End,60,0.8080789193370788
18__07_expert_legal_med__Medium-T-Mid,113,0.7982126096801628
19__02_hotpot_citation__High-N-Beg,209,0.9035832022922997
19__02_hotpot_citation__High-N-End,57,0.9384537888771628
19__02_hotpot_citation__High-N-Mid,230,0.9520997924916046
19__02_hotpot_citation__High-P-Beg,206,0.7985702484012465
19__02_hotpot_citation__High-P-End,236,0.7171313826189938
19__02_hotpot_citation__High-P-Mid,97,0.8372181659351048
19__02_hotpot_citation__High-T-Beg,85,0.9821313792429572
19__02_hotpot_citation__High-T-End,50,0.7872419189768579
19__02_hotpot_citation__High-T-Mid,199,0.8512467554825867
19__02_hotpot_citation__Low-N-Beg,203,0.8740470561806342
19__02_hotpot_citation__Low-N-End,160,0.8755781466506479
19__02_hotpot_citation__Low-N-Mid,173,0.7824687811651766
19__02_hotpot_citation__Low-P-Beg,135,0.7198985460674812
19__02_hotpot_citation__Low-P-End,109,0.9088931800422773
19__02_hotpot_citation__Low-P-Mid,148,0.9111151374768236
19__02_hotpot_citation__Low-T-Beg,150,0.8254353733243507
19__02_hotpot_citation__Low-T-End,235,0.9395461020955401
19__02_hotpot_citation__Low-T-Mid,242,0.7510490290276309
19__02_hotpot_citation__Medium-N-Beg,229,0.7758239013593219
19__02_hotpot_citation__Medium-N-End,154,0.8102813673119209
19__02_hotpot_citation__Medium-N-Mid,206,0.9606729591494596
19__02_hotpot_citation__Medium-P-Beg,106,0.8284133059838802
19__02_hotpot_citation__Medium-P-End,191,0.7654113652294766
19__02_hotpot_citation__Medium-P-Mid,154,0.9397987793978347
19__02_hotpot_citation__Medium-T-Beg,215,0.7690427976987378
19__02_hotpot_citation__Medium-T-End,142,0.92805797759545
19__02_hotpot_citation__Medium-T-Mid,159,0.8390032253540066
19__03_novelhop_multihop__High-N-Beg,93,0.9316618344296281
19__03_novelhop_multihop__High-N-End,55,0.9308041380005161
19__03_novelhop_multihop__High-N-Mid,193,0.8050206530533311
19__03_novelhop_multihop__High-P-Beg,174,0.749784928227933
19__03_novelhop_multihop__High-P-End,158,0.9333665347982218
19__03_novelhop_multihop__High-P-Mid,214,0.7577472295907495
19__03_novelhop_multihop__High-T-Beg,63,0.85126140948633
19__03_novelhop_multihop__High-T-End,125,0.8130406108140662
19__03_novelhop_multihop__High-T-Mid,179,0.9611998395424965
19__03_novelhop_multihop__Low-N-Beg,100,0.8392522492955883
19__03_novelhop_multihop__Low-N-End,85,0.9282651589924987
19__03_novelhop_multihop__Low-N-Mid,216,0.7716494235992649
19__03_novelhop_multihop__Low-P-Beg,225,0.7064213584434866
19__03_novelhop_multihop__Low-P-End,153,0.8084745737391721
19__03_novelhop_multihop__Low-P-Mid,236,0.829776905782005
19__03_novelhop_multihop__Low-T-Beg,105,0.7636315887808999
19__03_novelhop_multihop__Low-T-End,79,0.7422848752216887
19__03_novelhop_multihop__Low-T-Mid,132,0.8433091479298723
19__03_novelhop_multihop__Medium-N-Beg,114,0.9016807939219418
19__03_novelhop_multihop__Medium-N-End,224,0.828665008684204
19__03_novelhop_multihop__Medium-N-Mid,125,0.8031563463995671
19__03_novelhop_multihop__Medium-P-Beg,124,0.716029416601698
19__03_novelhop_multihop__Medium-P-End,206,0.9052285036021178
19__03_novelhop_multihop__Medium-P-Mid,155,0.7888095911022611
19__03_novelhop_multihop__Medium-T-Beg,149,0.9299300197124815
19__03_novelhop_multihop__Medium-T-End,53,0.9852373755979733
19__03_novelhop_multihop__Medium-T-Mid,113,0.737815456547899
19__04_temporal_recency__High-N-Beg,177,0.9491001874716314
19__04_temporal_recency__High-N-End,226,0.9640099360162074
19__04_temporal_recency__High-N-Mid,80,0.883189290213615
19__04_temporal_recency__High-P-Beg,149,0.7090721517648512
19__04_temporal_recency__High-P-End,55,0.8303061124653568
19__04_temporal_recency__High-P-Mid,93,0.9468164400935855
19__04_temporal_recency__High-T-Beg,105,0.7457833719941648
19__04_temporal_recency__High-T-End,242,0.7449023410736844
19__04_temporal_recency__High-T-Mid,191,0.8610576299995971
19__04_temporal_recency__Low-N-Beg,103,0.7923986695671285
19__04_temporal_recency__Low-N-End,166,0.9617352347463388
19__04_temporal_recency__Low-N-Mid,196,0.7851089528286731
19__04_temporal_recency__Low-P-Beg,210,0.984220108547329
19__04_temporal_recency__Low-P-End,130,0.9164242931271487
19__04_temporal_recency__Low-P-Mid,112,0.8916296559569503
19__04_temporal_recency__Low-T-Beg,185,0.7833895629272307
19__04_temporal_recency__Low-T-End,156,0.8788908413869587
19__04_temporal_recency__Low-T-Mid,143,0.7667819647356302
19__04_temporal_recency__Medium-N-Beg,161,0.7056213330053756
19__04_temporal_recency__Medium-N-End,118,0.9008545709708898
19__04_temporal_recency__Medium-N-Mid,62,0.8270555400756595
19__04_temporal_recency__Medium-P-Beg,181,0.7782765150021769
19__04_temporal_recency__Medium-P-End,111,0.894419520331811
19__04_temporal_recency__Medium-P-Mid,97,0.8972012367013713
19__04_temporal_recency__Medium-T-Beg,154,0.9179195743069676
19__04_temporal_recency__Medium-T-End,240,0.7049727079182657
19__04_temporal_recency__Medium-T-Mid,176,0.7899001634444515
19__05_stackmath_numerical__High-N-Beg,104,0.8123618967657817
19__05_stackmath_numerical__High-N-End,115,0.9488774979331105
19__05_stackmath_numerical__High-N-Mid,248,0.7974066000100238
19__05_stackmath_numerical__High-P-Beg,218,0.8800757100561627
19__05_stackmath_numerical__High-P-End,144,0.86474578465829
19__05_stackmath_numerical__High-P-Mid,145,0.9078362896242609
19__05_stackmath_numerical__High-T-Beg,118,0.7549151767757017
19__05_stackmath_numerical__High-T-End,71,0.8610972069999681
19__05_stackmath_numerical__High-T-Mid,92,0.8275777807894082
19__05_stackmath_numerical__Low-N-Beg,91,0.7464839515522529
19__05_stackmath_numerical__Low-N-End,182,0.8297443404244496
19__05_stackmath_numerical__Low-N-Mid,104,0.7668854935113057
19__05_stackmath_numerical__Low-P-Beg,71,0.7262875165267471
19__05_stackmath_numerical__Low-P-End,222,0.8606299395502623
19__05_stackmath_numerical__Low-P-Mid,141,0.8579819142729022
19__05_stackmath_numerical__Low-T-Beg,74,0.9262120104208409
19__05_stackmath_numerical__Low-T-End,85,0.8764684509694732
19__05_stackmath_numerical__Low-T-Mid,216,0.8733018611491068
19__05_stackmath_numerical__Medium-N-Beg,114,0.9189135219647766
19__05_stackmath_numerical__Medium-N-End,116,0.9025785152657252
19__05_stackmath_numerical__Medium-N-Mid,178,0.9518528864908509
19__05_stackmath_numerical__Medium-P-Beg,52,0.8588855315604255
19__05_stackmath_numerical__Medium-P-End,104,0.7865352209016605
19__05_stackmath_numerical__Medium-P-Mid,238,0.9006552973319844
19__05_stackmath_numerical__Medium-T-Beg,158,0.8038880172043004
19__05_stackmath_numerical__Medium-T-End,62,0.7311881859920375
19__05_stackmath_numerical__Medium-T-Mid,54,0.7200967800928437
19__06_policy_compliance__High-N-Beg,246,0.7449620651963081
19__06_policy_compliance__High-N-End,126,0.8333407466071042
19__06_policy_compliance__High-N-Mid,218,0.8703328720929586
19__06_policy_compliance__High-P-Beg,107,0.7027195706226992
19__06_policy_compliance__High-P-End,67,0.7245211091916787
19__06_policy_compliance__High-P-Mid,99,0.7258537820418319
19__06_policy_compliance__High-T-Beg,197,0.7339358657573479
19__06_policy_compliance__High-T-End,144,0.7298985714252112
19__06_policy_compliance__High-T-Mid,132,0.7267587168609573
19__06_policy_compliance__Low-N-Beg,237,0.8231477070794645
19__06_policy_compliance__Low-N-End,143,0.8058303905993806
19__06_policy_compliance__Low-N-Mid,178,0.8780809475955216
19__06_policy_compliance__Low-P-Beg,246,0.9437331212094027
19__06_policy_compliance__Low-P-End,239,0.9725525244029961
19__06_policy_compliance__Low-P-Mid,182,0.9020762050308809
19__06_policy_compliance__Low-T-Beg,132,0.725771724612393
19__06_policy_compliance__Low-T-End,153,0.7319456940936447
19__06_policy_compliance__Low-T-Mid,148,0.8322781120150256
19__06_policy_compliance__Medium-N-Beg,50,0.7853956733834387
19__06_policy_compliance__Medium-N-End,223,0.9538229757789624
19__06_policy_compliance__Medium-N-Mid,75,0.9781096805644042
19__06_policy_compliance__Medium-P-Beg,94,0.7086142932551805
19__06_policy_compliance__Medium-P-End,106,0.7715334572456184
19__06_policy_compliance__Medium-P-Mid,85,0.9122857083504002
19__06_policy_compliance__Medium-T-Beg,126,0.8572265238103998
19__06_policy_compliance__Medium-T-End,73,0.787776470456824
19__06_policy_compliance__Medium-T-Mid,142,0.875946072467565
19__07_expert_legal_med__High-N-Beg,198,0.9451008692966654
19__07_expert_legal_med__High-N-End,138,0.8027000029810482
19__07_expert_legal_med__High-N-Mid,116,0.7106660954632854
19__07_expert_legal_med__High-P-Beg,161,0.7938078996310971
19__07_expert_legal_med__High-P-End,141,0.806096288262523
19__07_expert_legal_med__High-P-Mid,93,0.8057366273386475
19__07_expert_legal_med__High-T-Beg,85,0.9772677731786434
19__07_expert_legal_med__High-T-End,222,0.8631904011046942
19__07_expert_legal_med__High-T-Mid,81,0.9473822522133414
19__07_expert_legal_med__Low-N-Beg,193,0.9181673621754142
19__07_expert_legal_med__Low-N-End,80,0.7272224072517138
19__07_expert_legal_med__Low-N-Mid,238,0.7861372370101606
19__07_expert_legal_med__Low-P-Beg,80,0.884333714916108
19__07_expert_legal_med__Low-P-End,159,0.9192759019451882
19__07_expert_legal_med__Low-P-Mid,226,0.8442151968108826
19__07_expert_legal_med__Low-T-Beg,59,0.7464932008639168
19__07_expert_legal_med__Low-T-End,154,0.7443650703068533
19__07_expert_legal_med__Low-T-Mid,213,0.785989145082267
19__07_expert_legal_med__Medium-N-Beg,88,0.7753957186984989
19__07_expert_legal_med__Medium-N-End,206,0.9395069586643081
19__07_expert_legal_med__Medium-N-Mid,209,0.913461274610655
19__07_expert_legal_med__Medium-P-Beg,161,0.9737696389448209
19__07_expert_legal_med__Medium-P-End,130,0.9069973685538488
19__07_expert_legal_med__Medium-P-Mid,159,0.7905298599093236
19__07_expert_legal_med__Medium-T-Beg,153,0.8369224456591533
19__07_expert_legal_med__Medium-T-End,249,0.7521436862385719
19__07_expert_legal_med__Medium-T-Mid,236,0.8418600136567504
1__01_nq_closed_book__High-N-Beg,103,0.849427462560375
1__01_nq_closed_book__High-N-End,210,0.9813199334682352
1__01_nq_closed_book__High-N-Mid,157,0.7122630825141668
1__01_nq_closed_book__High-P-Beg,195,0.8526715279029217
1__01_nq_closed_book__High-P-End,184,0.9307426969266384
1__01_nq_closed_book__High-P-Mid,51,0.7208482480370282
1__01_nq_closed_book__High-T-Beg,149,0.8155731925226991
1__01_nq_closed_book__High-T-End,132,0.7996055974323742
1__01_nq_closed_book__High-T-Mid,149,0.8217677863165777
1__01_nq_closed_book__Low-N-Beg,97,0.7971977640026426
1__01_nq_closed_book__Low-N-End,93,0.9231360501061949
1__01_nq_closed_book__Low-N-Mid,150,0.7681429564162309
1__01_nq_closed_book__Low-P-Beg,140,0.8123174822063552
1__01_nq_closed_book__Low-P-End,208,0.8976129560309611
1__01_nq_closed_book__Low-P-Mid,134,0.7531996098425596
1__01_nq_closed_book__Low-T-Beg,249,0.8188803793640943
1__01_nq_closed_book__Low-T-End,249,0.9398079219965022
1__01_nq_closed_book__Low-T-Mid,239,0.8018845030600127
1__01_nq_closed_book__Medium-N-Beg,94,0.7280924577193566
1__01_nq_closed_book__Medium-N-End,157,0.7900392717785939
1__01_nq_closed_book__Medium-N-Mid,129,0.7221911463095386
1__01_nq_closed_book__Medium-P-Beg,127,0.7444935730069471
1__01_nq_closed_book__Medium-P-End,153,0.8587773280998133
1__01_nq_closed_book__Medium-P-Mid,59,0.7779932003876824
1__01_nq_closed_book__Medium-T-Beg,196,0.8362577771622467
1__01_nq_closed_book__Medium-T-End,115,0.8654821405634088
1__01_nq_closed_book__Medium-T-Mid,215,0.7050718843996163
1__02_hotpot_citation__High-N-Beg,225,0.9535559062186425
1__02_hotpot_citation__High-N-End,239,0.9587440796172414
1__02_hotpot_citation__High-N-Mid,205,0.9719479070485837
1__02_hotpot_citation__High-P-Beg,168,0.9277808721173736
1__02_hotpot_citation__High-P-End,148,0.9000894741240744
1__02_hotpot_citation__High-P-Mid,86,0.7114470873552886
1__02_hotpot_citation__High-T-Beg,119,0.8954489045008162
1__02_hotpot_citation__High-T-End,85,0.8488845613502191
1__02_hotpot_citation__High-T-Mid,85,0.7288682277630841
1__02_hotpot_citation__Low-N-Beg,108,0.7445651649021608
1__02_hotpot_citation__Low-N-End,160,0.7005549467993065
1__02_hotpot_citation__Low-N-Mid,207,0.7149900956449804
1__02_hotpot_citation__Low-P-Beg,178,0.8800197101208654
1__02_hotpot_citation__Low-P-End,151,0.9236726603171607
1__02_hotpot_citation__Low-P-Mid,154,0.8186138414510797
1__02_hotpot_citation__Low-T-Beg,210,0.9064693537726438
1__02_hotpot_citation__Low-T-End,244,0.9390443795305241
1__02_hotpot_citation__Low-T-Mid,94,0.8325448809842537
1__02_hotpot_citation__Medium-N-Beg,149,0.9712662440434516
1__02_hotpot_citation__Medium-N-End,71,0.8166415273236709
1__02_hotpot_citation__Medium-N-Mid,52,0.9426504416075112
1__02_hotpot_citation__Medium-P-Beg,163,0.8392058991342543
1__02_hotpot_citation__Medium-P-End,239,0.8284544592245217
1__02_hotpot_citation__Medium-P-Mid,224,0.8038337381044677
1__02_hotpot_citation__Medium-T-Beg,167,0.8634301064686127
1__02_hotpot_citation__Medium-T-End,223,0.9678037040309805
1__02_hotpot_citation__Medium-T-Mid,172,0.9100472532000679
1__03_novelhop_multihop__High-N-Beg,239,0.9552723248734168
1__03_novelhop_multihop__High-N-End,180,0.987487571561896
1__03_novelhop_multihop__High-N-Mid,72,0.7314310668763466
1__03_novelhop_multihop__High-P-Beg,102,0.9143474443992633
1__03_novelhop_multihop__High-P-End,57,0.702185000596147
1__03_novelhop_multihop__High-P-Mid,76,0.7311553871569935
1__03_novelhop_multihop__High-T-Beg,55,0.7689225123570976
1__03_novelhop_multihop__High-T-End,247,0.7321905778237998
1__03_novelhop_multihop__High-T-Mid,159,0.9582691088679005
1__03_novelhop_multihop__Low-N-Beg,249,0.9484642453843951
1__03_novelhop_multihop__Low-N-End,152,0.7524505854201947
1__03_novelhop_multihop__Low-N-Mid,104,0.8004285482296237
1__03_novelhop_multihop__Low-P-Beg,227,0.7829432056469084
1__03_novelhop_multihop__Low-P-End,144,0.9119626526900224
1__03_novelhop_multihop__Low-P-Mid,203,0.7957180299776309
1__03_novelhop_multihop__Low-T-Beg,174,0.8044464642396019
1__03_novelhop_multihop__Low-T-End,209,0.8142416448708503
1__03_novelhop_multihop__Low-T-Mid,86,0.7482670892134415
1__03_novelhop_multihop__Medium-N-Beg,151,0.7181619783517422
1__03_novelhop_multihop__Medium-N-End,82,0.844189274283139
1__03_novelhop_multihop__Medium-N-Mid,81,0.727911508906902
1__03_novelhop_multihop__Medium-P-Beg,114,0.8154009081304389
1__03_novelhop_multihop__Medium-P-End,132,0.9888459076434684
1__03_novelhop_multihop__Medium-P-Mid,121,0.9272054291394658
1__03_novelhop_multihop__Medium-T-Beg,105,0.9212004743573902
1__03_novelhop_multihop__Medium-T-End,53,0.766516524697145
1__03_novelhop_multihop__Medium-T-Mid,66,0.7700327684738639
1__04_temporal_recency__High-N-Beg,81,0.7287739594526265
1__04_temporal_recency__High-N-End,206,0.9862001637087654
1__04_temporal_recency__High-N-Mid,241,0.9113000741746424
1__04_temporal_recency__High-P-Beg,219,0.7865133000659972
1__04_temporal_recency__High-P-End,220,0.956332452146504
1__04_temporal_recency__High-P-Mid,106,0.8416479063452706
1__04_temporal_recency__High-T-Beg,78,0.9720062016895012
1__04_temporal_recency__High-T-End,186,0.9738195968481296
1__04_temporal_recency__High-T-Mid,199,0.8107893246992213
1__04_temporal_recency__Low-N-Beg,223,0.9074112993546994
1__04_temporal_recency__Low-N-End,200,0.9053620368508024
1__04_temporal_recency__Low-N-Mid,151,0.9325206470598207
1__04_temporal_recency__Low-P-Beg,225,0.8675955718199172
1__04_temporal_recency__Low-P-End,137,0.7674730197978006
1__04_temporal_recency__Low-P-Mid,168,0.94212201259231
1__04_temporal_recency__Low-T-Beg,209,0.725740215066262
1__04_temporal_recency__Low-T-End,80,0.9184908795149818
1__04_temporal_recency__Low-T-Mid,176,0.96939844677155
1__04_temporal_recency__Medium-N-Beg,99,0.9269518911754536
1__04_temporal_recency__Medium-N-End,147,0.9700739331882322
1__04_temporal_recency__Medium-N-Mid,180,0.8252637783472473
1__04_temporal_recency__Medium-P-Beg,79,0.726596077560072
1__04_temporal_recency__Medium-P-End,191,0.9549269510641876
1__04_temporal_recency__Medium-P-Mid,216,0.8066550169153175
1__04_temporal_recency__Medium-T-Mid,170,0.8401638469998287
1__05_stackmath_numerical__High-N-Beg,110,0.7449556539811295
1__05_stackmath_numerical__High-N-End,79,0.9753991418865915
1__05_stackmath_numerical__High-N-Mid,73,0.95342110290312
1__05_stackmath_numerical__High-P-Beg,78,0.9136980198128174
1__05_stackmath_numerical__High-P-End,115,0.7374404638157791
1__05_stackmath_numerical__High-P-Mid,77,0.9099241424287938
1__05_stackmath_numerical__High-T-Beg,131,0.7172811802355065
1__05_stackmath_numerical__High-T-End,188,0.7109546044271665
1__05_stackmath_numerical__High-T-Mid,241,0.7525826700746736
1__05_stackmath_numerical__Low-N-Beg,76,0.8892663685509189
1__05_stackmath_numerical__Low-N-End,156,0.8349627173062395
1__05_stackmath_numerical__Low-N-Mid,125,0.856423330708252
1__05_stackmath_numerical__Low-P-Beg,221,0.9633235025274899
1__05_stackmath_numerical__Low-P-End,154,0.781837645380802
1__05_stackmath_numerical__Low-P-Mid,65,0.8612816696876495
1__05_stackmath_numerical__Low-T-Beg,75,0.714774473676543
1__05_stackmath_numerical__Low-T-End,187,0.9099706233624206
1__05_stackmath_numerical__Low-T-Mid,221,0.8841915120884415
1__05_stackmath_numerical__Medium-N-Beg,228,0.9611063534445123
1__05_stackmath_numerical__Medium-N-End,216,0.7934093421466003
1__05_stackmath_numerical__Medium-N-Mid,154,0.808520458218733
1__05_stackmath_numerical__Medium-P-Beg,59,0.8148450349160672
1__05_stackmath_numerical__Medium-P-End,218,0.8271463554129279
1__05_stackmath_numerical__Medium-P-Mid,213,0.7133531119121995
1__05_stackmath_numerical__Medium-T-Beg,174,0.7497433147858605
1__05_stackmath_numerical__Medium-T-End,60,0.9709688069174628
1__05_stackmath_numerical__Medium-T-Mid,88,0.8023910038280205
1__06_policy_compliance__High-N-Beg,205,0.8106674533801619
1__06_policy_compliance__High-N-End,88,0.9300182760981868
1__06_policy_compliance__High-N-Mid,159,0.826879817921583
1__06_policy_compliance__High-P-Beg,220,0.7529013787767286
1__06_policy_compliance__High-P-End,173,0.8182649846914546
1__06_policy_compliance__High-P-Mid,152,0.7856661753204061
1__06_policy_compliance__High-T-Beg,138,0.9880373158245024
1__06_policy_compliance__High-T-End,73,0.758072098216019
1__06_policy_compliance__High-T-Mid,151,0.9522703607392875
1__06_policy_compliance__Low-N-Beg,220,0.8066364500014114
1__06_policy_compliance__Low-N-End,161,0.7196934848785987
1__06_policy_compliance__Low-N-Mid,163,0.9185302417071183
1__06_policy_compliance__Low-P-Beg,135,0.7719921511442094
1__06_policy_compliance__Low-P-End,172,0.837299261901668
1__06_policy_compliance__Low-P-Mid,94,0.7956390283880519
1__06_policy_compliance__Low-T-Beg,84,0.7001670975615751
1__06_policy_compliance__Low-T-End,75,0.7800205338160168
1__06_policy_compliance__Low-T-Mid,175,0.8729720743722919
1__06_policy_compliance__Medium-N-Beg,182,0.7951102181614721
1__06_policy_compliance__Medium-N-End,233,0.7651535272109862
1__06_policy_compliance__Medium-N-Mid,207,0.9007547720896855
1__06_policy_compliance__Medium-P-Beg,95,0.7245562311668842
1__06_policy_compliance__Medium-P-End,102,0.8930177015976742
1__06_policy_compliance__Medium-P-Mid,138,0.9855987989142436
1__06_policy_compliance__Medium-T-Beg,245,0.8788033814607701
1__06_policy_compliance__Medium-T-End,208,0.8757321751591309
1__06_policy_compliance__Medium-T-Mid,242,0.7306956190206504
1__07_expert_legal_med__High-N-Beg,121,0.9697668334336574
1__07_expert_legal_med__High-N-End,216,0.7427909247844078
1__07_expert_legal_med__High-N-Mid,183,0.9124161106463669
1__07_expert_legal_med__High-P-Beg,68,0.8606898253131893
1__07_expert_legal_med__High-P-End,98,0.7843683339676399
1__07_expert_legal_med__High-P-Mid,87,0.9559383944535514
1__07_expert_legal_med__High-T-Beg,130,0.982029828935993
1__07_expert_legal_med__High-T-End,167,0.9772158163617941
1__07_expert_legal_med__High-T-Mid,190,0.843549313713271
1__07_expert_legal_med__Low-N-Beg,113,0.9508856695222416
1__07_expert_legal_med__Low-N-End,52,0.908913024646004
1__07_expert_legal_med__Low-N-Mid,93,0.7796891925489955
1__07_expert_legal_med__Low-P-Beg,135,0.8628311453132811
1__07_expert_legal_med__Low-P-End,67,0.7620819975293391
1__07_expert_legal_med__Low-P-Mid,121,0.8771968029219381
1__07_expert_legal_med__Low-T-Beg,176,0.7176009516983074
1__07_expert_legal_med__Low-T-End,210,0.7728830226196322
1__07_expert_legal_med__Low-T-Mid,138,0.7488364712990557
1__07_expert_legal_med__Medium-N-Beg,138,0.9535554024088575
1__07_expert_legal_med__Medium-N-End,202,0.767729246990411
1__07_expert_legal_med__Medium-N-Mid,54,0.946347227922992
1__07_expert_legal_med__Medium-P-Beg,168,0.7065234871798276
1__07_expert_legal_med__Medium-P-End,211,0.9711994343400856
1__07_expert_legal_med__Medium-P-Mid,66,0.8868028908891209
1__07_expert_legal_med__Medium-T-Beg,114,0.7265699341232782
1__07_expert_legal_med__Medium-T-End,237,0.943203888135617
1__07_expert_legal_med__Medium-T-Mid,215,0.9652081795662337
2__01_nq_closed_book__High-N-Beg,70,0.9156804527369129
2__01_nq_closed_book__High-N-End,150,0.7435482346708312
2__01_nq_closed_book__High-N-Mid,109,0.7482074290171181
2__01_nq_closed_book__High-P-Beg,116,0.7096742636039695
2__01_nq_closed_book__High-P-End,71,0.7893789989590264
2__01_nq_closed_book__High-P-Mid,107,0.7133386349345858
2__01_nq_closed_book__High-T-Beg,190,0.9473073515932698
2__01_nq_closed_book__High-T-End,86,0.7070978974460274
2__01_nq_closed_book__High-T-Mid,204,0.8605624867297867
2__01_nq_closed_book__Low-N-Beg,188,0.8094885678018234
2__01_nq_closed_book__Low-N-End,110,0.9633470951779314
2__01_nq_closed_book__Low-N-Mid,137,0.7872479131365776
2__01_nq_closed_book__Low-P-Beg,179,0.9275806862108806
2__01_nq_closed_book__Low-P-End,142,0.8829814584910013
2__01_nq_closed_book__Low-P-Mid,161,0.7847106479363406
2__01_nq_closed_book__Low-T-Beg,190,0.9524406878340128
2__01_nq_closed_book__Low-T-End,85,0.7737400171691552
2__01_nq_closed_book__Low-T-Mid,196,0.8881681442873253
2__01_nq_closed_book__Medium-N-Beg,158,0.8726924235577069
2__01_nq_closed_book__Medium-N-End,175,0.8470807772668041
2__01_nq_closed_book__Medium-N-Mid,109,0.7801233998671421
2__01_nq_closed_book__Medium-P-Beg,206,0.8705730953414763
2__01_nq_closed_book__Medium-P-End,246,0.7658769520430759
2__01_nq_closed_book__Medium-P-Mid,211,0.7242942841644303
2__01_nq_closed_book__Medium-T-Beg,137,0.7824281484356094
2__01_nq_closed_book__Medium-T-End,241,0.7645235223732323
2__01_nq_closed_book__Medium-T-Mid,51,0.9773137213231369
2__02_hotpot_citation__High-N-Beg,160,0.9268603251019394
2__02_hotpot_citation__High-N-End,236,0.9618497411284566
2__02_hotpot_citation__High-N-Mid,73,0.9079841839360243
2__02_hotpot_citation__High-P-Beg,112,0.7710902096166712
2__02_hotpot_citation__High-P-End,118,0.7294955341518089
2__02_hotpot_citation__High-P-Mid,181,0.7440195567756497
2__02_hotpot_citation__High-T-Beg,233,0.8543576155379418
2__02_hotpot_citation__High-T-End,198,0.7937759345383282
2__02_hotpot_citation__High-T-Mid,237,0.8866533313783214
2__02_hotpot_citation__Low-N-Beg,100,0.7580026738666683
2__02_hotpot_citation__Low-N-End,140,0.8336302046086423
2__02_hotpot_citation__Low-N-Mid,227,0.841337212109062
2__02_hotpot_citation__Low-P-Beg,218,0.8845250050605048
2__02_hotpot_citation__Low-P-End,247,0.9496495919737163
2__02_hotpot_citation__Low-P-Mid,241,0.936926285069476
2__02_hotpot_citation__Low-T-Beg,102,0.892879681323144
2__02_hotpot_citation__Low-T-End,118,0.839680263896074
2__02_hotpot_citation__Low-T-Mid,71,0.8111757413684473
2__02_hotpot_citation__Medium-N-Beg,103,0.8492741475750661
2__02_hotpot_citation__Medium-N-End,248,0.966193699843682
2__02_hotpot_citation__Medium-N-Mid,194,0.9708656816672465
2__02_hotpot_citation__Medium-P-Beg,141,0.8303391839127939
2__02_hotpot_citation__Medium-P-End,145,0.8252868492683872
2__02_hotpot_citation__Medium-P-Mid,97,0.8774253602861471
2__02_hotpot_citation__Medium-T-Beg,190,0.7916244943256288
2__02_hotpot_citation__Medium-T-End,54,0.9146662842846873
2__02_hotpot_citation__Medium-T-Mid,99,0.7058853270644863
2__03_novelhop_multihop__High-N-Beg,91,0.7046671406577345
2__03_novelhop_multihop__High-N-End,66,0.7348692280490536
2__03_novelhop_multihop__High-N-Mid,60,0.8090947821226615
2__03_novelhop_multihop__High-P-Beg,116,0.727403516854009
2__03_novelhop_multihop__High-P-End,175,0.7744268699259196
2__03_novelhop_multihop__High-P-Mid,58,0.8872914156292748
2__03_novelhop_multihop__High-T-Beg,244,0.7541227795107668
2__03_novelhop_multihop__High-T-End,203,0.9070852111760707
2__03_novelhop_multihop__High-T-Mid,205,0.7681145960649175
2__03_novelhop_multihop__Low-N-Beg,111,0.8233467412910727
2__03_novelhop_multihop__Low-N-End,199,0.9393438222830744
2__03_novelhop_multihop__Low-N-Mid,114,0.8264110013016336
2__03_novelhop_multihop__Low-P-Beg,151,0.8855803180185171
2__03_novelhop_multihop__Low-P-End,107,0.9242167510597711
2__03_novelhop_multihop__Low-P-Mid,107,0.9806632717340145
2__03_novelhop_multihop__Low-T-Beg,214,0.7945304283850179
2__03_novelhop_multihop__Low-T-End,53,0.7582102566824371
2__03_novelhop_multihop__Low-T-Mid,103,0.8707322055157194
2__03_novelhop_multihop__Medium-N-Beg,154,0.8494872380066326
2__03_novelhop_multihop__Medium-N-End,145,0.9261151500138329
2__03_novelhop_multihop__Medium-N-Mid,227,0.7943987627012246
2__03_novelhop_multihop__Medium-P-Beg,219,0.7154717731291196
2__03_novelhop_multihop__Medium-P-End,149,0.7614084668523654
2__03_novelhop_multihop__Medium-P-Mid,167,0.9577400664792408
2__03_novelhop_multihop__Medium-T-Beg,235,0.7094085789953247
2__03_novelhop_multihop__Medium-T-End,89,0.8922152676320982
2__03_novelhop_multihop__Medium-T-Mid,170,0.7448374605728396
2__04_temporal_recency__High-N-Beg,210,0.9795907923902057
2__04_temporal_recency__High-N-End,223,0.8172629157693193
2__04_temporal_recency__High-N-Mid,247,0.8767495354250698
2__04_temporal_recency__High-P-Beg,78,0.9017891314740224
2__04_temporal_recency__High-P-End,189,0.9571922478407147
2__04_temporal_recency__High-P-Mid,54,0.8678040451010218
2__04_temporal_recency__High-T-Beg,152,0.8745404139001158
2__04_temporal_recency__High-T-End,206,0.7596406586034455
2__04_temporal_recency__High-T-Mid,54,0.7584458194813103
2__04_temporal_recency__Low-N-Beg,242,0.960284500190167
2__04_temporal_recency__Low-N-End,101,0.8055924898287149
2__04_temporal_recency__Low-N-Mid,241,0.9592359813010931
2__04_temporal_recency__Low-P-Beg,100,0.7943449831459187
2__04_temporal_recency__Low-P-End,58,0.7528619312367495
2__04_temporal_recency__Low-P-Mid,189,0.8417217089455727
2__04_temporal_recency__Low-T-Beg,235,0.7997700164447232
2__04_temporal_recency__Low-T-End,76,0.7794216214789472
2__04_temporal_recency__Low-T-Mid,166,0.8483521218477811
2__04_temporal_recency__Medium-N-Beg,60,0.8511197030570944
2__04_temporal_recency__Medium-N-End,204,0.9601823366754956
2__04_temporal_recency__Medium-N-Mid,114,0.7845207415914979
2__04_temporal_recency__Medium-P-Beg,77,0.9802349634262608
2__04_temporal_recency__Medium-P-End,121,0.8290216959369443
2__04_temporal_recency__Medium-P-Mid,99,0.9413256279997594
2__04_temporal_recency__Medium-T-Beg,159,0.7800799580028073
2__04_temporal_recency__Medium-T-End,87,0.8070736804495451
2__04_temporal_recency__Medium-T-Mid,70,0.915554795147882
2__05_stackmath_numerical__High-N-Beg,156,0.9097735810970891
2__05_stackmath_numerical__High-N-End,133,0.9348393504102239
2__05_stackmath_numerical__High-N-Mid,177,0.7432824012105207
2__05_stackmath_numerical__High-P-Beg,162,0.8683946185821899
2__05_stackmath_numerical__High-P-End,181,0.9786559501608743
2__05_stackmath_numerical__High-P-Mid,221,0.7188336458898704
2__05_stackmath_numerical__High-T-Beg,155,0.863232374059867
2__05_stackmath_numerical__High-T-End,225,0.705558735740481
2__05_stackmath_numerical__High-T-Mid,133,0.7147231603859378
2__05_stackmath_numerical__Low-N-Beg,224,0.7115533909016967
2__05_stackmath_numerical__Low-N-End,240,0.8701517943294432
2__05_stackmath_numerical__Low-N-Mid,216,0.7288901237430243
2__05_stackmath_numerical__Low-P-Beg,130,0.8717772302712294
2__05_stackmath_numerical__Low-P-End,78,0.8630386433336619
2__05_stackmath_numerical__Low-P-Mid,76,0.8931016413541619
2__05_stackmath_numerical__Low-T-Beg,133,0.8817790528828229
2__05_stackmath_numerical__Low-T-End,190,0.8320441013880763
2__05_stackmath_numerical__Low-T-Mid,174,0.7395168547048644
2__05_stackmath_numerical__Medium-N-Beg,235,0.7493240282330714
2__05_stackmath_numerical__Medium-N-End,96,0.9548758728683442
2__05_stackmath_numerical__Medium-N-Mid,207,0.8693476211031465
2__05_stackmath_numerical__Medium-P-Beg,224,0.8340587215820292
2__05_stackmath_numerical__Medium-P-End,90,0.7830624442811122
2__05_stackmath_numerical__Medium-P-Mid,146,0.8358999649393265
2__05_stackmath_numerical__Medium-T-Beg,207,0.7255763237364857
2__05_stackmath_numerical__Medium-T-End,67,0.7433512816911603
2__05_stackmath_numerical__Medium-T-Mid,240,0.8041528978334421
2__06_policy_compliance__High-N-Beg,159,0.9088110803205843
2__06_policy_compliance__High-N-End,159,0.7261604014620723
2__06_policy_compliance__High-N-Mid,53,0.9272302064137214
2__06_policy_compliance__High-P-Beg,177,0.7387231462976172
2__06_policy_compliance__High-P-End,186,0.9063929509432673
2__06_policy_compliance__High-P-Mid,153,0.7366122818315469
2__06_policy_compliance__High-T-Beg,138,0.832249631124173
2__06_policy_compliance__High-T-End,140,0.9517323507423134
2__06_policy_compliance__High-T-Mid,241,0.7555182668574213
2__06_policy_compliance__Low-N-Beg,74,0.7684744722243477
2__06_policy_compliance__Low-N-End,220,0.8618260810017593
2__06_policy_compliance__Low-N-Mid,183,0.8593033539059488
2__06_policy_compliance__Low-P-Beg,112,0.7053299696563329
2__06_policy_compliance__Low-P-End,182,0.8131870328832723
2__06_policy_compliance__Low-P-Mid,177,0.9788699729631883
2__06_policy_compliance__Low-T-Beg,193,0.7967695588116855
2__06_policy_compliance__Low-T-End,121,0.9736498829306093
2__06_policy_compliance__Low-T-Mid,238,0.8427698825426888
2__06_policy_compliance__Medium-N-Beg,55,0.7988838949669522
2__06_policy_compliance__Medium-N-End,72,0.9746575127870578
2__06_policy_compliance__Medium-N-Mid,228,0.7110577532135653
2__06_policy_compliance__Medium-P-Beg,225,0.8243580163884541
2__06_policy_compliance__Medium-P-End,236,0.7664373120269138
2__06_policy_compliance__Medium-P-Mid,205,0.9253790133943467
2__06_policy_compliance__Medium-T-Beg,99,0.8726325374151535
2__06_policy_compliance__Medium-T-End,197,0.8273649033694327
2__06_policy_compliance__Medium-T-Mid,93,0.8082847052537786
2__07_expert_legal_med__High-N-Beg,166,0.8446731691358228
2__07_expert_legal_med__High-N-End,196,0.9572581017619683
2__07_expert_legal_med__High-N-Mid,231,0.7177733378955226
2__07_expert_legal_med__High-P-Beg,51,0.8260583002890463
2__07_expert_legal_med__High-P-End,238,0.8401485113566567
2__07_expert_legal_med__High-P-Mid,189,0.7856835389764116
2__07_expert_legal_med__High-T-Beg,78,0.8294130338552931
2__07_expert_legal_med__High-T-End,144,0.8678235739181399
2__07_expert_legal_med__High-T-Mid,194,0.8293910160060278
2__07_expert_legal_med__Low-N-Beg,151,0.8977081772872157
2__07_expert_legal_med__Low-N-End,108,0.8828572968874144
2__07_expert_legal_med__Low-N-Mid,206,0.9520062954745051
2__07_expert_legal_med__Low-P-Beg,235,0.9346311975966646
2__07_expert_legal_med__Low-P-End,152,0.9279233417248169
2__07_expert_legal_med__Low-P-Mid,224,0.7092041811056481
2__07_expert_legal_med__Low-T-Beg,143,0.7020547190317787
2__07_expert_legal_med__Low-T-End,55,0.7426261567372301
2__07_expert_legal_med__Low-T-Mid,124,0.9344322557479037
2__07_expert_legal_med__Medium-N-Beg,68,0.9029263800294262
2__07_expert_legal_med__Medium-N-End,163,0.8164608969380516
2__07_expert_legal_med__Medium-N-Mid,110,0.921214536096635
2__07_expert_legal_med__Medium-P-Beg,105,0.786755415619324
2__07_expert_legal_med__Medium-P-End,102,0.9642551938511629
2__07_expert_legal_med__Medium-P-Mid,192,0.7418983943731396
2__07_expert_legal_med__Medium-T-Beg,50,0.9797395500116958
2__07_expert_legal_med__Medium-T-End,110,0.795760301788557
2__07_expert_legal_med__Medium-T-Mid,244,0.80558887842295
3__01_nq_closed_book__High-N-Beg,132,0.9549584584447548
3__01_nq_closed_book__High-N-End,242,0.8716572883706833
3__01_nq_closed_book__High-N-Mid,144,0.7057210551395989
3__01_nq_closed_book__High-P-Beg,181,0.7497910445987752
3__01_nq_closed_book__High-P-End,145,0.825570106557227
3__01_nq_closed_book__High-P-Mid,139,0.8815046819561354
3__01_nq_closed_book__High-T-Beg,230,0.9145755280468042
3__01_nq_closed_book__High-T-End,177,0.9236960345181334
3__01_nq_closed_book__High-T-Mid,83,0.8814528873668983
3__01_nq_closed_book__Low-N-Beg,113,0.8210445716799685
3__01_nq_closed_book__Low-N-End,67,0.9814507549710128
3__01_nq_closed_book__Low-N-Mid,231,0.9239040193153595
3__01_nq_closed_book__Low-P-Beg,209,0.968412282969829
3__01_nq_closed_book__Low-P-End,77,0.9000322181941669
3__01_nq_closed_book__Low-P-Mid,175,0.7151937322784553
3__01_nq_closed_book__Low-T-Beg,150,0.93976082055412
3__01_nq_closed_book__Low-T-End,213,0.9783745365372686
3__01_nq_closed_book__Low-T-Mid,197,0.8169809044593714
3__01_nq_closed_book__Medium-N-Beg,182,0.9080453574380873
3__01_nq_closed_book__Medium-N-End,186,0.9611052414375282
3__01_nq_closed_book__Medium-N-Mid,60,0.9293740351340789
3__01_nq_closed_book__Medium-P-Beg,82,0.9847903289246746
3__01_nq_closed_book__Medium-P-End,99,0.8385685789571912
3__01_nq_closed_book__Medium-P-Mid,55,0.7811324533671631
3__01_nq_closed_book__Medium-T-Beg,56,0.8025123003139779
3__01_nq_closed_book__Medium-T-End,153,0.8102338473462576
3__01_nq_closed_book__Medium-T-Mid,180,0.8696099800854105
3__02_hotpot_citation__High-N-Beg,173,0.9729336222852372
3__02_hotpot_citation__High-N-End,171,0.8788368505468918
3__02_hotpot_citation__High-N-Mid,87,0.7663048430765
3__02_hotpot_citation__High-P-Beg,196,0.7135707969964242
3__02_hotpot_citation__High-P-End,163,0.7322941986658107
3__02_hotpot_citation__High-P-Mid,190,0.8491472721801978
3__02_hotpot_citation__High-T-Beg,228,0.7687589756348849
3__02_hotpot_citation__High-T-End,195,0.9235188494006238
3__02_hotpot_citation__High-T-Mid,85,0.7534513727559926
3__02_hotpot_citation__Low-N-Beg,108,0.8660462148718229
3__02_hotpot_citation__Low-N-End,139,0.7061863462624043
3__02_hotpot_citation__Low-N-Mid,241,0.9273146995365384
3__02_hotpot_citation__Low-P-Beg,202,0.9256582372653905
3__02_hotpot_citation__Low-P-End,177,0.744956133952559
3__02_hotpot_citation__Low-P-Mid,57,0.8640053908597581
3__02_hotpot_citation__Low-T-Beg,107,0.8581377710163801
3__02_hotpot_citation__Low-T-End,182,0.822344404140461
3__02_hotpot_citation__Low-T-Mid,52,0.864156920731987
3__02_hotpot_citation__Medium-N-Beg,185,0.8419316408019184
3__02_hotpot_citation__Medium-N-End,51,0.80785515156794
3__02_hotpot_citation__Medium-N-Mid,169,0.7654362754548983
3__02_hotpot_citation__Medium-P-Beg,60,0.7860975946542516
3__02_hotpot_citation__Medium-P-End,108,0.7461195936040584
3__02_hotpot_citation__Medium-P-Mid,118,0.8491081935185956
3__02_hotpot_citation__Medium-T-Beg,114,0.9469862931836694
3__02_hotpot_citation__Medium-T-End,181,0.9494755952460643
3__02_hotpot_citation__Medium-T-Mid,202,0.7824729913550459
3__03_novelhop_multihop__High-N-Beg,138,0.7465286950620644
3__03_novelhop_multihop__High-N-End,107,0.8437144333820104
3__03_novelhop_multihop__High-N-Mid,200,0.8153399362944878
3__03_novelhop_multihop__High-P-Beg,50,0.7039899024567259
3__03_novelhop_multihop__High-P-End,147,0.7714189610926365
3__03_novelhop_multihop__High-P-Mid,75,0.8059468820233242
3__03_novelhop_multihop__High-T-Beg,210,0.8960764223045601
3__03_novelhop_multihop__High-T-End,90,0.738274519162536
3__03_novelhop_multihop__High-T-Mid,111,0.8249250674003439
3__03_novelhop_multihop__Low-N-Beg,108,0.9853661478416743
3__03_novelhop_multihop__Low-N-End,58,0.7992990364606607
3__03_novelhop_multihop__Low-N-Mid,185,0.8787808042852532
3__03_novelhop_multihop__Low-P-Beg,56,0.8578964091693557
3__03_novelhop_multihop__Low-P-End,116,0.8231514689522821
3__03_novelhop_multihop__Low-P-Mid,234,0.9238708694588239
3__03_novelhop_multihop__Low-T-Beg,120,0.7269937614658285
3__03_novelhop_multihop__Low-T-End,140,0.8313239963838417
3__03_novelhop_multihop__Low-T-Mid,126,0.919873129949158
3__03_novelhop_multihop__Medium-N-Beg,90,0.7585061892554518
3__03_novelhop_multihop__Medium-N-End,75,0.9611913960619636
3__03_novelhop_multihop__Medium-N-Mid,217,0.9460737224207959
3__03_novelhop_multihop__Medium-P-Beg,158,0.8807036203318517
3__03_novelhop_multihop__Medium-P-End,90,0.815248508920881
3__03_novelhop_multihop__Medium-P-Mid,120,0.7589767507043057
3__03_novelhop_multihop__Medium-T-Beg,59,0.7070156640971011
3__03_novelhop_multihop__Medium-T-End,115,0.9360086453355954
3__03_novelhop_multihop__Medium-T-Mid,207,0.9025603987550705
3__04_temporal_recency__High-N-Beg,51,0.9876779125581994
3__04_temporal_recency__High-N-End,95,0.8233955571998521
3__04_temporal_recency__High-N-Mid,133,0.8817035473776658
3__04_temporal_recency__High-P-Beg,98,0.9570510744335622
3__04_temporal_recency__High-P-End,66,0.7411870564361138
3__04_temporal_recency__High-P-Mid,80,0.8495959776460908
3__04_temporal_recency__High-T-Beg,127,0.8868287558891441
3__04_temporal_recency__High-T-End,109,0.7784638090363272
3__04_temporal_recency__High-T-Mid,196,0.7011717957026844
3__04_temporal_recency__Low-N-Beg,187,0.7414634619164536
3__04_temporal_recency__Low-N-End,51,0.7451816213725765
3__04_temporal_recency__Low-N-Mid,166,0.9206075616902509
3__04_temporal_recency__Low-P-Beg,167,0.7522757674134972
3__04_temporal_recency__Low-P-End,132,0.7910572127898354
3__04_temporal_recency__Low-P-Mid,90,0.8781080353850199
3__04_temporal_recency__Low-T-Beg,229,0.854541405286824
3__04_temporal_recency__Low-T-End,186,0.9861931763947998
3__04_temporal_recency__Low-T-Mid,214,0.7797919573938784
3__04_temporal_recency__Medium-N-Beg,93,0.7701128225891959
3__04_temporal_recency__Medium-N-End,82,0.9096936652315502
3__04_temporal_recency__Medium-N-Mid,134,0.7487239403319993
3__04_temporal_recency__Medium-P-Beg,173,0.7241663659302429
3__04_temporal_recency__Medium-P-End,91,0.968883740537438
3__04_temporal_recency__Medium-P-Mid,203,0.8752985482141438
3__04_temporal_recency__Medium-T-Beg,240,0.986324693466253
3__04_temporal_recency__Medium-T-End,72,0.847938135943012
3__04_temporal_recency__Medium-T-Mid,237,0.852134877596823
3__05_stackmath_numerical__High-N-Beg,192,0.9339006538003345
3__05_stackmath_numerical__High-N-End,91,0.8529935525751101
3__05_stackmath_numerical__High-N-Mid,182,0.8397950884490017
3__05_stackmath_numerical__High-P-Beg,100,0.7523823851561849
3__05_stackmath_numerical__High-P-End,152,0.7494611994576594
3__05_stackmath_numerical__High-P-Mid,70,0.8094039080863926
3__05_stackmath_numerical__High-T-Beg,233,0.8738031059519824
3__05_stackmath_numerical__High-T-End,188,0.7011202753856285
3__05_stackmath_numerical__High-T-Mid,188,0.7825968786768027
3__05_stackmath_numerical__Low-N-Beg,113,0.8948226202161875
3__05_stackmath_numerical__Low-N-End,213,0.8630054358851189
3__05_stackmath_numerical__Low-N-Mid,211,0.905961954839876
3__05_stackmath_numerical__Low-P-Beg,228,0.8881409851959368
3__05_stackmath_numerical__Low-P-End,249,0.7626028039498239
3__05_stackmath_numerical__Low-P-Mid,246,0.9722023744156814
3__05_stackmath_numerical__Low-T-Beg,131,0.8378092680597793
3__05_stackmath_numerical__Low-T-End,166,0.876107978068513
3__05_stackmath_numerical__Low-T-Mid,74,0.7000637786674132
3__05_stackmath_numerical__Medium-N-Beg,79,0.9190139968881164
3__05_stackmath_numerical__Medium-N-End,151,0.7383884549789415
3__05_stackmath_numerical__Medium-N-Mid,108,0.9262122088416151
3__05_stackmath_numerical__Medium-P-Beg,87,0.9491389387971904
3__05_stackmath_numerical__Medium-P-End,187,0.9620252694774923
3__05_stackmath_numerical__Medium-P-Mid,53,0.9285590686274888
3__05_stackmath_numerical__Medium-T-Beg,249,0.9371120052622399
3__05_stackmath_numerical__Medium-T-End,236,0.8712510008470415
3__05_stackmath_numerical__Medium-T-Mid,126,0.8229160237197914
3__06_policy_compliance__High-N-Beg,59,0.7961236257546418
3__06_policy_compliance__High-N-End,203,0.9761976450970684
3__06_policy_compliance__High-N-Mid,235,0.9596534418851584
3__06_policy_compliance__High-P-Beg,93,0.927193022398837
3__06_policy_compliance__High-P-End,145,0.7004770456795627
3__06_policy_compliance__High-P-Mid,134,0.9295783894900903
3__06_policy_compliance__High-T-Beg,84,0.8167870155004802
3__06_policy_compliance__High-T-End,215,0.787639095812818
3__06_policy_compliance__High-T-Mid,96,0.9683054929946544
3__06_policy_compliance__Low-N-Beg,186,0.8646254830465585
3__06_policy_compliance__Low-N-End,217,0.8303179152877941
3__06_policy_compliance__Low-N-Mid,84,0.7866535582405658
3__06_policy_compliance__Low-P-Beg,63,0.702965485357624
3__06_policy_compliance__Low-P-End,136,0.9850988478856081
3__06_policy_compliance__Low-P-Mid,90,0.7032318488269104
3__06_policy_compliance__Low-T-Beg,119,0.7383708324478233
3__06_policy_compliance__Low-T-End,238,0.7296567600078301
3__06_policy_compliance__Low-T-Mid,213,0.9310417344005397
3__06_policy_compliance__Medium-N-Beg,163,0.8701583119192979
3__06_policy_compliance__Medium-N-End,68,0.9096916011717885
3__06_policy_compliance__Medium-N-Mid,142,0.8494167826196435
3__06_policy_compliance__Medium-P-Beg,58,0.9855850859712283
3__06_policy_compliance__Medium-P-End,187,0.93085255131916
3__06_policy_compliance__Medium-P-Mid,236,0.7019122621275851
3__06_policy_compliance__Medium-T-Beg,64,0.8335507872486521
3__06_policy_compliance__Medium-T-End,149,0.7485169250320164
3__06_policy_compliance__Medium-T-Mid,68,0.8533855918901232
3__07_expert_legal_med__High-N-Beg,142,0.8634291837619563
3__07_expert_legal_med__High-N-End,83,0.8012103746602048
3__07_expert_legal_med__High-N-Mid,98,0.9746408477190509
3__07_expert_legal_med__High-P-Beg,79,0.8804067057440725
3__07_expert_legal_med__High-P-End,144,0.9744411555732827
3__07_expert_legal_med__High-P-Mid,235,0.9039060324359754
3__07_expert_legal_med__High-T-Beg,143,0.8019425379524027
3__07_expert_legal_med__High-T-End,128,0.8490932172893718
3__07_expert_legal_med__High-T-Mid,64,0.7012741283391207
3__07_expert_legal_med__Low-N-Beg,109,0.804231147278355
3__07_expert_legal_med__Low-N-End,144,0.8567970923011201
3__07_expert_legal_med__Low-N-Mid,88,0.7409402690315429
3__07_expert_legal_med__Low-P-Beg,78,0.8644167152843835
3__07_expert_legal_med__Low-P-End,201,0.926512889287992
3__07_expert_legal_med__Low-P-Mid,158,0.8722107809918891
3__07_expert_legal_med__Low-T-Beg,107,0.7810616544115698
3__07_expert_legal_med__Low-T-End,67,0.8545254062838377
3__07_expert_legal_med__Low-T-Mid,159,0.9687608050204479
3__07_expert_legal_med__Medium-N-Beg,200,0.9273611815919109
3__07_expert_legal_med__Medium-N-End,131,0.7478210474977627
3__07_expert_legal_med__Medium-N-Mid,154,0.8301354553766279
3__07_expert_legal_med__Medium-P-Beg,148,0.8632987134588541
3__07_expert_legal_med__Medium-P-End,226,0.8490558972039761
3__07_expert_legal_med__Medium-P-Mid,215,0.9126257594488847
3__07_expert_legal_med__Medium-T-Beg,88,0.969298592644493
3__07_expert_legal_med__Medium-T-End,206,0.740396559090486
3__07_expert_legal_med__Medium-T-Mid,150,0.7962147555028929
4__01_nq_closed_book__High-N-Beg,226,0.7403759383375883
4__01_nq_closed_book__High-N-End,62,0.8339408675189939
4__01_nq_closed_book__High-N-Mid,233,0.7558484376636025
4__01_nq_closed_book__High-P-Beg,68,0.8623062426410086
4__01_nq_closed_book__High-P-End,78,0.8814101388925585
4__01_nq_closed_book__High-P-Mid,80,0.7274692890333393
4__01_nq_closed_book__High-T-Beg,102,0.7499980058912928
4__01_nq_closed_book__High-T-End,123,0.8695886713359229
4__01_nq_closed_book__High-T-Mid,63,0.785844458237787
4__01_nq_closed_book__Low-N-Beg,154,0.8341344708503656
4__01_nq_closed_book__Low-N-End,239,0.8273323955602061
4__01_nq_closed_book__Low-N-Mid,92,0.725346735229272
4__01_nq_closed_book__Low-P-Beg,88,0.7484638484364362
4__01_nq_closed_book__Low-P-End,148,0.8637670769452469
4__01_nq_closed_book__Low-P-Mid,217,0.7115259319403675
4__01_nq_closed_book__Low-T-Beg,92,0.7783522272673071
4__01_nq_closed_book__Low-T-End,210,0.7843117725599038
4__01_nq_closed_book__Low-T-Mid,224,0.8164343425531068
4__01_nq_closed_book__Medium-N-Beg,163,0.7518490679358123
4__01_nq_closed_book__Medium-N-End,127,0.9366058628170025
4__01_nq_closed_book__Medium-N-Mid,82,0.8644784288024876
4__01_nq_closed_book__Medium-P-Beg,153,0.7735709654427506
4__01_nq_closed_book__Medium-P-End,185,0.7046797468318189
4__01_nq_closed_book__Medium-P-Mid,131,0.8198072661197735
4__01_nq_closed_book__Medium-T-Beg,85,0.7027624218335745
4__01_nq_closed_book__Medium-T-End,78,0.8708526077026157
4__01_nq_closed_book__Medium-T-Mid,56,0.9741509373930397
4__02_hotpot_citation__High-N-Beg,176,0.9481398906148649
4__02_hotpot_citation__High-N-End,142,0.970982864616367
4__02_hotpot_citation__High-N-Mid,190,0.8738473327155989
4__02_hotpot_citation__High-P-Beg,238,0.8580014535462537
4__02_hotpot_citation__High-P-End,144,0.9472185649923638
4__02_hotpot_citation__High-P-Mid,54,0.9593246980897736
4__02_hotpot_citation__High-T-Beg,139,0.9889291954545558
4__02_hotpot_citation__High-T-End,224,0.7931037862912831
4__02_hotpot_citation__High-T-Mid,239,0.8747419438822038
4__02_hotpot_citation__Low-N-Beg,134,0.9304673014275394
4__02_hotpot_citation__Low-N-End,133,0.9439306533240923
4__02_hotpot_citation__Low-N-Mid,209,0.7226254382814059
4__02_hotpot_citation__Low-P-Beg,242,0.9775789976832467
4__02_hotpot_citation__Low-P-End,108,0.9174577978329131
4__02_hotpot_citation__Low-P-Mid,81,0.8657382590444689
4__02_hotpot_citation__Low-T-Beg,136,0.7779394565273432
4__02_hotpot_citation__Low-T-End,181,0.9377885056409264
4__02_hotpot_citation__Low-T-Mid,146,0.9479913517935875
4__02_hotpot_citation__Medium-N-Beg,178,0.7858841312073674
4__02_hotpot_citation__Medium-N-End,185,0.8472277443558827
4__02_hotpot_citation__Medium-N-Mid,132,0.7434176982715368
4__02_hotpot_citation__Medium-P-Beg,56,0.9603112356170378
4__02_hotpot_citation__Medium-P-End,173,0.9796770370756638
4__02_hotpot_citation__Medium-P-Mid,194,0.7598081734019364
4__02_hotpot_citation__Medium-T-Beg,221,0.7067167409429029
4__02_hotpot_citation__Medium-T-End,197,0.9830048675912562
4__02_hotpot_citation__Medium-T-Mid,194,0.7865281785001687
4__03_novelhop_multihop__High-N-Beg,245,0.9554276398469721
4__03_novelhop_multihop__High-N-End,122,0.8264929594569134
4__03_novelhop_multihop__High-N-Mid,231,0.7431872767908424
4__03_novelhop_multihop__High-P-Beg,145,0.7897145577221794
4__03_novelhop_multihop__High-P-End,205,0.7158420077960117
4__03_novelhop_multihop__High-P-Mid,211,0.8047642166323111
4__03_novelhop_multihop__High-T-Beg,113,0.7216744059629161
4__03_novelhop_multihop__High-T-End,109,0.8098637028075979
4__03_novelhop_multihop__High-T-Mid,80,0.9705899150066158
4__03_novelhop_multihop__Low-N-Beg,160,0.8306120865141273
4__03_novelhop_multihop__Low-N-End,110,0.7948941003048141
4__03_novelhop_multihop__Low-N-Mid,69,0.85350910402476
4__03_novelhop_multihop__Low-P-Beg,75,0.7414360065777307
4__03_novelhop_multihop__Low-P-End,217,0.7182164913944694
4__03_novelhop_multihop__Low-P-Mid,104,0.758969888970441
4__03_novelhop_multihop__Low-T-Beg,194,0.7635116370807736
4__03_novelhop_multihop__Low-T-End,130,0.8622894987875508
4__03_novelhop_multihop__Low-T-Mid,225,0.9186285423287575
4__03_novelhop_multihop__Medium-N-Beg,240,0.7418005004995121
4__03_novelhop_multihop__Medium-N-End,248,0.8833805315052708
4__03_novelhop_multihop__Medium-N-Mid,83,0.801433346103231
4__03_novelhop_multihop__Medium-P-Beg,54,0.7226488566360156
4__03_novelhop_multihop__Medium-P-End,106,0.7641916276443496
4__03_novelhop_multihop__Medium-P-Mid,187,0.9794563212692918
4__03_novelhop_multihop__Medium-T-Beg,221,0.875291370298315
4__03_novelhop_multihop__Medium-T-End,178,0.8668856315163697
4__03_novelhop_multihop__Medium-T-Mid,51,0.800050742343142
4__04_temporal_recency__High-N-Beg,191,0.8116671057797562
4__04_temporal_recency__High-N-End,105,0.9003082917902181
4__04_temporal_recency__High-N-Mid,51,0.775734581870241
4__04_temporal_recency__High-P-Beg,192,0.7129678578878295
4__04_temporal_recency__High-P-End,172,0.8838999864073149
4__04_temporal_recency__High-P-Mid,171,0.9898431227718492
4__04_temporal_recency__High-T-Beg,122,0.8267555071486243
4__04_temporal_recency__High-T-End,230,0.971382680964803
4__04_temporal_recency__High-T-Mid,80,0.7291691971154861
4__04_temporal_recency__Low-N-Beg,56,0.7009065441590148
4__04_temporal_recency__Low-N-End,230,0.8929403384417285
4__04_temporal_recency__Low-N-Mid,223,0.7158448858730768
4__04_temporal_recency__Low-P-Beg,182,0.8768204535237328
4__04_temporal_recency__Low-P-End,86,0.747257946791392
4__04_temporal_recency__Low-P-Mid,149,0.8004917338741352
4__04_temporal_recency__Low-T-Beg,164,0.9602544149466115
4__04_temporal_recency__Low-T-End,200,0.9210124355575238
4__04_temporal_recency__Low-T-Mid,232,0.8993439686731898
4__04_temporal_recency__Medium-N-Beg,104,0.7905057975774945
4__04_temporal_recency__Medium-N-End,151,0.8283301836894462
4__04_temporal_recency__Medium-N-Mid,198,0.9013360893870783
4__04_temporal_recency__Medium-P-Beg,89,0.9804588833501644
4__04_temporal_recency__Medium-P-End,88,0.8917379961873937
4__04_temporal_recency__Medium-P-Mid,163,0.7910635175028968
4__04_temporal_recency__Medium-T-Beg,111,0.9143685511852406
4__04_temporal_recency__Medium-T-End,72,0.9790128303270762
4__04_temporal_recency__Medium-T-Mid,94,0.965149736888737
4__05_stackmath_numerical__High-N-Beg,215,0.9036737628888778
4__05_stackmath_numerical__High-N-End,143,0.7910291920909892
4__05_stackmath_numerical__High-N-Mid,220,0.8203653176933183
4__05_stackmath_numerical__High-P-Beg,187,0.7172088024870332
4__05_stackmath_numerical__High-P-End,142,0.9732825395433209
4__05_stackmath_numerical__High-P-Mid,224,0.7201195817634957
4__05_stackmath_numerical__High-T-Beg,206,0.7057634238970163
4__05_stackmath_numerical__High-T-End,133,0.9724233534739298
4__05_stackmath_numerical__High-T-Mid,236,0.7932726572338098
4__05_stackmath_numerical__Low-N-Beg,74,0.9887878983895746
4__05_stackmath_numerical__Low-N-End,224,0.7736152785153065
4__05_stackmath_numerical__Low-N-Mid,224,0.8918649664709842
4__05_stackmath_numerical__Low-P-Beg,138,0.8796871693492546
4__05_stackmath_numerical__Low-P-End,215,0.9350562701431675
4__05_stackmath_numerical__Low-P-Mid,98,0.7382017821091111
4__05_stackmath_numerical__Low-T-Beg,96,0.9746831294423028
4__05_stackmath_numerical__Low-T-End,131,0.8066021644069404
4__05_stackmath_numerical__Low-T-Mid,207,0.8175093216539718
4__05_stackmath_numerical__Medium-N-Beg,216,0.7384140391987111
4__05_stackmath_numerical__Medium-N-End,164,0.9213794026553467
4__05_stackmath_numerical__Medium-N-Mid,228,0.7998098798916753
4__05_stackmath_numerical__Medium-P-Beg,145,0.7405693269738269
4__05_stackmath_numerical__Medium-P-End,249,0.8546901160944526
4__05_stackmath_numerical__Medium-P-Mid,73,0.9273726330826422
4__05_stackmath_numerical__Medium-T-Beg,134,0.7190323947016525
4__05_stackmath_numerical__Medium-T-End,69,0.8108386691399035
4__05_stackmath_numerical__Medium-T-Mid,155,0.8777858251842401
4__06_policy_compliance__High-N-Beg,187,0.9633918829286633
4__06_policy_compliance__High-N-End,95,0.7608020851547989
4__06_policy_compliance__High-N-Mid,172,0.9285242797071112
4__06_policy_compliance__High-P-Beg,137,0.8212413140597301
4__06_policy_compliance__High-P-End,215,0.7688574671121987
4__06_policy_compliance__High-P-Mid,185,0.7544385142549497
4__06_policy_compliance__High-T-Beg,101,0.9134542157273398
4__06_policy_compliance__High-T-End,233,0.8848317245731981
4__06_policy_compliance__High-T-Mid,75,0.9837376256303134
4__06_policy_compliance__Low-N-Beg,87,0.7760870380844593
4__06_policy_compliance__Low-N-End,239,0.7498480303121104
4__06_policy_compliance__Low-N-Mid,161,0.8846366505847278
4__06_policy_compliance__Low-P-Beg,200,0.7889741674393869
4__06_policy_compliance__Low-P-End,151,0.8684116606039024
4__06_policy_compliance__Low-P-Mid,247,0.728038714481307
4__06_policy_compliance__Low-T-Beg,59,0.8123811718373419
4__06_policy_compliance__Low-T-End,233,0.930451777302895
4__06_policy_compliance__Low-T-Mid,61,0.7093084417106496
4__06_policy_compliance__Medium-N-Beg,218,0.9026213198474637
4__06_policy_compliance__Medium-N-End,182,0.8397904611684082
4__06_policy_compliance__Medium-N-Mid,160,0.9263483014238887
4__06_policy_compliance__Medium-P-Beg,206,0.9782788826306865
4__06_policy_compliance__Medium-P-End,191,0.9316795248060383
4__06_policy_compliance__Medium-P-Mid,209,0.7421001338624525
4__06_policy_compliance__Medium-T-Beg,240,0.9171128180925903
4__06_policy_compliance__Medium-T-End,151,0.8321689362249001
4__06_policy_compliance__Medium-T-Mid,189,0.9751870582879825
4__07_expert_legal_med__High-N-Beg,141,0.7354764263351874
4__07_expert_legal_med__High-N-End,78,0.7574212569880641
4__07_expert_legal_med__High-N-Mid,116,0.7393978047964448
4__07_expert_legal_med__High-P-Beg,155,0.9641076832796561
4__07_expert_legal_med__High-P-End,247,0.7536695116239218
4__07_expert_legal_med__High-P-Mid,55,0.8445338560324958
4__07_expert_legal_med__High-T-Beg,89,0.7361692056595556
4__07_expert_legal_med__High-T-End,185,0.9831633885368709
4__07_expert_legal_med__High-T-Mid,50,0.7918758883534219
4__07_expert_legal_med__Low-N-Beg,201,0.8061549096856041
4__07_expert_legal_med__Low-N-End,104,0.855717884661907
4__07_expert_legal_med__Low-N-Mid,196,0.9537811403707422
4__07_expert_legal_med__Low-P-Beg,146,0.7812986435372142
4__07_expert_legal_med__Low-P-End,221,0.7409144594262358
4__07_expert_legal_med__Low-P-Mid,142,0.7589728089107411
4__07_expert_legal_med__Low-T-Beg,54,0.9787157188493849
4__07_expert_legal_med__Low-T-End,93,0.7136607101927166
4__07_expert_legal_med__Low-T-Mid,61,0.7698614480207479
4__07_expert_legal_med__Medium-N-Beg,193,0.9880810242359465
4__07_expert_legal_med__Medium-N-End,148,0.8185653100930489
4__07_expert_legal_med__Medium-N-Mid,147,0.8335865138558604
4__07_expert_legal_med__Medium-P-Beg,174,0.8626500860326808
4__07_expert_legal_med__Medium-P-End,91,0.8793931717602103
4__07_expert_legal_med__Medium-P-Mid,100,0.7168128157220964
4__07_expert_legal_med__Medium-T-Beg,118,0.8970517073905663
4__07_expert_legal_med__Medium-T-End,168,0.7374943983083815
4__07_expert_legal_med__Medium-T-Mid,160,0.8478326639226497
5__01_nq_closed_book__High-N-Beg,93,0.8448463526816921
5__01_nq_closed_book__High-N-End,192,0.8355624113923352
5__01_nq_closed_book__High-N-Mid,59,0.714572164341263
5__01_nq_closed_book__High-P-Beg,177,0.7292439845503914
5__01_nq_closed_book__High-P-End,195,0.9798976008628419
5__01_nq_closed_book__High-P-Mid,235,0.9495623228522209
5__01_nq_closed_book__High-T-Beg,151,0.7466690797739374
5__01_nq_closed_book__High-T-End,60,0.7840335274096716
5__01_nq_closed_book__High-T-Mid,169,0.9871751052335156
5__01_nq_closed_book__Low-N-Beg,118,0.8007382171613445
5__01_nq_closed_book__Low-N-End,120,0.9880162352001693
5__01_nq_closed_book__Low-N-Mid,184,0.8491382912222046
5__01_nq_closed_book__Low-P-Beg,183,0.7692271793587903
5__01_nq_closed_book__Low-P-End,52,0.8983114477717711
5__01_nq_closed_book__Low-P-Mid,116,0.7725402164259174
5__01_nq_closed_book__Low-T-Beg,224,0.966396221475675
5__01_nq_closed_book__Low-T-End,61,0.7071801257229636
5__01_nq_closed_book__Low-T-Mid,175,0.7752500804949087
5__01_nq_closed_book__Medium-N-Beg,222,0.74300821716201
5__01_nq_closed_book__Medium-N-End,141,0.9018886882804791
5__01_nq_closed_book__Medium-N-Mid,185,0.8001173473885128
5__01_nq_closed_book__Medium-P-Beg,186,0.9519956614360946
5__01_nq_closed_book__Medium-P-End,200,0.8326134011463847
5__01_nq_closed_book__Medium-P-Mid,122,0.8890668390134092
5__01_nq_closed_book__Medium-T-Beg,234,0.8503842676002382
5__01_nq_closed_book__Medium-T-End,239,0.9272366806890898
5__01_nq_closed_book__Medium-T-Mid,105,0.7315264393299438
5__02_hotpot_citation__High-N-Beg,190,0.8523369685036243
5__02_hotpot_citation__High-N-End,170,0.767868879395772
5__02_hotpot_citation__High-N-Mid,123,0.9772053781956977
5__02_hotpot_citation__High-P-Beg,172,0.8012689940417699
5__02_hotpot_citation__High-P-End,61,0.701094101940142
5__02_hotpot_citation__High-P-Mid,204,0.7073689845109448
5__02_hotpot_citation__High-T-Beg,89,0.8198291779359599
5__02_hotpot_citation__High-T-End,141,0.7953704062516171
5__02_hotpot_citation__High-T-Mid,52,0.9107093284789396
5__02_hotpot_citation__Low-N-Beg,190,0.7644894877922174
5__02_hotpot_citation__Low-N-End,138,0.918915411650909
5__02_hotpot_citation__Low-N-Mid,102,0.9353185570803428
5__02_hotpot_citation__Low-P-Beg,229,0.7956222397273626
5__02_hotpot_citation__Low-P-End,136,0.7910944925453925
5__02_hotpot_citation__Low-P-Mid,102,0.8575078113877878
5__02_hotpot_citation__Low-T-Beg,59,0.7161443206255853
5__02_hotpot_citation__Low-T-End,101,0.8624037206318353
5__02_hotpot_citation__Low-T-Mid,220,0.7350062706659145
5__02_hotpot_citation__Medium-N-Beg,247,0.7106451229657842
5__02_hotpot_citation__Medium-N-End,173,0.8201786333408619
5__02_hotpot_citation__Medium-N-Mid,117,0.8118966390707438
5__02_hotpot_citation__Medium-P-Beg,150,0.882375181363666
5__02_hotpot_citation__Medium-P-End,82,0.7721903014987964
5__02_hotpot_citation__Medium-P-Mid,192,0.9488120726644325
5__02_hotpot_citation__Medium-T-Beg,62,0.7460049366366713
5__02_hotpot_citation__Medium-T-End,198,0.7049774194157994
5__02_hotpot_citation__Medium-T-Mid,242,0.7865110826645662
5__03_novelhop_multihop__High-N-Beg,158,0.8695889112450308
5__03_novelhop_multihop__High-N-End,56,0.9705297044304267
5__03_novelhop_multihop__High-N-Mid,136,0.7562645764284557
5__03_novelhop_multihop__High-P-Beg,50,0.9244977715311786
5__03_novelhop_multihop__High-P-End,185,0.8281499759024367
5__03_novelhop_multihop__High-P-Mid,54,0.9438098594850178
5__03_novelhop_multihop__High-T-Beg,95,0.9293877844419044
5__03_novelhop_multihop__High-T-End,222,0.7989630849631212
5__03_novelhop_multihop__High-T-Mid,145,0.9892142755210096
5__03_novelhop_multihop__Low-N-Beg,84,0.8992338758331998
5__03_novelhop_multihop__Low-N-End,207,0.8884734892215496
5__03_novelhop_multihop__Low-N-Mid,160,0.7787923548638295
5__03_novelhop_multihop__Low-P-Beg,222,0.8303994432111566
5__03_novelhop_multihop__Low-P-End,138,0.8469026336391433
5__03_novelhop_multihop__Low-P-Mid,218,0.8199236118435855
5__03_novelhop_multihop__Low-T-Beg,146,0.8591685386475905
5__03_novelhop_multihop__Low-T-End,188,0.8526811747818595
5__03_novelhop_multihop__Low-T-Mid,174,0.8433679938469633
5__03_novelhop_multihop__Medium-N-Beg,113,0.9121360891134597
5__03_novelhop_multihop__Medium-N-End,98,0.9719085855170322
5__03_novelhop_multihop__Medium-N-Mid,113,0.8709238123317153
5__03_novelhop_multihop__Medium-P-Beg,222,0.7580128975879041
5__03_novelhop_multihop__Medium-P-End,86,0.9014328768077597
5__03_novelhop_multihop__Medium-P-Mid,143,0.8919642516089766
5__03_novelhop_multihop__Medium-T-Beg,129,0.9876035465874093
5__03_novelhop_multihop__Medium-T-End,191,0.7141474463633788
5__03_novelhop_multihop__Medium-T-Mid,83,0.9571824134632112
5__04_temporal_recency__High-N-Beg,105,0.9011590698251838
5__04_temporal_recency__High-N-End,214,0.7360419692091901
5__04_temporal_recency__High-N-Mid,120,0.8658166433700164
5__04_temporal_recency__High-P-Beg,142,0.9227444575768762
5__04_temporal_recency__High-P-End,215,0.7317926195073449
5__04_temporal_recency__High-P-Mid,67,0.8282847443245813
5__04_temporal_recency__High-T-Beg,210,0.8000478937370228
5__04_temporal_recency__High-T-End,54,0.856909214771702
5__04_temporal_recency__High-T-Mid,180,0.8926761677197425
5__04_temporal_recency__Low-N-Beg,65,0.8197885596370582
5__04_temporal_recency__Low-N-End,98,0.7502352563784888
5__04_temporal_recency__Low-N-Mid,110,0.7198579320878292
5__04_temporal_recency__Low-P-Beg,60,0.8363038972327803
5__04_temporal_recency__Low-P-End,133,0.8883902923093324
5__04_temporal_recency__Low-P-Mid,203,0.7697370653387343
5__04_temporal_recency__Low-T-Beg,83,0.9648741324292069
5__04_temporal_recency__Low-T-End,205,0.808447345549134
5__04_temporal_recency__Low-T-Mid,72,0.7363266429278144
5__04_temporal_recency__Medium-N-Beg,158,0.7132612815090128
5__04_temporal_recency__Medium-N-End,50,0.8272929135007483
5__04_temporal_recency__Medium-N-Mid,176,0.9726051404984883
5__04_temporal_recency__Medium-P-Beg,221,0.7516967927981265
5__04_temporal_recency__Medium-P-End,77,0.9395844944267719
5__04_temporal_recency__Medium-P-Mid,236,0.9828632746019108
5__04_temporal_recency__Medium-T-Beg,170,0.7647915489846557
5__04_temporal_recency__Medium-T-End,115,0.9708600226145856
5__04_temporal_recency__Medium-T-Mid,222,0.9355756578463426
5__05_stackmath_numerical__High-N-Beg,235,0.8529832770496103
5__05_stackmath_numerical__High-N-End,242,0.7353125734441355
5__05_stackmath_numerical__High-N-Mid,133,0.9154860243235274
5__05_stackmath_numerical__High-P-Beg,72,0.7311000994113472
5__05_stackmath_numerical__High-P-End,168,0.9463173709229694
5__05_stackmath_numerical__High-P-Mid,151,0.7628243623283244
5__05_stackmath_numerical__High-T-Beg,181,0.9878926403909051
5__05_stackmath_numerical__High-T-End,249,0.9275140520022839
5__05_stackmath_numerical__High-T-Mid,239,0.8620596256520265
5__05_stackmath_numerical__Low-N-Beg,165,0.8909666065426605
5__05_stackmath_numerical__Low-N-End,231,0.8580831604808122
5__05_stackmath_numerical__Low-N-Mid,77,0.9090989094715913
5__05_stackmath_numerical__Low-P-Beg,203,0.9348414505506608
5__05_stackmath_numerical__Low-P-End,132,0.7739734386989409
5__05_stackmath_numerical__Low-P-Mid,130,0.9495022010147487
5__05_stackmath_numerical__Low-T-Beg,116,0.9606437412520267
5__05_stackmath_numerical__Low-T-End,220,0.9632973796992366
5__05_stackmath_numerical__Low-T-Mid,227,0.7425848201769827
5__05_stackmath_numerical__Medium-N-Beg,234,0.9137058561454008
5__05_stackmath_numerical__Medium-N-End,208,0.8248904584536147
5__05_stackmath_numerical__Medium-N-Mid,153,0.929534560827323
5__05_stackmath_numerical__Medium-P-Beg,177,0.7689392370123781
5__05_stackmath_numerical__Medium-P-End,131,0.8468414985568793
5__05_stackmath_numerical__Medium-P-Mid,234,0.8469844117207483
5__05_stackmath_numerical__Medium-T-Beg,106,0.9727980605265407
5__05_stackmath_numerical__Medium-T-End,51,0.8061216524265601
5__05_stackmath_numerical__Medium-T-Mid,200,0.7226219862891192
5__06_policy_compliance__High-N-Beg,208,0.7120352107444303
5__06_policy_compliance__High-N-End,229,0.7344654274015702
5__06_policy_compliance__High-N-Mid,117,0.766918563499828
5__06_policy_compliance__High-P-Beg,210,0.9469755857501243
5__06_policy_compliance__High-P-End,192,0.9141085620685908
5__06_policy_compliance__High-P-Mid,96,0.7204073119358144
5__06_policy_compliance__High-T-Beg,232,0.984314113497424
5__06_policy_compliance__High-T-End,147,0.8828218226202447
5__06_policy_compliance__High-T-Mid,104,0.7804761519593771
5__06_policy_compliance__Low-N-Beg,112,0.8816302862758711
5__06_policy_compliance__Low-N-End,246,0.879854316254242
5__06_policy_compliance__Low-N-Mid,159,0.8809916232095674
5__06_policy_compliance__Low-P-Beg,121,0.7235019340479075
5__06_policy_compliance__Low-P-End,215,0.7548643414105823
5__06_policy_compliance__Low-P-Mid,191,0.9419169875594863
5__06_policy_compliance__Low-T-Beg,118,0.7294504746186268
5__06_policy_compliance__Low-T-End,236,0.8697507170621518
5__06_policy_compliance__Low-T-Mid,230,0.9087867334789743
5__06_policy_compliance__Medium-N-Beg,67,0.9396702412600361
5__06_policy_compliance__Medium-N-End,192,0.7334840410486683
5__06_policy_compliance__Medium-N-Mid,123,0.7952736070674675
5__06_policy_compliance__Medium-P-Beg,180,0.8509685639161252
5__06_policy_compliance__Medium-P-End,223,0.9037966089027255
5__06_policy_compliance__Medium-P-Mid,228,0.7058984760739787
5__06_policy_compliance__Medium-T-Beg,197,0.9283045439155979
5__06_policy_compliance__Medium-T-End,213,0.9039901061837067
5__06_policy_compliance__Medium-T-Mid,186,0.7570168914428466
5__07_expert_legal_med__High-N-Beg,187,0.9324907740238718
5__07_expert_legal_med__High-N-End,81,0.963644668576169
5__07_expert_legal_med__High-N-Mid,234,0.9198943904398221
5__07_expert_legal_med__High-P-Beg,242,0.8809544943660519
5__07_expert_legal_med__High-P-End,68,0.9692468470549365
5__07_expert_legal_med__High-P-Mid,230,0.9331227738712917
5__07_expert_legal_med__High-T-Beg,198,0.7515347759245361
5__07_expert_legal_med__High-T-End,234,0.8948052275659977
5__07_expert_legal_med__High-T-Mid,80,0.7602438765435903
5__07_expert_legal_med__Low-N-Beg,179,0.839912828469196
5__07_expert_legal_med__Low-N-End,58,0.7342503805711919
5__07_expert_legal_med__Low-N-Mid,244,0.7525503622026246
5__07_expert_legal_med__Low-P-Beg,76,0.7609121443546889
5__07_expert_legal_med__Low-P-End,166,0.7037085868634476
5__07_expert_legal_med__Low-P-Mid,181,0.9011792974580515
5__07_expert_legal_med__Low-T-Beg,190,0.8037036712964306
5__07_expert_legal_med__Low-T-End,145,0.7191064528666231
5__07_expert_legal_med__Low-T-Mid,129,0.9182603993601175
5__07_expert_legal_med__Medium-N-Beg,127,0.7254618251344205
5__07_expert_legal_med__Medium-N-End,132,0.7019821505765347
5__07_expert_legal_med__Medium-N-Mid,112,0.757432388640999
5__07_expert_legal_med__Medium-P-Beg,86,0.9827533254416922
5__07_expert_legal_med__Medium-P-End,57,0.9236897097799062
5__07_expert_legal_med__Medium-P-Mid,174,0.8082815368180374
5__07_expert_legal_med__Medium-T-Beg,82,0.8701321171947295
5__07_expert_legal_med__Medium-T-End,51,0.7377289600774195
5__07_expert_legal_med__Medium-T-Mid,78,0.7457437278932052
6__01_nq_closed_book__High-N-Beg,156,0.9777375973083424
6__01_nq_closed_book__High-N-End,111,0.7933644784279913
6__01_nq_closed_book__High-N-Mid,171,0.9527370674732993
6__01_nq_closed_book__High-P-Beg,229,0.7834104021639127
6__01_nq_closed_book__High-P-End,108,0.8340252420015375
6__01_nq_closed_book__High-P-Mid,178,0.8476251726153031
6__01_nq_closed_book__High-T-Beg,51,0.8960894583322632
6__01_nq_closed_book__High-T-End,176,0.9897690450411546
6__01_nq_closed_book__High-T-Mid,132,0.8241517402791044
6__01_nq_closed_book__Low-N-Beg,160,0.8485749600724515
6__01_nq_closed_book__Low-N-End,208,0.8714515090722564
6__01_nq_closed_book__Low-N-Mid,80,0.7316231366626071
6__01_nq_closed_book__Low-P-Beg,106,0.793265646468866
6__01_nq_closed_book__Low-P-End,56,0.9590275964304907
6__01_nq_closed_book__Low-P-Mid,212,0.819294208060575
6__01_nq_closed_book__Low-T-Beg,102,0.7076793128621708
6__01_nq_closed_book__Low-T-End,224,0.7132022720170184
6__01_nq_closed_book__Low-T-Mid,208,0.9526878340636
6__01_nq_closed_book__Medium-N-Beg,121,0.85319538239306
6__01_nq_closed_book__Medium-N-End,168,0.7222656386043513
6__01_nq_closed_book__Medium-N-Mid,242,0.867401440345964
6__01_nq_closed_book__Medium-P-Beg,136,0.7947295485914952
6__01_nq_closed_book__Medium-P-End,240,0.719548819519896
6__01_nq_closed_book__Medium-P-Mid,220,0.7851711516944762
6__01_nq_closed_book__Medium-T-Beg,228,0.9302176327382643
6__01_nq_closed_book__Medium-T-End,86,0.9794299184573965
6__01_nq_closed_book__Medium-T-Mid,196,0.8873401525945765
6__02_hotpot_citation__High-N-Beg,74,0.8351277817199723
6__02_hotpot_citation__High-N-End,200,0.7473416091242916
6__02_hotpot_citation__High-N-Mid,131,0.7173800214687348
6__02_hotpot_citation__High-P-Beg,216,0.973764824134546
6__02_hotpot_citation__High-P-End,204,0.7339272036652896
6__02_hotpot_citation__High-P-Mid,210,0.9447106640634817
6__02_hotpot_citation__High-T-Beg,119,0.8877408318467026
6__02_hotpot_citation__High-T-End,171,0.8865570691551503
6__02_hotpot_citation__High-T-Mid,234,0.746752848834457
6__02_hotpot_citation__Low-N-Beg,238,0.8041439900313115
6__02_hotpot_citation__Low-N-End,120,0.9869534016911949
6__02_hotpot_citation__Low-N-Mid,65,0.8059391820031017
6__02_hotpot_citation__Low-P-Beg,241,0.7516026096414103
6__02_hotpot_citation__Low-P-End,167,0.7688094402182792
6__02_hotpot_citation__Low-P-Mid,101,0.8259732735023145
6__02_hotpot_citation__Low-T-Beg,162,0.8546587841264764
6__02_hotpot_citation__Low-T-End,172,0.7588819850362993
6__02_hotpot_citation__Low-T-Mid,137,0.9591624037396622
6__02_hotpot_citation__Medium-N-Beg,197,0.8918033114031868
6__02_hotpot_citation__Medium-N-End,66,0.9118859058301761
6__02_hotpot_citation__Medium-N-Mid,170,0.9688689244586688
6__02_hotpot_citation__Medium-P-Beg,91,0.7862682015673831
6__02_hotpot_citation__Medium-P-End,182,0.9197830171438209
6__02_hotpot_citation__Medium-P-Mid,148,0.9731547966955414
6__02_hotpot_citation__Medium-T-Beg,203,0.7979130842228963
6__02_hotpot_citation__Medium-T-End,207,0.76744797136738
6__02_hotpot_citation__Medium-T-Mid,216,0.9683276585709291
6__03_novelhop_multihop__High-N-Beg,154,0.8085374541241005
6__03_novelhop_multihop__High-N-End,210,0.9143356262154873
6__03_novelhop_multihop__High-N-Mid,58,0.778738346791632
6__03_novelhop_multihop__High-P-Beg,103,0.8013014570538127
6__03_novelhop_multihop__High-P-End,118,0.8224945588107205
6__03_novelhop_multihop__High-P-Mid,58,0.7891379391173989
6__03_novelhop_multihop__High-T-Beg,186,0.9474573697244403
6__03_novelhop_multihop__High-T-End,162,0.7715758392005988
6__03_novelhop_multihop__High-T-Mid,121,0.8347966416158422
6__03_novelhop_multihop__Low-N-Beg,56,0.9837310335070374
6__03_novelhop_multihop__Low-N-End,170,0.9162765522776346
6__03_novelhop_multihop__Low-N-Mid,143,0.7414149962450045
6__03_novelhop_multihop__Low-P-Beg,93,0.8938376414979082
6__03_novelhop_multihop__Low-P-End,51,0.77428095599482
6__03_novelhop_multihop__Low-P-Mid,218,0.9207591582553764
6__03_novelhop_multihop__Low-T-Beg,82,0.8955032986091847
6__03_novelhop_multihop__Low-T-End,150,0.9528311002938067
6__03_novelhop_multihop__Low-T-Mid,127,0.778433073330711
6__03_novelhop_multihop__Medium-N-Beg,216,0.959294082711998
6__03_novelhop_multihop__Medium-N-End,137,0.9062105594513391
6__03_novelhop_multihop__Medium-N-Mid,108,0.9481616173062226
6__03_novelhop_multihop__Medium-P-Beg,230,0.842525872163189
6__03_novelhop_multihop__Medium-P-End,154,0.8037519173749663
6__03_novelhop_multihop__Medium-P-Mid,85,0.9205459326465866
6__03_novelhop_multihop__Medium-T-Beg,244,0.8170379787696275
6__03_novelhop_multihop__Medium-T-End,153,0.7112556110856995
6__03_novelhop_multihop__Medium-T-Mid,124,0.812272192807366
6__04_temporal_recency__High-N-Beg,75,0.8430870764165102
6__04_temporal_recency__High-N-End,63,0.7250073696039384
6__04_temporal_recency__High-N-Mid,90,0.7114650553965182
6__04_temporal_recency__High-P-Beg,166,0.8421337561443625
6__04_temporal_recency__High-P-End,236,0.7513226184478088
6__04_temporal_recency__High-P-Mid,110,0.9478535178269841
6__04_temporal_recency__High-T-Beg,204,0.7626513186048336
6__04_temporal_recency__High-T-End,144,0.7664597446536925
6__04_temporal_recency__High-T-Mid,168,0.9874585106183907
6__04_temporal_recency__Low-N-Beg,248,0.8087821784382703
6__04_temporal_recency__Low-N-End,223,0.7077198690412265
6__04_temporal_recency__Low-N-Mid,82,0.7294884187843719
6__04_temporal_recency__Low-P-Beg,176,0.9167211191309589
6__04_temporal_recency__Low-P-End,55,0.966580868119935
6__04_temporal_recency__Low-P-Mid,172,0.7294230550555837
6__04_temporal_recency__Low-T-Beg,106,0.8833035135559228
6__04_temporal_recency__Low-T-End,59,0.8549380868134788
6__04_temporal_recency__Low-T-Mid,107,0.9579111642162439
6__04_temporal_recency__Medium-N-Beg,153,0.7423621360060382
6__04_temporal_recency__Medium-N-End,76,0.8654831814464445
6__04_temporal_recency__Medium-N-Mid,50,0.8091860660115914
6__04_temporal_recency__Medium-P-Beg,160,0.9312288687189128
6__04_temporal_recency__Medium-P-End,169,0.9209922617216473
6__04_temporal_recency__Medium-P-Mid,133,0.9476819770921836
6__04_temporal_recency__Medium-T-Beg,131,0.836116836745694
6__04_temporal_recency__Medium-T-End,182,0.8754097619633647
6__04_temporal_recency__Medium-T-Mid,101,0.8517300130057748
6__05_stackmath_numerical__High-N-Beg,200,0.7577975975197054
6__05_stackmath_numerical__High-N-End,133,0.7307798730435222
6__05_stackmath_numerical__High-N-Mid,240,0.9595573256437142
6__05_stackmath_numerical__High-P-Beg,179,0.9898621643784741
6__05_stackmath_numerical__High-P-End,101,0.7376187380240268
6__05_stackmath_numerical__High-P-Mid,116,0.7634701819857274
6__05_stackmath_numerical__High-T-Beg,203,0.703004879622732
6__05_stackmath_numerical__High-T-End,118,0.804755478053029
6__05_stackmath_numerical__High-T-Mid,80,0.7420975079691974
6__05_stackmath_numerical__Low-N-Beg,181,0.8425125179863934
6__05_stackmath_numerical__Low-N-End,143,0.7480409853030866
6__05_stackmath_numerical__Low-N-Mid,110,0.832888295268041
6__05_stackmath_numerical__Low-P-Beg,109,0.7693413969991897
6__05_stackmath_numerical__Low-P-End,108,0.8016192767353157
6__05_stackmath_numerical__Low-P-Mid,212,0.7113171275246222
6__05_stackmath_numerical__Low-T-Beg,62,0.8730657238859649
6__05_stackmath_numerical__Low-T-End,125,0.802442729429142
6__05_stackmath_numerical__Low-T-Mid,212,0.8535594815838881
6__05_stackmath_numerical__Medium-N-Beg,69,0.8227540374579086
6__05_stackmath_numerical__Medium-N-End,83,0.9881511504006883
6__05_stackmath_numerical__Medium-N-Mid,240,0.9215692273285294
6__05_stackmath_numerical__Medium-P-Beg,181,0.7056280327712261
6__05_stackmath_numerical__Medium-P-End,145,0.8753787842110643
6__05_stackmath_numerical__Medium-P-Mid,103,0.9306237332352548
6__05_stackmath_numerical__Medium-T-Beg,124,0.7051986516431727
6__05_stackmath_numerical__Medium-T-End,141,0.8851243469061693
6__05_stackmath_numerical__Medium-T-Mid,127,0.9514152479674137
6__06_policy_compliance__High-N-Beg,135,0.926336001715041
6__06_policy_compliance__High-N-End,96,0.8478786541376211
6__06_policy_compliance__High-N-Mid,73,0.9086394779480066
6__06_policy_compliance__High-P-Beg,219,0.8207667458297305
6__06_policy_compliance__High-P-End,112,0.8057851773299985
6__06_policy_compliance__High-P-Mid,136,0.8383190287102558
6__06_policy_compliance__High-T-Beg,177,0.982156403925901
6__06_policy_compliance__High-T-End,226,0.7967576243732457
6__06_policy_compliance__High-T-Mid,66,0.7301833750837236
6__06_policy_compliance__Low-N-Beg,99,0.7083619957763175
6__06_policy_compliance__Low-N-End,71,0.9347176308963026
6__06_policy_compliance__Low-N-Mid,214,0.9708063741165704
6__06_policy_compliance__Low-P-Beg,61,0.7870358624234502
6__06_policy_compliance__Low-P-End,102,0.9299336123134612
6__06_policy_compliance__Low-P-Mid,179,0.914273021254984
6__06_policy_compliance__Low-T-Beg,206,0.9140328661069476
6__06_policy_compliance__Low-T-End,78,0.9666884306073731
6__06_policy_compliance__Low-T-Mid,89,0.8594892599068785
6__06_policy_compliance__Medium-N-Beg,235,0.7786763482442668
6__06_policy_compliance__Medium-N-End,134,0.9824124636356859
6__06_policy_compliance__Medium-N-Mid,214,0.8011400786238919
6__06_policy_compliance__Medium-P-Beg,244,0.978709128264758
6__06_policy_compliance__Medium-P-End,100,0.8611438786428441
6__06_policy_compliance__Medium-P-Mid,109,0.7571709228571781
6__06_policy_compliance__Medium-T-Beg,146,0.9548180390693479
6__06_policy_compliance__Medium-T-End,152,0.9562783358058566
6__06_policy_compliance__Medium-T-Mid,247,0.7606535162429523
6__07_expert_legal_med__High-N-Beg,144,0.7684290504893397
6__07_expert_legal_med__High-N-End,90,0.7134780211542494
6__07_expert_legal_med__High-N-Mid,95,0.9085029100214566
6__07_expert_legal_med__High-P-Beg,59,0.7660682042633391
6__07_expert_legal_med__High-P-End,190,0.7564755078683351
6__07_expert_legal_med__High-P-Mid,100,0.8045601229653014
6__07_expert_legal_med__High-T-Beg,247,0.7244768675359848
6__07_expert_legal_med__High-T-End,133,0.7744535420182601
6__07_expert_legal_med__High-T-Mid,215,0.7577564083580095
6__07_expert_legal_med__Low-N-Beg,55,0.9299850058919611
6__07_expert_legal_med__Low-N-End,110,0.9252464306705845
6__07_expert_legal_med__Low-N-Mid,95,0.7892478341495969
6__07_expert_legal_med__Low-P-Beg,102,0.7737735732435286
6__07_expert_legal_med__Low-P-End,134,0.8573690766408899
6__07_expert_legal_med__Low-P-Mid,168,0.8397185149084201
6__07_expert_legal_med__Low-T-Beg,219,0.7930884948402421
6__07_expert_legal_med__Low-T-End,130,0.740203280624459
6__07_expert_legal_med__Low-T-Mid,73,0.9551182607601544
6__07_expert_legal_med__Medium-N-Beg,108,0.8068403719495831
6__07_expert_legal_med__Medium-N-End,103,0.8079723951613347
6__07_expert_legal_med__Medium-N-Mid,172,0.8035375746393942
6__07_expert_legal_med__Medium-P-Beg,54,0.8110198530801234
6__07_expert_legal_med__Medium-P-End,240,0.8120979345468812
6__07_expert_legal_med__Medium-P-Mid,138,0.8269910270205623
6__07_expert_legal_med__Medium-T-Beg,134,0.9046142372586607
6__07_expert_legal_med__Medium-T-End,222,0.7310839683059216
6__07_expert_legal_med__Medium-T-Mid,72,0.9414740723206474
7__01_nq_closed_book__High-N-Beg,169,0.8045185179324496
7__01_nq_closed_book__High-N-End,120,0.871772323876284
7__01_nq_closed_book__High-N-Mid,50,0.799262274444516
7__01_nq_closed_book__High-P-Beg,194,0.8067503747009015
7__01_nq_closed_book__High-P-End,135,0.9800044711639693
7__01_nq_closed_book__High-P-Mid,70,0.7862039583978819
7__01_nq_closed_book__High-T-Beg,85,0.7960618115677357
7__01_nq_closed_book__High-T-End,235,0.9017584735118434
7__01_nq_closed_book__High-T-Mid,74,0.922230193376296
7__01_nq_closed_book__Low-N-Beg,93,0.8493692123886998
7__01_nq_closed_book__Low-N-End,59,0.8922294886165126
7__01_nq_closed_book__Low-N-Mid,70,0.9290466797683665
7__01_nq_closed_book__Low-P-Beg,157,0.8604955672038684
7__01_nq_closed_book__Low-P-End,81,0.9551422577040909
7__01_nq_closed_book__Low-P-Mid,207,0.8199301444453503
7__01_nq_closed_book__Low-T-Beg,77,0.8284942559269224
7__01_nq_closed_book__Low-T-End,233,0.7064460833543444
7__01_nq_closed_book__Low-T-Mid,57,0.7549070611045818
7__01_nq_closed_book__Medium-N-Beg,140,0.8300342628956563
7__01_nq_closed_book__Medium-N-End,210,0.8173093423229396
7__01_nq_closed_book__Medium-N-Mid,103,0.7019250387734589
7__01_nq_closed_book__Medium-P-Beg,79,0.8106754135448166
7__01_nq_closed_book__Medium-P-End,180,0.7450067608130029
7__01_nq_closed_book__Medium-P-Mid,238,0.8362753775507468
7__01_nq_closed_book__Medium-T-Beg,106,0.8758378781596601
7__01_nq_closed_book__Medium-T-End,101,0.8590195174641854
7__01_nq_closed_book__Medium-T-Mid,151,0.7993221291613695
7__02_hotpot_citation__High-N-Beg,68,0.7916362782150038
7__02_hotpot_citation__High-N-End,153,0.8470424041476537
7__02_hotpot_citation__High-N-Mid,210,0.8924432019121993
7__02_hotpot_citation__High-P-Beg,139,0.8378452916168717
7__02_hotpot_citation__High-P-End,56,0.9855596530542026
7__02_hotpot_citation__High-P-Mid,195,0.9526095068154232
7__02_hotpot_citation__High-T-Beg,240,0.7614875719425508
7__02_hotpot_citation__High-T-End,121,0.8072599152653055
7__02_hotpot_citation__High-T-Mid,199,0.9444439013170938
7__02_hotpot_citation__Low-N-Beg,187,0.8598098028689323
7__02_hotpot_citation__Low-N-End,133,0.857796056811436
7__02_hotpot_citation__Low-N-Mid,150,0.7930754186635096
7__02_hotpot_citation__Low-P-Beg,79,0.9650342665475551
7__02_hotpot_citation__Low-P-End,242,0.9712184481907161
7__02_hotpot_citation__Low-P-Mid,130,0.7186290094511806
7__02_hotpot_citation__Low-T-Beg,212,0.7816452004175365
7__02_hotpot_citation__Low-T-End,118,0.7623953214244864
7__02_hotpot_citation__Low-T-Mid,234,0.8183329019033999
7__02_hotpot_citation__Medium-N-Beg,115,0.767021177615558
7__02_hotpot_citation__Medium-N-End,185,0.7972197886004878
7__02_hotpot_citation__Medium-N-Mid,128,0.8439548835501205
7__02_hotpot_citation__Medium-P-Beg,53,0.9604290243919366
7__02_hotpot_citation__Medium-P-End,210,0.9389190098717881
7__02_hotpot_citation__Medium-P-Mid,67,0.8680600958377644
7__02_hotpot_citation__Medium-T-Beg,150,0.7938052338782217
7__02_hotpot_citation__Medium-T-End,109,0.9794347253551526
7__02_hotpot_citation__Medium-T-Mid,192,0.8697636375265962
7__03_novelhop_multihop__High-N-Beg,77,0.9695967038176831
7__03_novelhop_multihop__High-N-End,187,0.8908931427543021
7__03_novelhop_multihop__High-N-Mid,94,0.7233836575526043
7__03_novelhop_multihop__High-P-Beg,220,0.9211658307736761
7__03_novelhop_multihop__High-P-End,109,0.7338669912267438
7__03_novelhop_multihop__High-P-Mid,95,0.8379861044823111
7__03_novelhop_multihop__High-T-Beg,140,0.7438811040120159
7__03_novelhop_multihop__High-T-End,179,0.7384846046633796
7__03_novelhop_multihop__High-T-Mid,200,0.9188736831361145
7__03_novelhop_multihop__Low-N-Beg,101,0.7909303560463574
7__03_novelhop_multihop__Low-N-End,215,0.7200300566349226
7__03_novelhop_multihop__Low-N-Mid,191,0.755757290208243
7__03_novelhop_multihop__Low-P-Beg,225,0.8311379525037297
7__03_novelhop_multihop__Low-P-End,225,0.8609302755883715
7__03_novelhop_multihop__Low-P-Mid,212,0.846264660628344
7__03_novelhop_multihop__Low-T-Beg,247,0.8237378417035136
7__03_novelhop_multihop__Low-T-End,196,0.7747307850289136
7__03_novelhop_multihop__Low-T-Mid,51,0.8356302601479942
7__03_novelhop_multihop__Medium-N-Beg,239,0.8346671092680648
7__03_novelhop_multihop__Medium-N-End,147,0.808771175912935
7__03_novelhop_multihop__Medium-N-Mid,129,0.831606486410394
7__03_novelhop_multihop__Medium-P-Beg,133,0.9019026063332655
7__03_novelhop_multihop__Medium-P-End,227,0.7051771139394923
7__03_novelhop_multihop__Medium-P-Mid,223,0.8514853360671215
7__03_novelhop_multihop__Medium-T-Beg,206,0.7596181294276093
7__03_novelhop_multihop__Medium-T-End,190,0.8767218267954296
7__03_novelhop_multihop__Medium-T-Mid,122,0.7273577271640971
7__04_temporal_recency__High-N-Beg,82,0.7419942610213494
7__04_temporal_recency__High-N-End,171,0.8116586074729815
7__04_temporal_recency__High-N-Mid,209,0.7759637858462549
7__04_temporal_recency__High-P-Beg,228,0.9089798559843142
7__04_temporal_recency__High-P-End,217,0.7591985893594437
7__04_temporal_recency__High-P-Mid,174,0.7110511426320666
7__04_temporal_recency__High-T-Beg,222,0.9697235852654367
7__04_temporal_recency__High-T-End,91,0.9665443781179168
7__04_temporal_recency__High-T-Mid,91,0.7370346372061615
7__04_temporal_recency__Low-N-Beg,220,0.8001205104289758
7__04_temporal_recency__Low-N-End,183,0.8855114635070032
7__04_temporal_recency__Low-N-Mid,80,0.747634540669486
7__04_temporal_recency__Low-P-Beg,178,0.9567285418391084
7__04_temporal_recency__Low-P-End,126,0.8381560890458355
7__04_temporal_recency__Low-P-Mid,117,0.9039320928488895
7__04_temporal_recency__Low-T-Beg,233,0.93131351402806
7__04_temporal_recency__Low-T-End,216,0.9709265306488299
7__04_temporal_recency__Low-T-Mid,164,0.9850180945337434
7__04_temporal_recency__Medium-N-Beg,133,0.9500860369045028
7__04_temporal_recency__Medium-N-End,121,0.9620776514414275
7__04_temporal_recency__Medium-N-Mid,139,0.923925058668803
7__04_temporal_recency__Medium-P-Beg,93,0.9315331612774344
7__04_temporal_recency__Medium-P-End,119,0.9550143542823195
7__04_temporal_recency__Medium-P-Mid,80,0.9392905928646078
7__04_temporal_recency__Medium-T-Beg,80,0.8665936295317089
7__04_temporal_recency__Medium-T-End,126,0.819528573299367
7__04_temporal_recency__Medium-T-Mid,121,0.7159880429980032
7__05_stackmath_numerical__High-N-Beg,234,0.8798876169056037
7__05_stackmath_numerical__High-N-End,111,0.8372617951930681
7__05_stackmath_numerical__High-N-Mid,78,0.712239848875069
7__05_stackmath_numerical__High-P-Beg,185,0.9717514368081044
7__05_stackmath_numerical__High-P-End,134,0.971489817015069
7__05_stackmath_numerical__High-P-Mid,211,0.7810202464924176
7__05_stackmath_numerical__High-T-Beg,132,0.8375851961148512
7__05_stackmath_numerical__High-T-End,200,0.764202663600458
7__05_stackmath_numerical__High-T-Mid,116,0.8657893272629928
7__05_stackmath_numerical__Low-N-Beg,116,0.7369930845737541
7__05_stackmath_numerical__Low-N-End,139,0.8376214561681623
7__05_stackmath_numerical__Low-N-Mid,141,0.7894263352493128
7__05_stackmath_numerical__Low-P-Beg,159,0.8801858829139618
7__05_stackmath_numerical__Low-P-End,79,0.850715833936393
7__05_stackmath_numerical__Low-P-Mid,115,0.8702995263187157
7__05_stackmath_numerical__Low-T-Beg,133,0.785965542528984
7__05_stackmath_numerical__Low-T-End,214,0.8133259525669204
7__05_stackmath_numerical__Low-T-Mid,199,0.7738681588113984
7__05_stackmath_numerical__Medium-N-Beg,223,0.9687722898326598
7__05_stackmath_numerical__Medium-N-End,207,0.9596747987184733
7__05_stackmath_numerical__Medium-N-Mid,216,0.9236857128347131
7__05_stackmath_numerical__Medium-P-Beg,209,0.7732715716691184
7__05_stackmath_numerical__Medium-P-End,238,0.93038750481315
7__05_stackmath_numerical__Medium-P-Mid,194,0.8596308898031692
7__05_stackmath_numerical__Medium-T-Beg,93,0.7173426908904834
7__05_stackmath_numerical__Medium-T-End,221,0.9412429688288558
7__05_stackmath_numerical__Medium-T-Mid,230,0.8246288615022774
7__06_policy_compliance__High-N-Beg,232,0.7084788365731619
7__06_policy_compliance__High-N-End,85,0.8452116076271652
7__06_policy_compliance__High-N-Mid,155,0.813807082161287
7__06_policy_compliance__High-P-Beg,132,0.8792413982235926
7__06_policy_compliance__High-P-End,105,0.7415320883236532
7__06_policy_compliance__High-P-Mid,247,0.7159691395933703
7__06_policy_compliance__High-T-Beg,115,0.9624265940935992
7__06_policy_compliance__High-T-End,113,0.7578065336907592
7__06_policy_compliance__High-T-Mid,236,0.8886367126677854
7__06_policy_compliance__Low-N-Beg,163,0.7784415439926291
7__06_policy_compliance__Low-N-End,52,0.8103008098872592
7__06_policy_compliance__Low-N-Mid,62,0.7446570073293135
7__06_policy_compliance__Low-P-Beg,210,0.8983772132893174
7__06_policy_compliance__Low-P-End,121,0.7362986753448555
7__06_policy_compliance__Low-P-Mid,60,0.8121065661922346
7__06_policy_compliance__Low-T-Beg,241,0.736049633447928
7__06_policy_compliance__Low-T-End,157,0.7311649138399867
7__06_policy_compliance__Low-T-Mid,111,0.7099496424264335
7__06_policy_compliance__Medium-N-Beg,137,0.8415989986711585
7__06_policy_compliance__Medium-N-End,62,0.7237494666901028
7__06_policy_compliance__Medium-N-Mid,139,0.9681145857425977
7__06_policy_compliance__Medium-P-Beg,120,0.7458563299286501
7__06_policy_compliance__Medium-P-End,178,0.7978310646612063
7__06_policy_compliance__Medium-P-Mid,212,0.8188383000423997
7__06_policy_compliance__Medium-T-Beg,51,0.8751854581507867
7__06_policy_compliance__Medium-T-End,136,0.7007533790564153
7__06_policy_compliance__Medium-T-Mid,176,0.9855714228780503
7__07_expert_legal_med__High-N-Beg,167,0.9616886527718373
7__07_expert_legal_med__High-N-End,63,0.9882159376627626
7__07_expert_legal_med__High-N-Mid,87,0.9045781749532644
7__07_expert_legal_med__High-P-Beg,145,0.8740090555702555
7__07_expert_legal_med__High-P-End,150,0.8468845437188192
7__07_expert_legal_med__High-P-Mid,205,0.8633982595407246
7__07_expert_legal_med__High-T-Beg,219,0.7337183158446388
7__07_expert_legal_med__High-T-End,248,0.8344344018703669
7__07_expert_legal_med__High-T-Mid,208,0.749987891627891
7__07_expert_legal_med__Low-N-Beg,56,0.9256861371735037
7__07_expert_legal_med__Low-N-End,219,0.8348659831765204
7__07_expert_legal_med__Low-N-Mid,238,0.8640976564896218
7__07_expert_legal_med__Low-P-Beg,163,0.7182752274982492
7__07_expert_legal_med__Low-P-End,119,0.7832258633761228
7__07_expert_legal_med__Low-P-Mid,156,0.9283551758082096
7__07_expert_legal_med__Low-T-Beg,163,0.9491291603914402
7__07_expert_legal_med__Low-T-End,143,0.7193538954129339
7__07_expert_legal_med__Low-T-Mid,183,0.7648728991967481
7__07_expert_legal_med__Medium-N-Beg,211,0.8225609845725588
7__07_expert_legal_med__Medium-N-End,82,0.8306000911953404
7__07_expert_legal_med__Medium-N-Mid,211,0.7390427673934562
7__07_expert_legal_med__Medium-P-Beg,109,0.8089478701449426
7__07_expert_legal_med__Medium-P-End,198,0.8671681673125751
7__07_expert_legal_med__Medium-P-Mid,167,0.788959574025967
7__07_expert_legal_med__Medium-T-Beg,241,0.7293934208129452
7__07_expert_legal_med__Medium-T-End,198,0.9468565853586683
7__07_expert_legal_med__Medium-T-Mid,234,0.7165066010874732
8__01_nq_closed_book__High-N-Beg,240,0.8085977304492582
8__01_nq_closed_book__High-N-End,102,0.8195426776235832
8__01_nq_closed_book__High-N-Mid,246,0.906204218357489
8__01_nq_closed_book__High-P-Beg,66,0.7027279356129483
8__01_nq_closed_book__High-P-End,168,0.8458283129577665
8__01_nq_closed_book__High-P-Mid,240,0.9165104472275839
8__01_nq_closed_book__High-T-Beg,206,0.8123566158657578
8__01_nq_closed_book__High-T-End,148,0.8829742642153764
8__01_nq_closed_book__High-T-Mid,186,0.7983304907914983
8__01_nq_closed_book__Low-N-Beg,120,0.8756867827266508
8__01_nq_closed_book__Low-N-End,124,0.9211388886302132
8__01_nq_closed_book__Low-N-Mid,154,0.8807537180793399
8__01_nq_closed_book__Low-P-Beg,170,0.7386748034009297
8__01_nq_closed_book__Low-P-End,151,0.8899166588068006
8__01_nq_closed_book__Low-P-Mid,104,0.7665081022242567
8__01_nq_closed_book__Low-T-Beg,129,0.9108796630715398
8__01_nq_closed_book__Low-T-End,76,0.8328064983645751
8__01_nq_closed_book__Low-T-Mid,121,0.8591375953980996
8__01_nq_closed_book__Medium-N-Beg,203,0.7688222207962266
8__01_nq_closed_book__Medium-N-End,148,0.8063597664439415
8__01_nq_closed_book__Medium-N-Mid,61,0.7638002610920821
8__01_nq_closed_book__Medium-P-Beg,162,0.9820313665298217
8__01_nq_closed_book__Medium-P-End,157,0.8261676445252356
8__01_nq_closed_book__Medium-P-Mid,166,0.8010726822280927
8__01_nq_closed_book__Medium-T-Beg,236,0.9773451399805377
8__01_nq_closed_book__Medium-T-End,83,0.8634978637751456
8__01_nq_closed_book__Medium-T-Mid,57,0.7090904494980234
8__02_hotpot_citation__High-N-Beg,117,0.7476884876840382
8__02_hotpot_citation__High-N-End,132,0.8440876097519574
8__02_hotpot_citation__High-N-Mid,191,0.8374338156521509
8__02_hotpot_citation__High-P-Beg,238,0.9141619482581727
8__02_hotpot_citation__High-P-End,144,0.9622978721045963
8__02_hotpot_citation__High-P-Mid,72,0.748301916164813
8__02_hotpot_citation__High-T-Beg,231,0.7480912359763603
8__02_hotpot_citation__High-T-End,184,0.8685376395133059
8__02_hotpot_citation__High-T-Mid,224,0.7424604463695292
8__02_hotpot_citation__Low-N-Beg,225,0.936580382560698
8__02_hotpot_citation__Low-N-End,146,0.9241782375374172
8__02_hotpot_citation__Low-N-Mid,220,0.7377855981125157
8__02_hotpot_citation__Low-P-Beg,244,0.8514349075416325
8__02_hotpot_citation__Low-P-End,92,0.9629057603753919
8__02_hotpot_citation__Low-P-Mid,92,0.8460574322761293
8__02_hotpot_citation__Low-T-Beg,106,0.7578919187172518
8__02_hotpot_citation__Low-T-End,114,0.8850092437337289
8__02_hotpot_citation__Low-T-Mid,158,0.8761787426406924
8__02_hotpot_citation__Medium-N-Beg,142,0.7798179603086346
8__02_hotpot_citation__Medium-N-End,64,0.7192201072391355
8__02_hotpot_citation__Medium-N-Mid,205,0.7714793928200813
8__02_hotpot_citation__Medium-P-Beg,235,0.7788444370701177
8__02_hotpot_citation__Medium-P-End,82,0.8547797700766759
8__02_hotpot_citation__Medium-P-Mid,233,0.7062208340555527
8__02_hotpot_citation__Medium-T-Beg,248,0.7454840295179301
8__02_hotpot_citation__Medium-T-End,198,0.8143103814660073
8__02_hotpot_citation__Medium-T-Mid,127,0.9610555252460209
8__03_novelhop_multihop__High-N-Beg,85,0.8657038536824386
8__03_novelhop_multihop__High-N-End,183,0.7377776677876667
8__03_novelhop_multihop__High-N-Mid,115,0.9118695274057348
8__03_novelhop_multihop__High-P-Beg,87,0.9332785937432492
8__03_novelhop_multihop__High-P-End,236,0.7600192095910687
8__03_novelhop_multihop__High-P-Mid,150,0.7355591447666295
8__03_novelhop_multihop__High-T-Beg,212,0.9524409197054979
8__03_novelhop_multihop__High-T-End,167,0.7238927901694393
8__03_novelhop_multihop__High-T-Mid,109,0.7505724131468532
8__03_novelhop_multihop__Low-N-Beg,155,0.8840697686451251
8__03_novelhop_multihop__Low-N-End,113,0.9662573808376149
8__03_novelhop_multihop__Low-N-Mid,242,0.9692992198030752
8__03_novelhop_multihop__Low-P-Beg,102,0.71951036046763
8__03_novelhop_multihop__Low-P-End,107,0.7184034102695562
8__03_novelhop_multihop__Low-P-Mid,182,0.9654523386691909
8__03_novelhop_multihop__Low-T-Beg,174,0.7990585135544924
8__03_novelhop_multihop__Low-T-End,166,0.7292966863613969
8__03_novelhop_multihop__Low-T-Mid,91,0.7712847909757414
8__03_novelhop_multihop__Medium-N-Beg,200,0.9575516454878009
8__03_novelhop_multihop__Medium-N-End,165,0.7115498758409574
8__03_novelhop_multihop__Medium-N-Mid,136,0.7206036352214611
8__03_novelhop_multihop__Medium-P-Beg,210,0.7406885632632966
8__03_novelhop_multihop__Medium-P-End,165,0.898898171164092
8__03_novelhop_multihop__Medium-P-Mid,220,0.7579294305199675
8__03_novelhop_multihop__Medium-T-Beg,50,0.7638595620859472
8__03_novelhop_multihop__Medium-T-End,217,0.7470101468066764
8__03_novelhop_multihop__Medium-T-Mid,245,0.705385297198676
8__04_temporal_recency__High-N-Beg,78,0.7694178112997077
8__04_temporal_recency__High-N-End,107,0.9029239203934992
8__04_temporal_recency__High-N-Mid,53,0.8988627518414615
8__04_temporal_recency__High-P-Beg,81,0.7542237776654586
8__04_temporal_recency__High-P-End,63,0.9675279274793851
8__04_temporal_recency__High-P-Mid,118,0.8982270132524952
8__04_temporal_recency__High-T-Beg,124,0.9687541350465364
8__04_temporal_recency__High-T-End,71,0.731331544224882
8__04_temporal_recency__High-T-Mid,72,0.9607687148975045
8__04_temporal_recency__Low-N-Beg,224,0.7055513326339307
8__04_temporal_recency__Low-N-End,62,0.7737979010582978
8__04_temporal_recency__Low-N-Mid,58,0.7850129171533102
8__04_temporal_recency__Low-P-Beg,201,0.7670071807048158
8__04_temporal_recency__Low-P-End,57,0.706692298587205
8__04_temporal_recency__Low-P-Mid,112,0.8723367252755276
8__04_temporal_recency__Low-T-Beg,165,0.7491611083395493
8__04_temporal_recency__Low-T-End,114,0.8504689505538995
8__04_temporal_recency__Low-T-Mid,154,0.9097501133914716
8__04_temporal_recency__Medium-N-Beg,53,0.8269711091059696
8__04_temporal_recency__Medium-N-End,211,0.7390630331126966
8__04_temporal_recency__Medium-N-Mid,200,0.8374870524455397
8__04_temporal_recency__Medium-P-Beg,89,0.8112640797796962
8__04_temporal_recency__Medium-P-End,240,0.9697281879040325
8__04_temporal_recency__Medium-P-Mid,79,0.8550602281759515
8__04_temporal_recency__Medium-T-Beg,59,0.9885884272320643
8__04_temporal_recency__Medium-T-End,133,0.9099155111063516
8__04_temporal_recency__Medium-T-Mid,168,0.9225489752102429
8__05_stackmath_numerical__High-N-Beg,228,0.8957605358956924
8__05_stackmath_numerical__High-N-End,88,0.9860635242695529
8__05_stackmath_numerical__High-N-Mid,93,0.9345902808219841
8__05_stackmath_numerical__High-P-Beg,98,0.8025547517894208
8__05_stackmath_numerical__High-P-End,150,0.8097019367856901
8__05_stackmath_numerical__High-P-Mid,217,0.9840733452212451
8__05_stackmath_numerical__High-T-Beg,62,0.7544069394698021
8__05_stackmath_numerical__High-T-End,147,0.7739009468223436
8__05_stackmath_numerical__High-T-Mid,240,0.7406817983891734
8__05_stackmath_numerical__Low-N-Beg,122,0.7095275379176169
8__05_stackmath_numerical__Low-N-End,63,0.9420636367632192
8__05_stackmath_numerical__Low-N-Mid,249,0.7827983000422587
8__05_stackmath_numerical__Low-P-Beg,214,0.9634627470467904
8__05_stackmath_numerical__Low-P-End,154,0.7036858622646635
8__05_stackmath_numerical__Low-P-Mid,193,0.8914557339994317
8__05_stackmath_numerical__Low-T-Beg,162,0.7546788028011582
8__05_stackmath_numerical__Low-T-End,183,0.9874217379312931
8__05_stackmath_numerical__Low-T-Mid,98,0.790922770525658
8__05_stackmath_numerical__Medium-N-Beg,99,0.9075876774989506
8__05_stackmath_numerical__Medium-N-End,162,0.820043900328764
8__05_stackmath_numerical__Medium-N-Mid,84,0.7919487976265878
8__05_stackmath_numerical__Medium-P-Beg,175,0.7063073377731028
8__05_stackmath_numerical__Medium-P-End,144,0.8531713718533083
8__05_stackmath_numerical__Medium-P-Mid,213,0.9418202332847148
8__05_stackmath_numerical__Medium-T-Beg,90,0.7671314314416658
8__05_stackmath_numerical__Medium-T-End,97,0.7995376612191895
8__05_stackmath_numerical__Medium-T-Mid,229,0.7163000574956538
8__06_policy_compliance__High-N-Beg,89,0.922539004034839
8__06_policy_compliance__High-N-End,160,0.872335088599802
8__06_policy_compliance__High-N-Mid,84,0.797164300528294
8__06_policy_compliance__High-P-Beg,103,0.9532217215339223
8__06_policy_compliance__High-P-End,154,0.8132981646525104
8__06_policy_compliance__High-P-Mid,233,0.7116596878324217
8__06_policy_compliance__High-T-Beg,218,0.878000135961629
8__06_policy_compliance__High-T-End,164,0.975996818042649
8__06_policy_compliance__High-T-Mid,130,0.8606949525003346
8__06_policy_compliance__Low-N-Beg,185,0.842372689236291
8__06_policy_compliance__Low-N-End,205,0.9423529096348169
8__06_policy_compliance__Low-N-Mid,83,0.9892505245821637
8__06_policy_compliance__Low-P-Beg,244,0.8613779454786298
8__06_policy_compliance__Low-P-End,149,0.9769156315888738
8__06_policy_compliance__Low-P-Mid,174,0.9624270568678157
8__06_policy_compliance__Low-T-Beg,203,0.7304272716993248
8__06_policy_compliance__Low-T-End,205,0.9281529024923703
8__06_policy_compliance__Low-T-Mid,68,0.9475573206784674
8__06_policy_compliance__Medium-N-Beg,64,0.8777308786408451
8__06_policy_compliance__Medium-N-End,146,0.8464571075398035
8__06_policy_compliance__Medium-N-Mid,150,0.7490874774553605
8__06_policy_compliance__Medium-P-Beg,169,0.7705209925894008
8__06_policy_compliance__Medium-P-End,84,0.8477717968201628
8__06_policy_compliance__Medium-P-Mid,209,0.9656013362607381
8__06_policy_compliance__Medium-T-Beg,51,0.9666117856573301
8__06_policy_compliance__Medium-T-End,94,0.8224707271987745
8__06_policy_compliance__Medium-T-Mid,128,0.8372943888235979
8__07_expert_legal_med__High-N-Beg,83,0.7725927627699857
8__07_expert_legal_med__High-N-End,131,0.9699043884007394
8__07_expert_legal_med__High-N-Mid,85,0.8319692808538318
8__07_expert_legal_med__High-P-Beg,113,0.7438304682765795
8__07_expert_legal_med__High-P-End,212,0.7823474644739483
8__07_expert_legal_med__High-P-Mid,248,0.7321127102175081
8__07_expert_legal_med__High-T-Beg,58,0.8669159272786405
8__07_expert_legal_med__High-T-End,244,0.9743359483135143
8__07_expert_legal_med__High-T-Mid,113,0.7768933677504818
8__07_expert_legal_med__Low-N-Beg,215,0.850662236475733
8__07_expert_legal_med__Low-N-End,153,0.9230934063002763
8__07_expert_legal_med__Low-N-Mid,52,0.8587323751271955
8__07_expert_legal_med__Low-P-Beg,150,0.7676382721603023
8__07_expert_legal_med__Low-P-End,242,0.77622270160949
8__07_expert_legal_med__Low-P-Mid,159,0.8564405727668134
8__07_expert_legal_med__Low-T-Beg,95,0.8357042877927526
8__07_expert_legal_med__Low-T-End,134,0.7736484804030473
8__07_expert_legal_med__Low-T-Mid,190,0.9800368538574156
8__07_expert_legal_med__Medium-N-Beg,109,0.8508023012001174
8__07_expert_legal_med__Medium-N-End,180,0.7542759021446496
8__07_expert_legal_med__Medium-N-Mid,166,0.8210563568762729
8__07_expert_legal_med__Medium-P-Beg,177,0.7361917902079826
8__07_expert_legal_med__Medium-P-End,216,0.7119938623245852
8__07_expert_legal_med__Medium-P-Mid,164,0.8082142086507236
8__07_expert_legal_med__Medium-T-Beg,165,0.8443723081222643
8__07_expert_legal_med__Medium-T-End,103,0.8636823606334211
8__07_expert_legal_med__Medium-T-Mid,75,0.7694095289534791
9__01_nq_closed_book__High-N-Beg,58,0.7555875199516865
9__01_nq_closed_book__High-N-End,81,0.914710284550938
9__01_nq_closed_book__High-N-Mid,168,0.8420219790423965
9__01_nq_closed_book__High-P-Beg,137,0.8306549741142819
9__01_nq_closed_book__High-P-End,64,0.703158056473904
9__01_nq_closed_book__High-P-Mid,72,0.8839960061577375
9__01_nq_closed_book__High-T-Beg,132,0.9293823419539357
9__01_nq_closed_book__High-T-End,178,0.9550215255325804
9__01_nq_closed_book__High-T-Mid,131,0.9831473075486399
9__01_nq_closed_book__Low-N-Beg,85,0.7286305363273762
9__01_nq_closed_book__Low-N-End,242,0.7359379489958328
9__01_nq_closed_book__Low-N-Mid,184,0.8628822802168691
9__01_nq_closed_book__Low-P-Beg,82,0.903328682944207
9__01_nq_closed_book__Low-P-End,148,0.7029393560741707
9__01_nq_closed_book__Low-P-Mid,211,0.7218425159535409
9__01_nq_closed_book__Low-T-Beg,154,0.7213362950627709
9__01_nq_closed_book__Low-T-End,70,0.8819110407263506
9__01_nq_closed_book__Low-T-Mid,246,0.7619695372071633
9__01_nq_closed_book__Medium-N-Beg,244,0.987006110857218
9__01_nq_closed_book__Medium-N-End,180,0.8067664505190629
9__01_nq_closed_book__Medium-N-Mid,101,0.7451544160568946
9__01_nq_closed_book__Medium-P-Beg,92,0.9187969229629738
9__01_nq_closed_book__Medium-P-End,131,0.8710544251852582
9__01_nq_closed_book__Medium-P-Mid,242,0.7804775139827396
9__01_nq_closed_book__Medium-T-Beg,84,0.9823770978086219
9__01_nq_closed_book__Medium-T-End,107,0.8137172457486328
9__01_nq_closed_book__Medium-T-Mid,131,0.9767743251781194
9__02_hotpot_citation__High-N-Beg,136,0.8627797835556767
9__02_hotpot_citation__High-N-End,70,0.89862839716687
9__02_hotpot_citation__High-N-Mid,178,0.9386609853323092
9__02_hotpot_citation__High-P-Beg,71,0.9775189355402414
9__02_hotpot_citation__High-P-End,89,0.7615829133465087
9__02_hotpot_citation__High-P-Mid,85,0.9747358341323069
9__02_hotpot_citation__High-T-Beg,213,0.7354891196906331
9__02_hotpot_citation__High-T-End,129,0.8446053049735963
9__02_hotpot_citation__High-T-Mid,231,0.9434958650226748
9__02_hotpot_citation__Low-N-Beg,205,0.8698100951869867
9__02_hotpot_citation__Low-N-End,194,0.8153766087120349
9__02_hotpot_citation__Low-N-Mid,172,0.9288432693515898
9__02_hotpot_citation__Low-P-Beg,125,0.8102389175597038
9__02_hotpot_citation__Low-P-End,54,0.8854435501547384
9__02_hotpot_citation__Low-P-Mid,112,0.9158466231427904
9__02_hotpot_citation__Low-T-Beg,214,0.892476955478902
9__02_hotpot_citation__Low-T-End,65,0.9851784704084043
9__02_hotpot_citation__Low-T-Mid,191,0.8341227379656201
9__02_hotpot_citation__Medium-N-Beg,245,0.9543297675077645
9__02_hotpot_citation__Medium-N-End,226,0.9781367676473383
9__02_hotpot_citation__Medium-N-Mid,218,0.9619961191428787
9__02_hotpot_citation__Medium-P-Beg,198,0.9539961518147424
9__02_hotpot_citation__Medium-P-End,129,0.7267983378363185
9__02_hotpot_citation__Medium-P-Mid,142,0.8701743103494458
9__02_hotpot_citation__Medium-T-Beg,57,0.7056697319206352
9__02_hotpot_citation__Medium-T-End,97,0.7405333464777097
9__02_hotpot_citation__Medium-T-Mid,75,0.7277735813410481
9__03_novelhop_multihop__High-N-Beg,68,0.7717826823028586
9__03_novelhop_multihop__High-N-End,98,0.8663327442388955
9__03_novelhop_multihop__High-N-Mid,109,0.7813143846388576
9__03_novelhop_multihop__High-P-Beg,204,0.8612019711162374
9__03_novelhop_multihop__High-P-End,93,0.8151924210936033
9__03_novelhop_multihop__High-P-Mid,157,0.7150081742401989
9__03_novelhop_multihop__High-T-Beg,90,0.8412613421726876
9__03_novelhop_multihop__High-T-End,167,0.7467141439495522
9__03_novelhop_multihop__High-T-Mid,86,0.782775802276235
9__03_novelhop_multihop__Low-N-Beg,220,0.9799879070421118
9__03_novelhop_multihop__Low-N-End,127,0.8341039239674213
9__03_novelhop_multihop__Low-N-Mid,198,0.7147996883224309
9__03_novelhop_multihop__Low-P-Beg,52,0.7269148339982833
9__03_novelhop_multihop__Low-P-End,132,0.7697769625241573
9__03_novelhop_multihop__Low-P-Mid,190,0.731887744209011
9__03_novelhop_multihop__Low-T-Beg,142,0.8542056438670287
9__03_novelhop_multihop__Low-T-End,89,0.8339782059463088
9__03_novelhop_multihop__Low-T-Mid,51,0.7302911200845633
9__03_novelhop_multihop__Medium-N-Beg,127,0.7063760627687282
9__03_novelhop_multihop__Medium-N-End,235,0.8570725627314457
9__03_novelhop_multihop__Medium-N-Mid,139,0.8517568464603936
9__03_novelhop_multihop__Medium-P-Beg,84,0.8714855744266113
9__03_novelhop_multihop__Medium-P-End,116,0.8359567425294022
9__03_novelhop_multihop__Medium-P-Mid,150,0.7353636846269495
9__03_novelhop_multihop__Medium-T-Beg,204,0.8865187340913524
9__03_novelhop_multihop__Medium-T-End,220,0.7312361398516422
9__03_novelhop_multihop__Medium-T-Mid,66,0.8931906840249819
9__04_temporal_recency__High-N-Beg,65,0.8761295315346627
9__04_temporal_recency__High-N-End,246,0.7532311688296357
9__04_temporal_recency__High-N-Mid,180,0.8227236177603118
9__04_temporal_recency__High-P-Beg,249,0.701331142528981
9__04_temporal_recency__High-P-End,246,0.8977756092459435
9__04_temporal_recency__High-P-Mid,71,0.8753842415847882
9__04_temporal_recency__High-T-Beg,178,0.8066487937897634
9__04_temporal_recency__High-T-End,218,0.9678278418521836
9__04_temporal_recency__High-T-Mid,74,0.7663420427918336
9__04_temporal_recency__Low-N-Beg,186,0.9151413318473745
9__04_temporal_recency__Low-N-End,169,0.9877185107258979
9__04_temporal_recency__Low-N-Mid,192,0.9614087127952777
9__04_temporal_recency__Low-P-Beg,51,0.8800669070994604
9__04_temporal_recency__Low-P-End,171,0.8606069930188835
9__04_temporal_recency__Low-P-Mid,80,0.924593927122465
9__04_temporal_recency__Low-T-Beg,229,0.7987490397062673
9__04_temporal_recency__Low-T-End,185,0.897095196181597
9__04_temporal_recency__Low-T-Mid,125,0.8283458408068453
9__04_temporal_recency__Medium-N-Beg,78,0.803341492351755
9__04_temporal_recency__Medium-N-End,128,0.7547175355392137
9__04_temporal_recency__Medium-N-Mid,217,0.837014790184415
9__04_temporal_recency__Medium-P-Beg,196,0.8498460985753696
9__04_temporal_recency__Medium-P-End,77,0.8347659409873255
9__04_temporal_recency__Medium-P-Mid,186,0.8924385305748973
9__04_temporal_recency__Medium-T-Beg,167,0.7325832620131264
9__04_temporal_recency__Medium-T-End,216,0.7447161446761863
9__04_temporal_recency__Medium-T-Mid,186,0.9772414059517978
9__05_stackmath_numerical__High-N-Beg,72,0.7099824761313955
9__05_stackmath_numerical__High-N-End,176,0.8949556619951549
9__05_stackmath_numerical__High-N-Mid,78,0.9562619484762513
9__05_stackmath_numerical__High-P-Beg,143,0.7835977825272424
9__05_stackmath_numerical__High-P-End,107,0.7597073269079923
9__05_stackmath_numerical__High-P-Mid,115,0.7685207004795978
9__05_stackmath_numerical__High-T-Beg,154,0.7815729491662293
9__05_stackmath_numerical__High-T-End,128,0.7382530155495488
9__05_stackmath_numerical__High-T-Mid,93,0.8450486612416426
9__05_stackmath_numerical__Low-N-Beg,92,0.7174799876619589
9__05_stackmath_numerical__Low-N-End,99,0.7144603867778881
9__05_stackmath_numerical__Low-N-Mid,60,0.8952656148708625
9__05_stackmath_numerical__Low-P-Beg,53,0.9119903911552396
9__05_stackmath_numerical__Low-P-End,159,0.7369618247991037
9__05_stackmath_numerical__Low-P-Mid,75,0.7733159380979342
9__05_stackmath_numerical__Low-T-Beg,201,0.9492845279766803
9__05_stackmath_numerical__Low-T-End,169,0.7413643935825557
9__05_stackmath_numerical__Low-T-Mid,153,0.720902856074324
9__05_stackmath_numerical__Medium-N-Beg,224,0.8743804033929166
9__05_stackmath_numerical__Medium-N-End,147,0.8370910680791694
9__05_stackmath_numerical__Medium-N-Mid,220,0.8602214057111057
9__05_stackmath_numerical__Medium-P-Beg,135,0.7440081944606138
9__05_stackmath_numerical__Medium-P-End,234,0.8229751910434985
9__05_stackmath_numerical__Medium-P-Mid,174,0.9620247077954722
9__05_stackmath_numerical__Medium-T-Beg,80,0.8644393190815913
9__05_stackmath_numerical__Medium-T-End,59,0.9593596172395289
9__05_stackmath_numerical__Medium-T-Mid,129,0.8935149767667492
9__06_policy_compliance__High-N-Beg,235,0.7292218950841904
9__06_policy_compliance__High-N-End,90,0.9494613691087364
9__06_policy_compliance__High-N-Mid,213,0.7813373583964662
9__06_policy_compliance__High-P-Beg,134,0.8423503430216701
9__06_policy_compliance__High-P-End,136,0.8410001006179282
9__06_policy_compliance__High-P-Mid,144,0.9657709614555394
9__06_policy_compliance__High-T-Beg,134,0.7646078277567423
9__06_policy_compliance__High-T-End,84,0.7932893713098125
9__06_policy_compliance__High-T-Mid,218,0.7096074242998978
9__06_policy_compliance__Low-N-Beg,86,0.8827178118587684
9__06_policy_compliance__Low-N-End,214,0.7547154712773454
9__06_policy_compliance__Low-N-Mid,178,0.7579518272682244
9__06_policy_compliance__Low-P-Beg,56,0.9888675539403569
9__06_policy_compliance__Low-P-End,132,0.7204158802193029
9__06_policy_compliance__Low-P-Mid,209,0.9797305140908424
9__06_policy_compliance__Low-T-Beg,167,0.8163211565396317
9__06_policy_compliance__Low-T-End,138,0.769142536478479
9__06_policy_compliance__Low-T-Mid,202,0.9713155926498107
9__06_policy_compliance__Medium-N-Beg,165,0.8175201623521176
9__06_policy_compliance__Medium-N-End,117,0.8400861255515097
9__06_policy_compliance__Medium-N-Mid,64,0.9605809147995281
9__06_policy_compliance__Medium-P-Beg,106,0.9264507179945938
9__06_policy_compliance__Medium-P-End,88,0.7679738047928419
9__06_policy_compliance__Medium-P-Mid,238,0.7610487305652387
9__06_policy_compliance__Medium-T-Beg,231,0.9156184721218836
9__06_policy_compliance__Medium-T-End,191,0.8567558365117762
9__06_policy_compliance__Medium-T-Mid,115,0.828562185719119
9__07_expert_legal_med__High-N-Beg,69,0.8324316556283277
9__07_expert_legal_med__High-N-End,61,0.975894228924135
9__07_expert_legal_med__High-N-Mid,173,0.8681095801310175
9__07_expert_legal_med__High-P-Beg,58,0.9005290211173572
9__07_expert_legal_med__High-P-End,152,0.8884045958283674
9__07_expert_legal_med__High-P-Mid,50,0.7515074780092549
9__07_expert_legal_med__High-T-Beg,70,0.9167303607858249
9__07_expert_legal_med__High-T-End,106,0.9427584636026057
9__07_expert_legal_med__High-T-Mid,216,0.955542142057593
9__07_expert_legal_med__Low-N-Beg,177,0.904993031219004
9__07_expert_legal_med__Low-N-End,78,0.8082699736027419
9__07_expert_legal_med__Low-N-Mid,190,0.7630777494335196
9__07_expert_legal_med__Low-P-Beg,134,0.7375448536396486
9__07_expert_legal_med__Low-P-End,199,0.7285227408997144
9__07_expert_legal_med__Low-P-Mid,137,0.9630495771901677
9__07_expert_legal_med__Low-T-Beg,148,0.8633154453012744
9__07_expert_legal_med__Low-T-End,101,0.8444724931409262
9__07_expert_legal_med__Low-T-Mid,236,0.8541080985340868
9__07_expert_legal_med__Medium-N-Beg,107,0.7388084739377635
9__07_expert_legal_med__Medium-N-End,103,0.9777065136181535
9__07_expert_legal_med__Medium-N-Mid,242,0.9677101668335928
9__07_expert_legal_med__Medium-P-Beg,201,0.9680460980953315
9__07_expert_legal_med__Medium-P-End,144,0.7829109671636876
9__07_expert_legal_med__Medium-P-Mid,54,0.7824925456974263
9__07_expert_legal_med__Medium-T-Beg,54,0.7694265261073957
9__07_expert_legal_med__Medium-T-End,197,0.7049923737164558
9__07_expert_legal_med__Medium-T-Mid,183,0.774242481322017
row_0__01_nq_closed_book__Low-N-Beg,67,0.8422804736915955
row_10__01_nq_closed_book__Medium-N-Mid,247,0.8219738841048462
row_11__01_nq_closed_book__Medium-N-End,103,0.7858768367116074
row_12__01_nq_closed_book__Medium-T-Beg,55,0.8019102032332883
row_13__01_nq_closed_book__Medium-T-Mid,110,0.957571219089203
row_1416__04_temporal_recency__Low-N-Beg,65,0.8325916277847574
row_1417__04_temporal_recency__Low-N-Mid,115,0.7054814511309367
row_1418__04_temporal_recency__Low-N-End,141,0.7969486597119448
row_1419__04_temporal_recency__Low-T-Beg,150,0.8824950227312562
row_1420__04_temporal_recency__Low-T-Mid,184,0.9129042571780709
row_1421__04_temporal_recency__Low-T-End,191,0.8623828019886897
row_1422__04_temporal_recency__Low-P-Beg,67,0.7010822277640844
row_1423__04_temporal_recency__Low-P-Mid,221,0.9679293115793428
row_1424__04_temporal_recency__Low-P-End,100,0.906191655096496
row_1425__04_temporal_recency__Medium-N-Beg,65,0.9426843194865754
row_1426__04_temporal_recency__Medium-N-Mid,144,0.9270919452194822
row_1427__04_temporal_recency__Medium-N-End,227,0.8173677219434844
row_1428__04_temporal_recency__Medium-T-Beg,135,0.9292292960586539
row_1429__04_temporal_recency__Medium-T-Mid,230,0.704222129752451
row_1430__04_temporal_recency__Medium-T-End,199,0.7442174084882182
row_1431__04_temporal_recency__Medium-P-Beg,191,0.9628222938041461
row_1432__04_temporal_recency__Medium-P-Mid,88,0.7873666164627251
row_1433__04_temporal_recency__Medium-P-End,202,0.8116479553271839
row_1434__04_temporal_recency__High-N-Beg,229,0.9375495048823562
row_1435__04_temporal_recency__High-N-Mid,205,0.8143169422793586
row_1436__04_temporal_recency__High-N-End,233,0.9158617443385864
row_1437__04_temporal_recency__High-T-Beg,84,0.8059705109985834
row_1438__04_temporal_recency__High-T-Mid,77,0.8951386750419761
row_1439__04_temporal_recency__High-T-End,108,0.7943173218809301
row_1440__04_temporal_recency__High-P-Beg,110,0.827915129268312
row_1441__04_temporal_recency__High-P-Mid,62,0.7709799859150333
row_1442__04_temporal_recency__High-P-End,214,0.899148488217457
row_14__01_nq_closed_book__Medium-T-End,203,0.7202421941254752
row_15__01_nq_closed_book__Medium-P-Beg,89,0.755323429541359
row_16__01_nq_closed_book__Medium-P-Mid,193,0.9846479075021373
row_17__01_nq_closed_book__Medium-P-End,208,0.8294379679208611
row_18__01_nq_closed_book__High-N-Beg,117,0.7637409019033792
row_1954__05_stackmath_numerical__Low-N-Beg,232,0.869812017699617
row_1955__05_stackmath_numerical__Low-N-Mid,226,0.9370155467871388
row_1956__05_stackmath_numerical__Low-N-End,173,0.7369017942692964
row_1957__05_stackmath_numerical__Low-T-Beg,224,0.8518524831654629
row_1958__05_stackmath_numerical__Low-T-Mid,228,0.8465164729244868
row_1959__05_stackmath_numerical__Low-T-End,52,0.7586735257501629
row_1960__05_stackmath_numerical__Low-P-Beg,120,0.9722625409191681
row_1961__05_stackmath_numerical__Low-P-Mid,129,0.8595167182341419
row_1962__05_stackmath_numerical__Low-P-End,65,0.8395881043117399
row_1963__05_stackmath_numerical__Medium-N-Beg,174,0.7983492280191454
row_1964__05_stackmath_numerical__Medium-N-Mid,212,0.7220878749462074
row_1965__05_stackmath_numerical__Medium-N-End,62,0.7324196347254319
row_1966__05_stackmath_numerical__Medium-T-Beg,241,0.8479468686198576
row_1967__05_stackmath_numerical__Medium-T-Mid,139,0.8428578771747163
row_1968__05_stackmath_numerical__Medium-T-End,111,0.8407441603310095
row_1969__05_stackmath_numerical__Medium-P-Beg,218,0.7570147570297503
row_1970__05_stackmath_numerical__Medium-P-Mid,226,0.8467633235163292
row_1971__05_stackmath_numerical__Medium-P-End,207,0.8680458860426703
row_1972__05_stackmath_numerical__High-N-Beg,81,0.9318241098968111
row_1973__05_stackmath_numerical__High-N-Mid,102,0.9147531717241072
row_1974__05_stackmath_numerical__High-N-End,75,0.7653962851166571
row_1975__05_stackmath_numerical__High-T-Beg,205,0.8988298842294296
row_1976__05_stackmath_numerical__High-T-Mid,106,0.8387439243562979
row_1977__05_stackmath_numerical__High-T-End,243,0.9407246129387975
row_1978__05_stackmath_numerical__High-P-Beg,121,0.7191235836016244
row_1979__05_stackmath_numerical__High-P-Mid,237,0.9201843919101217
row_1980__05_stackmath_numerical__High-P-End,118,0.9012059891425567
row_19__01_nq_closed_book__High-N-Mid,129,0.8936291820859668
row_1__01_nq_closed_book__Low-N-Mid,83,0.9588662868448333
row_20__01_nq_closed_book__High-N-End,150,0.958805019329578
row_21__01_nq_closed_book__High-T-Beg,143,0.8712330738481938
row_22__01_nq_closed_book__High-T-Mid,121,0.7907609161412604
row_23__01_nq_closed_book__High-T-End,77,0.9240231413680704
row_2494__06_policy_compliance__Low-N-Beg,196,0.8624744322131002
row_2495__06_policy_compliance__Low-N-Mid,96,0.7286450785306572
row_2496__06_policy_compliance__Low-N-End,152,0.8569024625786212
row_2497__06_policy_compliance__Low-T-Beg,93,0.876552768790734
row_2498__06_policy_compliance__Low-T-Mid,198,0.9251149016117788
row_2499__06_policy_compliance__Low-T-End,242,0.9878238842607062
row_24__01_nq_closed_book__High-P-Beg,170,0.9493910896585159
row_2500__06_policy_compliance__Low-P-Beg,142,0.896683592416402
row_2501__06_policy_compliance__Low-P-Mid,156,0.8252583474593729
row_2502__06_policy_compliance__Low-P-End,140,0.7763426943200029
row_2503__06_policy_compliance__Medium-N-Beg,72,0.9177757497794552
row_2504__06_policy_compliance__Medium-N-Mid,228,0.806311002180754
row_2505__06_policy_compliance__Medium-N-End,78,0.7188746877172735
row_2506__06_policy_compliance__Medium-T-Beg,100,0.8570348356635333
row_2507__06_policy_compliance__Medium-T-Mid,94,0.8894848922797727
row_2508__06_policy_compliance__Medium-T-End,163,0.7671492003871083
row_2509__06_policy_compliance__Medium-P-Beg,216,0.8638535805420444
row_2510__06_policy_compliance__Medium-P-Mid,239,0.8893126548096103
row_2511__06_policy_compliance__Medium-P-End,220,0.8148365292329717
row_2512__06_policy_compliance__High-N-Beg,135,0.8880202429571245
row_2513__06_policy_compliance__High-N-Mid,140,0.7181536642708553
row_2514__06_policy_compliance__High-N-End,147,0.9679174187625976
row_2515__06_policy_compliance__High-T-Beg,59,0.8739724652942668
row_2516__06_policy_compliance__High-T-Mid,169,0.7173105248363734
row_2517__06_policy_compliance__High-T-End,181,0.910353316642818
row_2518__06_policy_compliance__High-P-Beg,72,0.8055718050959557
row_2519__06_policy_compliance__High-P-Mid,208,0.7473087265955822
row_2520__06_policy_compliance__High-P-End,166,0.7833430141586114
row_25__01_nq_closed_book__High-P-Mid,94,0.910649034536082
row_26__01_nq_closed_book__High-P-End,204,0.8998990574741734
row_2__01_nq_closed_book__Low-N-End,72,0.9111433176462633
row_3034__07_expert_legal_med__Low-N-Beg,226,0.7204989900241718
row_3035__07_expert_legal_med__Low-N-Mid,77,0.9192280910401553
row_3036__07_expert_legal_med__Low-N-End,103,0.9754084742469911
row_3037__07_expert_legal_med__Low-T-Beg,236,0.9511021037847761
row_3038__07_expert_legal_med__Low-T-Mid,79,0.8564623854010558
row_3039__07_expert_legal_med__Low-T-End,102,0.9064023979674426
row_3040__07_expert_legal_med__Low-P-Beg,229,0.8787452741436503
row_3041__07_expert_legal_med__Low-P-Mid,80,0.7193291828700853
row_3042__07_expert_legal_med__Low-P-End,60,0.7579510096224671
row_3043__07_expert_legal_med__Medium-N-Beg,224,0.9856502828243774
row_3044__07_expert_legal_med__Medium-N-Mid,139,0.8305570173479029
row_3045__07_expert_legal_med__Medium-N-End,212,0.803993444701319
row_3046__07_expert_legal_med__Medium-T-Beg,90,0.889333599466626
row_3047__07_expert_legal_med__Medium-T-Mid,67,0.7682896005423572
row_3048__07_expert_legal_med__Medium-T-End,98,0.8872841156148956
row_3049__07_expert_legal_med__Medium-P-Beg,237,0.7136133691143333
row_3050__07_expert_legal_med__Medium-P-Mid,241,0.7574663017764168
row_3051__07_expert_legal_med__Medium-P-End,158,0.9041890168726736
row_3052__07_expert_legal_med__High-N-Beg,99,0.9157989564246822
row_3053__07_expert_legal_med__High-N-Mid,219,0.716824770929309
row_3054__07_expert_legal_med__High-N-End,67,0.7952363366344457
row_3055__07_expert_legal_med__High-T-Beg,73,0.7264132612043278
row_3056__07_expert_legal_med__High-T-Mid,143,0.8685406913804712
row_3057__07_expert_legal_med__High-T-End,84,0.9404726961458973
row_3058__07_expert_legal_med__High-P-Beg,54,0.7490790690710035
row_3059__07_expert_legal_med__High-P-Mid,199,0.9259959693673347
row_3060__07_expert_legal_med__High-P-End,242,0.932983195233196
row_336__02_hotpot_citation__Low-N-Beg,110,0.7794957062934736
row_337__02_hotpot_citation__Low-N-Mid,150,0.7310502098014383
row_338__02_hotpot_citation__Low-N-End,148,0.8680517373976997
row_339__02_hotpot_citation__Low-T-Beg,165,0.7815276139758902
row_340__02_hotpot_citation__Low-T-Mid,130,0.8184364061526146
row_341__02_hotpot_citation__Low-T-End,98,0.8785020690325935
row_342__02_hotpot_citation__Low-P-Beg,62,0.7207504027673829
row_343__02_hotpot_citation__Low-P-Mid,208,0.8641357806042208
row_344__02_hotpot_citation__Low-P-End,131,0.8194983047948935
row_345__02_hotpot_citation__Medium-N-Beg,181,0.852341830059436
row_346__02_hotpot_citation__Medium-N-Mid,50,0.7143515350619801
row_347__02_hotpot_citation__Medium-N-End,75,0.729408282041796
row_348__02_hotpot_citation__Medium-T-Beg,188,0.8539984620637575
row_349__02_hotpot_citation__Medium-T-Mid,176,0.7541999245184919
row_350__02_hotpot_citation__Medium-T-End,79,0.8978282975929183
row_351__02_hotpot_citation__Medium-P-Beg,50,0.8377191808797477
row_352__02_hotpot_citation__Medium-P-Mid,212,0.7072853886937871
row_353__02_hotpot_citation__Medium-P-End,87,0.8461600466399793
row_354__02_hotpot_citation__High-N-Beg,186,0.7885066007707081
row_355__02_hotpot_citation__High-N-Mid,72,0.7534199503719134
row_356__02_hotpot_citation__High-N-End,222,0.9675732378919504
row_357__02_hotpot_citation__High-T-Beg,66,0.9375105852579152
row_358__02_hotpot_citation__High-T-Mid,156,0.9823254449470393
row_359__02_hotpot_citation__High-T-End,207,0.7778499185643203
row_360__02_hotpot_citation__High-P-Beg,166,0.802550231714856
row_361__02_hotpot_citation__High-P-Mid,175,0.8800074712740859
row_362__02_hotpot_citation__High-P-End,231,0.9491224032737882
row_3__01_nq_closed_book__Low-T-Beg,215,0.9677837523860515
row_4__01_nq_closed_book__Low-T-Mid,127,0.8373143403355281
row_5__01_nq_closed_book__Low-T-End,81,0.9015696937820911
row_6__01_nq_closed_book__Low-P-Beg,65,0.8095502113216573
row_7__01_nq_closed_book__Low-P-Mid,219,0.7202275605795069
row_876__03_novelhop_multihop__Low-N-Beg,59,0.9580913395964394
row_877__03_novelhop_multihop__Low-N-Mid,202,0.9753957840181269
row_878__03_novelhop_multihop__Low-N-End,210,0.7482126918635208
row_879__03_novelhop_multihop__Low-T-Beg,174,0.9792112819442063
row_880__03_novelhop_multihop__Low-T-Mid,147,0.8911891848751302
row_881__03_novelhop_multihop__Low-T-End,102,0.7384115767869672
row_882__03_novelhop_multihop__Low-P-Beg,205,0.9308176229438686
row_883__03_novelhop_multihop__Low-P-Mid,169,0.8084181165876002
row_884__03_novelhop_multihop__Low-P-End,118,0.9306342600385553
row_885__03_novelhop_multihop__Medium-N-Beg,127,0.724559338900912
row_886__03_novelhop_multihop__Medium-N-Mid,183,0.8285585269473545
row_887__03_novelhop_multihop__Medium-N-End,243,0.9209216995669464
row_888__03_novelhop_multihop__Medium-T-Beg,139,0.9784581844616818
row_889__03_novelhop_multihop__Medium-T-Mid,173,0.8806811633523699
row_890__03_novelhop_multihop__Medium-T-End,157,0.8558165928862091
row_891__03_novelhop_multihop__Medium-P-Beg,89,0.8240186420235072
row_892__03_novelhop_multihop__Medium-P-Mid,248,0.9759445201305272
row_893__03_novelhop_multihop__Medium-P-End,213,0.7826416675091016
row_894__03_novelhop_multihop__High-N-Beg,235,0.805732685052654
row_895__03_novelhop_multihop__High-N-Mid,155,0.854976363707768
row_896__03_novelhop_multihop__High-N-End,62,0.8498615852397956
row_897__03_novelhop_multihop__High-T-Beg,75,0.7533283510958259
row_898__03_novelhop_multihop__High-T-Mid,213,0.9849101420585693
row_899__03_novelhop_multihop__High-T-End,201,0.9420918024814611
row_8__01_nq_closed_book__Low-P-End,170,0.9834742049959287
row_900__03_novelhop_multihop__High-P-Beg,191,0.9351174234900503
row_901__03_novelhop_multihop__High-P-Mid,163,0.7085388596808361
row_902__03_novelhop_multihop__High-P-End,203,0.9629227280878112
row_9__01_nq_closed_book__Medium-N-Beg,111,0.845049991286567
