domain,question_id,config,interference_score_lexical_wrt_distractors,evidence_overlap_ratio,hallu_score,distractor_density,evid_overlap_ngram,evid_overlap_emb,total_response_tokens,interference_token_hits,att_avg_entropy,attention_entropy,cross_attention_mass_to_gold,distractor_attention_max,hallucination_score,distractor_density_chunk,chunk_hallu_score,evidence_overlap_emb,seq_len,resp_len,gold_len,dist_len,cross_attention_mass_to_gold_raw,gold_found,dist_found,gold_available
01_nq_closed_book,0,Low-N-Beg,0.3127561942651456,0.34023925724128884,0.247276688453159,2.0,0.041462808679293486,0.34023925724128884,19.88888888888889,0.2222222222222222,2.5589549974961714,,,0.2510764382102273,0.3516796122897755,0.33,0.6483203877102245,0.34023925724128884,813.4545454545455,31.454545454545453,131.0,630.0,175.9431818181818,1.0,1.0,1.0
01_nq_closed_book,0,Low-N-End,0.217391304347826,0.8445245623588562,0.0869565217391304,2.0,0.0260869565217391,0.8445245623588562,27.0,1.0,2.017897844314575,,,0.40869140625,0.1422467231750488,0.33,0.8577532768249512,0.8445245623588562,762.0,42.0,0.0,707.0,0.0,0.0,1.0,0.0
01_nq_closed_book,0,Low-N-Mid,0.4,0.7140223383903503,0.0666666666666666,2.0,0.009090909090909,0.7140223383903503,16.0,3.0,2.1904313564300537,,,0.445068359375,0.1803726553916931,0.33,0.8196273446083069,0.7140223383903503,748.0,25.0,0.0,710.0,0.0,0.0,1.0,0.0
01_nq_closed_book,0,Low-P-Beg,0.4188556561458575,0.3590990616939962,0.18541666666666667,2.0,0.05529018637425711,0.3590990616939962,22.5,2.625,2.6179701328277587,,,0.3285888671875,0.3288968354463577,0.33,0.6711031645536423,0.3590990616939962,796.0,37.0,189.0,549.0,100.975,1.0,1.0,1.0
01_nq_closed_book,0,Low-P-End,0.8456140350877193,0.4834470848242442,0.44093567251461985,2.0,0.0,0.4834470848242442,19.333333333333332,5.0,2.371931870778402,,,0.3841145833333333,0.31278524796168,0.33,0.6872147520383199,0.4834470848242442,614.6666666666666,28.666666666666668,0.0,573.0,0.0,0.0,1.0,0.0
01_nq_closed_book,0,Low-P-Mid,0.5781007751937984,0.41166762113571165,0.3674612403100775,2.0,0.014300350507247019,0.41166762113571165,31.0,4.8,2.3696008920669556,,,0.3961588541666667,0.2949336667855581,0.33,0.7050663332144419,0.41166762113571165,573.5,36.5,0.0,524.0,0.0,0.0,1.0,0.0
01_nq_closed_book,0,Low-T-Beg,0.4186507936507936,0.37869497016072273,0.2787698412698413,2.0,0.015847665847665823,0.37869497016072273,18.25,1.75,2.223185956478119,,,0.40020751953125,0.3064792454242706,0.33,0.6935207545757294,0.37869497016072273,552.25,24.25,0.0,515.0,0.0,0.0,1.0,0.0
01_nq_closed_book,0,Low-T-End,0.37670807453416144,0.4106662034988403,0.19726708074534163,2.0,0.031319507586108616,0.4106662034988403,22.0,2.6,2.2422016620635987,,,0.361865234375,0.3254610359668731,0.33,0.6745389640331269,0.4106662034988403,607.6,28.6,0.0,566.0,0.0,0.0,1.0,0.0
01_nq_closed_book,0,Low-T-Mid,0.8661640211640211,0.47646144926548006,0.5078306878306877,2.0,0.0017391304347826,0.47646144926548006,25.0,8.0,2.3863203525543213,,,0.411962890625,0.35150618553161617,0.33,0.6484938144683838,0.47646144926548006,585.2,37.2,0.0,535.0,0.0,0.0,1.0,0.0
01_nq_closed_book,0,Medium-N-Beg,0.39560799410343844,0.3666225275956094,0.20163753907360044,2.0,0.05000567369004368,0.3666225275956094,22.5,1.25,2.6929849863052366,,,0.339892578125,0.3194968909025192,0.67,0.6805031090974808,0.3666225275956094,2036.9,34.9,122.0,1859.0,96.478125,1.0,1.0,1.0
01_nq_closed_book,0,Medium-N-End,0.2666666666666666,0.7140223383903503,0.0666666666666666,2.0,0.009090909090909,0.7140223383903503,16.0,0.0,2.394256591796875,,,0.455810546875,0.1803726553916931,0.67,0.8196273446083069,0.7140223383903503,1966.0,25.0,0.0,1928.0,0.0,0.0,1.0,0.0
01_nq_closed_book,0,Medium-N-Mid,0.3333333333333333,0.7140223383903503,0.0666666666666666,2.0,0.009090909090909,0.7140223383903503,16.0,1.0,2.369765281677246,,,0.4248046875,0.1803726553916931,0.67,0.8196273446083069,0.7140223383903503,1988.0,25.0,0.0,1950.0,0.0,0.0,1.0,0.0
01_nq_closed_book,0,Medium-P-Beg,0.5418402861071232,0.3745501616762744,0.14270152505446623,2.0,0.049275780947639666,0.3745501616762744,20.444444444444443,2.4444444444444446,2.713229547847401,,,0.3616388494318182,0.3291346674615686,0.6699999999999999,0.6708653325384314,0.3745501616762744,1729.1818181818182,35.18181818181818,189.0,1484.0,66.94744318181819,1.0,1.0,1.0
01_nq_closed_book,0,Medium-P-End,0.9880952380952381,0.39733579754829407,0.5047619047619047,2.0,0.00221238938053095,0.39733579754829407,21.75,7.5,2.6002864241600037,,,0.41387939453125,0.3822589069604873,0.67,0.6177410930395126,0.39733579754829407,1589.5,29.5,0.0,1547.0,0.0,0.0,1.0,0.0
01_nq_closed_book,0,Medium-P-Mid,1.0,0.37364282307680696,0.5348473136480859,2.0,0.0,0.37364282307680696,19.625,7.125,2.9048326280381946,,,0.4415690104166667,0.3547203474574618,0.67,0.6452796525425382,0.37364282307680696,1745.888888888889,31.88888888888889,0.0,1701.0,0.0,0.0,1.0,0.0
01_nq_closed_book,0,Medium-T-Beg,0.7341654531585882,0.44074374437332153,0.16356470887363334,2.0,0.0258693425596892,0.44074374437332153,22.8,6.0,2.5310972213745115,,,0.4236328125,0.2977178454399108,0.67,0.7022821545600891,0.44074374437332153,1601.8,30.8,0.0,1558.0,0.0,0.0,1.0,0.0
01_nq_closed_book,0,Medium-T-End,0.8725490196078431,0.3840379230678081,0.5647574819401445,2.0,0.0021551724137931,0.3840379230678081,21.0,7.0,2.6941710710525513,,,0.40289306640625,0.3394808173179626,0.67,0.6605191826820374,0.3840379230678081,1639.75,31.75,0.0,1595.0,0.0,0.0,1.0,0.0
01_nq_closed_book,0,Medium-T-Mid,0.9501008308461725,0.4537890298025949,0.4503802443243437,2.0,0.0025284450063211,0.4537890298025949,21.714285714285715,7.0,2.747943469456264,,,0.4285365513392857,0.420641941683633,0.6700000000000002,0.579358058316367,0.4537890298025949,1440.142857142857,29.142857142857142,0.0,1398.0,0.0,0.0,1.0,0.0
01_nq_closed_book,1,Low-N-Beg,0.3333333333333333,0.6356182098388672,0.4,2.0,0.0,0.6356182098388672,18.0,1.0,2.0971055030822754,,,0.410888671875,0.7789488732814789,0.33,0.2210511267185211,0.6356182098388672,638.0,24.0,0.0,601.0,0.0,0.0,1.0,0.0
01_nq_closed_book,1,Low-N-End,0.3,0.6537652015686035,0.45,2.0,0.0,0.6537652015686035,25.0,1.0,2.206150770187378,,,0.46240234375,0.5357462763786316,0.33,0.4642537236213684,0.6537652015686035,726.0,35.0,0.0,678.0,0.0,0.0,1.0,0.0
01_nq_closed_book,1,Low-N-Mid,0.3,0.6537652015686035,0.45,2.0,0.0,0.6537652015686035,25.0,1.0,2.2407734394073486,,,0.494140625,0.5373607277870178,0.33,0.4626392722129822,0.6537652015686035,731.0,35.0,0.0,683.0,0.0,0.0,1.0,0.0
01_nq_closed_book,1,Low-P-Beg,0.7692307692307693,0.6399344801902771,0.2307692307692307,2.0,0.0,0.6399344801902771,16.0,6.0,2.3747079372406006,,,0.4091796875,0.7360167801380157,0.33,0.2639832198619842,0.6399344801902771,579.0,26.0,0.0,540.0,0.0,0.0,1.0,0.0
01_nq_closed_book,1,Low-P-End,0.8,0.5157088935375214,0.47777777777777775,2.0,0.0,0.5157088935375214,13.5,4.5,2.1671653985977173,,,0.3658447265625,0.6576018184423447,0.33,0.34239818155765533,0.5157088935375214,535.0,19.0,0.0,503.0,0.0,0.0,1.0,0.0
01_nq_closed_book,1,Low-P-Mid,0.9234567901234567,0.4175730124115944,0.7861412943972284,2.0,0.0,0.4175730124115944,16.444444444444443,8.0,2.585395574569702,,,0.4471028645833333,0.8200474708444543,0.33,0.17995252915554574,0.4175730124115944,589.2222222222222,29.22222222222222,0.0,547.0,0.0,0.0,1.0,0.0
01_nq_closed_book,1,Low-T-Beg,0.45,0.6537652015686035,0.45,2.0,0.0,0.6537652015686035,25.0,6.0,2.1984384059906006,,,0.427734375,0.5357462763786316,0.33,0.4642537236213684,0.6537652015686035,615.0,35.0,0.0,567.0,0.0,0.0,1.0,0.0
01_nq_closed_book,1,Low-T-End,0.2941176470588235,0.6502905488014221,0.4705882352941176,2.0,0.0,0.6502905488014221,20.0,3.0,2.2250990867614746,,,0.443115234375,0.5238815248012543,0.33,0.4761184751987457,0.6502905488014221,569.0,30.0,0.0,526.0,0.0,0.0,1.0,0.0
01_nq_closed_book,1,Low-T-Mid,0.3529411764705882,0.6502905488014221,0.4705882352941176,2.0,0.0,0.6502905488014221,20.0,4.0,2.254504442214966,,,0.423095703125,0.5238815248012543,0.33,0.4761184751987457,0.6502905488014221,557.0,30.0,0.0,514.0,0.0,0.0,1.0,0.0
01_nq_closed_book,1,Medium-N-Beg,0.4,0.6356182098388672,0.4,2.0,0.0,0.6356182098388672,18.0,2.0,2.4861819744110107,,,0.497802734375,0.7789488732814789,0.67,0.2210511267185211,0.6356182098388672,1957.0,24.0,0.0,1920.0,0.0,0.0,1.0,0.0
01_nq_closed_book,1,Medium-N-End,0.3333333333333333,0.650226354598999,0.4761904761904761,2.0,0.0,0.650226354598999,26.0,1.0,2.520993709564209,,,0.50537109375,0.5703732073307037,0.67,0.4296267926692962,0.650226354598999,1967.0,38.0,0.0,1916.0,0.0,0.0,1.0,0.0
01_nq_closed_book,1,Medium-N-Mid,0.3,0.6537652015686035,0.45,2.0,0.0,0.6537652015686035,25.0,2.0,2.452547550201416,,,0.466064453125,0.5373607277870178,0.67,0.4626392722129822,0.6537652015686035,2000.0,35.0,0.0,1952.0,0.0,0.0,1.0,0.0
01_nq_closed_book,1,Medium-P-Beg,0.95,0.471187025308609,0.5578947368421052,2.0,0.0032258064516129,0.471187025308609,16.5,9.0,2.635939598083496,,,0.4395751953125,0.7608570754528046,0.67,0.23914292454719538,0.471187025308609,1539.0,24.0,0.0,1502.0,0.0,0.0,1.0,0.0
01_nq_closed_book,1,Medium-P-End,1.0,0.5993854403495789,0.2307692307692307,2.0,0.0066225165562913,0.5993854403495789,14.0,10.0,2.5204946994781494,,,0.39892578125,0.704042911529541,0.67,0.295957088470459,0.5993854403495789,1494.0,20.0,0.0,1461.0,0.0,0.0,1.0,0.0
01_nq_closed_book,1,Medium-P-Mid,0.8825396825396825,0.5127167999744415,0.48730158730158724,2.0,0.0022222222222222,0.5127167999744415,17.0,6.333333333333333,2.651024103164673,,,0.43359375,0.7992548421025276,0.67,0.20074515789747233,0.5127167999744415,1507.0,24.0,0.0,1470.0,0.0,0.0,1.0,0.0
01_nq_closed_book,1,Medium-T-Beg,0.45,0.6537652015686035,0.45,2.0,0.0,0.6537652015686035,25.0,6.0,2.2801764011383057,,,0.406494140625,0.5373607277870178,0.67,0.4626392722129822,0.6537652015686035,1426.0,35.0,0.0,1378.0,0.0,0.0,1.0,0.0
01_nq_closed_book,1,Medium-T-End,0.3529411764705882,0.6502905488014221,0.4705882352941176,2.0,0.0,0.6502905488014221,20.0,4.0,2.46382737159729,,,0.416748046875,0.5238815248012543,0.67,0.4761184751987457,0.6502905488014221,1515.0,30.0,0.0,1472.0,0.0,0.0,1.0,0.0
01_nq_closed_book,1,Medium-T-Mid,0.4117647058823529,0.6502905488014221,0.4705882352941176,2.0,0.0,0.6502905488014221,20.0,5.0,2.419193744659424,,,0.415771484375,0.5238815248012543,0.67,0.4761184751987457,0.6502905488014221,1480.0,30.0,0.0,1437.0,0.0,0.0,1.0,0.0
01_nq_closed_book,2,Low-N-Beg,0.24323232323232322,0.5426055997610092,0.4794949494949495,2.0,0.0038461538461538403,0.5426055997610092,19.6,0.0,2.203843879699707,,,0.36103515625,0.3940569758415222,0.33,0.6059430241584778,0.5426055997610092,749.0,30.0,0.0,706.0,0.0,0.0,1.0,0.0
01_nq_closed_book,2,Low-N-End,0.20128824476650553,0.6573613584041595,0.43961352657004826,2.0,0.0135990906876674,0.6573613584041595,30.5,0.0,2.300419569015503,,,0.3712158203125,0.3550243973731994,0.33,0.6449756026268005,0.6573613584041595,749.5,41.5,0.0,695.0,0.0,0.0,1.0,0.0
01_nq_closed_book,2,Low-N-Mid,0.3094507368164657,0.6057795807719231,0.3890330045061503,2.0,0.00476190476190475,0.6057795807719231,22.25,0.5,2.2009249329566956,,,0.37939453125,0.3650708794593811,0.33,0.6349291205406189,0.6057795807719231,653.5,33.5,0.0,607.0,0.0,0.0,1.0,0.0
01_nq_closed_book,2,Low-P-Beg,0.611617183985605,0.5197830572724342,0.4357456140350877,2.0,0.0048076923076923,0.5197830572724342,19.75,3.75,2.209145188331604,,,0.35577392578125,0.4528555795550346,0.33,0.5471444204449654,0.5197830572724342,564.75,27.75,0.0,524.0,0.0,0.0,1.0,0.0
01_nq_closed_book,2,Low-P-End,0.98,0.4434835910797119,0.5390489130434782,2.0,0.00476190476190475,0.4434835910797119,24.0,9.5,2.3355435132980347,,,0.35211181640625,0.4553863182663917,0.33,0.5446136817336082,0.4434835910797119,549.5,32.5,0.0,504.0,0.0,0.0,1.0,0.0
01_nq_closed_book,2,Low-P-Mid,1.0,0.38906678557395935,0.6389715736065481,2.0,0.0024420024420024286,0.38906678557395935,22.285714285714285,8.571428571428571,2.5576865673065186,,,0.39422607421875,0.3929335661232471,0.33,0.6070664338767529,0.38906678557395935,548.75,32.75,0.0,503.0,0.0,0.0,1.0,0.0
01_nq_closed_book,2,Low-T-Beg,0.6676937441643324,0.5260373737130847,0.5009563123495012,2.0,0.002721088435374143,0.5260373737130847,19.142857142857142,3.7142857142857144,2.333957161222185,,,0.38668387276785715,0.38610391957419254,0.33,0.6138960804258075,0.5260373737130847,619.1428571428571,30.142857142857142,0.0,576.0,0.0,0.0,1.0,0.0
01_nq_closed_book,2,Low-T-End,0.8541998231653404,0.5545557290315628,0.5265141467727674,2.0,0.00476190476190475,0.5545557290315628,26.0,7.75,2.3300598859786987,,,0.3701171875,0.4128532260656357,0.33,0.5871467739343643,0.5545557290315628,627.0,38.0,0.0,576.0,0.0,0.0,1.0,0.0
01_nq_closed_book,2,Low-T-Mid,0.6486928104575164,0.5775010585784912,0.45278458605664484,2.0,0.00476190476190475,0.5775010585784912,22.75,5.0,2.2473660707473755,,,0.3739013671875,0.3981795981526375,0.33,0.6018204018473625,0.5775010585784912,610.25,37.25,0.0,560.0,0.0,0.0,1.0,0.0
01_nq_closed_book,2,Medium-N-Beg,0.38406862745098036,0.5250586979091167,0.3188725490196078,2.0,0.011837376460017951,0.5250586979091167,16.75,0.25,2.4742517471313477,,,0.41046142578125,0.3926791250705719,0.67,0.6073208749294281,0.5250586979091167,1889.0,25.0,0.0,1851.0,0.0,0.0,1.0,0.0
01_nq_closed_book,2,Medium-N-End,0.406600935828877,0.47433927406867343,0.360290404040404,2.0,0.03368209500956415,0.47433927406867343,23.666666666666668,0.5,2.4767854611078897,,,0.397705078125,0.5107739269733429,0.67,0.4892260730266571,0.47433927406867343,1750.1666666666667,32.166666666666664,0.0,1705.0,0.0,0.0,1.0,0.0
01_nq_closed_book,2,Medium-N-Mid,0.3996323529411765,0.5410907119512558,0.4116421568627451,2.0,0.00476190476190475,0.5410907119512558,21.25,1.0,2.3984583020210266,,,0.41729736328125,0.4205611795186996,0.67,0.5794388204813004,0.5410907119512558,1937.5,30.5,0.0,1894.0,0.0,0.0,1.0,0.0
01_nq_closed_book,2,Medium-P-Beg,0.9153439153439153,0.4424640451158796,0.6223878440264995,2.0,0.007869093583379286,0.4424640451158796,21.571428571428573,7.857142857142857,2.933503892686632,,,0.3960774739583333,0.4119870464007059,0.67,0.5880129535992941,0.4424640451158796,1753.0,33.0,70.0,1629.0,40.310763888888886,1.0,1.0,1.0
01_nq_closed_book,2,Medium-P-End,0.9915966386554621,0.4565345900399344,0.6326846528084918,2.0,0.0023612750885478144,0.4565345900399344,21.285714285714285,9.0,2.7700429492526584,,,0.4263509114583333,0.4467350343863169,0.67,0.5532649656136831,0.4565345900399344,1665.2222222222222,31.22222222222222,0.0,1621.0,0.0,0.0,1.0,0.0
01_nq_closed_book,2,Medium-P-Mid,0.9523809523809523,0.39443047983305796,0.6046714839782066,2.0,0.002747252747252743,0.39443047983305796,22.285714285714285,8.714285714285714,2.8148201533726285,,,0.39229910714285715,0.3856214455195835,0.6700000000000002,0.6143785544804165,0.39443047983305796,1629.0,40.0,0.0,1576.0,0.0,0.0,1.0,0.0
01_nq_closed_book,2,Medium-T-Beg,0.7133417508417508,0.5419296423594157,0.4161616161616162,2.0,0.016039352804058667,0.5419296423594157,23.833333333333332,5.833333333333333,2.437120278676351,,,0.3747965494791667,0.3425875802834829,0.67,0.6574124197165171,0.5419296423594157,1528.8333333333333,34.833333333333336,0.0,1481.0,0.0,0.0,1.0,0.0
01_nq_closed_book,2,Medium-T-End,0.8059758771929825,0.6257038116455078,0.41425438596491226,2.0,0.0048076923076923,0.6257038116455078,18.5,5.0,2.611138343811035,,,0.3890380859375,0.4052972495555877,0.67,0.5947027504444122,0.6257038116455078,1672.25,26.25,0.0,1633.0,0.0,0.0,1.0,0.0
01_nq_closed_book,2,Medium-T-Mid,0.8796927698615679,0.570404589176178,0.4877923111273495,2.0,0.0038095238095238004,0.570404589176178,23.4,8.4,2.5922986030578614,,,0.401708984375,0.3621775507926941,0.67,0.6378224492073059,0.570404589176178,1678.0,37.0,0.0,1628.0,0.0,0.0,1.0,0.0
01_nq_closed_book,3,Low-N-Beg,0.285682261638144,0.5809913533074516,0.2869279250161603,2.0,0.04603896683104603,0.5809913533074516,24.571428571428573,0.2857142857142857,2.352483113606771,,,0.3890516493055556,0.3859159549077352,0.33,0.6140840450922648,0.5809913533074516,770.1111111111111,33.111111111111114,17.0,699.0,16.1171875,1.0,1.0,1.0
01_nq_closed_book,3,Low-N-End,0.36231884057971014,0.553049623966217,0.272463768115942,2.0,0.0,0.553049623966217,22.0,0.0,2.1382254362106323,,,0.390380859375,0.3652858436107635,0.33,0.6347141563892365,0.553049623966217,653.5,28.5,0.0,612.0,0.0,0.0,1.0,0.0
01_nq_closed_book,3,Low-N-Mid,0.274677006080947,0.6105873286724091,0.22374185748569983,2.0,0.04645919645757439,0.6105873286724091,25.285714285714285,0.2857142857142857,2.2482133995402944,,,0.3823908025568182,0.3269990384578705,0.33,0.6730009615421295,0.6105873286724091,837.6363636363636,48.63636363636363,0.0,776.0,0.0,0.0,1.0,0.0
01_nq_closed_book,3,Low-P-Beg,0.525751633986928,0.5106399456659952,0.5275816993464052,2.0,0.003058103975535167,0.5106399456659952,23.333333333333332,2.6666666666666665,2.079850435256958,,,0.3229166666666667,0.5132719576358795,0.33,0.4867280423641205,0.5106399456659952,545.3333333333334,27.333333333333332,0.0,505.0,0.0,0.0,1.0,0.0
01_nq_closed_book,3,Low-P-End,0.9942528735632185,0.45467235147953033,0.6497087922204311,2.0,0.0,0.45467235147953033,26.0,10.333333333333334,2.6269629342215404,,,0.421630859375,0.39070836561066774,0.33,0.6092916343893323,0.45467235147953033,598.2857142857143,37.285714285714285,0.0,548.0,0.0,0.0,1.0,0.0
01_nq_closed_book,3,Low-P-Mid,0.9345044649392474,0.45995013415813446,0.6321036451471235,2.0,0.0,0.45995013415813446,25.666666666666668,9.666666666666666,2.5195047855377197,,,0.429443359375,0.4173676719268163,0.33,0.5826323280731837,0.45995013415813446,593.3333333333334,37.333333333333336,0.0,543.0,0.0,0.0,1.0,0.0
01_nq_closed_book,3,Low-T-Beg,0.41207485442399233,0.5496028116904199,0.23106060606060605,2.0,0.07953167889604493,0.5496028116904199,21.625,2.875,2.4539603193600974,,,0.3297526041666667,0.3218672449390093,0.33,0.6781327550609907,0.5496028116904199,707.4166666666666,38.416666666666664,105.0,543.0,60.0859375,1.0,1.0,1.0
01_nq_closed_book,3,Low-T-End,0.7992581090407177,0.6031946688890457,0.5275276052449965,2.0,0.006116207951070334,0.6031946688890457,25.0,8.0,2.4697003629472523,,,0.4202473958333333,0.3897610472308265,0.33,0.6102389527691735,0.6031946688890457,628.8888888888889,39.888888888888886,0.0,576.0,0.0,0.0,1.0,0.0
01_nq_closed_book,3,Low-T-Mid,0.9127140974967062,0.5404958724975586,0.6573538176799046,2.0,0.006116207951070334,0.5404958724975586,22.666666666666668,9.166666666666666,2.609872817993164,,,0.4398600260416667,0.4350119978189468,0.33,0.5649880021810532,0.5404958724975586,608.6666666666666,34.666666666666664,0.0,561.0,0.0,0.0,1.0,0.0
01_nq_closed_book,3,Medium-N-End,0.4602829537612146,0.554485559463501,0.35360593512767424,2.0,0.002336448598130825,0.554485559463501,21.25,1.75,2.3645899295806885,,,0.4124755859375,0.3596878349781036,0.67,0.6403121650218964,0.554485559463501,1763.75,29.75,0.0,1721.0,0.0,0.0,1.0,0.0
01_nq_closed_book,3,Medium-P-Beg,0.8224655308347595,0.5383940637111664,0.3969165240466896,2.0,0.0066137566137566,0.5383940637111664,22.285714285714285,9.0,2.6092965602874756,,,0.39773995535714285,0.3342111962182181,0.6700000000000002,0.6657888037817818,0.5383940637111664,1648.142857142857,29.142857142857142,0.0,1606.0,0.0,0.0,1.0,0.0
01_nq_closed_book,3,Medium-P-End,1.0,0.4507475420832634,0.6097056878306878,2.0,0.0,0.4507475420832634,21.5,8.75,2.9191254377365112,,,0.4046630859375,0.4606661945581436,0.67,0.5393338054418564,0.4507475420832634,1522.0,30.0,0.0,1479.0,0.0,0.0,1.0,0.0
01_nq_closed_book,3,Medium-P-Mid,1.0,0.4109314747952989,0.5872481842978737,2.0,0.0,0.4109314747952989,22.285714285714285,10.142857142857142,2.813039779663086,,,0.3986118861607143,0.3486351455960955,0.6700000000000002,0.6513648544039045,0.4109314747952989,1521.2857142857142,36.285714285714285,0.0,1472.0,0.0,0.0,1.0,0.0
01_nq_closed_book,3,Medium-T-Beg,0.49765275319462515,0.5855985454150608,0.15759637188208617,2.0,0.08692547479435875,0.5855985454150608,24.714285714285715,3.5714285714285716,2.6196133295694985,,,0.3650919596354167,0.3159140100081762,0.67,0.6840859899918238,0.5855985454150608,1760.6666666666667,38.666666666666664,84.0,1617.0,35.930989583333336,1.0,1.0,1.0
01_nq_closed_book,3,Medium-T-End,0.6309427609427609,0.5982851386070251,0.3359307359307359,2.0,0.048492349234923474,0.5982851386070251,28.0,4.5,2.5109198093414307,,,0.4090576171875,0.3204164579510689,0.67,0.6795835420489311,0.5982851386070251,1650.75,40.75,0.0,1597.0,0.0,0.0,1.0,0.0
01_nq_closed_book,3,Medium-T-Mid,0.6372935812590985,0.6588484644889832,0.1423611111111111,2.0,0.08139144011488525,0.6588484644889832,23.333333333333332,4.666666666666667,2.6711573600769043,,,0.4206949869791667,0.4137853235006332,0.67,0.5862146764993668,0.6588484644889832,1637.0,35.0,38.0,1543.0,15.591145833333334,1.0,1.0,1.0
01_nq_closed_book,4,Low-N-Beg,0.3061607142857143,0.6785530894994736,0.18839285714285714,2.0,0.0250182291223351,0.6785530894994736,25.5,1.0,2.27203232049942,,,0.3900146484375,0.3799175918102264,0.33,0.6200824081897736,0.6785530894994736,726.0,34.0,0.0,679.0,0.0,0.0,1.0,0.0
01_nq_closed_book,4,Low-N-End,0.2549431818181818,0.5828817635774612,0.3646590909090909,2.0,0.028301886792452824,0.5828817635774612,30.75,1.0,2.066246223449707,,,0.3408203125,0.3796203851699828,0.33,0.6203796148300171,0.5828817635774612,660.6,33.6,0.0,614.0,0.0,0.0,1.0,0.0
01_nq_closed_book,4,Low-N-Mid,0.34339074537284253,0.5640146434307098,0.44542572658940943,2.0,0.019042934438900972,0.5640146434307098,22.428571428571427,0.42857142857142855,2.28975847363472,,,0.404632568359375,0.3944863714277744,0.33,0.6055136285722256,0.5640146434307098,702.25,28.25,0.0,661.0,0.0,0.0,1.0,0.0
01_nq_closed_book,4,Low-P-Beg,0.5546218487394958,0.7033260017633438,0.10476190476190472,2.0,0.057595467383203196,0.7033260017633438,26.5,3.0,2.210767984390259,,,0.41436767578125,0.3511205613613128,0.33,0.6488794386386871,0.7033260017633438,648.75,34.75,0.0,601.0,0.0,0.0,1.0,0.0
01_nq_closed_book,4,Low-P-End,0.875,0.43852732237428427,0.6922974457341465,2.0,0.0,0.43852732237428427,18.375,6.875,2.522564947605133,,,0.455718994140625,0.3872121535241604,0.33,0.6127878464758396,0.43852732237428427,573.875,32.875,0.0,528.0,0.0,0.0,1.0,0.0
01_nq_closed_book,4,Low-P-Mid,0.9937888198757764,0.47229100125176565,0.6690029940275118,2.0,0.0,0.47229100125176565,20.714285714285715,8.571428571428571,2.542796903186374,,,0.4243706597222222,0.4145800206396315,0.33,0.5854199793603685,0.47229100125176565,566.5555555555555,30.555555555555557,0.0,523.0,0.0,0.0,1.0,0.0
01_nq_closed_book,4,Low-T-Beg,0.4927083333333333,0.6518662422895432,0.25375000000000003,2.0,0.023366526904262726,0.6518662422895432,21.25,3.75,2.0045803487300873,,,0.3199462890625,0.3502644449472427,0.33,0.6497355550527573,0.6518662422895432,577.5,28.5,0.0,536.0,0.0,0.0,1.0,0.0
01_nq_closed_book,4,Low-T-End,0.48691815856777493,0.6121898293495178,0.20342391304347826,2.0,0.04032111756168358,0.6121898293495178,22.0,3.25,1.9526547491550446,,,0.29547119140625,0.3805988579988479,0.33,0.619401142001152,0.6121898293495178,567.25,29.25,0.0,525.0,0.0,0.0,1.0,0.0
01_nq_closed_book,4,Low-T-Mid,0.5616477272727274,0.5966157168149948,0.373219696969697,2.0,0.028301886792452824,0.5966157168149948,26.0,5.25,2.21649169921875,,,0.368310546875,0.3915045022964477,0.33,0.6084954977035523,0.5966157168149948,591.8,30.8,0.0,548.0,0.0,0.0,1.0,0.0
01_nq_closed_book,4,Medium-N-Beg,0.3613362068965517,0.663173720240593,0.16745689655172413,2.0,0.02972245910765255,0.663173720240593,23.5,0.75,2.457674503326416,,,0.41162109375,0.3918502330780029,0.67,0.6081497669219971,0.663173720240593,2029.0,32.0,0.0,1984.0,0.0,0.0,1.0,0.0
01_nq_closed_book,4,Medium-N-End,0.400970695970696,0.6067035913467407,0.4023626373626374,2.0,0.0018181818181818,0.6067035913467407,20.8,1.0,2.3971548557281492,,,0.4080078125,0.3444895386695862,0.67,0.6555104613304138,0.6067035913467407,1947.6,27.6,0.0,1907.0,0.0,0.0,1.0,0.0
01_nq_closed_book,4,Medium-N-Mid,0.4162988900634249,0.57854163646698,0.35014006342494713,2.0,0.028301886792452824,0.57854163646698,29.5,1.75,2.510992002487183,,,0.401318359375,0.3702250957489014,0.67,0.6297749042510986,0.57854163646698,1895.8,32.8,0.0,1850.0,0.0,0.0,1.0,0.0
01_nq_closed_book,4,Medium-P-Beg,0.7378977272727273,0.6867631524801254,0.17079545454545456,2.0,0.053281056818792624,0.6867631524801254,29.25,6.0,2.3845762729644777,,,0.3951171875,0.3594557881355286,0.67,0.6405442118644714,0.6867631524801254,1565.0,31.0,0.0,1521.0,0.0,0.0,1.0,0.0
01_nq_closed_book,4,Medium-P-End,0.96875,0.35025521740317345,0.7939200130326993,2.0,0.0,0.35025521740317345,17.875,6.375,2.82949846131461,,,0.431884765625,0.4335748979023525,0.67,0.5664251020976475,0.35025521740317345,1494.0,38.0,0.0,1443.0,0.0,0.0,1.0,0.0
01_nq_closed_book,4,Medium-P-Mid,0.953946053946054,0.517489356654031,0.666332761441457,2.0,0.0,0.517489356654031,22.285714285714285,9.285714285714286,2.76420721411705,,,0.422119140625,0.3660172596573829,0.67,0.633982740342617,0.517489356654031,1483.875,33.875,0.0,1437.0,0.0,0.0,1.0,0.0
01_nq_closed_book,4,Medium-T-Beg,0.5862310606060606,0.6906354576349258,0.17079545454545456,2.0,0.053281056818792624,0.6906354576349258,29.0,4.25,2.272652578353882,,,0.366455078125,0.3593899846076965,0.67,0.6406100153923034,0.6906354576349258,1276.8,30.8,0.0,1233.0,0.0,0.0,1.0,0.0
01_nq_closed_book,4,Medium-T-End,0.6490773809523809,0.6164267286658287,0.43297619047619046,2.0,0.011467889908256874,0.6164267286658287,26.75,4.75,2.3981797099113464,,,0.3912353515625,0.3595972210168838,0.67,0.6404027789831161,0.6164267286658287,1464.25,36.25,0.0,1415.0,0.0,0.0,1.0,0.0
01_nq_closed_book,4,Medium-T-Mid,0.5916666666666667,0.6046522736549378,0.3866666666666667,2.0,0.0116504854368932,0.6046522736549378,21.6,4.6,2.331657409667969,,,0.3265625,0.42670305967330935,0.67,0.5732969403266907,0.6046522736549378,1421.4,30.4,18.0,1352.0,6.98984375,1.0,1.0,1.0
01_nq_closed_book,5,Low-N-Beg,0.1666666666666666,0.7483643293380737,0.0,2.0,0.0077519379844961,0.7483643293380737,13.0,0.0,2.229116916656494,,,0.412841796875,0.4021127820014953,0.33,0.5978872179985046,0.7483643293380737,786.0,18.0,0.0,755.0,0.0,0.0,1.0,0.0
01_nq_closed_book,5,Low-N-End,0.25,0.7483643293380737,0.0,2.0,0.0077519379844961,0.7483643293380737,13.0,1.0,2.1346001625061035,,,0.334228515625,0.4021127820014953,0.33,0.5978872179985046,0.7483643293380737,743.0,18.0,0.0,712.0,0.0,0.0,1.0,0.0
01_nq_closed_book,5,Low-N-Mid,0.25,0.7483643293380737,0.0,2.0,0.0077519379844961,0.7483643293380737,13.0,0.0,2.3226163387298584,,,0.42626953125,0.4021127820014953,0.33,0.5978872179985046,0.7483643293380737,753.0,18.0,0.0,722.0,0.0,0.0,1.0,0.0
01_nq_closed_book,5,Low-P-Beg,0.8333333333333334,0.7483643293380737,0.0,2.0,0.0077519379844961,0.7483643293380737,13.0,4.0,2.387343645095825,,,0.37353515625,0.3867268562316894,0.33,0.6132731437683105,0.7483643293380737,615.0,18.0,0.0,584.0,0.0,0.0,1.0,0.0
01_nq_closed_book,5,Low-P-End,0.8333333333333334,0.5926837921142578,0.1666666666666666,2.0,0.0077519379844961,0.5926837921142578,13.0,6.0,2.5615148544311523,,,0.420654296875,0.4488378167152405,0.33,0.5511621832847595,0.5926837921142578,555.0,20.0,0.0,522.0,0.0,0.0,1.0,0.0
01_nq_closed_book,5,Low-P-Mid,0.9916666666666667,0.37973063811659813,0.6181909756909757,2.0,0.0018739472206625374,0.37973063811659813,21.125,10.875,2.6496810913085938,,,0.4395751953125,0.5198941137641668,0.33,0.48010588623583317,0.37973063811659813,600.0,34.0,0.0,553.0,0.0,0.0,1.0,0.0
01_nq_closed_book,5,Low-T-Beg,0.75,0.7483643293380737,0.0,2.0,0.0077519379844961,0.7483643293380737,13.0,4.0,2.444248914718628,,,0.4267578125,0.4021127820014953,0.33,0.5978872179985046,0.7483643293380737,536.0,18.0,0.0,505.0,0.0,0.0,1.0,0.0
01_nq_closed_book,5,Low-T-End,0.6666666666666666,0.7483643293380737,0.0,2.0,0.0077519379844961,0.7483643293380737,13.0,4.0,2.3963749408721924,,,0.42333984375,0.4390183091163635,0.33,0.5609816908836365,0.7483643293380737,616.0,19.0,0.0,584.0,0.0,0.0,1.0,0.0
01_nq_closed_book,5,Low-T-Mid,0.75,0.7483643293380737,0.0,2.0,0.0077519379844961,0.7483643293380737,13.0,4.0,2.340578556060791,,,0.382080078125,0.4390183091163635,0.33,0.5609816908836365,0.7483643293380737,609.0,19.0,0.0,577.0,0.0,0.0,1.0,0.0
01_nq_closed_book,5,Medium-N-Beg,0.3333333333333333,0.7483643293380737,0.0,2.0,0.0077519379844961,0.7483643293380737,13.0,0.0,2.4219086170196533,,,0.3916015625,0.4021127820014953,0.67,0.5978872179985046,0.7483643293380737,1796.0,18.0,0.0,1765.0,0.0,0.0,1.0,0.0
01_nq_closed_book,5,Medium-N-Mid,0.3333333333333333,0.7483643293380737,0.0,2.0,0.0077519379844961,0.7483643293380737,13.0,0.0,2.6192166805267334,,,0.44580078125,0.4021127820014953,0.67,0.5978872179985046,0.7483643293380737,1912.0,18.0,0.0,1881.0,0.0,0.0,1.0,0.0
01_nq_closed_book,5,Medium-P-Beg,0.8333333333333334,0.7483643293380737,0.0,2.0,0.0077519379844961,0.7483643293380737,13.0,5.0,2.575141429901123,,,0.400146484375,0.3867268562316894,0.67,0.6132731437683105,0.7483643293380737,1548.0,18.0,0.0,1517.0,0.0,0.0,1.0,0.0
01_nq_closed_book,5,Medium-P-End,0.8333333333333334,0.6310561895370483,0.1666666666666666,2.0,0.0077519379844961,0.6310561895370483,13.0,6.0,2.6779463291168213,,,0.414306640625,0.4310355186462402,0.67,0.5689644813537598,0.6310561895370483,1559.0,17.0,0.0,1529.0,0.0,0.0,1.0,0.0
01_nq_closed_book,5,Medium-P-Mid,1.0,0.576244056224823,0.25,2.0,0.0077519379844961,0.576244056224823,13.0,6.0,2.6839821338653564,,,0.397216796875,0.4074218869209289,0.67,0.592578113079071,0.576244056224823,1543.0,21.0,0.0,1509.0,0.0,0.0,1.0,0.0
01_nq_closed_book,5,Medium-T-Beg,0.6428571428571429,0.7498461008071899,0.1428571428571428,2.0,0.0076335877862595,0.7498461008071899,16.0,6.0,2.6508560180664062,,,0.409423828125,0.4024900197982788,0.67,0.5975099802017212,0.7498461008071899,1528.0,23.0,0.0,1492.0,0.0,0.0,1.0,0.0
01_nq_closed_book,5,Medium-T-End,0.75,0.7483643293380737,0.0,2.0,0.0077519379844961,0.7483643293380737,13.0,4.0,2.576064348220825,,,0.399169921875,0.4390183091163635,0.67,0.5609816908836365,0.7483643293380737,1593.0,19.0,0.0,1561.0,0.0,0.0,1.0,0.0
01_nq_closed_book,5,Medium-T-Mid,0.6666666666666666,0.7483643293380737,0.0,2.0,0.0077519379844961,0.7483643293380737,13.0,3.0,2.5395023822784424,,,0.42333984375,0.4390183091163635,0.67,0.5609816908836365,0.7483643293380737,1465.0,19.0,0.0,1433.0,0.0,0.0,1.0,0.0
01_nq_closed_book,6,High-P-Mid,0.8868686868686869,0.5369684199492136,0.5154882154882156,2.0,0.0,0.5369684199492136,23.0,8.0,2.5195390582084656,,,0.36260986328125,0.6638619787991047,1.0,0.3361380212008953,0.5369684199492136,1993.75,21.75,0.0,1959.0,0.0,0.0,1.0,0.0
01_nq_closed_book,6,Low-N-Beg,0.2597222222222222,0.49530668059984845,0.5097222222222223,2.0,0.0,0.49530668059984845,20.333333333333332,0.0,2.3149844805399575,,,0.388427734375,0.695733408133189,0.33,0.3042665918668111,0.49530668059984845,745.0,26.0,0.0,706.0,0.0,0.0,1.0,0.0
01_nq_closed_book,6,Low-N-End,0.23556763285024152,0.49789183338483173,0.5169685990338164,2.0,0.0,0.49789183338483173,20.0,0.0,2.38756529490153,,,0.37841796875,0.6926565766334534,0.33,0.30734342336654663,0.49789183338483173,777.3333333333334,25.333333333333332,0.0,739.0,0.0,0.0,1.0,0.0
01_nq_closed_book,6,Low-N-Mid,0.2793859649122807,0.5083191096782684,0.5184941520467836,2.0,0.0,0.5083191096782684,18.333333333333332,0.0,2.3767219384511313,,,0.419189453125,0.7095318635304768,0.33,0.29046813646952313,0.5083191096782684,679.0,24.0,0.0,642.0,0.0,0.0,1.0,0.0
01_nq_closed_book,6,Low-P-Beg,0.800976121673966,0.5986018265996661,0.5913476721386842,2.0,0.0,0.5986018265996661,23.428571428571427,7.0,2.327118601117815,,,0.39589146205357145,0.541684559413365,0.33,0.45831544058663504,0.5986018265996661,544.5714285714286,31.571428571428573,0.0,500.0,0.0,0.0,1.0,0.0
01_nq_closed_book,6,Low-P-End,0.7919389978213507,0.5781394839286804,0.5016339869281046,2.0,0.0,0.5781394839286804,21.333333333333332,7.0,2.200101296106974,,,0.3523763020833333,0.5298100709915161,0.33,0.4701899290084839,0.5781394839286804,547.6666666666666,28.666666666666668,0.0,506.0,0.0,0.0,1.0,0.0
01_nq_closed_book,6,Low-P-Mid,0.7843822843822843,0.5332089364528656,0.6751273417940085,2.0,0.0,0.5332089364528656,27.333333333333332,9.0,2.275989850362142,,,0.3895670572916667,0.5858471691608429,0.33,0.41415283083915705,0.5332089364528656,511.3333333333333,35.333333333333336,0.0,463.0,0.0,0.0,1.0,0.0
01_nq_closed_book,6,Low-T-Beg,0.5571428571428572,0.5751128792762756,0.44285714285714284,2.0,0.0,0.5751128792762756,21.333333333333332,3.0,2.2285753885904946,,,0.3736979166666667,0.5765576958656311,0.33,0.42344230413436884,0.5751128792762756,577.3333333333334,28.333333333333332,0.0,536.0,0.0,0.0,1.0,0.0
01_nq_closed_book,6,Low-T-End,0.509752176302183,0.46854820170185785,0.5145558035987434,2.0,0.0,0.46854820170185785,14.727272727272727,2.5454545454545454,2.326535701751709,,,0.39047475961538464,0.608638408092352,0.33,0.39136159190764797,0.46854820170185785,581.0,27.0,0.0,541.0,0.0,0.0,1.0,0.0
01_nq_closed_book,6,Low-T-Mid,0.6080459770114942,0.6300250093142191,0.4545977011494252,2.0,0.0,0.6300250093142191,27.333333333333332,6.0,2.2973368167877197,,,0.374755859375,0.47724295655886334,0.33,0.5227570434411367,0.6300250093142191,631.3333333333334,38.333333333333336,0.0,580.0,0.0,0.0,1.0,0.0
01_nq_closed_book,6,Medium-N-Beg,0.22278452685421993,0.5085077301288644,0.4658917069243156,2.0,0.0061102319894433335,0.5085077301288644,27.666666666666668,0.16666666666666666,2.5254295894077847,,,0.427490234375,0.4498985537460872,0.67,0.5501014462539128,0.5085077301288644,2045.2857142857142,32.285714285714285,0.0,2000.0,0.0,0.0,1.0,0.0
01_nq_closed_book,6,Medium-N-End,0.4488939740655987,0.5296492278575897,0.525409992372235,2.0,0.0,0.5296492278575897,21.666666666666668,0.3333333333333333,2.576376517613729,,,0.4283040364583333,0.6356871426105499,0.67,0.36431285738945,0.5296492278575897,1848.3333333333333,27.333333333333332,0.0,1808.0,0.0,0.0,1.0,0.0
01_nq_closed_book,6,Medium-N-Mid,0.4240942028985507,0.500217984120051,0.5169685990338164,2.0,0.0,0.500217984120051,20.0,0.0,2.7806880474090576,,,0.4708658854166667,0.6974453727404277,0.67,0.30255462725957233,0.500217984120051,1936.6666666666667,25.666666666666668,0.0,1898.0,0.0,0.0,1.0,0.0
01_nq_closed_book,6,Medium-P-Beg,0.6916666666666668,0.5029666113356749,0.5181410256410256,2.0,0.0031249999999999997,0.5029666113356749,28.666666666666668,6.666666666666667,2.3125477731227875,,,0.3563232421875,0.5175630450248718,0.67,0.4824369549751282,0.5029666113356749,1469.875,34.875,0.0,1422.0,0.0,0.0,1.0,0.0
01_nq_closed_book,6,Medium-P-End,0.7393939393939394,0.5906398445367813,0.5931818181818183,2.0,0.0,0.5906398445367813,30.5,8.5,2.4846551418304443,,,0.37841796875,0.584421381354332,0.67,0.41557861864566803,0.5906398445367813,1453.5,39.5,0.0,1401.0,0.0,0.0,1.0,0.0
01_nq_closed_book,6,Medium-P-Mid,0.6651455026455027,0.49761950224637985,0.5687169312169312,2.0,0.0,0.49761950224637985,22.0,4.5,2.313725769519806,,,0.369140625,0.5624056905508041,0.67,0.43759430944919586,0.49761950224637985,1563.0,30.0,0.0,1520.0,0.0,0.0,1.0,0.0
01_nq_closed_book,6,Medium-T-Beg,0.6857401656314699,0.5681279386792865,0.5159937888198758,2.0,0.0,0.5681279386792865,20.571428571428573,4.571428571428571,2.5171494483947754,,,0.4024135044642857,0.6350750752857753,0.6700000000000002,0.36492492471422466,0.5681279386792865,1469.0,26.0,0.0,1430.0,0.0,0.0,1.0,0.0
01_nq_closed_book,6,Medium-T-End,0.724340579710145,0.5463826298713684,0.6089154589371981,2.0,0.0012578616352201199,0.5463826298713684,23.6,6.2,2.5233508110046388,,,0.412451171875,0.5623263597488404,0.67,0.4376736402511596,0.5463826298713684,1432.6,29.6,0.0,1390.0,0.0,0.0,1.0,0.0
01_nq_closed_book,6,Medium-T-Mid,0.7109217042446856,0.5884421978678022,0.5566515179092819,2.0,0.0,0.5884421978678022,22.714285714285715,6.142857142857143,2.6000406742095947,,,0.404571533203125,0.5449316278100014,0.67,0.4550683721899986,0.5884421978678022,1719.625,33.625,0.0,1673.0,0.0,0.0,1.0,0.0
01_nq_closed_book,7,High-T-Beg,0.752819468162532,0.47496184209982556,0.6900824617400153,2.0,0.0,0.47496184209982556,26.666666666666668,7.333333333333333,2.929241975148519,,,0.4406656901041667,0.7616037877897421,1.0,0.2383962122102578,0.47496184209982556,1835.9666666666667,32.96666666666667,0.0,1790.0,0.0,0.0,1.0,0.0
01_nq_closed_book,7,Low-N-Beg,0.289169524487307,0.42053403332829475,0.6307989277235235,2.0,0.0,0.42053403332829475,21.875,0.625,2.2140374779701233,,,0.35748291015625,0.7576955584809184,0.33,0.24230444151908156,0.42053403332829475,669.25,35.25,0.0,621.0,0.0,0.0,1.0,0.0
01_nq_closed_book,7,Low-N-End,0.2729344729344729,0.5631946921348572,0.5185185185185186,2.0,0.0,0.5631946921348572,27.666666666666668,0.3333333333333333,2.339674790700277,,,0.404296875,0.7118752648433049,0.33,0.28812473515669507,0.5631946921348572,774.6666666666666,36.666666666666664,0.0,725.0,0.0,0.0,1.0,0.0
01_nq_closed_book,7,Low-N-Mid,0.2823361823361823,0.5723559657732645,0.5185185185185186,2.0,0.0,0.5723559657732645,28.0,0.3333333333333333,2.125360131263733,,,0.3589680989583333,0.7241319169600804,0.33,0.27586808303991955,0.5723559657732645,751.0,37.0,0.0,701.0,0.0,0.0,1.0,0.0
01_nq_closed_book,7,Low-P-Beg,0.7770897832817337,0.4616794437170028,0.5541795665634675,2.0,0.0,0.4616794437170028,21.0,5.5,2.3710083961486816,,,0.4188232421875,0.750918060541153,0.33,0.24908193945884705,0.4616794437170028,607.0,27.0,0.0,567.0,0.0,0.0,1.0,0.0
01_nq_closed_book,7,Low-P-End,0.6862745098039216,0.5306880474090576,0.5702614379084967,2.0,0.0,0.5306880474090576,21.0,5.0,2.434589147567749,,,0.4091796875,0.6948621869087219,0.33,0.3051378130912781,0.5306880474090576,586.0,29.0,0.0,544.0,0.0,0.0,1.0,0.0
01_nq_closed_book,7,Low-P-Mid,0.9578947368421052,0.3820379197597504,0.726704032809296,2.0,0.0,0.3820379197597504,21.8,8.6,2.7538665771484374,,,0.4341796875,0.7410086810588836,0.33,0.2589913189411163,0.3820379197597504,633.0,33.0,0.0,587.0,0.0,0.0,1.0,0.0
01_nq_closed_book,7,Low-T-Beg,0.4901960784313726,0.4726579487323761,0.4980392156862745,2.0,0.0,0.4726579487323761,16.5,4.0,2.3169612884521484,,,0.4140625,0.5697316229343414,0.33,0.43026837706565857,0.4726579487323761,597.5,27.5,0.0,557.0,0.0,0.0,1.0,0.0
01_nq_closed_book,7,Low-T-End,0.5887836438923396,0.3936315506696701,0.6367443064182194,2.0,0.0,0.3936315506696701,23.2,3.4,2.37189154624939,,,0.3935546875,0.8328947871923447,0.33,0.16710521280765533,0.3936315506696701,623.4,29.4,0.0,581.0,0.0,0.0,1.0,0.0
01_nq_closed_book,7,Low-T-Mid,0.6331636102716949,0.5041629927498954,0.5506857915580025,2.0,0.0,0.5041629927498954,23.142857142857142,6.0,2.4719081587261624,,,0.417236328125,0.7687054748336474,0.33,0.23129452516635257,0.5041629927498954,613.7777777777778,30.77777777777778,0.0,570.0,0.0,0.0,1.0,0.0
01_nq_closed_book,7,Medium-N-Beg,0.38289536244605366,0.4512681492737361,0.6037889721645483,2.0,0.0,0.4512681492737361,25.142857142857142,1.0,2.6249360508388944,,,0.4307183159722222,0.7855467763211992,0.67,0.21445322367880076,0.4512681492737361,1872.3333333333333,33.333333333333336,0.0,1826.0,0.0,0.0,1.0,0.0
01_nq_closed_book,7,Medium-N-End,0.4111391129032258,0.45109906420111656,0.5683707757296467,2.0,0.0,0.45109906420111656,22.5,1.375,2.6020272211595015,,,0.4474209872159091,0.8181552964855324,0.67,0.18184470351446755,0.45109906420111656,1872.3636363636363,37.36363636363637,0.0,1822.0,0.0,0.0,1.0,0.0
01_nq_closed_book,7,Medium-N-Mid,0.363095238095238,0.47818830609321594,0.6547619047619048,2.0,0.0,0.47818830609321594,18.0,1.5,2.603445053100586,,,0.3992919921875,0.8127720542252064,0.67,0.1872279457747936,0.47818830609321594,1809.0,21.0,0.0,1775.0,0.0,0.0,1.0,0.0
01_nq_closed_book,7,Medium-P-Beg,0.7511961722488039,0.48208490014076233,0.5287081339712918,2.0,0.0,0.48208490014076233,23.0,5.0,2.4790796041488647,,,0.39501953125,0.7889358550310135,0.67,0.21106414496898646,0.48208490014076233,1631.0,30.0,0.0,1588.0,0.0,0.0,1.0,0.0
01_nq_closed_book,7,Medium-P-End,0.8421052631578947,0.48191542923450464,0.5263157894736842,2.0,0.0,0.48191542923450464,21.5,5.0,2.631876587867737,,,0.4295654296875,0.836144208908081,0.67,0.1638557910919189,0.48191542923450464,1615.0,30.0,0.0,1572.0,0.0,0.0,1.0,0.0
01_nq_closed_book,7,Medium-P-Mid,0.8235294117647058,0.4826536178588867,0.5294117647058824,2.0,0.0,0.4826536178588867,21.0,6.0,2.551531314849853,,,0.394287109375,0.7676796466112137,0.67,0.2323203533887863,0.4826536178588867,1642.0,29.0,0.0,1600.0,0.0,0.0,1.0,0.0
01_nq_closed_book,7,Medium-T-Beg,0.4305627062148801,0.3037484764224953,0.7442797540623628,2.0,0.0,0.3037484764224953,18.333333333333332,3.111111111111111,2.6193592283460827,,,0.4237738715277778,0.7291532688670688,0.67,0.2708467311329311,0.3037484764224953,1537.7777777777778,28.77777777777778,0.0,1496.0,0.0,0.0,1.0,0.0
01_nq_closed_book,7,Medium-T-End,0.6479166666666667,0.4478529989719391,0.48541666666666666,2.0,0.0,0.4478529989719391,16.0,4.0,2.574649930000305,,,0.437255859375,0.6229569762945175,0.67,0.3770430237054825,0.4478529989719391,1465.0,29.0,0.0,1423.0,0.0,0.0,1.0,0.0
01_nq_closed_book,7,Medium-T-Mid,0.8010767091482005,0.47676920890808105,0.6630053452740888,2.0,0.0,0.47676920890808105,38.333333333333336,11.333333333333334,2.6220080852508545,,,0.4256184895833333,0.8718256062517563,0.67,0.1281743937482436,0.47676920890808105,1552.3333333333333,47.333333333333336,0.0,1492.0,0.0,0.0,1.0,0.0
01_nq_closed_book,8,Low-N-Beg,0.24288302277432708,0.496690293153127,0.40489130434782605,2.0,0.0,0.496690293153127,17.333333333333332,0.0,2.1784942944844565,,,0.3974609375,0.382075289885203,0.33,0.617924710114797,0.496690293153127,758.6666666666666,25.666666666666668,0.0,720.0,0.0,0.0,1.0,0.0
01_nq_closed_book,8,Low-N-End,0.28851190476190475,0.4544403851032257,0.450625,2.0,0.0,0.4544403851032257,18.0,0.0,2.1763808727264404,,,0.3720703125,0.4085718542337417,0.33,0.5914281457662582,0.4544403851032257,656.75,25.75,0.0,618.0,0.0,0.0,1.0,0.0
01_nq_closed_book,8,Low-N-Mid,0.28454968944099374,0.4943401018778483,0.40489130434782605,2.0,0.0,0.4943401018778483,17.666666666666668,0.3333333333333333,1.957101543744405,,,0.2825113932291667,0.4007934033870697,0.33,0.5992065966129303,0.4943401018778483,722.3333333333334,26.333333333333332,0.0,683.0,0.0,0.0,1.0,0.0
01_nq_closed_book,8,Low-P-Beg,1.0,0.34965140372514725,0.5417901844532279,2.0,0.0,0.34965140372514725,21.0,9.5,2.4023353457450867,,,0.40057373046875,0.3442111909389496,0.33,0.6557888090610504,0.34965140372514725,605.25,33.25,0.0,559.0,0.0,0.0,1.0,0.0
01_nq_closed_book,8,Low-P-End,0.9874999999999999,0.31273936014622444,0.6028508771929825,2.0,0.0,0.31273936014622444,18.375,8.75,2.5492537286546497,,,0.4190538194444444,0.3765913711653815,0.33,0.6234086288346185,0.31273936014622444,566.4444444444445,28.444444444444443,0.0,525.0,0.0,0.0,1.0,0.0
01_nq_closed_book,8,Low-P-Mid,0.9583333333333334,0.2036612797528505,0.6770478960081363,2.0,0.0,0.2036612797528505,18.125,9.75,2.5617574055989585,,,0.3980034722222222,0.3572773602273729,0.33,0.6427226397726271,0.2036612797528505,596.0,33.0,0.0,550.0,0.0,0.0,1.0,0.0
01_nq_closed_book,8,Low-T-Beg,0.625901875901876,0.4541032090783119,0.4777462121212121,2.0,0.0,0.4541032090783119,17.25,3.5,2.185129761695862,,,0.36968994140625,0.4006493985652923,0.33,0.5993506014347076,0.4541032090783119,605.5,24.5,0.0,568.0,0.0,0.0,1.0,0.0
01_nq_closed_book,8,Low-T-End,0.5643442205942206,0.563577339053154,0.44190705128205127,2.0,0.0,0.563577339053154,17.25,2.25,2.1910738348960876,,,0.36492919921875,0.4003080874681473,0.33,0.5996919125318527,0.563577339053154,603.25,28.25,0.0,562.0,0.0,0.0,1.0,0.0
01_nq_closed_book,8,Low-T-Mid,0.5659937888198758,0.492438147465388,0.40489130434782605,2.0,0.0,0.492438147465388,17.666666666666668,1.6666666666666667,2.2083047231038417,,,0.3667805989583333,0.3931197623411814,0.33,0.6068802376588186,0.492438147465388,516.6666666666666,26.666666666666668,0.0,477.0,0.0,0.0,1.0,0.0
01_nq_closed_book,8,Medium-N-Beg,0.33432539682539686,0.5204074919223786,0.43472222222222223,2.0,0.0,0.5204074919223786,15.6,0.2,2.3711977005004883,,,0.4052734375,0.3881371855735779,0.67,0.6118628144264221,0.5204074919223786,1935.6,27.6,0.0,1895.0,0.0,0.0,1.0,0.0
01_nq_closed_book,8,Medium-N-End,0.3984126984126984,0.5026543935139974,0.3986111111111111,2.0,0.0,0.5026543935139974,19.666666666666668,0.3333333333333333,2.373974084854126,,,0.3934733072916667,0.3390972812970479,0.67,0.660902718702952,0.5026543935139974,1844.0,29.0,0.0,1802.0,0.0,0.0,1.0,0.0
01_nq_closed_book,8,Medium-N-Mid,0.32225093984962405,0.45207393169403076,0.43914473684210525,2.0,0.0,0.45207393169403076,16.25,0.5,2.380503475666046,,,0.4039306640625,0.4206342846155166,0.67,0.5793657153844833,0.45207393169403076,1724.0,24.0,0.0,1687.0,0.0,0.0,1.0,0.0
01_nq_closed_book,8,Medium-P-Beg,1.0,0.339683473110199,0.5139589371980676,2.0,0.0,0.339683473110199,19.0,8.0,2.592018699645996,,,0.375732421875,0.3383631467819213,0.67,0.6616368532180786,0.339683473110199,1517.0,26.0,0.0,1478.0,0.0,0.0,1.0,0.0
01_nq_closed_book,8,Medium-P-End,0.9791304347826086,0.3820096477866173,0.5060158862876254,2.0,0.0,0.3820096477866173,21.75,10.75,2.7226256728172302,,,0.41644287109375,0.311102420091629,0.67,0.688897579908371,0.3820096477866173,1789.25,34.25,0.0,1742.0,0.0,0.0,1.0,0.0
01_nq_closed_book,8,Medium-P-Mid,0.9916666666666666,0.3328612204641103,0.6530258940620783,2.0,0.0,0.3328612204641103,18.5,8.75,2.756519985198975,,,0.4083984375,0.3975765585899353,0.67,0.6024234414100647,0.3328612204641103,1585.9,27.9,0.0,1545.0,0.0,0.0,1.0,0.0
01_nq_closed_book,8,Medium-T-Beg,0.647452731092437,0.4709426909685135,0.44209558823529416,2.0,0.0,0.4709426909685135,14.0,3.5,2.381913661956787,,,0.3572998046875,0.3877090811729431,0.67,0.6122909188270569,0.4709426909685135,1466.0,21.0,0.0,1432.0,0.0,0.0,1.0,0.0
01_nq_closed_book,8,Medium-T-End,0.8251488095238095,0.48550377786159515,0.41369047619047616,2.0,0.0,0.48550377786159515,19.0,6.5,2.4360387325286865,,,0.361083984375,0.3436210751533508,0.67,0.6563789248466492,0.48550377786159515,1563.5,26.5,0.0,1524.0,0.0,0.0,1.0,0.0
01_nq_closed_book,8,Medium-T-Mid,0.799512987012987,0.5015911161899567,0.3409090909090909,2.0,0.00225225225225225,0.5015911161899567,19.0,5.25,2.4262693524360657,,,0.36358642578125,0.3313475698232651,0.67,0.6686524301767349,0.5015911161899567,1477.75,27.75,0.0,1437.0,0.0,0.0,1.0,0.0
01_nq_closed_book,9,Low-N-Beg,0.3636363636363636,0.5038422346115112,0.1818181818181818,2.0,0.0,0.5038422346115112,11.0,0.0,2.330888271331787,,,0.46728515625,0.41376793384552,0.33,0.58623206615448,0.5038422346115112,766.0,19.0,0.0,734.0,0.0,0.0,1.0,0.0
01_nq_closed_book,9,Low-N-End,0.31426767676767675,0.5179332991441091,0.4131313131313131,2.0,0.005797101449275334,0.5179332991441091,19.0,0.0,2.249724547068278,,,0.40283203125,0.4330326517422994,0.33,0.5669673482577006,0.5179332991441091,735.0,27.0,0.0,695.0,0.0,0.0,1.0,0.0
01_nq_closed_book,9,Low-N-Mid,0.2785714285714286,0.3046821355819702,0.5988095238095238,2.0,0.0,0.3046821355819702,19.0,0.0,2.247997283935547,,,0.393310546875,0.4720509747664133,0.33,0.5279490252335867,0.3046821355819702,730.0,26.0,0.0,691.0,0.0,0.0,1.0,0.0
01_nq_closed_book,9,Low-P-Beg,1.0,0.2855959832668304,0.3,2.0,0.0,0.2855959832668304,10.0,4.0,2.423790454864502,,,0.371337890625,0.4369973540306091,0.33,0.5630026459693909,0.2855959832668304,574.0,18.0,0.0,543.0,0.0,0.0,1.0,0.0
01_nq_closed_book,9,Low-P-End,1.0,0.185823380947113,0.4166666666666667,2.0,0.0,0.185823380947113,13.0,5.0,2.5273542404174805,,,0.407958984375,0.4788045287132263,0.33,0.5211954712867737,0.185823380947113,595.0,21.0,0.0,561.0,0.0,0.0,1.0,0.0
01_nq_closed_book,9,Low-P-Mid,0.9,0.18417284339666362,0.6434219457013574,2.0,0.0,0.18417284339666362,15.9,6.8,2.7929336591200395,,,0.44273792613636365,0.5007514587857507,0.33,0.49924854121424933,0.18417284339666362,633.6363636363636,27.636363636363637,0.0,593.0,0.0,0.0,1.0,0.0
01_nq_closed_book,9,Low-T-Beg,0.7272727272727273,0.5038422346115112,0.1818181818181818,2.0,0.0,0.5038422346115112,11.0,3.0,2.5091066360473637,,,0.416259765625,0.41376793384552,0.33,0.58623206615448,0.5038422346115112,605.0,19.0,0.0,573.0,0.0,0.0,1.0,0.0
01_nq_closed_book,9,Low-T-End,0.7272727272727273,0.5161219239234924,0.1818181818181818,2.0,0.0,0.5161219239234924,11.0,3.0,2.4636404514312744,,,0.395751953125,0.4146878719329834,0.33,0.5853121280670166,0.5161219239234924,606.0,19.0,0.0,574.0,0.0,0.0,1.0,0.0
01_nq_closed_book,9,Low-T-Mid,0.7692307692307693,0.4729388356208801,0.3076923076923077,2.0,0.0,0.4729388356208801,14.0,5.0,2.5689239501953125,,,0.428955078125,0.4864725470542907,0.33,0.5135274529457092,0.4729388356208801,635.0,26.0,0.0,596.0,0.0,0.0,1.0,0.0
01_nq_closed_book,9,Medium-N-Beg,0.4545454545454545,0.5161219239234924,0.1818181818181818,2.0,0.0,0.5161219239234924,11.0,0.0,2.602613687515259,,,0.5400390625,0.4146878719329834,0.67,0.5853121280670166,0.5161219239234924,2020.0,19.0,0.0,1988.0,0.0,0.0,1.0,0.0
01_nq_closed_book,9,Medium-N-End,0.3305860805860805,0.5046571493148804,0.5526556776556776,2.0,0.0,0.5046571493148804,17.0,0.0,2.4844165643056235,,,0.3899739583333333,0.48254235585530597,0.67,0.517457644144694,0.5046571493148804,1920.0,26.0,0.0,1881.0,0.0,0.0,1.0,0.0
01_nq_closed_book,9,Medium-N-Mid,0.3663003663003663,0.5033490061759949,0.4871794871794871,2.0,0.0,0.5033490061759949,19.333333333333332,0.0,2.446684201558431,,,0.4087727864583333,0.4331356783707937,0.67,0.5668643216292063,0.5033490061759949,1957.0,28.0,0.0,1916.0,0.0,0.0,1.0,0.0
01_nq_closed_book,9,Medium-P-Beg,0.8181818181818182,0.5161219239234924,0.1818181818181818,2.0,0.0,0.5161219239234924,11.0,3.0,2.925945520401001,,,0.43505859375,0.4146878719329834,0.67,0.5853121280670166,0.5161219239234924,1754.0,19.0,0.0,1722.0,0.0,0.0,1.0,0.0
01_nq_closed_book,9,Medium-P-End,1.0,0.257455825805664,0.4166666666666667,2.0,0.0,0.257455825805664,13.0,6.0,2.9270334243774414,,,0.4443359375,0.467893898487091,0.67,0.5321061015129089,0.257455825805664,1900.0,25.0,0.0,1862.0,0.0,0.0,1.0,0.0
01_nq_closed_book,9,Medium-P-Mid,0.7857142857142857,0.5290063619613647,0.2857142857142857,2.0,0.0,0.5290063619613647,14.0,4.0,2.925507068634033,,,0.419189453125,0.4214541912078857,0.67,0.5785458087921143,0.5290063619613647,1900.0,22.0,0.0,1865.0,0.0,0.0,1.0,0.0
01_nq_closed_book,9,Medium-T-Beg,0.7272727272727273,0.5038422346115112,0.1818181818181818,2.0,0.0,0.5038422346115112,11.0,3.0,2.729458332061768,,,0.400390625,0.41376793384552,0.67,0.58623206615448,0.5038422346115112,1596.0,19.0,0.0,1564.0,0.0,0.0,1.0,0.0
01_nq_closed_book,9,Medium-T-End,0.8181818181818182,0.5038422346115112,0.1818181818181818,2.0,0.0,0.5038422346115112,11.0,4.0,2.7533493041992188,,,0.416748046875,0.41376793384552,0.67,0.58623206615448,0.5038422346115112,1580.0,19.0,0.0,1548.0,0.0,0.0,1.0,0.0
01_nq_closed_book,9,Medium-T-Mid,0.8181818181818182,0.5038422346115112,0.1818181818181818,2.0,0.0,0.5038422346115112,11.0,4.0,2.7793147563934326,,,0.421142578125,0.41376793384552,0.67,0.58623206615448,0.5038422346115112,1622.0,19.0,0.0,1590.0,0.0,0.0,1.0,0.0
01_nq_closed_book,10,Low-N-Beg,0.1903357587460848,0.5712253078818321,0.4201393865796039,2.0,0.0032608695652173877,0.5712253078818321,19.125,0.125,2.2235354582468667,,,0.3339572482638889,0.4611266040139727,0.33,0.5388733959860272,0.5712253078818321,851.4444444444445,52.44444444444444,0.0,786.0,0.0,0.0,1.0,0.0
01_nq_closed_book,10,Low-N-End,0.29238095238095235,0.48830201228459674,0.5847619047619048,2.0,0.0,0.48830201228459674,23.666666666666668,0.3333333333333333,2.200282971064249,,,0.36474609375,0.5804784397284191,0.33,0.419521560271581,0.48830201228459674,684.6666666666666,38.666666666666664,0.0,633.0,0.0,0.0,1.0,0.0
01_nq_closed_book,10,Low-N-Mid,0.28001262626262624,0.5683750212192535,0.5120580808080808,2.0,0.00225225225225225,0.5683750212192535,24.75,0.0,2.1456491351127625,,,0.36083984375,0.7120698504149914,0.33,0.28793014958500857,0.5683750212192535,696.5,39.5,0.0,644.0,0.0,0.0,1.0,0.0
01_nq_closed_book,10,Low-P-Beg,0.5549406604747161,0.6750183701515198,0.20221878224974196,2.0,0.07977998442367598,0.6750183701515198,27.0,3.0,2.2994555830955505,,,0.36810302734375,0.4218626916408539,0.33,0.5781373083591461,0.6750183701515198,620.5,61.5,0.0,546.0,0.0,0.0,1.0,0.0
01_nq_closed_book,10,Low-P-End,0.9597902097902098,0.4474862962961197,0.569608023555392,2.0,0.0,0.4474862962961197,23.0,9.0,2.5237311720848083,,,0.41876220703125,0.6948510706424713,0.33,0.3051489293575287,0.4474862962961197,593.75,33.75,0.0,547.0,0.0,0.0,1.0,0.0
01_nq_closed_book,10,Low-P-Mid,0.8625665445665446,0.44222296476364137,0.6211810029051408,2.0,0.0,0.44222296476364137,31.6,9.8,2.5135551929473876,,,0.39033203125,0.7137709498405457,0.33,0.2862290501594543,0.44222296476364137,664.8,46.8,0.0,605.0,0.0,0.0,1.0,0.0
01_nq_closed_book,10,Low-T-Beg,0.7653561253561253,0.6155578672885895,0.35857549857549853,2.0,0.0127680311890838,0.6155578672885895,20.4,5.8,2.4528090953826904,,,0.40791015625,0.6052660167217254,0.33,0.39473398327827447,0.6155578672885895,671.4,39.4,0.0,619.0,0.0,0.0,1.0,0.0
01_nq_closed_book,10,Low-T-End,0.9848178137651823,0.6237643361091614,0.5206626778065565,2.0,0.0,0.6237643361091614,23.166666666666668,9.333333333333334,2.6905671755472818,,,0.430908203125,0.6308941120902698,0.33,0.36910588790973026,0.6237643361091614,750.3333333333334,48.333333333333336,0.0,689.0,0.0,0.0,1.0,0.0
01_nq_closed_book,10,Low-T-Mid,0.9536178107606679,0.5282034150191716,0.5840334385502451,2.0,0.0,0.5282034150191716,19.571428571428573,7.0,2.69354510307312,,,0.416412353515625,0.6422967128455639,0.33,0.3577032871544361,0.5282034150191716,692.625,38.625,0.0,641.0,0.0,0.0,1.0,0.0
01_nq_closed_book,10,Medium-N-Beg,0.4045487483530962,0.6347196221351623,0.40113965744400526,2.0,0.0017699115044247599,0.6347196221351623,23.8,0.6,2.4353283405303956,,,0.42978515625,0.5402445316314697,0.67,0.45975546836853026,0.6347196221351623,1820.6,42.6,0.0,1765.0,0.0,0.0,1.0,0.0
01_nq_closed_book,10,Medium-N-End,0.31227106227106227,0.49256863196690875,0.652014652014652,2.0,0.0,0.49256863196690875,23.666666666666668,0.6666666666666666,2.4578331311543784,,,0.3974609375,0.642005165417989,0.67,0.35799483458201087,0.49256863196690875,1989.6666666666667,37.666666666666664,0.0,1939.0,0.0,0.0,1.0,0.0
01_nq_closed_book,10,Medium-N-Mid,0.45113636363636356,0.44665685296058655,0.5661255411255411,2.0,0.0,0.44665685296058655,21.0,1.5,2.506012439727783,,,0.4259033203125,0.6763512492179871,0.67,0.3236487507820129,0.44665685296058655,1884.5,31.5,0.0,1840.0,0.0,0.0,1.0,0.0
01_nq_closed_book,10,Medium-P-Beg,0.933300395256917,0.4769708812236786,0.5084039149256541,2.0,0.0,0.4769708812236786,21.5,7.75,2.688951015472412,,,0.42108154296875,0.7077053114771843,0.67,0.2922946885228157,0.4769708812236786,1718.25,32.25,0.0,1673.0,0.0,0.0,1.0,0.0
01_nq_closed_book,10,Medium-P-End,0.9810659186535764,0.3932923339307308,0.6467975689574568,2.0,0.0,0.3932923339307308,32.75,13.75,2.8624638319015503,,,0.41748046875,0.5950127020478249,0.67,0.4049872979521751,0.3932923339307308,1729.5,50.5,0.0,1666.0,0.0,0.0,1.0,0.0
01_nq_closed_book,10,Medium-P-Mid,1.0,0.39024761617183684,0.6313927125506072,2.0,0.0,0.39024761617183684,21.4,10.0,2.9002233505249024,,,0.426220703125,0.5739742338657379,0.67,0.4260257661342621,0.39024761617183684,1856.8,35.8,0.0,1808.0,0.0,0.0,1.0,0.0
01_nq_closed_book,10,Medium-T-Beg,0.4558771929824561,0.4981102040037513,0.4533333333333333,2.0,0.05657095980311728,0.4981102040037513,30.2,4.8,2.5980488300323485,,,0.418603515625,0.259229588508606,0.67,0.740770411491394,0.4981102040037513,1849.2,89.2,0.0,1747.0,0.0,0.0,1.0,0.0
01_nq_closed_book,10,Medium-T-End,0.9734075448361162,0.5652148042406354,0.5876053759904691,2.0,0.0,0.5652148042406354,19.142857142857142,7.571428571428571,2.9359587260654996,,,0.44102260044642855,0.626856186560222,0.6700000000000002,0.3731438134397779,0.5652148042406354,1721.142857142857,39.142857142857146,0.0,1669.0,0.0,0.0,1.0,0.0
01_nq_closed_book,10,Medium-T-Mid,0.9313638498877812,0.5523818561008998,0.47908467734920057,2.0,0.0038961038961038857,0.5523818561008998,17.285714285714285,6.285714285714286,2.6061176231929233,,,0.40541294642857145,0.7007130746330533,0.6700000000000002,0.29928692536694657,0.5523818561008998,1486.2857142857142,32.285714285714285,0.0,1441.0,0.0,0.0,1.0,0.0
01_nq_closed_book,11,Low-N-Beg,0.3399122807017544,0.6926354765892029,0.15789473684210525,2.0,0.0,0.6926354765892029,19.0,1.0,2.259660005569458,,,0.40625,0.3363397717475891,0.33,0.6636602282524109,0.6926354765892029,738.0,27.0,0.0,698.0,0.0,0.0,1.0,0.0
01_nq_closed_book,11,Low-N-End,0.26190476190476186,0.6928524772326151,0.051587301587301564,2.0,0.0181159420289855,0.6928524772326151,15.333333333333334,0.3333333333333333,2.2896135648091636,,,0.3878580729166667,0.3034109274546305,0.33,0.6965890725453695,0.6928524772326151,751.0,23.0,0.0,715.0,0.0,0.0,1.0,0.0
01_nq_closed_book,11,Low-N-Mid,0.3814799331103679,0.6667567938566208,0.04257246376811592,2.0,0.037929812123360496,0.6667567938566208,18.0,0.25,2.1148300170898438,,,0.3372802734375,0.2939914613962173,0.33,0.7060085386037827,0.6667567938566208,734.25,26.25,0.0,695.0,0.0,0.0,1.0,0.0
01_nq_closed_book,11,Low-P-Beg,0.6198257080610021,0.6917168895403544,0.11764705882352938,2.0,0.006734006734006734,0.6917168895403544,15.333333333333334,3.0,2.219065268834432,,,0.3802897135416667,0.3445273041725158,0.33,0.6554726958274841,0.6917168895403544,551.0,23.0,0.0,515.0,0.0,0.0,1.0,0.0
01_nq_closed_book,11,Low-P-End,0.8873188405797101,0.49100015312433243,0.514915458937198,2.0,0.0,0.49100015312433243,20.0,8.5,2.490880608558655,,,0.42120361328125,0.2995078861713409,0.33,0.7004921138286591,0.49100015312433243,616.25,28.25,0.0,575.0,0.0,0.0,1.0,0.0
01_nq_closed_book,11,Low-P-Mid,0.9166666666666666,0.5367709398269653,0.0833333333333333,2.0,0.0,0.5367709398269653,16.0,6.0,2.254873037338257,,,0.398681640625,0.2444717288017273,0.33,0.7555282711982727,0.5367709398269653,565.0,21.0,0.0,531.0,0.0,0.0,1.0,0.0
01_nq_closed_book,11,Low-T-Beg,0.7777777777777778,0.6747993032137553,0.1759259259259259,2.0,0.0,0.6747993032137553,17.333333333333332,3.0,2.3072444597880044,,,0.3916015625,0.3396703799565633,0.33,0.6603296200434366,0.6747993032137553,619.0,26.0,0.0,580.0,0.0,0.0,1.0,0.0
01_nq_closed_book,11,Low-T-End,0.7903828197945845,0.6276355981826782,0.1694677871148459,2.0,0.0034364261168384667,0.6276355981826782,16.666666666666668,4.333333333333333,2.377965291341146,,,0.3922526041666667,0.2733502984046936,0.33,0.7266497015953064,0.6276355981826782,640.3333333333334,22.333333333333332,0.0,605.0,0.0,0.0,1.0,0.0
01_nq_closed_book,11,Low-T-Mid,0.8078529657477026,0.6441818078358968,0.15914786967418543,2.0,0.0,0.6441818078358968,17.666666666666668,4.0,2.2858787377675376,,,0.3844401041666667,0.2854217489560445,0.33,0.7145782510439554,0.6441818078358968,598.6666666666666,24.666666666666668,0.0,561.0,0.0,0.0,1.0,0.0
01_nq_closed_book,11,Medium-N-Mid,0.42320261437908496,0.6455738147099813,0.1302521008403361,2.0,0.0,0.6455738147099813,17.333333333333332,0.6666666666666666,2.4390389919281006,,,0.3817545572916667,0.2881310780843099,0.67,0.7118689219156901,0.6455738147099813,1831.0,24.0,0.0,1794.0,0.0,0.0,1.0,0.0
01_nq_closed_book,11,Medium-P-Beg,0.6276592688357394,0.6703598976135254,0.04615384615384614,2.0,0.06406619385342788,0.6703598976135254,17.0,3.0,2.401417446136475,,,0.377978515625,0.3143236756324767,0.67,0.6856763243675232,0.6703598976135254,1573.2,27.2,0.0,1533.0,0.0,0.0,1.0,0.0
01_nq_closed_book,11,Medium-P-End,0.899891774891775,0.616470992565155,0.2637987012987013,2.0,0.00257731958762885,0.616470992565155,18.0,6.5,2.410183012485504,,,0.3909912109375,0.2774549275636673,0.67,0.7225450724363327,0.616470992565155,1593.0,25.0,0.0,1555.0,0.0,0.0,1.0,0.0
01_nq_closed_book,11,Medium-P-Mid,0.9230769230769232,0.5586532354354858,0.1538461538461538,2.0,0.0,0.5586532354354858,16.0,7.0,2.5835611820220947,,,0.39892578125,0.2469803094863891,0.67,0.7530196905136108,0.5586532354354858,1726.0,21.0,0.0,1692.0,0.0,0.0,1.0,0.0
01_nq_closed_book,11,Medium-T-Beg,0.6511577964519141,0.6745661973953248,0.0,2.0,0.06406619385342788,0.6745661973953248,16.8,2.4,2.4877108573913578,,,0.4001953125,0.3219733357429504,0.67,0.6780266642570496,0.6745661973953248,1574.8,26.8,0.0,1535.0,0.0,0.0,1.0,0.0
01_nq_closed_book,11,Medium-T-End,0.8394607843137255,0.5940911024808884,0.24614845938375346,2.0,0.00257731958762885,0.5940911024808884,18.75,5.75,2.6102664470672607,,,0.39056396484375,0.2586442530155182,0.67,0.7413557469844818,0.5940911024808884,1679.25,25.25,0.0,1641.0,0.0,0.0,1.0,0.0
01_nq_closed_book,11,Medium-T-Mid,0.7624299719887955,0.6081764101982117,0.22350606909430434,2.0,0.00260416666666665,0.6081764101982117,17.5,4.0,2.5092355012893677,,,0.3868408203125,0.2713132500648498,0.67,0.7286867499351501,0.6081764101982117,1535.25,24.25,0.0,1498.0,0.0,0.0,1.0,0.0
01_nq_closed_book,12,Low-N-Beg,0.3848927875243665,0.38032220304012293,0.47027290448343073,2.0,0.009876543209876533,0.38032220304012293,21.333333333333332,0.3333333333333333,2.1429972648620605,,,0.3946940104166667,0.5487425029277802,0.33,0.45125749707221985,0.38032220304012293,672.0,25.0,0.0,634.0,0.0,0.0,1.0,0.0
01_nq_closed_book,12,Low-N-End,0.24696356275303638,0.46980550885200495,0.33603238866396756,2.0,0.0148148148148148,0.46980550885200495,18.5,0.0,2.1862406730651855,,,0.3636474609375,0.5034683644771576,0.33,0.4965316355228424,0.46980550885200495,753.5,23.5,0.0,717.0,0.0,0.0,1.0,0.0
01_nq_closed_book,12,Low-N-Mid,0.3295055821371611,0.42926367123921705,0.40869218500797444,2.0,0.014672706279420867,0.42926367123921705,22.666666666666668,0.3333333333333333,2.3936687310536704,,,0.4392903645833333,0.4578024347623189,0.33,0.542197565237681,0.42926367123921705,751.0,32.0,0.0,706.0,0.0,0.0,1.0,0.0
01_nq_closed_book,12,Low-P-Beg,0.9904761904761904,0.25707358973366873,0.6245036996589792,2.0,0.0010582010582010572,0.25707358973366873,23.142857142857142,10.857142857142858,2.6291961329323903,,,0.4348842075892857,0.5025491884776524,0.33,0.4974508115223476,0.25707358973366873,571.4285714285714,38.42857142857143,0.0,520.0,0.0,0.0,1.0,0.0
01_nq_closed_book,12,Low-P-End,1.0,0.5456405282020569,0.3125,2.0,0.0,0.5456405282020569,16.0,11.0,2.5044758319854736,,,0.378173828125,0.3235311508178711,0.33,0.6764688491821289,0.5456405282020569,566.0,26.0,0.0,527.0,0.0,0.0,1.0,0.0
01_nq_closed_book,12,Low-P-Mid,0.922311348781937,0.41594967246055603,0.4818033273915627,2.0,0.0024330900243309,0.41594967246055603,19.666666666666668,6.0,2.3052450815836587,,,0.3859049479166667,0.5131088594595592,0.33,0.48689114054044086,0.41594967246055603,565.3333333333334,26.333333333333332,0.0,526.0,0.0,0.0,1.0,0.0
01_nq_closed_book,12,Low-T-Beg,0.6184628237259816,0.39519769946734107,0.3636591478696742,2.0,0.014672706279420867,0.39519769946734107,22.666666666666668,4.0,2.2823888460795083,,,0.4130859375,0.4215583602587381,0.33,0.5784416397412618,0.39519769946734107,579.0,33.0,0.0,533.0,0.0,0.0,1.0,0.0
01_nq_closed_book,12,Low-T-End,0.41957165641376165,0.401240274310112,0.3967874231032126,2.0,0.014672706279420867,0.401240274310112,23.666666666666668,3.0,2.28373392422994,,,0.4112141927083333,0.4273159305254618,0.33,0.5726840694745382,0.401240274310112,557.6666666666666,33.666666666666664,0.0,511.0,0.0,0.0,1.0,0.0
01_nq_closed_book,12,Low-T-Mid,0.3725348725348725,0.39217186470826465,0.3811928811928812,2.0,0.014746411825763231,0.39217186470826465,23.333333333333332,3.6666666666666665,2.2997171878814697,,,0.3817545572916667,0.4242776036262512,0.33,0.5757223963737488,0.39217186470826465,625.6666666666666,32.666666666666664,0.0,580.0,0.0,0.0,1.0,0.0
01_nq_closed_book,12,Medium-N-Beg,0.3212321084040023,0.4405592978000641,0.3565251043209045,2.0,0.0085790910978682,0.4405592978000641,18.166666666666668,0.6666666666666666,2.533154010772705,,,0.440771484375,0.4054752707481384,0.67,0.5945247292518616,0.4405592978000641,2002.4,32.4,0.0,1957.0,0.0,0.0,1.0,0.0
01_nq_closed_book,12,Medium-N-End,0.4400073610599926,0.4434620141983032,0.40700527542632803,2.0,0.014638447971781265,0.4434620141983032,25.333333333333332,0.6666666666666666,2.485452016194662,,,0.4405110677083333,0.4427588780721029,0.67,0.5572411219278971,0.4434620141983032,1805.0,35.0,0.0,1757.0,0.0,0.0,1.0,0.0
01_nq_closed_book,12,Medium-N-Mid,0.46875,0.45767588168382645,0.34375,2.0,0.00364963503649635,0.45767588168382645,15.5,0.5,2.7683745622634888,,,0.4566650390625,0.492461696267128,0.67,0.507538303732872,0.45767588168382645,2046.0,15.0,0.0,2018.0,0.0,0.0,1.0,0.0
02_hotpot_citation,0,Low-N-Beg,0.2891666666666666,0.45842066407203674,0.6016666666666667,2.0,0.0,0.45842066407203674,17.0,0.2,2.1049728393554688,,,0.34326171875,0.5161493062973023,0.33,0.48385069370269773,0.45842066407203674,653.6,30.6,0.0,610.0,0.0,0.0,1.0,0.0
02_hotpot_citation,0,Low-N-End,0.27519841269841266,0.48831547051668167,0.608829365079365,2.0,0.0,0.48831547051668167,17.0,0.25,2.142746180295944,,,0.35137939453125,0.5659280717372894,0.33,0.43407192826271057,0.48831547051668167,733.0,31.0,0.0,689.0,0.0,0.0,1.0,0.0
02_hotpot_citation,0,Low-N-Mid,0.4,0.3618829548358917,0.5,2.0,0.0,0.3618829548358917,10.0,0.0,2.284444570541382,,,0.3369140625,0.6206344366073608,0.33,0.3793655633926391,0.3618829548358917,764.0,16.0,0.0,735.0,0.0,0.0,1.0,0.0
02_hotpot_citation,0,Low-P-Beg,0.9934210526315789,0.3512175977230072,0.8144172262206317,2.0,0.0,0.3512175977230072,18.25,6.625,2.583531379699707,,,0.3795369466145833,0.5939773519833882,0.33,0.40602264801661175,0.3512175977230072,660.9166666666666,32.916666666666664,0.0,615.0,0.0,0.0,1.0,0.0
02_hotpot_citation,0,Low-P-End,0.9897959183673469,0.3915586258683885,0.818967587034814,2.0,0.0,0.3915586258683885,21.285714285714285,7.714285714285714,2.4053262158444055,,,0.3524426912006579,0.6152161685259718,0.33,0.3847838314740281,0.3915586258683885,623.2105263157895,27.210526315789473,0.0,583.0,0.0,0.0,1.0,0.0
02_hotpot_citation,0,Low-P-Mid,0.9795918367346939,0.2951972963554518,0.8035353535353535,2.0,0.0,0.2951972963554518,20.571428571428573,7.142857142857143,2.6654395636390236,,,0.3772116268382353,0.5427580843953526,0.33,0.45724191560464744,0.2951972963554518,666.6470588235294,34.64705882352941,35.0,576.0,35.670036764705884,1.0,1.0,1.0
02_hotpot_citation,0,Low-T-Beg,0.9164835164835166,0.3903382888862064,0.7554541153318953,2.0,0.0,0.3903382888862064,21.0,6.285714285714286,2.529194376685403,,,0.3780850497159091,0.5738976137204603,0.33,0.4261023862795396,0.3903382888862064,632.0,33.0,0.0,586.0,0.0,0.0,1.0,0.0
02_hotpot_citation,0,Low-T-End,0.800974025974026,0.43062297254800797,0.6671699134199134,2.0,0.0,0.43062297254800797,18.875,3.75,2.332344317436218,,,0.377490234375,0.615509906411171,0.33,0.384490093588829,0.43062297254800797,625.9,28.9,0.0,584.0,0.0,0.0,1.0,0.0
02_hotpot_citation,0,Low-T-Mid,0.5338383838383838,0.46899983286857605,0.6785606060606061,2.0,0.0,0.46899983286857605,20.6,2.0,2.3027250289916994,,,0.402490234375,0.5390584707260132,0.33,0.4609415292739868,0.46899983286857605,623.6,32.6,0.0,578.0,0.0,0.0,1.0,0.0
02_hotpot_citation,0,Medium-N-Beg,0.42904761904761907,0.4730975925922394,0.621984126984127,2.0,0.0,0.4730975925922394,14.2,1.0,2.331614923477173,,,0.347900390625,0.5874616354703903,0.67,0.4125383645296097,0.4730975925922394,2001.0,22.0,0.0,1966.0,0.0,0.0,1.0,0.0
02_hotpot_citation,0,Medium-N-End,0.3217872405372405,0.48299261555075645,0.6231112637362637,2.0,0.0,0.48299261555075645,16.125,0.375,2.3169789016246796,,,0.396484375,0.5378650594502687,0.67,0.46213494054973125,0.48299261555075645,1740.75,28.75,0.0,1699.0,0.0,0.0,1.0,0.0
02_hotpot_citation,0,Medium-N-Mid,0.5,0.3618829548358917,0.5,2.0,0.0,0.3618829548358917,10.0,0.0,2.565390110015869,,,0.386962890625,0.6206344366073608,0.67,0.3793655633926391,0.3618829548358917,1766.0,16.0,0.0,1737.0,0.0,0.0,1.0,0.0
02_hotpot_citation,0,Medium-P-Beg,0.9168831168831169,0.3459287226200104,0.7936533032185206,2.0,0.0,0.3459287226200104,23.6,7.6,2.9040886878967287,,,0.428466796875,0.5173273801803588,0.67,0.4826726198196411,0.3459287226200104,1804.8,40.8,0.0,1751.0,0.0,0.0,1.0,0.0
02_hotpot_citation,0,Medium-P-End,0.7006729614922893,0.2175994693700756,0.7887915830667932,2.0,0.0,0.2175994693700756,11.142857142857142,3.142857142857143,2.6902018547058106,,,0.4119140625,0.5615825757384301,0.67,0.43841742426157,0.2175994693700756,1619.1,25.1,0.0,1581.0,0.0,0.0,1.0,0.0
02_hotpot_citation,0,Medium-P-Mid,0.983201581027668,0.2155175437219441,0.8176799830604179,2.0,0.0,0.2155175437219441,18.25,7.25,2.7482150251215156,,,0.3853204900568182,0.6049726598642089,0.67,0.3950273401357911,0.2155175437219441,1546.0,28.0,0.0,1505.0,0.0,0.0,1.0,0.0
02_hotpot_citation,0,Medium-T-Beg,0.9189204545454546,0.40158000588417053,0.7493100649350649,2.0,0.0,0.40158000588417053,19.0,6.0,2.6244595050811768,,,0.3753662109375,0.5200612396001816,0.67,0.4799387603998184,0.40158000588417053,1648.75,31.75,0.0,1604.0,0.0,0.0,1.0,0.0
02_hotpot_citation,0,Medium-T-End,0.9155467720685112,0.4223551034927368,0.6902997364953888,2.0,0.0,0.4223551034927368,18.8,6.0,2.6325191020965577,,,0.379931640625,0.5888345897197723,0.67,0.4111654102802277,0.4223551034927368,1602.2,27.2,0.0,1562.0,0.0,0.0,1.0,0.0
02_hotpot_citation,0,Medium-T-Mid,0.7855769230769231,0.460760235786438,0.6521634615384615,2.0,0.0,0.460760235786438,19.75,3.25,2.5688055753707886,,,0.4190673828125,0.6236851587891579,0.67,0.37631484121084213,0.460760235786438,1575.0,31.0,0.0,1531.0,0.0,0.0,1.0,0.0
02_hotpot_citation,1,Low-N-Beg,0.14666666666666667,0.19970932354529694,0.47111111111111104,2.0,0.0,0.19970932354529694,14.666666666666666,0.0,2.320635676383972,,,0.3743896484375,0.6240030825138092,0.33,0.3759969174861908,0.19970932354529694,775.0,34.0,0.0,728.0,0.0,0.0,1.0,0.0
02_hotpot_citation,1,Low-N-End,0.25,0.2771142721176147,0.375,2.0,0.0,0.2771142721176147,17.0,0.0,2.1978321075439453,,,0.359375,0.3436290025711059,0.33,0.656370997428894,0.2771142721176147,750.0,33.0,0.0,704.0,0.0,0.0,1.0,0.0
02_hotpot_citation,1,Low-N-Mid,0.3125,0.2771142721176147,0.375,2.0,0.0,0.2771142721176147,17.0,0.0,2.1487081050872803,,,0.365234375,0.3436290025711059,0.33,0.656370997428894,0.2771142721176147,676.0,33.0,0.0,630.0,0.0,0.0,1.0,0.0
02_hotpot_citation,1,Low-P-Beg,0.797979797979798,0.2568254172801971,0.3308080808080808,2.0,0.0,0.2568254172801971,15.0,5.5,2.6543047428131104,,,0.43603515625,0.3008559942245483,0.33,0.6991440057754517,0.2568254172801971,630.0,62.0,0.0,555.0,0.0,0.0,1.0,0.0
02_hotpot_citation,1,Low-P-End,0.7625000000000001,0.1830350557963053,0.35833333333333334,2.0,0.0,0.1830350557963053,9.333333333333334,2.6666666666666665,2.5758818387985225,,,0.4208984375,0.5563981682062149,0.33,0.4436018317937851,0.1830350557963053,648.5,24.5,0.0,611.0,0.0,0.0,1.0,0.0
02_hotpot_citation,1,Low-P-Mid,0.42777777777777776,0.27815506855646766,0.125,2.0,0.1111111111111111,0.27815506855646766,11.0,2.0,2.3639477491378784,,,0.405517578125,0.3222378492355346,0.33,0.6777621507644653,0.27815506855646766,591.5,32.5,0.0,546.0,0.0,0.0,1.0,0.0
02_hotpot_citation,1,Low-T-Beg,0.625,0.2771142721176147,0.375,2.0,0.0,0.2771142721176147,17.0,3.0,2.398322343826294,,,0.4248046875,0.3436290025711059,0.33,0.656370997428894,0.2771142721176147,616.0,33.0,0.0,570.0,0.0,0.0,1.0,0.0
02_hotpot_citation,1,Low-T-End,0.4375,0.2771142721176147,0.375,2.0,0.0,0.2771142721176147,17.0,2.0,2.271967887878418,,,0.392333984375,0.3436290025711059,0.33,0.656370997428894,0.2771142721176147,629.0,33.0,0.0,583.0,0.0,0.0,1.0,0.0
02_hotpot_citation,1,Low-T-Mid,0.3194444444444444,0.24933743476867673,0.125,2.0,0.041666666666666664,0.24933743476867673,9.0,1.0,2.1879199743270874,,,0.3692626953125,0.2931608259677887,0.33,0.7068391740322113,0.24933743476867673,606.5,29.5,0.0,564.0,0.0,0.0,1.0,0.0
02_hotpot_citation,1,Medium-N-Beg,0.2901960784313726,0.1971477294961611,0.47372549019607835,2.0,0.0,0.1971477294961611,15.0,0.3333333333333333,2.5691192150115962,,,0.3836669921875,0.6250792592763901,0.67,0.3749207407236099,0.1971477294961611,1934.0,35.0,0.0,1886.0,0.0,0.0,1.0,0.0
02_hotpot_citation,1,Medium-N-Mid,0.2458521870286576,0.18791432430346802,0.4932126696832579,2.0,0.0,0.18791432430346802,15.333333333333334,0.3333333333333333,2.584298133850097,,,0.3885498046875,0.6274906545877457,0.67,0.37250934541225433,0.18791432430346802,1890.5,35.5,0.0,1842.0,0.0,0.0,1.0,0.0
02_hotpot_citation,1,Medium-P-Beg,0.6102564102564103,0.39648528893788654,0.6487179487179487,2.0,0.0,0.39648528893788654,21.333333333333332,3.0,2.4453425407409672,,,0.3870849609375,0.6521563678979874,0.67,0.34784363210201263,0.39648528893788654,1569.0,45.0,0.0,1511.0,0.0,0.0,1.0,0.0
02_hotpot_citation,1,Medium-P-End,0.7368564897634665,0.28750766441226006,0.5033542039355993,2.0,0.0,0.28750766441226006,31.75,5.75,2.7865872042519704,,,0.4100864955357143,0.520789840391704,0.67,0.479210159608296,0.28750766441226006,1631.4285714285713,33.42857142857143,0.0,1585.0,0.0,0.0,1.0,0.0
02_hotpot_citation,1,Medium-P-Mid,0.8786764705882352,0.2002613842487335,0.36642156862745096,2.0,0.0,0.2002613842487335,11.333333333333334,2.6666666666666665,2.695651650428772,,,0.438720703125,0.5601497292518616,0.67,0.4398502707481384,0.2002613842487335,1582.5,27.5,0.0,1542.0,0.0,0.0,1.0,0.0
02_hotpot_citation,1,Medium-T-Beg,0.4109311740890688,0.2061052893598874,0.4777327935222672,2.0,0.0,0.2061052893598874,16.666666666666668,2.0,2.636309862136841,,,0.3958740234375,0.6349335201084614,0.67,0.36506647989153856,0.2061052893598874,1680.5,36.5,0.0,1631.0,0.0,0.0,1.0,0.0
02_hotpot_citation,1,Medium-T-End,0.5,0.2771142721176147,0.375,2.0,0.0,0.2771142721176147,17.0,2.0,2.4299919605255127,,,0.380615234375,0.3436290025711059,0.67,0.656370997428894,0.2771142721176147,1500.0,33.0,0.0,1454.0,0.0,0.0,1.0,0.0
02_hotpot_citation,1,Medium-T-Mid,0.29398148148148145,0.24933743476867673,0.125,2.0,0.041666666666666664,0.24933743476867673,9.0,0.0,2.315922856330871,,,0.3648681640625,0.2931608259677887,0.67,0.7068391740322113,0.24933743476867673,1416.5,29.5,0.0,1374.0,0.0,0.0,1.0,0.0
02_hotpot_citation,2,High-P-Beg,0.9079254079254079,0.2729725316166878,0.5693473193473193,2.0,0.00769230769230765,0.2729725316166878,32.5,13.0,2.6247501373291016,,,0.4000244140625,0.5948115140199661,1.0,0.4051884859800339,0.2729725316166878,2045.5,44.5,0.0,1988.0,0.0,0.0,1.0,0.0
02_hotpot_citation,2,High-T-End,0.7335966728415241,0.29326575100421903,0.5293498238349497,2.0,0.0038461538461538403,0.29326575100421903,25.6,7.0,2.5200509548187258,,,0.4009765625,0.426050865650177,1.0,0.573949134349823,0.29326575100421903,1994.8,31.8,0.0,1950.0,0.0,0.0,1.0,0.0
02_hotpot_citation,2,Low-N-Beg,0.29741019214703424,0.32686263322830195,0.4970760233918129,2.0,0.0064102564102564,0.32686263322830195,24.0,0.0,2.1234092712402344,,,0.366943359375,0.47020094593365985,0.33,0.5297990540663401,0.32686263322830195,690.3333333333334,30.333333333333332,0.0,647.0,0.0,0.0,1.0,0.0
02_hotpot_citation,2,Low-N-End,0.27227443609022556,0.33223725855350494,0.5440248348143085,2.0,0.0038461538461538403,0.33223725855350494,22.8,0.2,2.0836647510528565,,,0.36240234375,0.40664834976196285,0.33,0.5933516502380372,0.33223725855350494,741.8,30.8,0.0,698.0,0.0,0.0,1.0,0.0
02_hotpot_citation,2,Low-N-Mid,0.2921318447634237,0.3320390780766804,0.5014050277208172,2.0,0.0064102564102564,0.3320390780766804,24.333333333333332,0.0,2.1743040879567466,,,0.3863932291666667,0.4708371063073476,0.33,0.5291628936926523,0.3320390780766804,677.6666666666666,30.666666666666668,0.0,634.0,0.0,0.0,1.0,0.0
02_hotpot_citation,2,Low-P-Beg,0.9488795518207284,0.23006910954912504,0.511437908496732,2.0,0.006535947712418301,0.23006910954912504,21.333333333333332,9.333333333333334,2.374061028162638,,,0.4115397135416667,0.5640986263751984,0.33,0.4359013736248016,0.23006910954912504,557.6666666666666,29.666666666666668,0.0,515.0,0.0,0.0,1.0,0.0
02_hotpot_citation,2,Low-P-End,0.8370098039215687,0.31122334798177076,0.46913992869875226,2.0,0.006535947712418301,0.31122334798177076,20.0,8.0,2.4191137154897056,,,0.3958333333333333,0.5569410820802052,0.33,0.44305891791979474,0.31122334798177076,591.0,31.0,0.0,547.0,0.0,0.0,1.0,0.0
02_hotpot_citation,2,Low-P-Mid,0.9857142857142858,0.2457128919661045,0.6422222222222221,2.0,0.0037037037037037,0.2457128919661045,28.0,10.6,2.627978761990865,,,0.4454752604166667,0.4795858263969421,0.33,0.5204141736030579,0.2457128919661045,561.8333333333334,42.833333333333336,0.0,506.0,0.0,0.0,1.0,0.0
02_hotpot_citation,2,Low-T-Beg,0.5317505720823799,0.33556671068072313,0.4818233825670897,2.0,0.0048076923076923,0.33556671068072313,24.5,4.0,2.0842878222465515,,,0.3572998046875,0.4726800471544266,0.33,0.5273199528455734,0.33556671068072313,542.75,30.75,0.0,499.0,0.0,0.0,1.0,0.0
02_hotpot_citation,2,Low-T-End,0.4755516241584352,0.3243638376394907,0.4581551919013219,2.0,0.006535947712418301,0.3243638376394907,22.666666666666668,3.6666666666666665,2.185469071070353,,,0.3694661458333333,0.4288079142570495,0.33,0.5711920857429504,0.3243638376394907,534.6666666666666,28.666666666666668,0.0,493.0,0.0,0.0,1.0,0.0
02_hotpot_citation,2,Low-T-Mid,0.5020170618854829,0.3436685241758823,0.5054077501445922,2.0,0.0048076923076923,0.3436685241758823,22.25,3.5,2.1748849749565125,,,0.36065673828125,0.4504970386624336,0.33,0.5495029613375664,0.3436685241758823,540.25,28.25,0.0,499.0,0.0,0.0,1.0,0.0
02_hotpot_citation,2,Medium-N-Beg,0.38265208475734785,0.286999163031578,0.5746611984506721,2.0,0.0038461538461538403,0.286999163031578,24.2,1.4,2.423333263397217,,,0.423583984375,0.39604451656341555,0.67,0.6039554834365845,0.286999163031578,1818.2,32.2,0.0,1773.0,0.0,0.0,1.0,0.0
02_hotpot_citation,2,Medium-N-End,0.4012185636505055,0.3323150649666786,0.545220810647308,2.0,0.0048076923076923,0.3323150649666786,26.0,2.0,2.333312511444092,,,0.40106201171875,0.3985499292612076,0.67,0.6014500707387924,0.3323150649666786,1697.5,35.5,0.0,1649.0,0.0,0.0,1.0,0.0
02_hotpot_citation,2,Medium-N-Mid,0.373155929038282,0.27054713815450665,0.5308496732026144,2.0,0.0040816326530612205,0.27054713815450665,18.8,0.6,2.384392499923706,,,0.377880859375,0.46400029659271236,0.67,0.5359997034072876,0.27054713815450665,1834.8,25.8,0.0,1796.0,0.0,0.0,1.0,0.0
02_hotpot_citation,2,Medium-P-Beg,0.7694821518350929,0.31159885972738266,0.5562101977543155,2.0,0.004901960784313725,0.31159885972738266,29.5,9.25,2.4748398661613464,,,0.410400390625,0.5064808800816536,0.67,0.4935191199183464,0.31159885972738266,1477.5,38.5,0.0,1426.0,0.0,0.0,1.0,0.0
02_hotpot_citation,2,Medium-P-End,0.9901960784313726,0.2091085848708947,0.6083719075605486,2.0,0.0032679738562091504,0.2091085848708947,23.166666666666668,10.833333333333334,2.663179357846578,,,0.4286702473958333,0.5535409053166707,0.67,0.4464590946833293,0.2091085848708947,1245.1666666666667,34.166666666666664,0.0,1198.0,0.0,0.0,1.0,0.0
02_hotpot_citation,2,Medium-P-Mid,0.9201680672268908,0.18002899815993648,0.6678815250796675,2.0,0.0028011204481792717,0.18002899815993648,20.142857142857142,8.0,2.7428249418735504,,,0.415771484375,0.4889672361314296,0.67,0.5110327638685703,0.18002899815993648,1433.25,31.25,0.0,1389.0,0.0,0.0,1.0,0.0
02_hotpot_citation,2,Medium-T-Beg,0.7868339381207029,0.2753882731000582,0.5414549910873441,2.0,0.003401360544217683,0.2753882731000582,24.333333333333332,8.0,2.428894281387329,,,0.3731282552083333,0.5066442141930263,0.67,0.49335578580697376,0.2753882731000582,1377.5,31.5,0.0,1333.0,0.0,0.0,1.0,0.0
02_hotpot_citation,2,Medium-T-End,0.6522315592903829,0.2839918434619903,0.5357236227824463,2.0,0.0040816326530612205,0.2839918434619903,18.0,3.8,2.547465515136719,,,0.42587890625,0.5029527544975281,0.67,0.4970472455024719,0.2839918434619903,1387.0,25.0,0.0,1349.0,0.0,0.0,1.0,0.0
02_hotpot_citation,2,Medium-T-Mid,0.6325863678804855,0.3465022047360738,0.5164954870837223,2.0,0.006535947712418301,0.3465022047360738,22.0,5.666666666666667,2.459250291188558,,,0.3990885416666667,0.5399427314599354,0.67,0.4600572685400645,0.3465022047360738,1357.6666666666667,28.666666666666668,0.0,1316.0,0.0,0.0,1.0,0.0
02_hotpot_citation,3,Low-N-Beg,0.26394838841289264,0.63444983959198,0.0,2.0,0.14497800586510262,0.63444983959198,22.0,0.25,2.6356489658355713,,,0.35205078125,0.3316165953874588,0.33,0.6683834046125412,0.63444983959198,749.0,39.0,22.0,667.0,31.247395833333332,1.0,1.0,1.0
02_hotpot_citation,3,Low-N-End,0.3594706242350061,0.63444983959198,0.0,2.0,0.14497800586510262,0.63444983959198,22.0,1.25,2.539371649424235,,,0.3751627604166667,0.3316165953874588,0.33,0.6683834046125412,0.63444983959198,714.0,39.0,22.0,632.0,32.205729166666664,1.0,1.0,1.0
02_hotpot_citation,3,Low-N-Mid,0.3095675234598123,0.63444983959198,0.0,2.0,0.14497800586510262,0.63444983959198,22.0,0.75,2.658724387486776,,,0.3885091145833333,0.3316165953874588,0.33,0.6683834046125412,0.63444983959198,773.0,39.0,22.0,691.0,31.34375,1.0,1.0,1.0
02_hotpot_citation,3,Low-P-Beg,0.8791666666666668,0.6336356997489929,0.0,2.0,0.14497800586510262,0.6336356997489929,22.0,8.75,2.6472178300221763,,,0.3963216145833333,0.330901543299357,0.33,0.6690984567006429,0.6336356997489929,697.0,39.0,22.0,615.0,30.766927083333332,1.0,1.0,1.0
02_hotpot_citation,3,Low-P-End,0.8129079967360261,0.63444983959198,0.0,2.0,0.14497800586510262,0.63444983959198,22.0,9.0,2.7011466026306152,,,0.4292805989583333,0.3316165953874588,0.33,0.6683834046125412,0.63444983959198,613.0,39.0,22.0,531.0,33.751302083333336,1.0,1.0,1.0
02_hotpot_citation,3,Low-P-Mid,0.8053345573235414,0.63444983959198,0.0,2.0,0.14497800586510262,0.63444983959198,22.0,8.0,2.6557398637135825,,,0.3974609375,0.3316165953874588,0.33,0.6683834046125412,0.63444983959198,629.0,39.0,22.0,547.0,36.873697916666664,1.0,1.0,1.0
02_hotpot_citation,3,Low-T-Beg,0.5549812030075189,0.6314263939857483,0.0,2.0,0.14497800586510262,0.6314263939857483,21.75,4.75,2.4534491697947183,,,0.38720703125,0.3487164030472438,0.33,0.6512835969527563,0.6314263939857483,601.3333333333334,38.333333333333336,22.0,520.0,35.790364583333336,1.0,1.0,1.0
02_hotpot_citation,3,Low-T-End,0.6072994987468672,0.6314263939857483,0.0,2.0,0.14497800586510262,0.6314263939857483,21.75,5.5,2.4705323378245034,,,0.3894856770833333,0.3487164030472438,0.33,0.6512835969527563,0.6314263939857483,624.3333333333334,38.333333333333336,22.0,543.0,36.813802083333336,1.0,1.0,1.0
02_hotpot_citation,3,Low-T-Mid,0.6026002506265664,0.6314263939857483,0.0,2.0,0.14497800586510262,0.6314263939857483,21.75,5.5,2.485234181086222,,,0.3938802083333333,0.3487164030472438,0.33,0.6512835969527563,0.6314263939857483,646.3333333333334,38.333333333333336,22.0,565.0,36.47265625,1.0,1.0,1.0
02_hotpot_citation,3,Medium-N-Beg,0.33468482252141984,0.63444983959198,0.0,2.0,0.14497800586510262,0.63444983959198,22.0,1.25,2.9078723589579263,,,0.421142578125,0.3316165953874588,0.67,0.6683834046125412,0.63444983959198,1897.0,39.0,22.0,1815.0,20.290364583333332,1.0,1.0,1.0
02_hotpot_citation,3,Medium-N-End,0.35365667074663404,0.63444983959198,0.0,2.0,0.14497800586510262,0.63444983959198,22.0,0.75,2.9549543062845864,,,0.41845703125,0.3316165953874588,0.67,0.6683834046125412,0.63444983959198,1818.0,39.0,22.0,1736.0,16.90625,1.0,1.0,1.0
02_hotpot_citation,3,Medium-N-Mid,0.4035923753665689,0.7079554200172424,0.0,2.0,0.22274193548387097,0.7079554200172424,22.25,2.25,2.9366587003072104,,,0.362548828125,0.1257096727689107,0.67,0.8742903272310892,0.7079554200172424,1934.3333333333333,37.333333333333336,68.0,1808.0,137.45833333333334,1.0,1.0,1.0
02_hotpot_citation,3,Medium-P-Beg,0.9523809523809524,0.7069513996442159,0.03174603174603174,2.0,0.1732117812061711,0.7069513996442159,29.666666666666668,13.333333333333334,2.6370086669921875,,,0.4365234375,0.2369793951511383,0.67,0.7630206048488617,0.7069513996442159,1431.0,59.0,0.0,1359.0,0.0,0.0,1.0,0.0
02_hotpot_citation,3,Medium-P-End,0.8356307435254804,0.7072756886482239,0.01587301587301587,2.0,0.1732117812061711,0.7072756886482239,28.666666666666668,11.333333333333334,2.6291329860687256,,,0.4227294921875,0.2350965440273285,0.67,0.7649034559726715,0.7072756886482239,1700.5,56.5,0.0,1631.0,0.0,0.0,1.0,0.0
02_hotpot_citation,3,Medium-P-Mid,0.883249791144528,0.7074391643206278,0.01587301587301587,2.0,0.1732117812061711,0.7074391643206278,28.333333333333332,11.0,2.6072311401367188,,,0.43603515625,0.2384255230426788,0.67,0.7615744769573212,0.7074391643206278,1614.0,56.0,0.0,1545.0,0.0,0.0,1.0,0.0
02_hotpot_citation,3,Medium-T-Beg,0.7201397388820889,0.63444983959198,0.0,2.0,0.14497800586510262,0.63444983959198,22.0,7.0,2.7444122632344565,,,0.4109700520833333,0.3316165953874588,0.67,0.6683834046125412,0.63444983959198,1638.0,39.0,22.0,1556.0,22.093098958333332,1.0,1.0,1.0
02_hotpot_citation,3,Medium-T-End,0.56265664160401,0.6314263939857483,0.0,2.0,0.14497800586510262,0.6314263939857483,21.75,6.25,2.6947128772735596,,,0.4215494791666667,0.3487164030472438,0.67,0.6512835969527563,0.6314263939857483,1216.3333333333333,38.333333333333336,22.0,1135.0,25.45703125,1.0,1.0,1.0
02_hotpot_citation,3,Medium-T-Mid,0.6663533834586466,0.6314263939857483,0.0,2.0,0.14497800586510262,0.6314263939857483,21.75,6.25,2.6405120690663657,,,0.3765462239583333,0.3487164030472438,0.67,0.6512835969527563,0.6314263939857483,1642.3333333333333,38.333333333333336,22.0,1561.0,22.099609375,1.0,1.0,1.0
02_hotpot_citation,4,Low-N-Beg,0.3220134941261607,0.04564046735564862,0.7917187767849028,2.0,0.0,0.04564046735564862,19.333333333333332,0.3333333333333333,2.3097624438149587,,,0.37109375,0.7301552136029517,0.33,0.26984478639704834,0.04564046735564862,740.5714285714286,20.571428571428573,0.0,707.0,0.0,0.0,1.0,0.0
02_hotpot_citation,4,Low-N-End,0.31575757575757574,0.04454373568296426,0.7767676767676768,2.0,0.0,0.04454373568296426,22.666666666666668,0.3333333333333333,2.268501361211141,,,0.3994954427083333,0.6131367484728496,0.33,0.3868632515271504,0.04454373568296426,660.0,29.0,0.0,618.0,0.0,0.0,1.0,0.0
02_hotpot_citation,4,Low-N-Mid,0.590034965034965,0.1855294406414032,0.5673076923076923,2.0,0.0,0.1855294406414032,36.5,7.5,2.5313141345977783,,,0.4027506510416667,0.564242919286092,0.33,0.4357570807139079,0.1855294406414032,782.3333333333334,39.333333333333336,0.0,730.0,0.0,0.0,1.0,0.0
02_hotpot_citation,4,Low-P-Beg,0.9455490136876007,0.05263946717604997,0.5581501610305958,2.0,0.0,0.05263946717604997,15.875,5.875,2.661687271935599,,,0.39121791294642855,0.4384755236761911,0.33,0.561524476323809,0.05263946717604997,617.7142857142857,27.714285714285715,0.0,577.0,0.0,0.0,1.0,0.0
02_hotpot_citation,4,Low-P-End,0.9926470588235293,0.07761451927945015,0.6588361221681656,2.0,0.0,0.07761451927945015,18.625,6.75,2.770777781804403,,,0.4294921875,0.3920733471711476,0.33,0.6079266528288524,0.07761451927945015,566.9333333333333,34.93333333333333,0.0,519.0,0.0,0.0,1.0,0.0
02_hotpot_citation,4,Low-P-Mid,0.9722222222222222,0.07246577077441746,0.5706642285589655,2.0,0.0,0.07246577077441746,14.555555555555555,5.333333333333333,2.8735135793685913,,,0.4595703125,0.4285306632518768,0.33,0.5714693367481232,0.07246577077441746,673.2,31.2,0.0,629.0,0.0,0.0,1.0,0.0
02_hotpot_citation,4,Low-T-Beg,0.38123674571042987,0.115787832532078,0.6067958357432042,2.0,0.0,0.115787832532078,19.25,0.0,2.3050606846809387,,,0.40582275390625,0.6599304787814617,0.33,0.34006952121853823,0.115787832532078,584.75,26.75,0.0,545.0,0.0,0.0,1.0,0.0
02_hotpot_citation,4,Low-T-End,0.6653079710144928,0.22750975564122194,0.5634963768115941,2.0,0.0,0.22750975564122194,18.75,3.25,2.271887111663818,,,0.3548828125,0.6782154679298401,0.33,0.3217845320701599,0.22750975564122194,605.0,22.0,0.0,570.0,0.0,0.0,1.0,0.0
02_hotpot_citation,4,Low-T-Mid,0.34161490683229817,0.14972445794514247,0.3226708074534162,2.0,0.0,0.14972445794514247,10.714285714285714,0.2857142857142857,2.295005130767822,,,0.373828125,0.7230660431087017,0.33,0.27693395689129824,0.14972445794514247,595.2,17.2,0.0,565.0,0.0,0.0,1.0,0.0
02_hotpot_citation,4,Medium-N-Beg,0.29997086247086246,0.5312506655852,0.5556526806526807,2.0,0.030864197530864168,0.5312506655852,23.333333333333332,0.3333333333333333,2.6004555225372314,,,0.451904296875,0.4427864849567413,0.67,0.5572135150432587,0.5312506655852,1965.3333333333333,31.333333333333332,0.0,1921.0,0.0,0.0,1.0,0.0
02_hotpot_citation,4,Medium-N-Mid,0.411764705882353,0.1556727439165115,0.5294117647058824,2.0,0.0,0.1556727439165115,32.0,0.0,2.8091708024342856,,,0.4471028645833333,0.8805965359012285,0.67,0.11940346409877135,0.1556727439165115,2048.0,8.0,0.0,2027.0,0.0,0.0,1.0,0.0
02_hotpot_citation,4,Medium-P-Beg,0.6112730989831829,0.16948539125067846,0.49259960394414176,2.0,0.023809523809523808,0.16948539125067846,8.238095238095237,1.8095238095238095,2.8461188673973083,,,0.4481658935546875,0.4536779075860977,0.67,0.5463220924139023,0.16948539125067846,1549.0625,22.0625,0.0,1514.0,0.0,0.0,1.0,0.0
02_hotpot_citation,4,Medium-P-End,0.9904545454545455,0.08824930605478584,0.5925478468899522,2.0,0.0,0.08824930605478584,14.8,5.6,2.9389057592912153,,,0.4175026633522727,0.44550391218879,0.67,0.55449608781121,0.08824930605478584,1544.7272727272727,23.727272727272727,0.0,1508.0,0.0,0.0,1.0,0.0
02_hotpot_citation,4,Medium-P-Mid,1.0,0.11430260042349497,0.5610681983231003,2.0,0.0,0.11430260042349497,13.666666666666666,4.888888888888889,2.9227699552263533,,,0.43666294642857145,0.4761081082480294,0.67,0.5238918917519706,0.11430260042349497,1138.0,26.0,0.0,1099.0,0.0,0.0,1.0,0.0
02_hotpot_citation,4,Medium-T-Beg,0.48273809523809524,0.4622238129377365,0.5275091575091575,2.0,0.1135204081632653,0.4622238129377365,35.5,4.5,2.5953499476114907,,,0.4141438802083333,0.4820399930079778,0.67,0.5179600069920222,0.4622238129377365,1562.5,32.5,0.0,1517.0,0.0,0.0,1.0,0.0
02_hotpot_citation,4,Medium-T-End,0.9805194805194806,0.13528653572906146,0.6858767350640416,2.0,0.0,0.13528653572906146,14.0,6.181818181818182,2.7061484149008086,,,0.39014411695075757,0.4338498612244924,0.67,0.5661501387755076,0.13528653572906146,1443.3939393939395,30.393939393939394,0.0,1400.0,0.0,0.0,1.0,0.0
02_hotpot_citation,4,Medium-T-Mid,0.42970370370370375,0.1360923051834106,0.7515555555555555,2.0,0.0,0.1360923051834106,24.0,1.6,2.5504703919092813,,,0.4064534505208333,0.7156594830254714,0.67,0.28434051697452856,0.1360923051834106,1493.8333333333333,24.833333333333332,0.0,1456.0,0.0,0.0,1.0,0.0
02_hotpot_citation,5,Low-N-Beg,0.3125,0.3354957699775696,0.3125,2.0,0.0,0.3354957699775696,19.0,0.0,2.208963394165039,,,0.378662109375,0.3350724577903747,0.33,0.6649275422096252,0.3354957699775696,751.0,30.0,0.0,708.0,0.0,0.0,1.0,0.0
02_hotpot_citation,5,Low-N-End,0.4305555555555556,0.26987787336111063,0.41666666666666663,2.0,0.0,0.26987787336111063,17.5,0.0,2.191439151763916,,,0.3272705078125,0.49094919860363,0.33,0.5090508013963699,0.26987787336111063,655.0,24.0,0.0,618.0,0.0,0.0,1.0,0.0
02_hotpot_citation,5,Low-N-Mid,0.25,0.26388088613748545,0.5462962962962963,2.0,0.0,0.26388088613748545,14.333333333333334,0.3333333333333333,2.2687052885691323,,,0.3771158854166667,0.4135300715764364,0.33,0.5864699284235636,0.26388088613748545,727.6666666666666,22.666666666666668,0.0,692.0,0.0,0.0,1.0,0.0
02_hotpot_citation,5,Low-P-Beg,0.8409961685823755,0.4175022095441818,0.49808429118773945,2.0,0.0,0.4175022095441818,22.5,7.5,2.4053127765655518,,,0.401611328125,0.3276852369308471,0.33,0.6723147630691528,0.4175022095441818,616.5,34.5,0.0,569.0,0.0,0.0,1.0,0.0
02_hotpot_citation,5,Low-P-End,0.7058823529411765,0.3316178023815155,0.3529411764705882,2.0,0.0,0.3316178023815155,21.0,6.0,2.395779848098755,,,0.39306640625,0.2877055406570434,0.33,0.7122944593429565,0.3316178023815155,545.0,33.0,0.0,499.0,0.0,0.0,1.0,0.0
02_hotpot_citation,5,Low-P-Mid,0.9203525641025642,0.2934798263013363,0.6638694638694639,2.0,0.0,0.2934798263013363,24.0,8.0,2.4441691637039185,,,0.42156982421875,0.4448524191975593,0.33,0.5551475808024406,0.2934798263013363,586.25,31.25,0.0,542.0,0.0,0.0,1.0,0.0
02_hotpot_citation,5,Low-T-Beg,0.36230158730158724,0.39382134874661756,0.5424603174603174,2.0,0.0,0.39382134874661756,26.333333333333332,2.6666666666666665,2.1131840546925864,,,0.3741861979166667,0.2818571130434671,0.33,0.7181428869565328,0.39382134874661756,635.0,42.0,0.0,580.0,0.0,0.0,1.0,0.0
02_hotpot_citation,5,Low-T-End,0.4264005602240896,0.34599270671606064,0.5926470588235294,2.0,0.0,0.34599270671606064,18.0,1.75,2.1865261793136597,,,0.38629150390625,0.4160064831376076,0.33,0.5839935168623924,0.34599270671606064,616.0,27.0,0.0,576.0,0.0,0.0,1.0,0.0
02_hotpot_citation,5,Low-T-Mid,0.4760478045207896,0.33356629312038416,0.6080761676487234,2.0,0.0,0.33356629312038416,26.666666666666668,3.0,2.184472640355428,,,0.3805338541666667,0.3936629295349121,0.33,0.6063370704650879,0.33356629312038416,653.0,40.0,0.0,600.0,0.0,0.0,1.0,0.0
02_hotpot_citation,5,Medium-N-Beg,0.38103864734299514,0.44878000020980835,0.46262077294685994,2.0,0.0,0.44878000020980835,20.0,0.3333333333333333,2.359304666519165,,,0.3741861979166667,0.2894628445307413,0.67,0.7105371554692587,0.44878000020980835,2048.0,7.0,0.0,2028.0,0.0,0.0,1.0,0.0
02_hotpot_citation,5,Medium-N-End,0.5694444444444444,0.26987787336111063,0.41666666666666663,2.0,0.0,0.26987787336111063,17.5,0.5,2.288377046585083,,,0.33984375,0.49094919860363,0.67,0.5090508013963699,0.26987787336111063,2048.0,6.0,0.0,2029.0,0.0,0.0,1.0,0.0
02_hotpot_citation,5,Medium-N-Mid,0.513157894736842,0.27297832071781153,0.4298245614035088,2.0,0.0,0.27297832071781153,17.5,0.0,2.497662901878357,,,0.363525390625,0.4949949085712433,0.67,0.5050050914287567,0.27297832071781153,1842.0,24.0,0.0,1805.0,0.0,0.0,1.0,0.0
02_hotpot_citation,5,Medium-P-Beg,0.9107142857142857,0.23797690868377686,0.6278195488721805,2.0,0.0,0.23797690868377686,26.0,9.5,2.6667815446853638,,,0.406982421875,0.4544269442558288,0.67,0.5455730557441711,0.23797690868377686,1539.0,37.0,0.0,1489.0,0.0,0.0,1.0,0.0
02_hotpot_citation,5,Medium-P-End,0.7063492063492063,0.3766254410147667,0.5357142857142857,2.0,0.0,0.3766254410147667,22.5,6.0,2.4143922328948975,,,0.3367919921875,0.4467245191335678,0.67,0.5532754808664322,0.3766254410147667,1535.0,30.0,0.0,1492.0,0.0,0.0,1.0,0.0
02_hotpot_citation,5,Medium-P-Mid,0.9538461538461539,0.2882020741701126,0.6426688963210703,2.0,0.0,0.2882020741701126,23.8,10.6,2.6924317836761475,,,0.406005859375,0.437401932477951,0.67,0.562598067522049,0.2882020741701126,1586.0,35.0,0.0,1538.0,0.0,0.0,1.0,0.0
02_hotpot_citation,5,Medium-T-Beg,0.5045129162776222,0.39288899302482605,0.5510426392779334,2.0,0.0,0.39288899302482605,18.666666666666668,1.6666666666666667,2.3457099596659345,,,0.4036458333333333,0.3618481953938802,0.67,0.6381518046061198,0.39288899302482605,1545.0,29.0,0.0,1503.0,0.0,0.0,1.0,0.0
02_hotpot_citation,5,Medium-T-End,0.5625,0.3905580937862396,0.46875,2.0,0.0,0.3905580937862396,28.0,4.5,2.3264389038085938,,,0.3922119140625,0.3066886961460113,0.67,0.6933113038539886,0.3905580937862396,1646.0,42.0,0.0,1591.0,0.0,0.0,1.0,0.0
02_hotpot_citation,5,Medium-T-Mid,0.8882783882783882,0.22977140049139658,0.6593406593406593,2.0,0.0,0.22977140049139658,20.666666666666668,6.666666666666667,2.671653668085734,,,0.42236328125,0.4747167726357778,0.67,0.5252832273642222,0.22977140049139658,1587.6666666666667,28.666666666666668,0.0,1546.0,0.0,0.0,1.0,0.0
02_hotpot_citation,6,Low-N-Beg,0.3205128205128205,0.08970774617046115,0.6623931623931625,2.0,0.0,0.08970774617046115,31.0,0.0,2.3390462398529053,,,0.4161376953125,0.5124389976263046,0.33,0.4875610023736954,0.08970774617046115,705.5,39.5,0.0,653.0,0.0,0.0,1.0,0.0
02_hotpot_citation,6,Low-N-End,0.29395604395604397,0.17779273291428876,0.7078754578754578,2.0,0.0,0.17779273291428876,31.333333333333332,0.3333333333333333,2.2450952529907227,,,0.42578125,0.5872352023919423,0.33,0.4127647976080576,0.17779273291428876,740.6666666666666,38.666666666666664,0.0,689.0,0.0,0.0,1.0,0.0
02_hotpot_citation,6,Low-N-Mid,0.35416666666666663,0.16867089271545405,0.6791666666666667,2.0,0.0,0.16867089271545405,31.0,0.0,2.2266229391098022,,,0.3831787109375,0.511557474732399,0.33,0.488442525267601,0.16867089271545405,726.5,38.5,0.0,675.0,0.0,0.0,1.0,0.0
02_hotpot_citation,6,Low-P-Beg,0.9895833333333334,0.025857890723273123,0.7388970588235294,2.0,0.0,0.025857890723273123,19.25,7.375,2.5437685118781195,,,0.3897840711805556,0.6329284972614713,0.33,0.3670715027385288,0.025857890723273123,564.4444444444445,30.444444444444443,0.0,521.0,0.0,0.0,1.0,0.0
02_hotpot_citation,6,Low-P-End,1.0,0.034817622353633226,0.6916083916083916,2.0,0.0,0.034817622353633226,23.5,8.666666666666666,2.646891014916556,,,0.42710658482142855,0.6339032362614359,0.33,0.3660967637385641,0.034817622353633226,611.7142857142857,38.714285714285715,0.0,560.0,0.0,0.0,1.0,0.0
02_hotpot_citation,6,Low-P-Mid,0.983173076923077,0.06985283425698677,0.6876760015346972,2.0,0.0,0.06985283425698677,24.5,9.5,2.5216176169259206,,,0.383056640625,0.5349100774952343,0.33,0.46508992250476566,0.06985283425698677,596.8571428571429,38.857142857142854,0.0,545.0,0.0,0.0,1.0,0.0
02_hotpot_citation,6,Low-T-Beg,0.6414385399892646,0.12850653876860932,0.6469672571121846,2.0,0.0,0.12850653876860932,31.666666666666668,5.0,2.186589002609253,,,0.3806966145833333,0.5284091432889302,0.33,0.47159085671106976,0.12850653876860932,643.3333333333334,44.333333333333336,0.0,586.0,0.0,0.0,1.0,0.0
02_hotpot_citation,6,Low-T-End,0.6463536463536463,0.04612724048395953,0.6283959096459096,2.0,0.0,0.04612724048395953,25.5,3.8333333333333335,2.2358683745066323,,,0.3963216145833333,0.6375433507685859,0.33,0.362456649231414,0.04612724048395953,682.0,42.0,0.0,627.0,0.0,0.0,1.0,0.0
02_hotpot_citation,6,Low-T-Mid,0.7932680776780155,0.0217202927118965,0.6805179085924428,2.0,0.0,0.0217202927118965,21.714285714285715,6.142857142857143,2.4304504828019575,,,0.39759410511363635,0.6819408095695756,0.33,0.3180591904304244,0.0217202927118965,592.7272727272727,35.72727272727273,0.0,544.0,0.0,0.0,1.0,0.0
02_hotpot_citation,6,Medium-N-Beg,0.4285714285714285,0.1070008650422096,0.1428571428571428,2.0,0.0,0.1070008650422096,16.0,0.0,2.363646984100342,,,0.461181640625,0.4356650114059448,0.67,0.5643349885940552,0.1070008650422096,1800.0,24.0,0.0,1763.0,0.0,0.0,1.0,0.0
02_hotpot_citation,6,Medium-N-End,0.386036036036036,0.1228352934122085,0.7054054054054054,2.0,0.0,0.1228352934122085,38.5,1.5,2.4029191732406616,,,0.42236328125,0.5116164535284042,0.67,0.48838354647159576,0.1228352934122085,1492.5,54.5,0.0,1425.0,0.0,0.0,1.0,0.0
02_hotpot_citation,6,Medium-N-Mid,0.3688423645320197,0.09211791865527624,0.6477832512315271,2.0,0.0,0.09211791865527624,33.0,0.5,2.5281970500946045,,,0.457763671875,0.4715411067008972,0.67,0.5284588932991028,0.09211791865527624,1842.5,42.5,0.0,1787.0,0.0,0.0,1.0,0.0
02_hotpot_citation,6,Medium-P-Beg,0.995,0.01943810959346591,0.6063961988304094,2.0,0.0,0.01943810959346591,17.75,5.625,2.896533807118734,,,0.44091796875,0.6483912799093459,0.67,0.35160872009065414,0.01943810959346591,1749.888888888889,32.888888888888886,0.0,1704.0,0.0,0.0,1.0,0.0
02_hotpot_citation,6,Medium-P-End,1.0,0.06878658632437383,0.5441225441225441,2.0,0.0,0.06878658632437383,22.0,7.333333333333333,2.8288369178771973,,,0.4026692708333333,0.5800180733203888,0.67,0.41998192667961115,0.06878658632437383,1690.3333333333333,36.333333333333336,0.0,1641.0,0.0,0.0,1.0,0.0
02_hotpot_citation,6,Medium-P-Mid,0.9841269841269842,-0.02769612840243746,0.7666045066045066,2.0,0.0,-0.02769612840243746,21.714285714285715,8.857142857142858,3.055249720811844,,,0.456573486328125,0.6974353659898043,0.67,0.30256463401019573,-0.02769612840243746,1722.5,35.5,0.0,1674.0,0.0,0.0,1.0,0.0
02_hotpot_citation,6,Medium-T-Beg,0.9046177606177607,0.09617267549037932,0.5966500526500526,2.0,0.0,0.09617267549037932,28.2,8.8,2.6051019032796225,,,0.3948160807291667,0.597199484705925,0.67,0.40280051529407496,0.09617267549037932,1619.1666666666667,50.166666666666664,0.0,1556.0,0.0,0.0,1.0,0.0
02_hotpot_citation,6,Medium-T-End,0.909623015873016,0.065582572016865,0.6283782372598162,2.0,0.0,0.065582572016865,18.375,5.5,2.55808597140842,,,0.4065212673611111,0.5603075789080726,0.67,0.4396924210919274,0.065582572016865,1666.111111111111,29.11111111111111,0.0,1624.0,0.0,0.0,1.0,0.0
02_hotpot_citation,6,Medium-T-Mid,0.9326007326007326,-0.005451364176613929,0.6570011325529153,2.0,0.0,-0.005451364176613929,20.857142857142858,7.857142857142857,2.6727632880210876,,,0.397735595703125,0.7181618446484208,0.67,0.2818381553515792,-0.005451364176613929,1682.5,37.5,0.0,1632.0,0.0,0.0,1.0,0.0
02_hotpot_citation,7,Low-N-Beg,0.33808479532163743,0.3351124847928683,0.4362910481331534,2.0,0.05160834217037819,0.3351124847928683,29.0,2.0,2.2903770804405212,,,0.37811279296875,0.3704011440277099,0.33,0.62959885597229,0.3351124847928683,679.75,29.75,0.0,637.0,0.0,0.0,1.0,0.0
02_hotpot_citation,7,Low-N-End,0.280214424951267,0.4194770281513532,0.4412768031189083,2.0,0.0696150696150696,0.4194770281513532,28.666666666666668,0.3333333333333333,2.253881335258484,,,0.37054443359375,0.2926379144191742,0.33,0.7073620855808258,0.4194770281513532,754.0,30.0,0.0,711.0,0.0,0.0,1.0,0.0
02_hotpot_citation,7,Low-N-Mid,0.34696969696969693,0.30416416227817533,0.5398484848484848,2.0,0.007407407407407401,0.30416416227817533,19.0,0.2,2.3304238319396973,,,0.37197265625,0.4534875452518463,0.33,0.5465124547481537,0.30416416227817533,661.4,25.4,0.0,623.0,0.0,0.0,1.0,0.0
02_hotpot_citation,7,Low-P-Beg,0.9518062397372742,0.09114986285567278,0.7153059023064761,2.0,0.0,0.09114986285567278,18.5,7.75,2.687358032573353,,,0.4267356178977273,0.4521422738378698,0.33,0.5478577261621301,0.09114986285567278,590.3636363636364,31.363636363636363,0.0,546.0,0.0,0.0,1.0,0.0
02_hotpot_citation,7,Low-P-End,0.853192007797271,0.12384092481806873,0.6341026176552492,2.0,0.0,0.12384092481806873,26.5,9.5,2.414514183998108,,,0.4107666015625,0.4620430991053581,0.33,0.5379569008946419,0.12384092481806873,556.0,35.0,0.0,508.0,0.0,0.0,1.0,0.0
02_hotpot_citation,7,Low-P-Mid,0.8626002673796792,0.10365661326795814,0.6414464888826343,2.0,0.004464285714285712,0.10365661326795814,20.125,8.0,2.4574622809886932,,,0.437957763671875,0.4250132814049721,0.33,0.5749867185950279,0.10365661326795814,579.0,29.0,0.0,537.0,0.0,0.0,1.0,0.0
02_hotpot_citation,7,Low-T-Beg,0.9375,0.1555374254073415,0.7325569358178053,2.0,0.0,0.1555374254073415,22.857142857142858,10.714285714285714,2.8598815272836124,,,0.4653894761029412,0.425378762623843,0.33,0.574621237376157,0.1555374254073415,654.9411764705883,37.94117647058823,0.0,604.0,0.0,0.0,1.0,0.0
02_hotpot_citation,7,Low-T-End,0.5471967963386728,0.3622711542993784,0.4501573226544622,2.0,0.040833333333333326,0.3622711542993784,20.0,3.5,2.304793953895569,,,0.39105224609375,0.4190801605582237,0.33,0.5809198394417763,0.3622711542993784,530.25,28.25,0.0,489.0,0.0,0.0,1.0,0.0
02_hotpot_citation,7,Low-T-Mid,0.9319727891156463,0.07781992320503504,0.7772315664702883,2.0,0.0,0.07781992320503504,22.714285714285715,9.857142857142858,2.788947073618571,,,0.4676920572916667,0.3908318658669789,0.32999999999999996,0.6091681341330211,0.07781992320503504,618.2666666666667,39.266666666666666,0.0,566.0,0.0,0.0,1.0,0.0
02_hotpot_citation,7,Medium-N-Beg,0.3419642857142857,0.19177852943539617,0.5160714285714285,2.0,0.01162790697674415,0.19177852943539617,38.0,1.5,2.715304374694824,,,0.4197998046875,0.5373224467039108,0.67,0.4626775532960892,0.19177852943539617,2023.75,26.75,0.0,1984.0,0.0,0.0,1.0,0.0
02_hotpot_citation,7,Medium-N-End,0.3611406975937868,0.16473355442285537,0.740930818482306,2.0,0.0,0.16473355442285537,20.0,0.6,2.5026892185211183,,,0.41357421875,0.6032375246286392,0.67,0.3967624753713608,0.16473355442285537,1789.2,25.2,0.0,1751.0,0.0,0.0,1.0,0.0
02_hotpot_citation,7,Medium-N-Mid,0.4650293450713619,0.1815386925424848,0.6374916633319995,2.0,0.0119047619047619,0.1815386925424848,18.0,1.7142857142857142,2.617722660303116,,,0.4127197265625,0.5244310311973095,0.67,0.4755689688026905,0.1815386925424848,1845.375,20.375,0.0,1812.0,0.0,0.0,1.0,0.0
02_hotpot_citation,7,Medium-P-Beg,0.9103599033816425,0.09599378257989882,0.6145605285592498,2.0,0.024,0.09599378257989882,21.2,9.2,2.667325162887573,,,0.426318359375,0.479954308271408,0.67,0.5200456917285919,0.09599378257989882,1623.2,30.2,0.0,1580.0,0.0,0.0,1.0,0.0
02_hotpot_citation,7,Medium-P-End,0.8028947368421052,0.09543577432632444,0.6944813119755913,2.0,0.0,0.09543577432632444,24.8,8.2,2.609601545333862,,,0.4330078125,0.5353978663682938,0.67,0.4646021336317062,0.09543577432632444,1524.0,32.0,0.0,1479.0,0.0,0.0,1.0,0.0
02_hotpot_citation,7,Medium-P-Mid,0.9242105263157895,0.12114396877586842,0.6521052631578947,2.0,0.0,0.12114396877586842,26.0,11.5,2.7050625681877136,,,0.4434814453125,0.4408092796802521,0.67,0.5591907203197479,0.12114396877586842,1483.75,36.75,0.0,1434.0,0.0,0.0,1.0,0.0
02_hotpot_citation,7,Medium-T-Beg,0.8560609698424825,0.13841111958026883,0.6669891593000836,2.0,0.004926108374384229,0.13841111958026883,23.142857142857142,8.142857142857142,2.7870611250400543,,,0.444976806640625,0.470925074070692,0.67,0.5290749259293079,0.13841111958026883,1749.375,35.375,0.0,1701.0,0.0,0.0,1.0,0.0
02_hotpot_citation,7,Medium-T-End,0.9340036231884058,0.20408760507901505,0.6884396453089244,2.0,0.0043859649122807,0.20408760507901505,25.333333333333332,10.333333333333334,2.8900615870952606,,,0.435821533203125,0.4769067019224167,0.67,0.5230932980775833,0.20408760507901505,1662.5,35.5,0.0,1614.0,0.0,0.0,1.0,0.0
02_hotpot_citation,7,Medium-T-Mid,0.575215651135006,0.16611472815275188,0.6265794504181602,2.0,0.02142857142857142,0.16611472815275188,27.2,5.2,2.6161784728368125,,,0.4344482421875,0.3846129278341929,0.67,0.6153870721658071,0.16611472815275188,1552.6666666666667,35.666666666666664,0.0,1504.0,0.0,0.0,1.0,0.0
02_hotpot_citation,8,High-T-End,0.6550443383776717,0.2679803801907433,0.6286661486661487,2.0,0.002923976608187133,0.2679803801907433,17.0,2.2222222222222223,2.5181878358125687,,,0.3927459716796875,0.414103927789256,1.0,0.585896072210744,0.2679803801907433,2048.0,15.0,0.0,2020.0,0.0,0.0,1.0,0.0
02_hotpot_citation,8,Low-N-Beg,0.3385714285714285,0.2848974466323852,0.5528571428571428,2.0,0.0,0.2848974466323852,22.5,0.0,2.4190982580184937,,,0.379638671875,0.4497539401054382,0.33,0.5502460598945618,0.2848974466323852,787.0,28.0,0.0,746.0,0.0,0.0,1.0,0.0
02_hotpot_citation,8,Low-N-End,0.24871794871794867,0.2588208317756653,0.3871794871794872,2.0,0.0,0.2588208317756653,16.5,0.0,2.304869532585144,,,0.3895263671875,0.2161181569099426,0.33,0.7838818430900574,0.2588208317756653,668.5,20.5,0.0,635.0,0.0,0.0,1.0,0.0
02_hotpot_citation,8,Low-N-Mid,0.2222222222222222,0.3639757931232452,0.2777777777777778,2.0,0.0,0.3639757931232452,23.0,0.0,2.073007822036743,,,0.37744140625,0.1457287669181823,0.33,0.8542712330818176,0.3639757931232452,717.0,36.0,0.0,668.0,0.0,0.0,1.0,0.0
02_hotpot_citation,8,Low-P-Beg,0.9211309523809523,0.3012850768864154,0.5291666666666667,2.0,0.0,0.3012850768864154,19.0,5.75,2.3062751293182373,,,0.367919921875,0.3846302703022957,0.33,0.6153697296977043,0.3012850768864154,558.5,25.5,0.0,520.0,0.0,0.0,1.0,0.0
02_hotpot_citation,8,Low-P-End,0.81875,0.26444844529032707,0.425,2.0,0.0,0.26444844529032707,20.5,6.0,2.3435288667678833,,,0.38671875,0.2943160831928253,0.33,0.7056839168071747,0.26444844529032707,509.0,25.0,0.0,471.0,0.0,0.0,1.0,0.0
02_hotpot_citation,8,Low-P-Mid,0.7847222222222222,0.4388850679000218,0.2986111111111111,2.0,0.08527131782945736,0.4388850679000218,25.333333333333332,4.333333333333333,2.2128466765085855,,,0.3761393229166667,0.233464221159617,0.33,0.7665357788403829,0.4388850679000218,511.6666666666667,31.666666666666668,0.0,467.0,0.0,0.0,1.0,0.0
02_hotpot_citation,8,Low-T-Beg,0.7,0.3566981256008148,0.3,2.0,0.0,0.3566981256008148,26.0,7.0,2.382443428039551,,,0.40869140625,0.1728113889694214,0.33,0.8271886110305786,0.3566981256008148,556.0,34.0,0.0,509.0,0.0,0.0,1.0,0.0
02_hotpot_citation,8,Low-T-End,0.7,0.3566981256008148,0.3,2.0,0.0,0.3566981256008148,26.0,6.0,2.3915200233459477,,,0.39453125,0.1728113889694214,0.33,0.8271886110305786,0.3566981256008148,579.0,34.0,0.0,532.0,0.0,0.0,1.0,0.0
02_hotpot_citation,8,Low-T-Mid,0.782608695652174,0.428844004869461,0.391304347826087,2.0,0.0,0.428844004869461,31.0,5.0,2.3332972526550293,,,0.446044921875,0.1261306405067443,0.33,0.8738693594932556,0.428844004869461,553.0,46.0,0.0,494.0,0.0,0.0,1.0,0.0
02_hotpot_citation,8,Medium-N-Beg,0.41440217391304346,0.15957471728324885,0.6793478260869565,2.0,0.0,0.15957471728324885,23.0,0.5,2.5486021041870117,,,0.45556640625,0.710733637213707,0.67,0.28926636278629303,0.15957471728324885,1923.5,27.5,0.0,1883.0,0.0,0.0,1.0,0.0
02_hotpot_citation,8,Medium-N-End,0.27884615384615385,0.23280157148838038,0.40384615384615385,2.0,0.0,0.23280157148838038,14.0,0.0,2.642244815826416,,,0.3992919921875,0.2654459178447723,0.67,0.7345540821552277,0.23280157148838038,1920.0,18.0,0.0,1889.0,0.0,0.0,1.0,0.0
02_hotpot_citation,8,Medium-N-Mid,0.40993788819875776,0.12709776312112805,0.7329192546583851,2.0,0.0,0.12709776312112805,21.5,0.5,2.5277340412139893,,,0.4227294921875,0.640561893582344,0.67,0.35943810641765594,0.12709776312112805,2035.5,25.5,0.0,1997.0,0.0,0.0,1.0,0.0
02_hotpot_citation,8,Medium-P-Beg,0.8666666666666667,0.4088135957717895,0.2,2.0,0.0,0.4088135957717895,16.0,4.0,2.524179220199585,,,0.36328125,0.1656960248947143,0.67,0.8343039751052856,0.4088135957717895,1421.0,21.0,0.0,1387.0,0.0,0.0,1.0,0.0
02_hotpot_citation,8,Medium-P-End,0.9333333333333333,0.2709487378597259,0.2,2.0,0.0,0.2709487378597259,13.0,4.0,2.482646942138672,,,0.390625,0.2054796516895294,0.67,0.7945203483104706,0.2709487378597259,1365.0,17.0,0.0,1335.0,0.0,0.0,1.0,0.0
02_hotpot_citation,8,Medium-P-Mid,1.0,0.27585586479731966,0.6243768419758599,2.0,0.0,0.27585586479731966,22.142857142857142,8.285714285714286,2.7360475403921947,,,0.41172572544642855,0.35562276414462496,0.6700000000000002,0.644377235855375,0.27585586479731966,1315.0,32.0,0.0,1270.0,0.0,0.0,1.0,0.0
02_hotpot_citation,8,Medium-T-Beg,0.7172619047619048,0.2797162532806396,0.5386904761904762,2.0,0.0,0.2797162532806396,21.0,4.0,2.5635666847229004,,,0.3958740234375,0.4580801129341125,0.67,0.5419198870658875,0.2797162532806396,1393.5,26.5,0.0,1354.0,0.0,0.0,1.0,0.0
02_hotpot_citation,8,Medium-T-End,0.7894736842105263,0.3283823132514953,0.2631578947368421,2.0,0.0,0.3283823132514953,24.0,6.0,2.617628812789917,,,0.407470703125,0.1591086387634277,0.67,0.8408913612365723,0.3283823132514953,1559.0,32.0,0.0,1514.0,0.0,0.0,1.0,0.0
02_hotpot_citation,8,Medium-T-Mid,0.8947368421052632,0.3544741868972778,0.2631578947368421,2.0,0.0,0.3544741868972778,23.0,6.0,2.653799533843994,,,0.397705078125,0.187446117401123,0.67,0.812553882598877,0.3544741868972778,1600.0,31.0,0.0,1556.0,0.0,0.0,1.0,0.0
02_hotpot_citation,9,Low-N-Beg,0.19904761904761903,0.5792723794778188,0.047619047619047596,2.0,0.2247702589807853,0.5792723794778188,17.0,0.0,2.1652905146280923,,,0.3202311197916667,0.3317885597546895,0.33,0.6682114402453104,0.5792723794778188,713.0,30.0,0.0,670.0,0.0,0.0,1.0,0.0
02_hotpot_citation,9,Low-N-End,0.2195488721804511,0.600339283545812,0.047619047619047596,2.0,0.2423141186299081,0.600339283545812,18.666666666666668,0.3333333333333333,2.172722657521566,,,0.35302734375,0.3458922902743021,0.33,0.6541077097256979,0.600339283545812,740.6666666666666,31.666666666666668,0.0,696.0,0.0,0.0,1.0,0.0
02_hotpot_citation,9,Low-N-Mid,0.24722222222222218,0.4862464169661204,0.0,2.0,0.22640424590888986,0.4862464169661204,17.333333333333332,0.0,2.3555209636688232,,,0.374267578125,0.3736096521218618,0.33,0.6263903478781382,0.4862464169661204,786.6666666666666,29.666666666666668,10.0,726.0,9.56640625,1.0,1.0,1.0
02_hotpot_citation,9,Low-P-Beg,0.80403774412991,0.5275030987603324,0.38782312925170065,2.0,0.10393304413441348,0.5275030987603324,20.142857142857142,7.142857142857143,2.824662272135417,,,0.4537272135416667,0.4066965162754059,0.32999999999999996,0.5933034837245941,0.5275030987603324,629.5333333333333,37.53333333333333,10.0,561.0,17.948958333333334,1.0,1.0,1.0
02_hotpot_citation,9,Low-P-End,0.9814814814814815,0.5632481351494789,0.5584563785028182,2.0,0.015945193867020476,0.5632481351494789,25.5,10.5,2.6630789041519165,,,0.41119384765625,0.477255530655384,0.33,0.5227444693446159,0.5632481351494789,576.0,39.0,0.0,524.0,0.0,0.0,1.0,0.0
02_hotpot_citation,9,Low-P-Mid,0.907051282051282,0.5483042399088541,0.48985042735042733,2.0,0.0323076923076923,0.5483042399088541,25.333333333333332,8.0,2.5524140993754068,,,0.4182942708333333,0.3906855583190918,0.33,0.6093144416809082,0.5483042399088541,571.0,40.0,0.0,518.0,0.0,0.0,1.0,0.0
02_hotpot_citation,9,Low-T-Beg,0.5252991452991452,0.42361554503440857,0.013333333333333332,2.0,0.22239422084623317,0.42361554503440857,16.0,3.6666666666666665,2.539729197820028,,,0.4267578125,0.3912438054879507,0.33,0.6087561945120493,0.42361554503440857,641.6666666666666,27.666666666666668,10.0,583.0,13.059895833333334,1.0,1.0,1.0
02_hotpot_citation,9,Low-T-End,0.9017444672014564,0.4250865976015727,0.6040571485463958,2.0,0.007151460403492917,0.4250865976015727,21.0,7.833333333333333,2.74142187833786,,,0.445556640625,0.316725242882967,0.33,0.683274757117033,0.4250865976015727,618.625,42.625,0.0,563.0,0.0,0.0,1.0,0.0
02_hotpot_citation,9,Low-T-Mid,0.41428571428571426,0.5795478026072184,0.06095238095238093,2.0,0.18567251461988302,0.5795478026072184,17.0,3.3333333333333335,2.115483522415161,,,0.374267578125,0.3352115750312805,0.33,0.6647884249687195,0.5795478026072184,516.6666666666666,29.666666666666668,0.0,474.0,0.0,0.0,1.0,0.0
02_hotpot_citation,9,Medium-N-Beg,0.35027777777777774,0.4297705392042796,0.013333333333333332,2.0,0.22171945701357465,0.4297705392042796,17.333333333333332,0.3333333333333333,2.569890260696411,,,0.3936360677083333,0.4101852079232534,0.67,0.5898147920767466,0.4297705392042796,1944.6666666666667,28.666666666666668,10.0,1885.0,4.916015625,1.0,1.0,1.0
02_hotpot_citation,9,Medium-N-End,0.2515527950310559,0.5705225467681885,0.0217391304347826,2.0,0.14634146341463414,0.5705225467681885,21.5,0.5,2.3019107580184937,,,0.3516845703125,0.2851646840572357,0.67,0.7148353159427643,0.5705225467681885,1979.5,36.5,0.0,1930.0,0.0,0.0,1.0,0.0
02_hotpot_citation,9,Medium-N-Mid,0.3611904761904762,0.5809032817681631,0.047619047619047596,2.0,0.2247702589807853,0.5809032817681631,17.666666666666668,0.6666666666666666,2.374119838078817,,,0.3570963541666667,0.3456141750017801,0.67,0.6543858249982198,0.5809032817681631,1970.3333333333333,30.333333333333332,0.0,1927.0,0.0,0.0,1.0,0.0
02_hotpot_citation,9,Medium-P-Beg,0.8274170274170274,0.5553505122661591,0.3547619047619047,2.0,0.02858123272076758,0.5553505122661591,21.2,6.8,2.659759855270386,,,0.40908203125,0.4611307561397553,0.67,0.5388692438602447,0.5553505122661591,1580.4,31.4,0.0,1536.0,0.0,0.0,1.0,0.0
02_hotpot_citation,9,Medium-P-End,0.9947089947089947,0.3857645626579012,0.5935150828007971,2.0,0.006639194139194128,0.3857645626579012,22.0,8.142857142857142,2.8947441577911377,,,0.43321010044642855,0.5190039234501975,0.6700000000000002,0.48099607654980253,0.3857645626579012,1528.7142857142858,33.714285714285715,0.0,1482.0,0.0,0.0,1.0,0.0
02_hotpot_citation,9,Medium-P-Mid,0.9524436090225564,0.42470577359199524,0.5391549525988885,2.0,0.0067236196804303,0.42470577359199524,21.142857142857142,7.571428571428571,2.9260091516706677,,,0.4514431423611111,0.5266724957360162,0.67,0.47332750426398384,0.42470577359199524,1582.3333333333333,33.333333333333336,0.0,1536.0,0.0,0.0,1.0,0.0
02_hotpot_citation,9,Medium-T-Beg,0.8115646258503401,0.3699030748435429,0.35703376087277017,2.0,0.09502262443438912,0.3699030748435429,19.714285714285715,7.428571428571429,2.992122866890647,,,0.44140625,0.41952801698988124,0.67,0.5804719830101187,0.3699030748435429,1741.5454545454545,34.54545454545455,10.0,1676.0,9.800071022727273,1.0,1.0,1.0
02_hotpot_citation,9,Medium-T-End,0.9166666666666666,0.4695763513445854,0.5333333333333333,2.0,0.024638802889576875,0.4695763513445854,25.75,11.25,2.6869900226593018,,,0.4083251953125,0.4531809836626053,0.67,0.5468190163373947,0.4695763513445854,1610.0,36.0,0.0,1561.0,0.0,0.0,1.0,0.0
02_hotpot_citation,9,Medium-T-Mid,0.9168695887445888,0.43651485691467923,0.5779990026313556,2.0,0.0070412311265969675,0.43651485691467923,22.0,7.0,2.7545514901479087,,,0.4005126953125,0.4531090036034584,0.67,0.5468909963965416,0.43651485691467923,1433.1666666666667,35.166666666666664,0.0,1385.0,0.0,0.0,1.0,0.0
02_hotpot_citation,10,Low-N-Beg,0.238095238095238,0.4159747958183288,0.0,2.0,0.108695652173913,0.4159747958183288,24.0,0.0,2.012984275817871,,,0.38330078125,0.1340082287788391,0.33,0.8659917712211609,0.4159747958183288,754.0,37.0,0.0,704.0,0.0,0.0,1.0,0.0
02_hotpot_citation,10,Low-N-End,0.1428571428571428,0.4159747958183288,0.0,2.0,0.108695652173913,0.4159747958183288,24.0,0.0,2.0933260917663574,,,0.40478515625,0.1340082287788391,0.33,0.8659917712211609,0.4159747958183288,805.0,37.0,0.0,755.0,0.0,0.0,1.0,0.0
02_hotpot_citation,10,Low-N-Mid,0.33333333333333326,0.25581216812133784,0.32142857142857145,2.0,0.0543478260869565,0.25581216812133784,19.5,1.5,2.3341453075408936,,,0.4239501953125,0.4080545157194137,0.33,0.5919454842805862,0.25581216812133784,772.5,26.5,0.0,733.0,0.0,0.0,1.0,0.0
02_hotpot_citation,10,Low-P-Beg,0.8947368421052632,0.2807700634002685,0.3157894736842105,2.0,0.0,0.2807700634002685,19.0,10.0,2.344410181045532,,,0.4169921875,0.1719777584075927,0.33,0.8280222415924072,0.2807700634002685,574.0,33.0,0.0,528.0,0.0,0.0,1.0,0.0
02_hotpot_citation,10,Low-P-End,0.9285714285714286,0.2795458436012268,0.2142857142857142,2.0,0.0,0.2795458436012268,14.0,8.0,2.2811782360076904,,,0.3828125,0.1890570521354675,0.33,0.8109429478645325,0.2795458436012268,494.0,18.0,0.0,463.0,0.0,0.0,1.0,0.0
02_hotpot_citation,10,Low-P-Mid,0.9444444444444444,0.271885871887207,0.3333333333333333,2.0,0.0,0.271885871887207,18.0,10.0,2.365213394165039,,,0.367431640625,0.1352618932723999,0.33,0.8647381067276001,0.271885871887207,522.0,28.0,0.0,481.0,0.0,0.0,1.0,0.0
02_hotpot_citation,10,Low-T-Beg,0.5263157894736842,0.2186280488967895,0.3157894736842105,2.0,0.0,0.2186280488967895,20.0,4.0,2.376858711242676,,,0.4208984375,0.1746482849121093,0.33,0.8253517150878906,0.2186280488967895,541.0,31.0,0.0,497.0,0.0,0.0,1.0,0.0
02_hotpot_citation,10,Low-T-End,0.631578947368421,0.2269863486289978,0.3684210526315789,2.0,0.0,0.2269863486289978,20.0,4.0,2.3215231895446777,,,0.4267578125,0.1573795080184936,0.33,0.8426204919815063,0.2269863486289978,551.0,31.0,0.0,507.0,0.0,0.0,1.0,0.0
02_hotpot_citation,10,Low-T-Mid,0.6875,0.2776337265968323,0.1875,2.0,0.0,0.2776337265968323,17.0,6.0,2.304494380950928,,,0.41064453125,0.2237523794174194,0.33,0.7762476205825806,0.2776337265968323,579.0,27.0,0.0,539.0,0.0,0.0,1.0,0.0
02_hotpot_citation,10,Medium-N-Beg,0.37809467221231924,0.18788866450389222,0.4985145573380867,2.0,0.0,0.18788866450389222,12.666666666666666,1.6666666666666667,2.625404119491577,,,0.4227701822916667,0.5942141612370808,0.67,0.4057858387629191,0.18788866450389222,1807.6666666666667,15.666666666666666,0.0,1779.0,0.0,0.0,1.0,0.0
02_hotpot_citation,10,Medium-N-End,0.4909090909090909,0.31351252396901447,0.2937950937950938,2.0,0.07430689877498386,0.31351252396901447,21.333333333333332,1.3333333333333333,2.4942755699157715,,,0.470458984375,0.3305435478687286,0.67,0.6694564521312714,0.31351252396901447,1894.3333333333333,30.333333333333332,0.0,1851.0,0.0,0.0,1.0,0.0
02_hotpot_citation,10,Medium-N-Mid,0.3333333333333333,0.4159747958183288,0.0,2.0,0.108695652173913,0.4159747958183288,24.0,2.0,2.2740156650543213,,,0.43310546875,0.1340082287788391,0.67,0.8659917712211609,0.4159747958183288,1953.0,37.0,0.0,1903.0,0.0,0.0,1.0,0.0
02_hotpot_citation,10,Medium-P-Beg,0.9333333333333332,0.2262617498636245,0.3333333333333333,2.0,0.0,0.2262617498636245,15.0,9.0,2.580618143081665,,,0.38330078125,0.192006766796112,0.67,0.8079932332038879,0.2262617498636245,1570.0,21.0,0.0,1536.0,0.0,0.0,1.0,0.0
02_hotpot_citation,10,Medium-P-End,1.0,0.2296496927738189,0.25,2.0,0.0,0.2296496927738189,16.0,11.0,2.6519522666931152,,,0.431396484375,0.1549971103668213,0.67,0.8450028896331787,0.2296496927738189,1655.0,24.0,0.0,1618.0,0.0,0.0,1.0,0.0
02_hotpot_citation,10,Medium-P-Mid,0.9375,0.240494504570961,0.25,2.0,0.0,0.240494504570961,17.0,8.0,2.625727415084839,,,0.42138671875,0.1365280747413635,0.67,0.8634719252586365,0.240494504570961,1496.0,25.0,0.0,1458.0,0.0,0.0,1.0,0.0
02_hotpot_citation,10,Medium-T-Beg,0.6825396825396826,0.22758776694536204,0.32539682539682535,2.0,0.0,0.22758776694536204,17.0,5.0,2.4956321716308594,,,0.4193115234375,0.204362690448761,0.67,0.795637309551239,0.22758776694536204,1550.5,24.5,0.0,1513.0,0.0,0.0,1.0,0.0
02_hotpot_citation,10,Medium-T-End,0.6236100500806383,0.2443556599318981,0.4527841439606145,2.0,0.0,0.2443556599318981,15.0,3.75,2.58560574054718,,,0.3912353515625,0.5540721043944359,0.67,0.4459278956055641,0.2443556599318981,1689.75,17.75,0.0,1659.0,0.0,0.0,1.0,0.0
02_hotpot_citation,10,Medium-T-Mid,0.6470588235294118,0.2289505004882812,0.2352941176470588,2.0,0.0,0.2289505004882812,18.0,4.0,2.510322570800781,,,0.392333984375,0.1629037261009216,0.67,0.8370962738990784,0.2289505004882812,1498.0,29.0,0.0,1456.0,0.0,0.0,1.0,0.0
02_hotpot_citation,11,Low-N-Beg,0.2105263157894736,0.3119343221187591,0.2105263157894736,2.0,0.0,0.3119343221187591,21.0,0.0,2.393002510070801,,,0.399169921875,0.3990729451179504,0.33,0.6009270548820496,0.3119343221187591,883.0,30.0,0.0,840.0,0.0,0.0,1.0,0.0
02_hotpot_citation,11,Low-N-End,0.2105263157894736,0.3119343221187591,0.2105263157894736,2.0,0.0,0.3119343221187591,21.0,1.0,2.2602267265319824,,,0.361328125,0.3990729451179504,0.33,0.6009270548820496,0.3119343221187591,718.0,30.0,0.0,675.0,0.0,0.0,1.0,0.0
02_hotpot_citation,11,Low-N-Mid,0.1578947368421052,0.3119343221187591,0.2105263157894736,2.0,0.0,0.3119343221187591,21.0,0.0,2.3489084243774414,,,0.43212890625,0.3990729451179504,0.33,0.6009270548820496,0.3119343221187591,771.0,30.0,0.0,728.0,0.0,0.0,1.0,0.0
02_hotpot_citation,11,Low-P-Beg,1.0,0.2674505710601806,0.3157894736842105,2.0,0.0,0.2674505710601806,21.0,11.0,2.56576943397522,,,0.43115234375,0.4312704205513,0.33,0.5687295794487,0.2674505710601806,578.0,30.0,0.0,535.0,0.0,0.0,1.0,0.0
02_hotpot_citation,11,Low-P-End,0.7916666666666666,0.1840234398841858,0.3333333333333333,2.0,0.0,0.1840234398841858,29.0,11.0,2.5970866680145264,,,0.4228515625,0.3602433204650879,0.33,0.6397566795349121,0.1840234398841858,634.0,39.0,0.0,582.0,0.0,0.0,1.0,0.0
02_hotpot_citation,11,Low-P-Mid,1.0,0.3549854755401611,0.2631578947368421,2.0,0.0,0.3549854755401611,21.0,11.0,2.602800846099853,,,0.4453125,0.4032589793205261,0.33,0.5967410206794739,0.3549854755401611,595.0,30.0,0.0,552.0,0.0,0.0,1.0,0.0
02_hotpot_citation,11,Low-T-Beg,0.40043859649122804,0.5454078614711761,0.3309210526315789,2.0,0.08333333333333333,0.5454078614711761,20.0,2.6666666666666665,2.335007429122925,,,0.3818359375,0.3358773787816366,0.33,0.6641226212183634,0.5454078614711761,590.6666666666666,30.666666666666668,0.0,547.0,0.0,0.0,1.0,0.0
02_hotpot_citation,11,Low-T-End,0.5263157894736842,0.4031938016414642,0.1052631578947368,2.0,0.0,0.4031938016414642,21.0,6.0,2.264431953430176,,,0.34912109375,0.4063860177993774,0.33,0.5936139822006226,0.4031938016414642,587.0,32.0,0.0,542.0,0.0,0.0,1.0,0.0
02_hotpot_citation,11,Low-T-Mid,0.513157894736842,0.27696388959884644,0.4302631578947368,2.0,0.0,0.27696388959884644,21.5,4.0,2.2806419134140015,,,0.3465576171875,0.4703742563724518,0.33,0.5296257436275482,0.27696388959884644,532.5,28.5,0.0,491.0,0.0,0.0,1.0,0.0
02_hotpot_citation,11,Medium-N-Beg,0.2631578947368421,0.3119343221187591,0.2105263157894736,2.0,0.0,0.3119343221187591,21.0,0.0,2.5759506225585938,,,0.412841796875,0.3990729451179504,0.67,0.6009270548820496,0.3119343221187591,2017.0,30.0,0.0,1974.0,0.0,0.0,1.0,0.0
02_hotpot_citation,11,Medium-N-End,0.2105263157894736,0.4031938016414642,0.1052631578947368,2.0,0.0,0.4031938016414642,21.0,1.0,2.5236172676086426,,,0.406494140625,0.4063860177993774,0.67,0.5936139822006226,0.4031938016414642,2032.0,32.0,0.0,1987.0,0.0,0.0,1.0,0.0
02_hotpot_citation,11,Medium-N-Mid,0.2105263157894736,0.4031938016414642,0.1052631578947368,2.0,0.0,0.4031938016414642,21.0,0.0,2.375434637069702,,,0.34130859375,0.4063860177993774,0.67,0.5936139822006226,0.4031938016414642,2048.0,7.0,0.0,2028.0,0.0,0.0,1.0,0.0
02_hotpot_citation,11,Medium-P-Beg,1.0,0.2797863483428955,0.2105263157894736,2.0,0.0,0.2797863483428955,21.0,11.0,2.8230557441711426,,,0.41455078125,0.4494650363922119,0.67,0.5505349636077881,0.2797863483428955,1645.0,32.0,0.0,1600.0,0.0,0.0,1.0,0.0
02_hotpot_citation,11,Medium-P-End,1.0,0.2680619657039642,0.2105263157894736,2.0,0.0,0.2680619657039642,21.0,11.0,2.894794225692749,,,0.447998046875,0.4457318186759949,0.67,0.5542681813240051,0.2680619657039642,1579.0,31.0,0.0,1535.0,0.0,0.0,1.0,0.0
02_hotpot_citation,11,Medium-P-Mid,0.987012987012987,0.2084820589848927,0.689287892190369,2.0,0.0,0.2084820589848927,20.857142857142858,9.142857142857142,3.0068023999532065,,,0.4661729600694444,0.5656317290332582,0.67,0.4343682709667418,0.2084820589848927,1585.888888888889,32.888888888888886,0.0,1540.0,0.0,0.0,1.0,0.0
02_hotpot_citation,11,Medium-T-Beg,0.631578947368421,0.4031938016414642,0.1052631578947368,2.0,0.0,0.4031938016414642,21.0,7.0,2.440476179122925,,,0.39208984375,0.4063860177993774,0.67,0.5936139822006226,0.4031938016414642,1423.0,32.0,0.0,1378.0,0.0,0.0,1.0,0.0
02_hotpot_citation,11,Medium-T-End,0.7894736842105263,0.4031938016414642,0.1052631578947368,2.0,0.0,0.4031938016414642,21.0,8.0,2.6215016841888428,,,0.395263671875,0.4063860177993774,0.67,0.5936139822006226,0.4031938016414642,1432.0,32.0,0.0,1387.0,0.0,0.0,1.0,0.0
02_hotpot_citation,11,Medium-T-Mid,0.6842105263157895,0.4031938016414642,0.1052631578947368,2.0,0.0,0.4031938016414642,21.0,7.0,2.437222003936768,,,0.388671875,0.4063860177993774,0.67,0.5936139822006226,0.4031938016414642,1527.0,32.0,0.0,1482.0,0.0,0.0,1.0,0.0
02_hotpot_citation,12,Low-N-Beg,0.375,0.25084638595581055,0.4375,2.0,0.04285714285714285,0.25084638595581055,24.0,0.5,2.2285319566726685,,,0.388427734375,0.3613669276237488,0.33,0.6386330723762512,0.25084638595581055,740.5,33.5,0.0,694.0,0.0,0.0,1.0,0.0
02_hotpot_citation,12,Low-N-End,0.21634615384615385,0.3515653908252716,0.11538461538461535,2.0,0.05,0.3515653908252716,13.0,0.5,2.3574154376983643,,,0.4056396484375,0.4048020839691162,0.33,0.5951979160308838,0.3515653908252716,708.5,18.5,0.0,677.0,0.0,0.0,1.0,0.0
02_hotpot_citation,12,Low-N-Mid,0.17788461538461536,0.3515653908252716,0.11538461538461535,2.0,0.05,0.3515653908252716,13.0,0.0,2.4736719131469727,,,0.399169921875,0.4048020839691162,0.33,0.5951979160308838,0.3515653908252716,688.5,18.5,0.0,657.0,0.0,0.0,1.0,0.0
02_hotpot_citation,12,Low-P-Beg,1.0,0.40978124737739563,0.6598484848484848,2.0,0.0,0.40978124737739563,30.0,14.0,2.7143955628077188,,,0.4254557291666667,0.3913295418024063,0.33,0.6086704581975937,0.40978124737739563,645.1666666666666,49.166666666666664,0.0,583.0,0.0,0.0,1.0,0.0
02_hotpot_citation,12,Low-P-End,0.9333333333333333,0.2983441054821014,0.29166666666666663,2.0,0.015625,0.2983441054821014,13.5,6.0,2.4406336545944214,,,0.4112548828125,0.3756793439388275,0.33,0.6243206560611725,0.2983441054821014,598.0,20.0,0.0,565.0,0.0,0.0,1.0,0.0
02_hotpot_citation,12,Low-P-Mid,0.9822916666666666,0.3490809351205826,0.6344654528478058,2.0,0.0,0.3490809351205826,19.875,8.25,2.5993535783555775,,,0.4278971354166667,0.447558452685674,0.33,0.5524415473143259,0.3490809351205826,617.4444444444445,31.444444444444443,0.0,573.0,0.0,0.0,1.0,0.0
02_hotpot_citation,12,Low-T-Beg,0.5240740740740741,0.44344769418239594,0.19444444444444445,2.0,0.04080507306313756,0.44344769418239594,16.0,3.3333333333333335,2.1797983646392822,,,0.3588053385416667,0.326197604338328,0.33,0.673802395661672,0.44344769418239594,550.0,26.0,0.0,511.0,0.0,0.0,1.0,0.0
02_hotpot_citation,12,Low-T-End,0.4916666666666667,0.2953333854675293,0.29166666666666663,2.0,0.015625,0.2953333854675293,15.5,3.0,2.2733004093170166,,,0.3792724609375,0.4408532977104187,0.33,0.5591467022895813,0.2953333854675293,539.5,21.5,0.0,505.0,0.0,0.0,1.0,0.0
02_hotpot_citation,12,Low-T-Mid,0.9603220611916264,0.3170175751050313,0.6613676836566862,2.0,0.0,0.3170175751050313,24.166666666666668,9.166666666666666,2.497607151667277,,,0.4033203125,0.3970681677261988,0.33,0.6029318322738012,0.3170175751050313,603.6666666666666,33.666666666666664,0.0,557.0,0.0,0.0,1.0,0.0
02_hotpot_citation,12,Medium-N-Beg,0.5208333333333333,0.2373809665441513,0.4583333333333333,2.0,0.0,0.2373809665441513,18.0,1.0,2.486431837081909,,,0.436767578125,0.4071812331676483,0.67,0.5928187668323517,0.2373809665441513,1836.0,27.0,0.0,1796.0,0.0,0.0,1.0,0.0
02_hotpot_citation,12,Medium-N-End,0.3798076923076923,0.3515653908252716,0.11538461538461535,2.0,0.05,0.3515653908252716,13.0,1.0,2.6011760234832764,,,0.4154052734375,0.4048020839691162,0.67,0.5951979160308838,0.3515653908252716,1720.5,18.5,0.0,1689.0,0.0,0.0,1.0,0.0
02_hotpot_citation,12,Medium-N-Mid,0.34134615384615385,0.3515653908252716,0.11538461538461535,2.0,0.05,0.3515653908252716,13.0,0.0,2.646919369697571,,,0.398193359375,0.4048020839691162,0.67,0.5951979160308838,0.3515653908252716,1858.5,18.5,0.0,1827.0,0.0,0.0,1.0,0.0
02_hotpot_citation,12,Medium-P-Beg,0.8565900044228217,0.2881930414587259,0.5324524546660769,2.0,0.0064102564102564,0.2881930414587259,18.75,6.25,2.5457160472869873,,,0.3763427734375,0.4289585873484611,0.67,0.5710414126515388,0.2881930414587259,1549.75,25.75,0.0,1511.0,0.0,0.0,1.0,0.0
02_hotpot_citation,12,Medium-P-End,0.9011437908496731,0.33302935957908625,0.5334967320261438,2.0,0.0,0.33302935957908625,31.333333333333332,12.0,2.583956321080526,,,0.4090169270833333,0.4225853085517883,0.67,0.5774146914482117,0.33302935957908625,1570.3333333333333,40.333333333333336,0.0,1517.0,0.0,0.0,1.0,0.0
02_hotpot_citation,12,Medium-P-Mid,0.8931561859193439,0.2932423874735832,0.561132946001367,2.0,0.0,0.2932423874735832,23.75,8.25,2.6561567783355713,,,0.41241455078125,0.5224952176213264,0.67,0.47750478237867355,0.2932423874735832,1661.25,30.25,0.0,1618.0,0.0,0.0,1.0,0.0
02_hotpot_citation,12,Medium-T-Beg,0.8168147641831853,0.3485099722941716,0.3217133743449533,2.0,0.03496353496353493,0.3485099722941716,18.666666666666668,6.666666666666667,2.5468806425730386,,,0.42138671875,0.3819062213102976,0.67,0.6180937786897024,0.3485099722941716,1415.3333333333333,26.333333333333332,0.0,1376.0,0.0,0.0,1.0,0.0
02_hotpot_citation,12,Medium-T-End,0.53125,0.33696478605270386,0.125,2.0,0.05,0.33696478605270386,12.5,3.0,2.4299042224884033,,,0.378173828125,0.3721535205841064,0.67,0.6278464794158936,0.33696478605270386,1464.5,18.5,0.0,1433.0,0.0,0.0,1.0,0.0
02_hotpot_citation,12,Medium-T-Mid,0.5921325051759834,0.42476868629455566,0.4120082815734989,2.0,0.03846153846153845,0.42476868629455566,25.0,2.0,2.3366713523864746,,,0.374267578125,0.2831121683120727,0.67,0.7168878316879272,0.42476868629455566,1576.0,36.0,0.0,1527.0,0.0,0.0,1.0,0.0
02_hotpot_citation,13,Low-N-Beg,0.2758620689655172,0.8168147802352905,0.0,2.0,0.1212121212121212,0.8168147802352905,37.0,1.0,2.24259877204895,,,0.37744140625,0.3141056895256042,0.33,0.6858943104743958,0.8168147802352905,715.0,52.0,0.0,650.0,0.0,0.0,1.0,0.0
02_hotpot_citation,13,Low-N-End,0.2676470588235294,0.7191925346851349,0.0,2.0,0.3404634581105169,0.7191925346851349,27.5,1.5,2.6450493335723877,,,0.3585205078125,0.1797198951244354,0.33,0.8202801048755646,0.7191925346851349,690.0,38.0,23.0,608.0,134.46875,1.0,1.0,1.0
02_hotpot_citation,13,Low-N-Mid,0.3333333333333333,0.8434587121009827,0.0,2.0,0.1515151515151515,0.8434587121009827,38.0,1.0,2.2060225009918213,,,0.3994140625,0.2917828559875488,0.33,0.7082171440124512,0.8434587121009827,720.0,53.0,0.0,654.0,0.0,0.0,1.0,0.0
02_hotpot_citation,13,Low-P-Beg,0.9885057471264367,0.28263583779335016,0.6736013062849645,2.0,0.039838035527690684,0.28263583779335016,25.5,11.666666666666666,2.5034156243006387,,,0.4021809895833333,0.4173365434010824,0.33,0.5826634565989176,0.28263583779335016,544.0,38.0,0.0,493.0,0.0,0.0,1.0,0.0
02_hotpot_citation,13,Low-P-End,0.9655172413793104,0.496475875377655,0.0689655172413793,2.0,0.1212121212121212,0.496475875377655,37.0,17.0,2.56840443611145,,,0.438232421875,0.3100867867469787,0.33,0.6899132132530212,0.496475875377655,579.0,51.0,0.0,515.0,0.0,0.0,1.0,0.0
02_hotpot_citation,13,Low-P-Mid,0.980295566502463,0.20384476732994825,0.7280079000747304,2.0,0.017316017316017316,0.20384476732994825,21.714285714285715,9.571428571428571,2.5990760028362274,,,0.420745849609375,0.5444581173360348,0.33,0.4555418826639652,0.20384476732994825,611.625,33.625,0.0,565.0,0.0,0.0,1.0,0.0
02_hotpot_citation,13,Low-T-Beg,0.5578093306288032,0.7058705687522888,0.0,2.0,0.3253119429590018,0.7058705687522888,27.0,7.5,2.59130322933197,,,0.33251953125,0.1908813118934631,0.33,0.8091186881065369,0.7058705687522888,569.5,37.5,23.0,488.0,146.84375,1.0,1.0,1.0
02_hotpot_citation,13,Low-T-End,0.5893416927899686,0.6122767329216003,0.22727272727272724,2.0,0.0606060606060606,0.6122767329216003,24.5,6.5,2.366660475730896,,,0.4100341796875,0.3341944515705108,0.33,0.6658055484294891,0.6122767329216003,552.5,34.5,0.0,505.0,0.0,0.0,1.0,0.0
02_hotpot_citation,13,Low-T-Mid,0.6567398119122256,0.6646343469619751,0.20454545454545456,2.0,0.1439393939393939,0.6646343469619751,30.5,8.0,2.2700241804122925,,,0.3699951171875,0.2819714248180389,0.33,0.7180285751819611,0.6646343469619751,541.5,41.5,0.0,487.0,0.0,0.0,1.0,0.0
02_hotpot_citation,13,Medium-N-Beg,0.3711967545638945,0.7058705687522888,0.0,2.0,0.3253119429590018,0.7058705687522888,27.0,3.5,2.8229280710220337,,,0.4012451171875,0.1908813118934631,0.67,0.8091186881065369,0.7058705687522888,1859.5,37.5,23.0,1778.0,85.671875,1.0,1.0,1.0
02_hotpot_citation,13,Medium-N-End,0.37777777777777777,0.6708122193813324,0.1388888888888889,2.0,0.09848484848484845,0.6708122193813324,28.0,2.5,2.7077765464782715,,,0.462890625,0.2916789054870605,0.67,0.7083210945129395,0.6708122193813324,1939.0,38.0,0.0,1888.0,0.0,0.0,1.0,0.0
02_hotpot_citation,13,Medium-N-Mid,0.46862745098039216,0.7191925346851349,0.0,2.0,0.3404634581105169,0.7191925346851349,27.5,4.5,2.965394139289856,,,0.4207763671875,0.1797198951244354,0.67,0.8202801048755646,0.7191925346851349,1913.0,38.0,23.0,1831.0,88.046875,1.0,1.0,1.0
02_hotpot_citation,13,Medium-P-Beg,0.9666666666666668,0.4284509420394897,0.1,2.0,0.1176470588235294,0.4284509420394897,38.0,17.0,2.765625476837158,,,0.44580078125,0.3240430951118469,0.67,0.6759569048881531,0.4284509420394897,1616.0,56.0,0.0,1547.0,0.0,0.0,1.0,0.0
02_hotpot_citation,13,Medium-P-End,1.0,0.3266483417579106,0.7299298203484268,2.0,0.033990147783251226,0.3266483417579106,22.714285714285715,11.714285714285714,2.903490871191025,,,0.447998046875,0.4576004594564438,0.67,0.5423995405435562,0.3266483417579106,1544.75,30.75,0.0,1501.0,0.0,0.0,1.0,0.0
02_hotpot_citation,13,Medium-P-Mid,0.9761904761904762,0.28626750516039984,0.67732631700023,2.0,0.03211119282547853,0.28626750516039984,21.857142857142858,11.285714285714286,2.7419484555721283,,,0.4285888671875,0.5052477922290564,0.67,0.49475220777094364,0.28626750516039984,1511.75,33.75,0.0,1465.0,0.0,0.0,1.0,0.0
02_hotpot_citation,13,Medium-T-Beg,0.7323481116584565,0.7134963870048523,0.0476190476190476,2.0,0.2356060606060606,0.7134963870048523,29.0,9.5,2.4330416917800903,,,0.370849609375,0.2090092301368713,0.67,0.7909907698631287,0.7134963870048523,1580.5,39.5,0.0,1528.0,0.0,0.0,1.0,0.0
02_hotpot_citation,13,Medium-T-End,0.7471264367816092,0.6827200949192047,0.04166666666666665,2.0,0.3237639553429027,0.6827200949192047,30.5,10.5,2.4979435205459595,,,0.3861083984375,0.2070325911045074,0.67,0.7929674088954926,0.6827200949192047,1455.5,44.5,0.0,1398.0,0.0,0.0,1.0,0.0
02_hotpot_citation,13,Medium-T-Mid,0.6238244514106583,0.6589523156483968,0.25757575757575757,2.0,0.12040404040404039,0.6589523156483968,23.333333333333332,7.666666666666667,2.4253369172414145,,,0.3794759114583333,0.3367920418580373,0.67,0.6632079581419627,0.6589523156483968,1362.3333333333333,33.333333333333336,0.0,1316.0,0.0,0.0,1.0,0.0
02_hotpot_citation,14,Low-N-Beg,0.2892976588628762,0.12051779218018051,0.6237458193979933,2.0,0.01428571428571425,0.12051779218018051,20.0,0.0,2.3581846952438354,,,0.3763427734375,0.4711827933788299,0.33,0.52881720662117,0.12051779218018051,677.5,24.5,0.0,640.0,0.0,0.0,1.0,0.0
02_hotpot_citation,14,Low-N-End,0.3129370629370629,0.1882299296557903,0.6958041958041958,2.0,0.0,0.1882299296557903,19.5,1.0,2.2882745265960693,,,0.3406982421875,0.5019446909427643,0.33,0.4980553090572357,0.1882299296557903,729.0,24.0,0.0,692.0,0.0,0.0,1.0,0.0
02_hotpot_citation,14,Low-N-Mid,0.3125,0.12377787381410595,0.613095238095238,2.0,0.01470588235294115,0.12377787381410595,25.5,0.0,2.2971713542938232,,,0.37158203125,0.5015950947999954,0.33,0.4984049052000046,0.12377787381410595,755.5,30.5,0.0,712.0,0.0,0.0,1.0,0.0
02_hotpot_citation,14,Low-P-Beg,0.9512987012987013,0.1666036551552159,0.7510263910510215,2.0,0.0,0.1666036551552159,22.571428571428573,8.714285714285714,2.5301377177238464,,,0.39019775390625,0.4354643486440182,0.33,0.5645356513559818,0.1666036551552159,572.125,35.125,0.0,524.0,0.0,0.0,1.0,0.0
02_hotpot_citation,14,Low-P-End,0.9266136724960253,0.2505698151886463,0.6767873144343732,2.0,0.0,0.2505698151886463,30.6,10.0,2.4732948541641235,,,0.3595784505208333,0.4465564539035161,0.33,0.5534435460964838,0.2505698151886463,544.1666666666666,33.166666666666664,0.0,498.0,0.0,0.0,1.0,0.0
02_hotpot_citation,14,Low-P-Mid,0.96875,0.22141495967904726,0.6848300771798593,2.0,0.0,0.22141495967904726,25.833333333333332,8.0,2.3409571250279746,,,0.3656412760416667,0.4338982552289963,0.33,0.5661017447710037,0.22141495967904726,587.0,36.0,0.0,538.0,0.0,0.0,1.0,0.0
02_hotpot_citation,14,Low-T-Beg,0.56,0.4580760300159454,0.48,2.0,0.024390243902439,0.4580760300159454,32.0,7.0,2.2817625999450684,,,0.391845703125,0.2076777219772339,0.33,0.7923222780227661,0.4580760300159454,585.0,39.0,0.0,533.0,0.0,0.0,1.0,0.0
02_hotpot_citation,14,Low-T-End,0.5826086956521739,0.2058456167578697,0.6608695652173913,2.0,0.0,0.2058456167578697,21.0,1.5,2.294207811355591,,,0.373779296875,0.5297359079122543,0.33,0.47026409208774567,0.2058456167578697,527.5,26.5,0.0,488.0,0.0,0.0,1.0,0.0
02_hotpot_citation,14,Low-T-Mid,0.5388888888888889,0.18735000242789582,0.6513888888888889,2.0,0.0,0.18735000242789582,18.0,2.0,2.1310822168986,,,0.3677571614583333,0.3172256549199422,0.33,0.6827743450800577,0.18735000242789582,544.3333333333334,23.333333333333332,0.0,508.0,0.0,0.0,1.0,0.0
02_hotpot_citation,14,Medium-N-Beg,0.39297658862876256,0.12051779218018051,0.6237458193979933,2.0,0.01428571428571425,0.12051779218018051,20.0,0.5,2.662106156349182,,,0.421142578125,0.4711827933788299,0.67,0.52881720662117,0.12051779218018051,1833.5,24.5,0.0,1796.0,0.0,0.0,1.0,0.0
02_hotpot_citation,14,Medium-N-End,0.5076581027667983,0.0149727985262871,0.8215785573122529,2.0,0.0,0.0149727985262871,19.0,2.5,2.5768883228302,,,0.39764404296875,0.6534679202595726,0.67,0.3465320797404274,0.0149727985262871,1972.75,24.75,0.0,1935.0,0.0,0.0,1.0,0.0
02_hotpot_citation,14,Medium-N-Mid,0.425595238095238,0.12377787381410595,0.613095238095238,2.0,0.01470588235294115,0.12377787381410595,25.5,0.5,2.612303853034973,,,0.3895263671875,0.5015950947999954,0.67,0.4984049052000046,0.12377787381410595,1769.5,30.5,0.0,1726.0,0.0,0.0,1.0,0.0
02_hotpot_citation,14,Medium-P-Beg,0.8424603174603175,0.32152883211771643,0.5384920634920635,2.0,0.0,0.32152883211771643,21.0,5.0,2.419522285461426,,,0.3787434895833333,0.3921964565912882,0.67,0.6078035434087118,0.32152883211771643,1317.0,28.0,0.0,1276.0,0.0,0.0,1.0,0.0
02_hotpot_citation,14,Medium-P-End,0.8698979591836734,0.12253957348210469,0.7243788819875776,2.0,0.0,0.12253957348210469,23.571428571428573,6.142857142857143,2.6578389406204224,,,0.3931396484375,0.4669339716434478,0.67,0.5330660283565521,0.12253957348210469,1553.7,36.7,0.0,1504.0,0.0,0.0,1.0,0.0
02_hotpot_citation,14,Medium-P-Mid,0.7989819583747477,0.24723900078485408,0.5751345341003785,2.0,0.0,0.24723900078485408,24.0,6.0,2.5559431484767368,,,0.36825125558035715,0.5097477648939406,0.67,0.4902522351060595,0.24723900078485408,1414.5714285714287,26.571428571428573,0.0,1375.0,0.0,0.0,1.0,0.0
02_hotpot_citation,14,Medium-T-Beg,0.7315467454085387,0.30585997232369005,0.6721134154487876,2.0,0.014600454624934414,0.30585997232369005,22.571428571428573,5.142857142857143,2.601665833417107,,,0.39987362132352944,0.5649949027334942,0.67,0.43500509726650577,0.30585997232369005,1544.1176470588234,35.11764705882353,0.0,1496.0,0.0,0.0,1.0,0.0
02_hotpot_citation,14,Medium-T-End,0.622700668896321,0.2576420530676841,0.7059643255295429,2.0,0.0,0.2576420530676841,25.0,3.3333333333333335,2.563207467397054,,,0.4015299479166667,0.4033239583174387,0.67,0.5966760416825613,0.2576420530676841,1553.3333333333333,32.333333333333336,0.0,1508.0,0.0,0.0,1.0,0.0
02_hotpot_citation,14,Medium-T-Mid,0.55,0.2907595038414001,0.65,2.0,0.0,0.2907595038414001,25.0,2.0,2.5330617427825928,,,0.427734375,0.3395479917526245,0.67,0.6604520082473755,0.2907595038414001,1524.0,36.0,0.0,1475.0,0.0,0.0,1.0,0.0
02_hotpot_citation,15,Low-N-Beg,0.2270833333333333,0.4431079626083374,0.48541666666666666,2.0,0.0,0.4431079626083374,16.5,0.0,2.4453752040863037,,,0.4251708984375,0.4579995274543762,0.33,0.5420004725456238,0.4431079626083374,719.0,25.0,0.0,681.0,0.0,0.0,1.0,0.0
02_hotpot_citation,15,Low-N-End,0.2310924369747899,0.4376779198646545,0.5210084033613445,2.0,0.0,0.4376779198646545,20.5,0.0,2.242321491241455,,,0.4085693359375,0.4111055433750152,0.33,0.5888944566249847,0.4376779198646545,731.5,38.5,0.0,680.0,0.0,0.0,1.0,0.0
02_hotpot_citation,15,Low-N-Mid,0.24375,0.41321420669555664,0.51875,2.0,0.0,0.41321420669555664,22.5,0.5,2.2903103828430176,,,0.4215087890625,0.4796321988105774,0.33,0.5203678011894226,0.41321420669555664,710.0,45.0,0.0,652.0,0.0,0.0,1.0,0.0
02_hotpot_citation,15,Low-P-Beg,0.881578947368421,0.350630780061086,0.6239035087719298,2.0,0.0,0.350630780061086,18.666666666666668,6.333333333333333,2.4722113609313965,,,0.3911946614583333,0.4762820601463318,0.33,0.5237179398536682,0.350630780061086,652.0,30.0,0.0,609.0,0.0,0.0,1.0,0.0
02_hotpot_citation,15,Low-P-End,0.9115283540316712,0.2580565618617194,0.7867785059694505,2.0,0.0,0.2580565618617194,21.428571428571427,8.714285714285714,2.6323997179667153,,,0.4213053385416667,0.5387153414388497,0.33,0.46128465856115025,0.2580565618617194,615.9166666666666,34.916666666666664,0.0,568.0,0.0,0.0,1.0,0.0
02_hotpot_citation,15,Low-P-Mid,0.8518518518518519,0.23652527481317515,0.7299272486772487,2.0,0.0,0.23652527481317515,20.0,5.833333333333333,2.630423585573832,,,0.4090576171875,0.5714738170305889,0.33,0.42852618296941114,0.23652527481317515,625.5,28.5,0.0,584.0,0.0,0.0,1.0,0.0
02_hotpot_citation,15,Low-T-Beg,0.6948529411764706,0.44144406914711,0.5422794117647058,2.0,0.0,0.44144406914711,20.0,7.5,2.462401509284973,,,0.38525390625,0.4317981898784637,0.33,0.5682018101215363,0.44144406914711,534.5,39.5,0.0,482.0,0.0,0.0,1.0,0.0
02_hotpot_citation,15,Low-T-End,0.4806547619047619,0.4222363978624344,0.5044642857142857,2.0,0.0,0.4222363978624344,22.5,5.0,2.354569911956787,,,0.3592529296875,0.4140183627605438,0.33,0.5859816372394562,0.4222363978624344,602.5,43.5,0.0,546.0,0.0,0.0,1.0,0.0
02_hotpot_citation,15,Low-T-Mid,0.7315951045970227,0.2817856272061665,0.744854170765296,2.0,0.03333333333333334,0.2817856272061665,18.333333333333332,4.666666666666667,2.452078700065613,,,0.3919270833333333,0.5970152666171391,0.33,0.40298473338286084,0.2817856272061665,592.5,28.5,0.0,551.0,0.0,0.0,1.0,0.0
02_hotpot_citation,15,Medium-N-Beg,0.35876623376623373,0.5510292251904806,0.30817099567099565,2.0,0.047619047619047596,0.5510292251904806,14.0,0.6666666666666666,2.612356424331665,,,0.4185384114583333,0.3644613027572632,0.67,0.6355386972427368,0.5510292251904806,1760.3333333333333,22.333333333333332,0.0,1725.0,0.0,0.0,1.0,0.0
02_hotpot_citation,15,Medium-N-End,0.3571428571428571,0.4050363600254059,0.557142857142857,2.0,0.0,0.4050363600254059,18.5,0.0,2.4965274333953857,,,0.418701171875,0.5582171231508255,0.67,0.4417828768491745,0.4050363600254059,1771.0,27.0,0.0,1731.0,0.0,0.0,1.0,0.0
02_hotpot_citation,15,Medium-N-Mid,0.24592391304347824,0.4251129925251007,0.5230978260869565,2.0,0.0,0.4251129925251007,20.5,0.5,2.430427312850952,,,0.416748046875,0.3895296156406402,0.67,0.6104703843593597,0.4251129925251007,1852.0,40.0,0.0,1799.0,0.0,0.0,1.0,0.0
02_hotpot_citation,15,Medium-P-Beg,0.7180759524653534,0.2853025740810803,0.7606615350854982,2.0,0.026785714285714284,0.2853025740810803,22.285714285714285,7.714285714285714,2.800514923201667,,,0.3997395833333333,0.5910635888576508,0.67,0.40893641114234924,0.2853025740810803,1762.0,31.0,0.0,1718.0,0.0,0.0,1.0,0.0
02_hotpot_citation,15,Medium-P-End,0.9233193277310925,0.2999816797673702,0.7216386554621849,2.0,0.0,0.2999816797673702,23.5,9.0,2.750829041004181,,,0.42791748046875,0.527687169611454,0.67,0.47231283038854593,0.2999816797673702,1533.0,35.0,0.0,1485.0,0.0,0.0,1.0,0.0
02_hotpot_citation,15,Medium-P-Mid,0.7900212014486115,0.3939930920799573,0.6823723653669687,2.0,0.11538461538461538,0.3939930920799573,27.5,8.833333333333334,2.8953867852687836,,,0.441131591796875,0.4939820468425751,0.67,0.5060179531574249,0.3939930920799573,1614.5,44.5,0.0,1557.0,0.0,0.0,1.0,0.0
02_hotpot_citation,15,Medium-T-Beg,0.8823529411764706,0.3498833278814952,0.684313725490196,2.0,0.0,0.3498833278814952,19.333333333333332,8.0,2.839666763941447,,,0.421630859375,0.5052414139111836,0.67,0.49475858608881634,0.3498833278814952,1651.6666666666667,31.666666666666668,0.0,1607.0,0.0,0.0,1.0,0.0
02_hotpot_citation,15,Medium-T-End,0.6458333333333333,0.45749861001968384,0.45208333333333334,2.0,0.0,0.45749861001968384,16.5,5.5,2.71345317363739,,,0.4158935546875,0.4148585200309753,0.67,0.5851414799690247,0.45749861001968384,1609.5,31.5,0.0,1565.0,0.0,0.0,1.0,0.0
02_hotpot_citation,15,Medium-T-Mid,0.6458333333333334,0.3763264119625091,0.6041666666666666,2.0,0.0,0.3763264119625091,17.0,6.0,2.684333244959513,,,0.4170735677083333,0.4646155536174774,0.67,0.5353844463825226,0.3763264119625091,1566.0,30.0,0.0,1523.0,0.0,0.0,1.0,0.0
02_hotpot_citation,16,Low-N-Beg,0.2853535353535353,0.29518835743268323,0.202020202020202,2.0,0.0,0.29518835743268323,12.666666666666666,0.0,2.2958577473958335,,,0.3684895833333333,0.4480048517386119,0.33,0.5519951482613882,0.29518835743268323,695.6666666666666,19.666666666666668,0.0,663.0,0.0,0.0,1.0,0.0
02_hotpot_citation,16,Low-N-End,0.2712719298245614,0.28211921453475947,0.3577302631578947,2.0,0.0,0.28211921453475947,18.75,0.25,2.217846989631653,,,0.3651123046875,0.4014908522367477,0.33,0.5985091477632523,0.28211921453475947,715.75,32.75,0.0,670.0,0.0,0.0,1.0,0.0
02_hotpot_citation,16,Low-N-Mid,0.3076086956521739,0.29691711068153376,0.3058574879227053,2.0,0.0,0.29691711068153376,21.666666666666668,0.0,2.2140157222747807,,,0.3755696614583333,0.3695902625719706,0.33,0.6304097374280294,0.29691711068153376,724.6666666666666,36.666666666666664,0.0,675.0,0.0,0.0,1.0,0.0
02_hotpot_citation,16,Low-P-Beg,0.836996336996337,0.24852377921342844,0.16300366300366295,2.0,0.0,0.24852377921342844,18.5,6.5,2.474116563796997,,,0.3985595703125,0.4023640155792236,0.33,0.5976359844207764,0.24852377921342844,602.5,28.5,0.0,561.0,0.0,0.0,1.0,0.0
02_hotpot_citation,16,Low-P-End,0.9714169000933706,0.27499764598906035,0.5987380368814192,2.0,0.0,0.27499764598906035,17.875,8.125,2.5842237255790015,,,0.44568980823863635,0.4644868997010317,0.33,0.5355131002989683,0.27499764598906035,615.2727272727273,34.27272727272727,0.0,568.0,0.0,0.0,1.0,0.0
02_hotpot_citation,16,Low-P-Mid,0.967687074829932,0.2550892468009676,0.5695733899967309,2.0,0.0,0.2550892468009676,21.428571428571427,11.0,2.786301374435425,,,0.4650115966796875,0.4136626720428467,0.33,0.5863373279571533,0.2550892468009676,654.3125,43.3125,0.0,598.0,0.0,0.0,1.0,0.0
02_hotpot_citation,16,Low-T-Beg,0.9387755102040817,0.27358264156750267,0.5954673173617273,2.0,0.0,0.27358264156750267,20.857142857142858,10.142857142857142,2.7750311493873596,,,0.45794677734375,0.4006300941109656,0.33,0.5993699058890343,0.27358264156750267,656.3333333333334,37.333333333333336,0.0,606.0,0.0,0.0,1.0,0.0
02_hotpot_citation,16,Low-T-End,0.8993722943722944,0.31184510886669153,0.4913257575757576,2.0,0.0,0.31184510886669153,24.5,10.5,2.5883206129074097,,,0.42236328125,0.3425168395042419,0.33,0.6574831604957581,0.31184510886669153,671.5,34.5,0.0,624.0,0.0,0.0,1.0,0.0
02_hotpot_citation,16,Low-T-Mid,0.9062049062049061,0.24584292868773142,0.4517460317460318,2.0,0.0,0.24584292868773142,23.666666666666668,10.0,2.672156492869059,,,0.41162109375,0.4090837438901266,0.33,0.5909162561098734,0.24584292868773142,652.6666666666666,41.666666666666664,0.0,598.0,0.0,0.0,1.0,0.0
02_hotpot_citation,16,Medium-N-Beg,0.30947712418300655,0.3394345839818318,0.22998366013071894,2.0,0.0,0.3394345839818318,18.0,0.3333333333333333,2.4301656087239585,,,0.3770345052083333,0.3421170910199483,0.67,0.6578829089800516,0.3394345839818318,1900.6666666666667,30.666666666666668,0.0,1857.0,0.0,0.0,1.0,0.0
02_hotpot_citation,16,Medium-N-End,0.24555555555555555,0.2944160799185435,0.6311111111111111,2.0,0.0,0.2944160799185435,30.0,1.3333333333333333,2.404344856739044,,,0.38702392578125,0.3749542683362961,0.67,0.6250457316637039,0.2944160799185435,1769.0,37.0,0.0,1719.0,0.0,0.0,1.0,0.0
02_hotpot_citation,16,Medium-N-Mid,0.4374458874458874,0.2854671648570469,0.4283549783549783,2.0,0.0,0.2854671648570469,11.714285714285714,0.7142857142857143,2.5120880603790283,,,0.400732421875,0.3852985739707947,0.67,0.6147014260292053,0.2854671648570469,1716.6,29.6,0.0,1674.0,0.0,0.0,1.0,0.0
02_hotpot_citation,16,Medium-P-Beg,0.6958537440741192,0.2798322811722755,0.5005436756022861,2.0,0.0,0.2798322811722755,23.0,5.333333333333333,2.660458564758301,,,0.4427490234375,0.442561129728953,0.67,0.557438870271047,0.2798322811722755,1784.3333333333333,38.333333333333336,0.0,1733.0,0.0,0.0,1.0,0.0
02_hotpot_citation,16,Medium-P-End,1.0,0.3222517371177673,0.0833333333333333,2.0,0.0,0.3222517371177673,13.0,7.0,2.776244163513184,,,0.3984375,0.4111045002937317,0.67,0.5888954997062683,0.3222517371177673,1720.0,17.0,0.0,1690.0,0.0,0.0,1.0,0.0
02_hotpot_citation,16,Medium-P-Mid,0.81875,0.24215975403785706,0.2125,2.0,0.0,0.24215975403785706,23.0,7.5,2.6212155818939213,,,0.3917236328125,0.374818742275238,0.67,0.625181257724762,0.24215975403785706,1505.5,34.5,0.0,1458.0,0.0,0.0,1.0,0.0
02_hotpot_citation,16,Medium-T-Beg,0.9841269841269842,0.2613384202122688,0.6220448179271708,2.0,0.0,0.2613384202122688,22.666666666666668,11.0,2.991311013698578,,,0.4433441162109375,0.3995238095521927,0.67,0.6004761904478073,0.2613384202122688,1711.875,40.875,0.0,1658.0,0.0,0.0,1.0,0.0
02_hotpot_citation,16,Medium-T-End,0.8913043478260869,0.29432864487171173,0.21099744245524293,2.0,0.0,0.29432864487171173,26.5,8.5,2.7177584171295166,,,0.4295654296875,0.3496162295341491,0.67,0.6503837704658508,0.29432864487171173,1518.5,39.5,0.0,1466.0,0.0,0.0,1.0,0.0
02_hotpot_citation,16,Medium-T-Mid,0.5055555555555555,0.2963063915570576,0.3090277777777778,2.0,0.0,0.2963063915570576,24.666666666666668,3.0,2.221454381942749,,,0.3409016927083333,0.3272269169489542,0.67,0.6727730830510458,0.2963063915570576,1604.0,42.0,0.0,1549.0,0.0,0.0,1.0,0.0
02_hotpot_citation,17,Low-N-Beg,0.2966211825860949,0.49285008509953815,0.26283300844704344,2.0,0.15159345391903528,0.49285008509953815,24.0,0.3333333333333333,2.330639918645223,,,0.411865234375,0.2900107105573019,0.33,0.7099892894426981,0.49285008509953815,687.6666666666666,30.666666666666668,0.0,644.0,0.0,0.0,1.0,0.0
02_hotpot_citation,17,Low-N-End,0.3293650793650793,0.4851693312327067,0.2796296296296296,2.0,0.14074074074074072,0.4851693312327067,24.0,0.0,2.1638915141423545,,,0.3334147135416667,0.3862241208553314,0.33,0.6137758791446686,0.4851693312327067,666.6666666666666,30.666666666666668,0.0,623.0,0.0,0.0,1.0,0.0
02_hotpot_citation,17,Low-N-Mid,0.3529411764705882,0.3053656220436096,0.47058823529411764,2.0,0.0,0.3053656220436096,19.0,0.0,2.4146522283554077,,,0.3778076171875,0.4954363703727722,0.33,0.5045636296272278,0.3053656220436096,659.0,22.0,0.0,624.0,0.0,0.0,1.0,0.0
02_hotpot_citation,17,Low-P-Beg,1.0,0.23493274620601107,0.6269168202398017,2.0,0.0,0.23493274620601107,21.714285714285715,8.428571428571429,2.6523378235953197,,,0.44308035714285715,0.4317626101630074,0.33,0.5682373898369926,0.23493274620601107,515.8571428571429,35.857142857142854,0.0,467.0,0.0,0.0,1.0,0.0
02_hotpot_citation,17,Low-P-End,0.7777777777777778,0.3792898058891296,0.2777777777777778,2.0,0.0,0.3792898058891296,24.0,5.0,2.422247648239136,,,0.418701171875,0.3816941380500793,0.33,0.6183058619499207,0.3792898058891296,566.0,31.0,0.0,522.0,0.0,0.0,1.0,0.0
02_hotpot_citation,17,Low-P-Mid,0.7222222222222222,0.3919454216957092,0.2777777777777778,2.0,0.0,0.3919454216957092,24.0,5.0,2.4868109226226807,,,0.436279296875,0.3887149095535278,0.33,0.6112850904464722,0.3919454216957092,565.0,29.0,0.0,523.0,0.0,0.0,1.0,0.0
02_hotpot_citation,17,Low-T-Beg,0.5917702624816504,0.40251957305840086,0.36139869298736294,2.0,0.07846129507259073,0.40251957305840086,20.0,4.0,2.28105890750885,,,0.3805338541666667,0.4131510257720947,0.33,0.5868489742279053,0.40251957305840086,568.5,31.5,0.0,524.0,0.0,0.0,1.0,0.0
02_hotpot_citation,17,Low-T-End,0.4857142857142857,0.27100626379251475,0.5342857142857143,2.0,0.0,0.27100626379251475,19.0,1.5,2.0812188386917114,,,0.3310546875,0.419336199760437,0.33,0.580663800239563,0.27100626379251475,543.5,33.5,0.0,497.0,0.0,0.0,1.0,0.0
02_hotpot_citation,17,Low-T-Mid,0.6902809200603318,0.2645295709371567,0.5790158371040723,2.0,0.0,0.2645295709371567,21.75,4.75,2.2843161821365356,,,0.38140869140625,0.4738788455724716,0.33,0.5261211544275284,0.2645295709371567,552.0,32.0,0.0,507.0,0.0,0.0,1.0,0.0
02_hotpot_citation,17,Medium-N-Beg,0.3086868686868687,0.429807851711909,0.4072727272727273,2.0,0.1071428571428571,0.429807851711909,18.333333333333332,0.6666666666666666,2.7321152687072754,,,0.4313151041666667,0.3868454992771148,0.67,0.6131545007228851,0.429807851711909,2048.0,8.0,0.0,2027.0,0.0,0.0,1.0,0.0
02_hotpot_citation,17,Medium-N-End,0.4285714285714285,0.3991682529449463,0.0,2.0,0.0,0.3991682529449463,17.0,0.0,2.403595209121704,,,0.3486328125,0.2707143425941467,0.67,0.7292856574058533,0.3991682529449463,1723.0,27.0,0.0,1683.0,0.0,0.0,1.0,0.0
02_hotpot_citation,17,Medium-P-Beg,0.8125,0.3997149467468261,0.3125,2.0,0.0,0.3997149467468261,20.0,4.0,2.692001342773437,,,0.4169921875,0.3815860152244568,0.67,0.6184139847755432,0.3997149467468261,1568.0,28.0,0.0,1527.0,0.0,0.0,1.0,0.0
02_hotpot_citation,17,Medium-P-End,1.0,0.347089022397995,0.0769230769230769,2.0,0.0,0.347089022397995,17.0,5.0,2.8914806842803955,,,0.47021484375,0.3810985684394836,0.67,0.6189014315605164,0.347089022397995,1723.0,23.0,0.0,1687.0,0.0,0.0,1.0,0.0
02_hotpot_citation,17,Medium-P-Mid,0.8235294117647058,0.3875416815280914,0.2941176470588235,2.0,0.0,0.3875416815280914,19.0,4.0,2.705639123916626,,,0.4072265625,0.3320233821868896,0.67,0.6679766178131104,0.3875416815280914,1410.0,27.0,0.0,1370.0,0.0,0.0,1.0,0.0
02_hotpot_citation,17,Medium-T-Beg,0.4515823873409012,0.4941718677679698,0.22733918128654965,2.0,0.14761904761904757,0.4941718677679698,22.333333333333332,2.0,2.376860777537028,,,0.3916015625,0.2894362409909566,0.67,0.7105637590090433,0.4941718677679698,1519.0,29.0,0.0,1477.0,0.0,0.0,1.0,0.0
02_hotpot_citation,17,Medium-T-End,0.6437062937062937,0.23674923678239182,0.5707459207459207,2.0,0.0,0.23674923678239182,21.333333333333332,4.333333333333333,2.35844620068868,,,0.376220703125,0.4196814894676208,0.67,0.5803185105323792,0.23674923678239182,1502.0,32.0,0.0,1457.0,0.0,0.0,1.0,0.0
02_hotpot_citation,17,Medium-T-Mid,0.6851307189542484,0.32035611197352404,0.5432189542483661,2.0,0.0,0.32035611197352404,20.5,4.0,2.3845003843307495,,,0.40283203125,0.3995800912380218,0.67,0.6004199087619781,0.32035611197352404,1466.75,28.75,0.0,1425.0,0.0,0.0,1.0,0.0
02_hotpot_citation,18,High-T-Mid,0.6822742474916388,0.20075470674782991,0.5484949832775919,2.0,0.016203703703703675,0.20075470674782991,20.25,6.75,2.582166016101837,,,0.40728759765625,0.4525389298796654,1.0,0.5474610701203346,0.20075470674782991,1947.0,31.0,0.0,1903.0,0.0,0.0,1.0,0.0
02_hotpot_citation,18,Low-N-Beg,0.327020202020202,0.3147072084248066,0.5012626262626263,2.0,0.0172413793103448,0.3147072084248066,17.75,0.25,2.09225195646286,,,0.33331298828125,0.4033757448196411,0.33,0.5966242551803589,0.3147072084248066,752.5,24.5,0.0,715.0,0.0,0.0,1.0,0.0
02_hotpot_citation,18,Low-N-End,0.3075396825396825,0.2736852020025253,0.5582010582010583,2.0,0.01625615763546795,0.2736852020025253,14.5,0.8333333333333334,2.1159146428108215,,,0.38104248046875,0.3783967196941376,0.33,0.6216032803058624,0.2736852020025253,654.0,30.0,0.0,611.0,0.0,0.0,1.0,0.0
02_hotpot_citation,18,Low-N-Mid,0.3804232804232804,0.25234214216470713,0.6014550264550265,2.0,0.0114942528735632,0.25234214216470713,13.333333333333334,0.16666666666666666,2.1803587079048157,,,0.37835693359375,0.4229317680001259,0.33,0.5770682319998741,0.25234214216470713,662.75,28.75,0.0,621.0,0.0,0.0,1.0,0.0
02_hotpot_citation,18,Low-P-Beg,0.9642857142857143,0.2820781150034496,0.6340064815849866,2.0,0.008576548899129528,0.2820781150034496,21.714285714285715,10.142857142857142,2.6370854675769806,,,0.409149169921875,0.3557648360729217,0.33,0.6442351639270782,0.2820781150034496,619.625,36.625,0.0,570.0,0.0,0.0,1.0,0.0
02_hotpot_citation,18,Low-P-End,0.9761904761904762,0.31657014290491736,0.7174153723616089,2.0,0.0094818376068376,0.31657014290491736,23.5,9.666666666666666,2.594093527112688,,,0.42030552455357145,0.3845221315111432,0.33,0.6154778684888568,0.31657014290491736,566.7142857142857,38.714285714285715,0.0,515.0,0.0,0.0,1.0,0.0
02_hotpot_citation,18,Low-P-Mid,0.75,0.20076313056051726,0.39999999999999997,2.0,0.0185185185185185,0.20076313056051726,11.5,3.5,2.4055837392807007,,,0.384521484375,0.5451021641492844,0.33,0.45489783585071564,0.20076313056051726,575.5,17.5,0.0,545.0,0.0,0.0,1.0,0.0
02_hotpot_citation,18,Low-T-Beg,0.4701351078846542,0.2548326969146728,0.6625428513813268,2.0,0.01356321839080458,0.2548326969146728,15.2,3.8,2.306227366129557,,,0.374755859375,0.4257777531941732,0.33,0.5742222468058268,0.2548326969146728,528.3333333333334,35.333333333333336,0.0,480.0,0.0,0.0,1.0,0.0
02_hotpot_citation,18,Low-T-End,0.62336740118695,0.28996907387460974,0.6344692901083878,2.0,0.009566326530612243,0.28996907387460974,20.571428571428573,4.571428571428571,2.426896160299128,,,0.4147727272727273,0.4265884513204748,0.33,0.5734115486795252,0.28996907387460974,539.2727272727273,33.27272727272727,0.0,493.0,0.0,0.0,1.0,0.0
02_hotpot_citation,18,Low-T-Mid,0.7906954156954157,0.24689517877995967,0.508061383061383,2.0,0.01483516483516482,0.24689517877995967,15.6,5.0,2.3966548442840576,,,0.412109375,0.4282621443271637,0.33,0.5717378556728363,0.24689517877995967,532.5,28.5,0.0,491.0,0.0,0.0,1.0,0.0
02_hotpot_citation,18,Medium-N-Beg,0.42641325536062374,0.21639088851710156,0.48075048732943476,2.0,0.021910919540229865,0.21639088851710156,23.0,1.3333333333333333,2.4571529229482016,,,0.4318033854166667,0.4125553468863169,0.67,0.5874446531136831,0.21639088851710156,1746.6666666666667,30.666666666666668,0.0,1703.0,0.0,0.0,1.0,0.0
02_hotpot_citation,18,Medium-N-End,0.29346584373758283,0.2724978091816107,0.5533616443942531,2.0,0.011002886002885999,0.2724978091816107,17.166666666666668,0.3333333333333333,2.4698130607604982,,,0.412744140625,0.4391304910182952,0.67,0.5608695089817047,0.2724978091816107,1719.2,31.2,0.0,1675.0,0.0,0.0,1.0,0.0
02_hotpot_citation,18,Medium-N-Mid,0.36134528514963293,0.2878647573292255,0.5633738001129306,2.0,0.013657407407407401,0.2878647573292255,19.8,1.2,2.3792150020599365,,,0.39072265625,0.44779118299484255,0.67,0.5522088170051574,0.2878647573292255,1962.2,30.2,0.0,1919.0,0.0,0.0,1.0,0.0
02_hotpot_citation,18,Medium-P-Beg,1.0,0.31242119272549945,0.6515554091641048,2.0,0.006172839506172833,0.31242119272549945,24.5,10.166666666666666,2.981866478919983,,,0.45721435546875,0.3784127235412597,0.67,0.6215872764587402,0.31242119272549945,1623.375,37.375,0.0,1573.0,0.0,0.0,1.0,0.0
02_hotpot_citation,18,Medium-P-End,0.9915966386554622,0.2745438803519521,0.6650129282482223,2.0,0.0093726379440665,0.2745438803519521,21.0,9.571428571428571,2.9849106073379517,,,0.44598388671875,0.3686373978853225,0.67,0.6313626021146774,0.2745438803519521,1621.875,38.875,0.0,1570.0,0.0,0.0,1.0,0.0
02_hotpot_citation,18,Medium-P-Mid,0.9821428571428571,0.28860620302813395,0.6878424694214168,2.0,0.009259259259259243,0.28860620302813395,20.142857142857142,9.714285714285714,3.0359447598457336,,,0.4591064453125,0.3516338095068931,0.67,0.6483661904931068,0.28860620302813395,1715.5,37.5,0.0,1665.0,0.0,0.0,1.0,0.0
02_hotpot_citation,18,Medium-T-Beg,0.703002354788069,0.2846522150295121,0.5631868131868132,2.0,0.015001341038207387,0.2846522150295121,21.714285714285715,5.857142857142857,2.5481032530466714,,,0.405029296875,0.45492590963840474,0.67,0.5450740903615952,0.2846522150295121,1551.8333333333333,39.833333333333336,0.0,1499.0,0.0,0.0,1.0,0.0
02_hotpot_citation,18,Medium-T-End,0.7721445221445222,0.22978451289236543,0.4889277389277389,2.0,0.016968325791855175,0.22978451289236543,16.75,5.25,2.502462069193522,,,0.4029134114583333,0.4612887005011241,0.67,0.538711299498876,0.22978451289236543,1508.3333333333333,36.333333333333336,0.0,1459.0,0.0,0.0,1.0,0.0
02_hotpot_citation,18,Medium-T-Mid,0.7611111111111111,0.35030703246593475,0.3988888888888889,2.0,0.0328663793103448,0.35030703246593475,26.0,7.5,2.570051670074463,,,0.387939453125,0.4360267519950866,0.67,0.5639732480049133,0.35030703246593475,1502.5,32.5,0.0,1457.0,0.0,0.0,1.0,0.0
02_hotpot_citation,19,High-T-End,0.8243427741466957,0.07213549160708986,0.6351488743645607,2.0,0.0075757575757575656,0.07213549160708986,26.333333333333332,8.666666666666666,2.754194736480713,,,0.4276529947916667,0.45758779843648273,1.0,0.5424122015635172,0.07213549160708986,1969.6666666666667,35.666666666666664,0.0,1921.0,0.0,0.0,1.0,0.0
02_hotpot_citation,19,Low-N-Beg,0.25555555555555554,0.6289164423942566,0.2,2.0,0.08601381502536826,0.6289164423942566,16.333333333333332,0.0,2.285837491353353,,,0.4103190104166667,0.2622319658597311,0.33,0.7377680341402689,0.6289164423942566,633.0,30.0,0.0,590.0,0.0,0.0,1.0,0.0
02_hotpot_citation,19,Low-N-End,0.2744360902255639,0.08157269097864625,0.6090225563909775,2.0,0.0121951219512195,0.08157269097864625,21.5,0.5,2.2683056592941284,,,0.3958740234375,0.6947763189673424,0.33,0.3052236810326576,0.08157269097864625,705.0,26.0,0.0,666.0,0.0,0.0,1.0,0.0
02_hotpot_citation,19,Low-N-Mid,0.27329192546583847,0.1056093890219926,0.6055900621118012,2.0,0.0121951219512195,0.1056093890219926,24.5,0.5,2.2218719720840454,,,0.3779296875,0.6425260901451111,0.33,0.3574739098548889,0.1056093890219926,746.5,29.5,0.0,704.0,0.0,0.0,1.0,0.0
02_hotpot_citation,19,Low-P-Beg,0.75,0.2087856233119964,0.375,2.0,0.0238095238095238,0.2087856233119964,18.0,7.0,2.4624295234680176,,,0.407958984375,0.3098112344741821,0.33,0.6901887655258179,0.2087856233119964,612.0,25.0,0.0,574.0,0.0,0.0,1.0,0.0
02_hotpot_citation,19,Low-P-End,0.9855769230769231,0.07454556226730344,0.6895194803476538,2.0,0.0034013605442176856,0.07454556226730344,21.857142857142858,9.285714285714286,2.5433944293430875,,,0.41922433035714285,0.4653698972293308,0.33,0.5346301027706691,0.07454556226730344,529.8571428571429,30.857142857142858,0.0,486.0,0.0,0.0,1.0,0.0
02_hotpot_citation,19,Low-P-Mid,0.8838003393577112,0.08818291925958222,0.7372040349320506,2.0,0.0,0.08818291925958222,22.142857142857142,10.0,2.528724887154319,,,0.4307306463068182,0.4047816666689786,0.33,0.5952183333310214,0.08818291925958222,602.6363636363636,30.636363636363637,0.0,559.0,0.0,0.0,1.0,0.0
02_hotpot_citation,19,Low-T-Beg,0.4375,0.6217407584190369,0.29583333333333334,2.0,0.07768744354110207,0.6217407584190369,18.666666666666668,3.0,2.354554017384847,,,0.3894856770833333,0.2814316153526306,0.33,0.7185683846473694,0.6217407584190369,564.6666666666666,32.666666666666664,0.0,519.0,0.0,0.0,1.0,0.0
02_hotpot_citation,19,Low-T-End,0.38666666666666666,0.37672821432352066,0.6166666666666667,2.0,0.0595238095238095,0.37672821432352066,20.0,2.0,2.2551294565200806,,,0.3875732421875,0.5397778451442719,0.33,0.46022215485572815,0.37672821432352066,526.5,24.5,0.0,489.0,0.0,0.0,1.0,0.0
02_hotpot_citation,19,Low-T-Mid,0.47023809523809523,0.1316669434309005,0.6547619047619048,2.0,0.0119047619047619,0.1316669434309005,17.5,2.0,2.3173636198043823,,,0.369140625,0.592285230755806,0.33,0.40771476924419403,0.1316669434309005,503.0,22.0,0.0,468.0,0.0,0.0,1.0,0.0
02_hotpot_citation,19,Medium-N-Beg,0.3215488215488215,0.045631196349859245,0.5858585858585859,2.0,0.0111111111111111,0.045631196349859245,20.5,0.5,2.5081042051315308,,,0.38623046875,0.5621981471776962,0.67,0.43780185282230377,0.045631196349859245,2023.5,27.5,0.0,1983.0,0.0,0.0,1.0,0.0
02_hotpot_citation,19,Medium-N-End,0.4115384615384615,0.06831931043416259,0.7025641025641025,2.0,0.01162790697674415,0.06831931043416259,21.5,0.0,2.6018917560577397,,,0.4266357421875,0.5922853648662567,0.67,0.4077146351337433,0.06831931043416259,1906.5,26.5,0.0,1867.0,0.0,0.0,1.0,0.0
02_hotpot_citation,19,Medium-P-Beg,0.8922064777327935,0.2485484140259879,0.4669598976874519,2.0,0.016168327796234745,0.2485484140259879,17.571428571428573,8.142857142857142,2.4848810036977134,,,0.3813883463541667,0.2611760199069977,0.67,0.7388239800930023,0.2485484140259879,1575.8333333333333,32.833333333333336,0.0,1530.0,0.0,0.0,1.0,0.0
02_hotpot_citation,19,Medium-P-End,0.75,0.1781615912914276,0.375,2.0,0.0217391304347826,0.1781615912914276,27.0,10.0,2.6668407917022705,,,0.40283203125,0.4998424053192138,0.67,0.5001575946807861,0.1781615912914276,1470.0,38.0,0.0,1419.0,0.0,0.0,1.0,0.0
02_hotpot_citation,19,Medium-P-Mid,0.9132269134374398,0.16390583049505947,0.6672496626180836,2.0,0.0,0.16390583049505947,23.4,12.2,2.700915479660034,,,0.41650390625,0.3082765161991119,0.67,0.6917234838008881,0.16390583049505947,1690.6,35.6,0.0,1642.0,0.0,0.0,1.0,0.0
02_hotpot_citation,19,Medium-T-Beg,0.6208333333333333,0.6455897688865662,0.23750000000000002,2.0,0.0577444235980821,0.6455897688865662,17.333333333333332,3.6666666666666665,2.5000383853912354,,,0.388671875,0.2881001234054565,0.67,0.7118998765945435,0.6455897688865662,1545.0,26.0,0.0,1506.0,0.0,0.0,1.0,0.0
02_hotpot_citation,19,Medium-T-End,0.5735785953177257,0.12868535518646235,0.6404682274247491,2.0,0.0111111111111111,0.12868535518646235,19.5,2.0,2.538017511367798,,,0.3677978515625,0.5341701805591583,0.67,0.4658298194408417,0.12868535518646235,1565.0,26.0,0.0,1526.0,0.0,0.0,1.0,0.0
02_hotpot_citation,19,Medium-T-Mid,0.8027158897747133,0.3334049207956663,0.5986588139529315,2.0,0.03129251700680271,0.3334049207956663,22.428571428571427,5.428571428571429,2.6951505541801453,,,0.44000244140625,0.4227617233991623,0.67,0.5772382766008377,0.3334049207956663,1578.5,31.5,0.0,1534.0,0.0,0.0,1.0,0.0
03_novelhop_multihop,0,Low-N-Beg,0.3789425770308123,0.419680709640185,0.3254131652661065,2.0,0.0,0.419680709640185,16.166666666666668,0.5,2.43131415049235,,,0.3994140625,0.4798760612805684,0.33,0.5201239387194315,0.419680709640185,729.6666666666666,42.666666666666664,0.0,674.0,0.0,0.0,1.0,0.0
03_novelhop_multihop,0,Low-N-End,0.32346830279161104,0.4649243141923632,0.3456585185908494,2.0,0.0,0.4649243141923632,13.857142857142858,0.42857142857142855,2.4796982606252036,,,0.4258626302083333,0.40334606170654286,0.33,0.596653938293457,0.4649243141923632,709.3333333333334,43.333333333333336,0.0,653.0,0.0,0.0,1.0,0.0
03_novelhop_multihop,0,Low-N-Mid,0.3705952380952381,0.41890999178091687,0.3540873015873016,2.0,0.0,0.41890999178091687,15.666666666666666,0.16666666666666666,2.308765093485514,,,0.387451171875,0.4476073682308197,0.33,0.5523926317691803,0.41890999178091687,702.3333333333334,41.333333333333336,0.0,648.0,0.0,0.0,1.0,0.0
03_novelhop_multihop,0,Low-P-Beg,0.699589517236576,0.3805769516362084,0.5719212704506822,2.0,0.0,0.3805769516362084,13.333333333333334,4.444444444444445,2.661662149429321,,,0.479248046875,0.5416001737117767,0.33,0.4583998262882233,0.3805769516362084,590.8,34.8,0.0,543.0,0.0,0.0,1.0,0.0
03_novelhop_multihop,0,Low-P-End,0.9576344707923655,0.37725215720442623,0.4428453938694472,2.0,0.0,0.37725215720442623,12.461538461538462,5.615384615384615,2.8333351952689037,,,0.48057338169642855,0.5341985183102744,0.33,0.4658014816897256,0.37725215720442623,628.1428571428571,45.142857142857146,0.0,570.0,0.0,0.0,1.0,0.0
03_novelhop_multihop,0,Low-P-Mid,0.6818650793650793,0.30716942995786667,0.4654365079365079,2.0,0.0,0.30716942995786667,10.8,4.333333333333333,2.6728458063943044,,,0.4684361049107143,0.615194537809917,0.32999999999999996,0.3848054621900831,0.30716942995786667,641.5714285714286,40.57142857142857,0.0,588.0,0.0,0.0,1.0,0.0
03_novelhop_multihop,0,Low-T-Beg,0.6073598670237326,0.3937261019434248,0.4082509927047742,2.0,0.0,0.3937261019434248,13.571428571428571,3.0,2.620896100997925,,,0.45611572265625,0.4741530418395996,0.33,0.5258469581604004,0.3937261019434248,643.0,34.0,0.0,596.0,0.0,0.0,1.0,0.0
03_novelhop_multihop,0,Low-T-End,0.46221901804199944,0.4221815509455545,0.4082778763679385,2.0,0.0,0.4221815509455545,13.857142857142858,2.4285714285714284,2.408520519733429,,,0.438232421875,0.5518017932772636,0.33,0.44819820672273636,0.4221815509455545,609.0,36.0,0.0,560.0,0.0,0.0,1.0,0.0
03_novelhop_multihop,0,Low-T-Mid,0.8429894435844514,0.3864358458667993,0.4855682404540763,2.0,0.0,0.3864358458667993,16.375,5.125,2.563331365585327,,,0.45986328125,0.6416785478591919,0.33,0.3583214521408081,0.3864358458667993,614.4,36.4,0.0,565.0,0.0,0.0,1.0,0.0
03_novelhop_multihop,0,Medium-N-Beg,0.33852369450195535,0.42897303615297583,0.37343077327549373,2.0,0.0012870012870012857,0.42897303615297583,17.571428571428573,0.42857142857142855,2.5641197562217712,,,0.431396484375,0.5456593185663223,0.67,0.4543406814336777,0.42897303615297583,1944.25,40.25,0.0,1891.0,0.0,0.0,1.0,0.0
03_novelhop_multihop,0,Medium-N-End,0.35201569264069266,0.37119492143392563,0.4913555194805195,2.0,0.0,0.37119492143392563,16.625,0.375,2.6035536766052245,,,0.4134765625,0.4903338193893433,0.67,0.5096661806106567,0.37119492143392563,1621.2,34.2,0.0,1574.0,0.0,0.0,1.0,0.0
03_novelhop_multihop,0,Medium-N-Mid,0.42001633986928105,0.3815995901823044,0.37277661064425766,2.0,0.0,0.3815995901823044,16.5,0.16666666666666666,2.924228847026825,,,0.460693359375,0.5570602640509605,0.67,0.44293973594903946,0.3815995901823044,1778.75,31.75,0.0,1734.0,0.0,0.0,1.0,0.0
03_novelhop_multihop,0,Medium-P-Beg,0.9666666666666666,0.4237683167060216,0.48500000000000004,2.0,0.0,0.4237683167060216,15.833333333333334,6.666666666666667,3.062422752380371,,,0.4835611979166667,0.5909817814826965,0.67,0.40901821851730347,0.4237683167060216,1752.0,46.0,0.0,1693.0,0.0,0.0,1.0,0.0
03_novelhop_multihop,0,Medium-P-End,1.0,0.3869886183076435,0.4723329103721261,2.0,0.0,0.3869886183076435,16.11111111111111,6.888888888888889,3.0622023854936873,,,0.4647739955357143,0.5547760426998138,0.67,0.44522395730018616,0.3869886183076435,1713.142857142857,35.142857142857146,0.0,1665.0,0.0,0.0,1.0,0.0
03_novelhop_multihop,0,Medium-P-Mid,0.9818452380952382,0.37694714963436127,0.5141114915785968,2.0,0.0,0.37694714963436127,15.125,7.25,3.1167481422424315,,,0.49130859375,0.5114765584468841,0.67,0.48852344155311583,0.37694714963436127,1658.2,35.2,0.0,1610.0,0.0,0.0,1.0,0.0
03_novelhop_multihop,0,Medium-T-Beg,0.7289363113666519,0.3816526114940643,0.42546193916162955,2.0,0.0,0.3816526114940643,13.7,3.9,2.7541041374206543,,,0.4443359375,0.4787889271974563,0.67,0.5212110728025436,0.3816526114940643,1590.8333333333333,32.833333333333336,0.0,1545.0,0.0,0.0,1.0,0.0
03_novelhop_multihop,0,Medium-T-End,0.790193651831442,0.35337371059826445,0.46454879434611374,2.0,0.0,0.35337371059826445,17.571428571428573,4.857142857142857,2.809772253036499,,,0.447900390625,0.5662511706352233,0.67,0.4337488293647766,0.35337371059826445,1624.2,33.2,0.0,1578.0,0.0,0.0,1.0,0.0
03_novelhop_multihop,0,Medium-T-Mid,0.6242630385487529,0.45055526069232393,0.36128117913832203,2.0,0.0,0.45055526069232393,13.571428571428571,2.857142857142857,2.6791272163391113,,,0.4429524739583333,0.5772077838579814,0.67,0.4227922161420186,0.45055526069232393,1476.6666666666667,42.666666666666664,0.0,1421.0,0.0,0.0,1.0,0.0
03_novelhop_multihop,1,Low-N-Beg,0.3093591191417278,0.4698994904756546,0.18587662337662336,2.0,0.03051129855253565,0.4698994904756546,24.25,0.5,2.335725367069245,,,0.3389892578125,0.3360874205827713,0.33,0.6639125794172287,0.4698994904756546,746.75,29.75,0.0,704.0,0.0,0.0,1.0,0.0
03_novelhop_multihop,1,Low-N-End,0.501207729468599,0.466598741710186,0.16666666666666666,2.0,0.0,0.466598741710186,24.5,2.0,2.459606170654297,,,0.3824462890625,0.3040061891078949,0.33,0.6959938108921051,0.466598741710186,724.5,33.5,0.0,678.0,0.0,0.0,1.0,0.0
03_novelhop_multihop,1,Low-N-Mid,0.42918927910506727,0.6169157028198242,0.17312290769966518,2.0,0.06019766397124883,0.6169157028198242,40.666666666666664,3.3333333333333335,2.4363064765930176,,,0.3756510416666667,0.2194732030232747,0.33,0.7805267969767252,0.6169157028198242,748.3333333333334,56.333333333333336,0.0,679.0,0.0,0.0,1.0,0.0
03_novelhop_multihop,1,Low-P-Beg,0.31920881664430945,0.0293927794943253,0.7098292958783766,2.0,0.0,0.0293927794943253,27.333333333333332,0.3333333333333333,2.416274627049764,,,0.4563802083333333,0.45504504442214955,0.33,0.5449549555778503,0.0293927794943253,570.6666666666666,31.666666666666668,0.0,526.0,0.0,0.0,1.0,0.0
03_novelhop_multihop,1,Low-P-End,0.6447368421052632,0.30552440881729126,0.48830409356725146,2.0,0.0,0.30552440881729126,20.0,4.0,2.405602216720581,,,0.4273681640625,0.4003951847553253,0.33,0.5996048152446747,0.30552440881729126,581.5,24.5,0.0,544.0,0.0,0.0,1.0,0.0
03_novelhop_multihop,1,Low-P-Mid,0.6282894736842105,0.3660682439804077,0.4917763157894737,2.0,0.0,0.3660682439804077,19.5,3.5,2.4138965606689453,,,0.41015625,0.357698380947113,0.33,0.642301619052887,0.3660682439804077,556.5,23.5,0.0,520.0,0.0,0.0,1.0,0.0
03_novelhop_multihop,1,Low-T-Beg,0.47193675889328063,0.5215604503949484,0.17878787878787877,2.0,0.01689035855540423,0.5215604503949484,28.0,3.0,2.631462653477987,,,0.4544270833333333,0.2591656049092611,0.33,0.7408343950907389,0.5215604503949484,630.3333333333334,34.333333333333336,0.0,583.0,0.0,0.0,1.0,0.0
03_novelhop_multihop,1,Low-T-End,0.7194285977180714,0.3513605147600174,0.47217979389032017,2.0,0.0,0.3513605147600174,24.0,7.0,2.6514304876327515,,,0.45489501953125,0.3665247410535812,0.33,0.6334752589464188,0.3513605147600174,646.0,33.0,0.0,600.0,0.0,0.0,1.0,0.0
03_novelhop_multihop,1,Low-T-Mid,0.3385058568882098,0.09986191103234884,0.7139435319582379,2.0,0.0,0.09986191103234884,25.25,1.25,2.3474828600883484,,,0.428955078125,0.4455474615097046,0.33,0.5544525384902954,0.09986191103234884,629.0,28.0,0.0,588.0,0.0,0.0,1.0,0.0
03_novelhop_multihop,1,Medium-N-Beg,0.42070158102766797,0.47472454607486725,0.16801948051948046,2.0,0.035184195748797324,0.47472454607486725,29.25,0.5,2.6674203872680664,,,0.44744873046875,0.2458588480949401,0.67,0.7541411519050598,0.47472454607486725,1849.25,37.25,0.0,1799.0,0.0,0.0,1.0,0.0
03_novelhop_multihop,1,Medium-N-End,0.5238095238095237,0.326515831053257,0.42857142857142855,2.0,0.0,0.326515831053257,29.5,4.0,2.6671316623687744,,,0.4268798828125,0.2926497757434845,0.67,0.7073502242565155,0.326515831053257,1959.5,38.5,0.0,1908.0,0.0,0.0,1.0,0.0
03_novelhop_multihop,1,Medium-N-Mid,0.6088069636456733,0.3611013988653819,0.5448028673835125,2.0,0.0,0.3611013988653819,34.666666666666664,2.3333333333333335,2.8661269545555115,,,0.43255615234375,0.3666098192334175,0.67,0.6333901807665825,0.3611013988653819,1746.25,33.25,0.0,1700.0,0.0,0.0,1.0,0.0
03_novelhop_multihop,1,Medium-P-Beg,0.6375598086124402,0.33433499932289124,0.5059808612440191,2.0,0.0,0.33433499932289124,23.0,4.0,2.532085418701172,,,0.3817138671875,0.3452094793319702,0.67,0.6547905206680298,0.33433499932289124,1660.0,27.0,0.0,1620.0,0.0,0.0,1.0,0.0
03_novelhop_multihop,1,Medium-P-End,0.6421052631578947,0.3463381826877594,0.4605263157894737,2.0,0.0,0.3463381826877594,21.5,3.0,2.645744562149048,,,0.430419921875,0.4312902241945267,0.67,0.5687097758054733,0.3463381826877594,1582.5,25.5,0.0,1544.0,0.0,0.0,1.0,0.0
03_novelhop_multihop,1,Medium-P-Mid,0.6691176470588236,0.29011762887239456,0.3897058823529412,2.0,0.0,0.29011762887239456,25.0,3.5,2.7271398305892944,,,0.4371337890625,0.3415575921535492,0.67,0.6584424078464508,0.29011762887239456,1740.0,30.0,0.0,1697.0,0.0,0.0,1.0,0.0
03_novelhop_multihop,1,Medium-T-Beg,0.5869230769230769,0.5243417769670486,0.24,2.0,0.0048543689320388,0.5243417769670486,29.5,4.5,2.812715172767639,,,0.48583984375,0.2029019296169281,0.67,0.7970980703830719,0.5243417769670486,1659.5,41.5,0.0,1605.0,0.0,0.0,1.0,0.0
03_novelhop_multihop,1,Medium-T-End,0.7471739130434782,0.40655185282230377,0.46751207729468597,2.0,0.0,0.40655185282230377,27.5,9.0,2.854734222094218,,,0.4610188802083333,0.3773107926050821,0.67,0.6226892073949178,0.40655185282230377,1538.0,38.0,0.0,1487.0,0.0,0.0,1.0,0.0
03_novelhop_multihop,1,Medium-T-Mid,0.9161706349206349,0.39710483948389685,0.5009920634920635,2.0,0.0,0.39710483948389685,28.0,11.0,2.9148455460866294,,,0.4659830729166667,0.3136378725369771,0.67,0.6863621274630228,0.39710483948389685,1719.6666666666667,37.666666666666664,0.0,1669.0,0.0,0.0,1.0,0.0
03_novelhop_multihop,2,Low-N-Beg,0.25479835586624294,0.617907421456443,0.3202909557600633,2.0,0.0,0.617907421456443,17.22222222222222,0.3333333333333333,2.2887762917412653,,,0.4069281684027778,0.4607000582747988,0.33,0.5392999417252011,0.617907421456443,784.0,28.0,0.0,743.0,0.0,0.0,1.0,0.0
03_novelhop_multihop,2,Low-N-End,0.36372903412377094,0.39292833767831326,0.4890543666859456,2.0,0.0,0.39292833767831326,18.25,0.25,2.3893179297447205,,,0.41839599609375,0.4586114659905433,0.33,0.5413885340094566,0.39292833767831326,693.75,22.75,0.0,658.0,0.0,0.0,1.0,0.0
03_novelhop_multihop,2,Low-N-Mid,0.24450631409441473,0.47006013691425325,0.48005424188490553,2.0,0.0,0.47006013691425325,25.2,0.4,2.3624762058258058,,,0.423876953125,0.4211361646652222,0.33,0.5788638353347778,0.47006013691425325,675.4,31.4,0.0,631.0,0.0,0.0,1.0,0.0
03_novelhop_multihop,2,Low-P-Beg,0.831984126984127,0.4727407142519951,0.415995670995671,2.0,0.00352941176470588,0.4727407142519951,15.7,6.1,2.693992468026968,,,0.4440354567307692,0.4524990962101862,0.33,0.5475009037898138,0.4727407142519951,630.6153846153846,30.615384615384617,0.0,587.0,0.0,0.0,1.0,0.0
03_novelhop_multihop,2,Low-P-End,0.9366459627329193,0.5070632866450718,0.5214843644967869,2.0,0.0,0.5070632866450718,20.857142857142858,7.857142857142857,2.650290445847945,,,0.4460671164772727,0.4393735866655003,0.33,0.5606264133344997,0.5070632866450718,627.0454545454545,36.04545454545455,0.0,578.0,0.0,0.0,1.0,0.0
03_novelhop_multihop,2,Low-P-Mid,0.9417460317460318,0.5287711371978124,0.4766877184118563,2.0,0.0,0.5287711371978124,26.333333333333332,11.166666666666666,2.6202040910720825,,,0.4293212890625,0.4283957257866859,0.33,0.5716042742133141,0.5287711371978124,577.25,37.25,0.0,527.0,0.0,0.0,1.0,0.0
03_novelhop_multihop,2,Low-T-Beg,0.5212250712250712,0.550136943658193,0.251757733007733,2.0,0.0,0.550136943658193,14.333333333333334,3.3333333333333335,2.39449405670166,,,0.423095703125,0.3891820907592773,0.33,0.6108179092407227,0.550136943658193,606.25,28.25,0.0,565.0,0.0,0.0,1.0,0.0
03_novelhop_multihop,2,Low-T-End,0.6233333333333333,0.5783567190170288,0.27404761904761904,2.0,0.0,0.5783567190170288,19.6,4.4,2.3101296424865723,,,0.4146728515625,0.44222788512706745,0.33,0.5577721148729324,0.5783567190170288,568.25,34.25,0.0,521.0,0.0,0.0,1.0,0.0
03_novelhop_multihop,2,Low-T-Mid,0.6555694305694305,0.6395832061767578,0.21966366966366963,2.0,0.0,0.6395832061767578,21.2,6.4,2.3904802799224854,,,0.3981119791666667,0.3960002462069193,0.33,0.6039997537930807,0.6395832061767578,612.6666666666666,48.666666666666664,0.0,551.0,0.0,0.0,1.0,0.0
03_novelhop_multihop,2,Medium-N-Beg,0.4044393877727211,0.3136587258842256,0.4721353954687288,2.0,0.0,0.3136587258842256,19.555555555555557,0.6666666666666666,2.4955838203430174,,,0.413916015625,0.526039271056652,0.67,0.47396072894334795,0.3136587258842256,1652.1,25.1,0.0,1614.0,0.0,0.0,1.0,0.0
03_novelhop_multihop,2,Medium-N-End,0.43047683310841206,0.410149200922913,0.45668016194331984,2.0,0.0,0.410149200922913,18.22222222222222,0.3333333333333333,2.546982266686179,,,0.39830433238636365,0.5473670661449432,0.6699999999999999,0.45263293385505676,0.410149200922913,2031.1818181818182,28.181818181818183,0.0,1990.0,0.0,0.0,1.0,0.0
03_novelhop_multihop,2,Medium-N-Mid,0.403706983805668,0.3564098831266165,0.4845900809716599,2.0,0.0,0.3564098831266165,18.75,0.25,2.748152732849121,,,0.44110107421875,0.4663727730512619,0.67,0.5336272269487381,0.3564098831266165,1801.0,23.0,0.0,1765.0,0.0,0.0,1.0,0.0
03_novelhop_multihop,2,Medium-P-Beg,0.953125,0.49303508549928665,0.49694113756613756,2.0,0.0,0.49303508549928665,19.875,8.625,2.9767438769340515,,,0.466888427734375,0.4354825876653194,0.67,0.5645174123346806,0.49303508549928665,1500.375,36.375,0.0,1451.0,0.0,0.0,1.0,0.0
03_novelhop_multihop,2,Medium-P-End,0.9915966386554622,0.48529312014579773,0.5908673090062283,2.0,0.0,0.48529312014579773,21.142857142857142,9.428571428571429,3.1062497794628143,,,0.47552490234375,0.4876555390655994,0.67,0.5123444609344006,0.48529312014579773,1662.5,37.5,0.0,1612.0,0.0,0.0,1.0,0.0
03_novelhop_multihop,2,Medium-P-Mid,0.9366300366300366,0.4606237475361143,0.5378146220251484,2.0,0.0,0.4606237475361143,21.428571428571427,8.0,2.9599893987178802,,,0.461883544921875,0.4496869742870331,0.67,0.5503130257129669,0.4606237475361143,1542.625,38.625,0.0,1491.0,0.0,0.0,1.0,0.0
03_novelhop_multihop,2,Medium-T-Beg,0.5801148049811151,0.38377914239059796,0.3659232033563585,2.0,0.0010695187165775362,0.38377914239059796,14.0,3.8181818181818183,2.634840236769782,,,0.4080946180555556,0.4977169185876846,0.6699999999999999,0.5022830814123154,0.38377914239059796,1453.7777777777778,29.77777777777778,0.0,1411.0,0.0,0.0,1.0,0.0
03_novelhop_multihop,2,Medium-T-End,0.503259077016841,0.4978061786719731,0.28234541510939026,2.0,0.0,0.4978061786719731,21.285714285714285,4.0,2.54134472211202,,,0.4186197916666667,0.4446801443894704,0.67,0.5553198556105295,0.4978061786719731,1534.8333333333333,32.833333333333336,0.0,1489.0,0.0,0.0,1.0,0.0
03_novelhop_multihop,2,Medium-T-Mid,0.6299669628616997,0.5970059514045716,0.2976019594440647,2.0,0.0,0.5970059514045716,24.8,5.8,2.5712490677833557,,,0.4337158203125,0.3959499895572662,0.67,0.6040500104427338,0.5970059514045716,1379.5,41.5,0.0,1325.0,0.0,0.0,1.0,0.0
03_novelhop_multihop,3,Low-N-Beg,0.47036463536463535,0.5066542834043503,0.16108891108891105,2.0,0.00421472937000886,0.5066542834043503,12.4,1.4,2.343158404032389,,,0.395263671875,0.3745430409908294,0.33,0.6254569590091705,0.5066542834043503,726.6666666666666,28.666666666666668,0.0,685.0,0.0,0.0,1.0,0.0
03_novelhop_multihop,3,Low-N-End,0.26517273576097106,0.43021271377801895,0.07703081232492995,2.0,0.014768137159790416,0.43021271377801895,12.333333333333334,0.0,2.192107856273651,,,0.3731689453125,0.3538137972354889,0.33,0.6461862027645111,0.43021271377801895,711.75,25.75,0.0,673.0,0.0,0.0,1.0,0.0
03_novelhop_multihop,3,Low-N-Mid,0.3273576097105509,0.4299149190386136,0.07703081232492995,2.0,0.014768137159790416,0.4299149190386136,12.333333333333334,0.6666666666666666,2.240343749523163,,,0.39410400390625,0.3471488952636719,0.33,0.6528511047363281,0.4299149190386136,701.0,26.0,0.0,662.0,0.0,0.0,1.0,0.0
03_novelhop_multihop,3,Low-P-Beg,1.0,0.4604345913976431,0.4587378307966543,2.0,0.0024047354790972873,0.4604345913976431,17.625,8.375,2.7196198304494223,,,0.4600423177083333,0.390555535753568,0.33,0.609444464246432,0.4604345913976431,611.6666666666666,35.666666666666664,0.0,563.0,0.0,0.0,1.0,0.0
03_novelhop_multihop,3,Low-P-End,0.9648288953844509,0.39560438361432815,0.45744247253909087,2.0,0.0021684860793771666,0.39560438361432815,17.333333333333332,8.11111111111111,2.7117264668146768,,,0.4674479166666667,0.35164008537928254,0.33,0.6483599146207174,0.39560438361432815,637.5,39.5,0.0,585.0,0.0,0.0,1.0,0.0
03_novelhop_multihop,3,Low-P-Mid,0.9466666666666667,0.3781160831451416,0.5836967418546366,2.0,0.00203092783505154,0.3781160831451416,16.2,6.5,2.6516073644161224,,,0.453216552734375,0.3878626674413681,0.33,0.6121373325586319,0.3781160831451416,608.5,32.5,0.0,563.0,0.0,0.0,1.0,0.0
03_novelhop_multihop,3,Low-T-Beg,0.5860071301247772,0.4635782316327095,0.21105512134923898,2.0,0.0068262605414308,0.4635782316327095,17.833333333333332,4.166666666666667,2.4367787837982178,,,0.42230224609375,0.3264005035161972,0.33,0.6735994964838028,0.4635782316327095,624.25,37.25,0.0,574.0,0.0,0.0,1.0,0.0
03_novelhop_multihop,3,Low-T-End,0.6079365079365079,0.3919840132196744,0.12566137566137567,2.0,0.013064316635745183,0.3919840132196744,13.0,3.0,2.3845183849334717,,,0.4073486328125,0.3670394420623779,0.33,0.6329605579376221,0.3919840132196744,598.5,26.5,0.0,559.0,0.0,0.0,1.0,0.0
03_novelhop_multihop,3,Low-T-Mid,0.6000992063492063,0.38286769017577166,0.35565476190476186,2.0,0.0025784157363104624,0.38286769017577166,12.125,3.5,2.4524749755859374,,,0.4376953125,0.3784137666225433,0.33,0.6215862333774567,0.38286769017577166,633.2,28.2,0.0,592.0,0.0,0.0,1.0,0.0
03_novelhop_multihop,3,Medium-N-Beg,0.3215802987861811,0.4721875765493938,0.2419584500466853,2.0,0.002993824257813714,0.4721875765493938,15.428571428571429,1.0,2.699961042404175,,,0.48154296875,0.3426447987556458,0.67,0.6573552012443542,0.4721875765493938,1806.8,30.8,0.0,1763.0,0.0,0.0,1.0,0.0
03_novelhop_multihop,3,Medium-N-End,0.3272079772079772,0.45179107040166855,0.10286935286935285,2.0,0.01648685111352743,0.45179107040166855,14.333333333333334,0.6666666666666666,2.629323899745941,,,0.431396484375,0.328584611415863,0.67,0.671415388584137,0.45179107040166855,2032.5,30.5,0.0,1989.0,0.0,0.0,1.0,0.0
03_novelhop_multihop,3,Medium-N-Mid,0.5708771929824561,0.39452516138553617,0.13157894736842102,2.0,0.00202020202020202,0.39452516138553617,12.6,1.2,2.656053066253662,,,0.452392578125,0.2791662414868673,0.67,0.7208337585131327,0.39452516138553617,1834.3333333333333,28.333333333333332,0.0,1793.0,0.0,0.0,1.0,0.0
03_novelhop_multihop,3,Medium-P-Beg,0.9942857142857142,0.3937534455742155,0.583787108713217,2.0,0.002828854314002828,0.3937534455742155,19.571428571428573,9.714285714285714,2.948254680633545,,,0.465966796875,0.3896386742591857,0.67,0.6103613257408143,0.3937534455742155,1661.8,40.8,0.0,1608.0,0.0,0.0,1.0,0.0
03_novelhop_multihop,3,Medium-P-End,0.987012987012987,0.317505730824037,0.5815777766370651,2.0,0.0027860273703291636,0.317505730824037,14.545454545454545,6.454545454545454,2.970218692507063,,,0.4476841517857143,0.3838303344590323,0.67,0.6161696655409676,0.317505730824037,1675.0,36.0,0.0,1626.0,0.0,0.0,1.0,0.0
03_novelhop_multihop,3,Medium-P-Mid,0.9821428571428572,0.37820873595774174,0.420770202020202,2.0,0.0012626262626262625,0.37820873595774174,13.375,5.625,2.8012482325236,,,0.4396158854166667,0.4571775098641713,0.67,0.5428224901358286,0.37820873595774174,1648.8333333333333,25.833333333333332,0.0,1610.0,0.0,0.0,1.0,0.0
03_novelhop_multihop,3,Medium-T-Beg,0.5492063492063491,0.43239892770846683,0.2599206349206349,2.0,0.0034188933305280664,0.43239892770846683,14.833333333333334,3.0,2.457376003265381,,,0.38946533203125,0.3103681206703186,0.67,0.6896318793296814,0.43239892770846683,1353.0,31.0,0.0,1309.0,0.0,0.0,1.0,0.0
03_novelhop_multihop,3,Medium-T-End,0.5604201354201355,0.3643379372855027,0.1575091575091575,2.0,0.02669540229885055,0.3643379372855027,13.666666666666666,2.8333333333333335,2.92825300693512,,,0.3856201171875,0.3860465824604034,0.67,0.6139534175395965,0.3643379372855027,1764.9,22.9,61.0,1660.0,88.7125,1.0,1.0,1.0
03_novelhop_multihop,3,Medium-T-Mid,0.6682539682539682,0.395735981563727,0.19999999999999996,2.0,0.0035353535353535334,0.395735981563727,11.833333333333334,3.8333333333333335,2.646346171696981,,,0.4183756510416667,0.2908405462900797,0.67,0.7091594537099203,0.395735981563727,1499.3333333333333,35.333333333333336,0.0,1451.0,0.0,0.0,1.0,0.0
03_novelhop_multihop,4,Low-N-Beg,0.30967470760233917,0.5603666603565216,0.14343567251461986,2.0,0.0078125,0.5603666603565216,22.0,0.25,2.2787519097328186,,,0.35955810546875,0.4035574346780777,0.33,0.5964425653219223,0.5603666603565216,686.5,28.5,0.0,645.0,0.0,0.0,1.0,0.0
03_novelhop_multihop,4,Low-N-End,0.33342972816657024,0.6096648573875427,0.09706959706959703,2.0,0.010008169934640501,0.6096648573875427,22.0,0.3333333333333333,2.4859270254770913,,,0.3729654947916667,0.4446268876393636,0.33,0.5553731123606364,0.6096648573875427,742.6666666666666,28.666666666666668,0.0,701.0,0.0,0.0,1.0,0.0
03_novelhop_multihop,4,Low-N-Mid,0.45517241379310347,0.6123520135879517,0.03448275862068965,2.0,0.03465346534653465,0.6123520135879517,30.0,5.0,2.5248831510543823,,,0.3984375,0.3785948455333709,0.33,0.621405154466629,0.6123520135879517,727.0,38.0,0.0,676.0,0.0,0.0,1.0,0.0
03_novelhop_multihop,4,Low-P-Beg,0.9920634920634921,0.5236726800600687,0.49525054466230933,2.0,0.0,0.5236726800600687,21.166666666666668,7.166666666666667,2.606833497683207,,,0.4503987630208333,0.3322256108125051,0.33,0.6677743891874949,0.5236726800600687,528.6666666666666,29.666666666666668,0.0,486.0,0.0,0.0,1.0,0.0
03_novelhop_multihop,4,Low-P-End,0.8962163698370595,0.4925061836838722,0.5108563849943161,2.0,0.0,0.4925061836838722,26.333333333333332,8.833333333333334,2.6001698440975614,,,0.4140353732638889,0.3997997177971734,0.33,0.6002002822028266,0.4925061836838722,616.0,37.0,0.0,566.0,0.0,0.0,1.0,0.0
03_novelhop_multihop,4,Low-P-Mid,0.9745879120879121,0.3616992916379656,0.627338231943495,2.0,0.0,0.3616992916379656,21.714285714285715,9.0,2.6339967250823975,,,0.4157017299107143,0.3580598064831325,0.33,0.6419401935168675,0.3616992916379656,581.2857142857143,33.285714285714285,0.0,535.0,0.0,0.0,1.0,0.0
03_novelhop_multihop,4,Low-T-Beg,0.55,0.629149854183197,0.06666666666666665,2.0,0.03431372549019605,0.629149854183197,30.5,5.5,2.506174921989441,,,0.4215087890625,0.3823532462120056,0.33,0.6176467537879944,0.629149854183197,606.0,39.0,0.0,554.0,0.0,0.0,1.0,0.0
03_novelhop_multihop,4,Low-T-End,0.4743641774891775,0.6432909369468689,0.12073863636363635,2.0,0.015848892748588774,0.6432909369468689,21.75,3.5,2.485212564468384,,,0.42462158203125,0.3860923051834106,0.33,0.6139076948165894,0.6432909369468689,648.75,29.75,0.0,606.0,0.0,0.0,1.0,0.0
03_novelhop_multihop,4,Low-T-Mid,0.5247474747474747,0.6468138893445333,0.07348484848484846,2.0,0.0204081632653061,0.6468138893445333,26.666666666666668,4.666666666666667,2.529104153315226,,,0.4256998697916667,0.3424440026283264,0.33,0.6575559973716736,0.6468138893445333,678.0,36.0,0.0,629.0,0.0,0.0,1.0,0.0
03_novelhop_multihop,4,Medium-N-Beg,0.42609649122807014,0.5710577741265297,0.10968567251461984,2.0,0.0078125,0.5710577741265297,20.75,1.5,2.6311211585998535,,,0.41680908203125,0.410209372639656,0.67,0.5897906273603439,0.5710577741265297,1726.75,26.75,0.0,1687.0,0.0,0.0,1.0,0.0
03_novelhop_multihop,4,Medium-N-End,0.38421052631578945,0.5959754884243011,0.30315789473684207,2.0,0.0,0.5959754884243011,25.0,1.0,2.504021286964417,,,0.405517578125,0.4203813225030899,0.67,0.5796186774969101,0.5959754884243011,1823.0,32.0,0.0,1778.0,0.0,0.0,1.0,0.0
03_novelhop_multihop,4,Medium-N-Mid,0.35555555555555557,0.5738518238067627,0.21317460317460313,2.0,0.024561403508771902,0.5738518238067627,26.666666666666668,1.3333333333333333,2.5964083671569824,,,0.381591796875,0.3694374759991964,0.67,0.6305625240008036,0.5738518238067627,1857.0,33.0,0.0,1811.0,0.0,0.0,1.0,0.0
03_novelhop_multihop,4,Medium-P-Beg,0.6260416666666667,0.3956047877669334,0.3547101449275362,2.0,0.02949862637362637,0.3956047877669334,17.3,3.7,3.1383786466386585,,,0.41587094907407407,0.3689345397331096,0.67,0.6310654602668904,0.3956047877669334,1702.5555555555557,36.55555555555556,78.0,1567.0,76.01273148148148,1.0,1.0,1.0
03_novelhop_multihop,4,Medium-P-End,0.9190740631917103,0.5215326448281606,0.4871027665145312,2.0,0.0,0.5215326448281606,26.166666666666668,9.5,2.761226773262024,,,0.4383138020833333,0.3564090778430303,0.67,0.6435909221569697,0.5215326448281606,1586.1666666666667,35.166666666666664,0.0,1538.0,0.0,0.0,1.0,0.0
03_novelhop_multihop,4,Medium-P-Mid,0.9532823066657654,0.5426397749355861,0.45233557169647387,2.0,0.0,0.5426397749355861,22.428571428571427,8.0,2.8556288480758667,,,0.446875,0.3676513522863388,0.67,0.6323486477136612,0.5426397749355861,1584.4,36.4,0.0,1535.0,0.0,0.0,1.0,0.0
03_novelhop_multihop,4,Medium-T-Beg,0.682608695652174,0.6253405809402466,0.0434782608695652,2.0,0.00495049504950495,0.6253405809402466,24.5,7.0,2.883615493774414,,,0.46826171875,0.3727569580078125,0.67,0.6272430419921875,0.6253405809402466,1611.0,33.0,0.0,1565.0,0.0,0.0,1.0,0.0
03_novelhop_multihop,4,Medium-T-End,0.7110606060606061,0.6395846406618754,0.13848484848484846,2.0,0.009900990099009901,0.6395846406618754,23.0,6.0,2.705634514490763,,,0.4434407552083333,0.3658369978268941,0.67,0.6341630021731058,0.6395846406618754,1729.3333333333333,31.333333333333332,0.0,1685.0,0.0,0.0,1.0,0.0
03_novelhop_multihop,4,Medium-T-Mid,0.5418487762237763,0.6690073609352112,0.1248251748251748,2.0,0.023169577109194175,0.6690073609352112,24.75,5.0,2.63509064912796,,,0.4298095703125,0.3761276453733444,0.67,0.6238723546266556,0.6690073609352112,1613.25,34.25,0.0,1566.0,0.0,0.0,1.0,0.0
03_novelhop_multihop,5,Low-N-Beg,0.29701058201058195,0.42221476435661315,0.3593650793650794,2.0,0.00208333333333332,0.42221476435661315,25.6,1.4,2.389435370763143,,,0.3756917317708333,0.478743220369021,0.33,0.5212567796309789,0.42221476435661315,688.8333333333334,28.833333333333332,0.0,647.0,0.0,0.0,1.0,0.0
03_novelhop_multihop,5,Low-N-End,0.2222222222222222,0.5222801268100739,0.2083333333333333,2.0,0.0052631578947368,0.5222801268100739,16.0,0.0,2.415517568588257,,,0.396484375,0.5363788704077403,0.33,0.4636211295922597,0.5222801268100739,700.3333333333334,16.333333333333332,0.0,671.0,0.0,0.0,1.0,0.0
03_novelhop_multihop,5,Low-N-Mid,0.24317738791423002,0.40409015119075775,0.2080896686159844,2.0,0.010600970511384799,0.40409015119075775,17.666666666666668,0.0,2.4211236238479614,,,0.374755859375,0.5071291252970695,0.33,0.49287087470293045,0.40409015119075775,716.5,18.5,0.0,685.0,0.0,0.0,1.0,0.0
03_novelhop_multihop,5,Low-P-Beg,0.43949998886885283,0.6037285526593527,0.09360292971793668,2.0,0.09896803380954258,0.6037285526593527,30.833333333333332,4.0,2.7378165245056154,,,0.39892578125,0.4182905316352844,0.33,0.5817094683647156,0.6037285526593527,699.6,41.6,41.0,596.0,40.846875,1.0,1.0,1.0
03_novelhop_multihop,5,Low-P-End,1.0,0.35387296761785236,0.6441545973228001,2.0,0.0,0.35387296761785236,20.571428571428573,8.142857142857142,2.85234597325325,,,0.4525146484375,0.6118689961731434,0.33,0.3881310038268566,0.35387296761785236,668.0,38.0,0.0,617.0,0.0,0.0,1.0,0.0
03_novelhop_multihop,5,Low-P-Mid,0.7526237468671679,0.5325427055358887,0.5257127192982456,2.0,0.0,0.5325427055358887,24.5,6.75,2.5837972164154053,,,0.451416015625,0.5192835927009583,0.33,0.48071640729904175,0.5325427055358887,606.75,35.75,0.0,558.0,0.0,0.0,1.0,0.0
03_novelhop_multihop,5,Low-T-Beg,0.3754875606156441,0.5548428893089294,0.19137413029728018,2.0,0.03760581102722488,0.5548428893089294,22.0,3.25,2.4372043013572693,,,0.4146728515625,0.4031994789838791,0.33,0.5968005210161209,0.5548428893089294,653.5,31.5,0.0,609.0,0.0,0.0,1.0,0.0
03_novelhop_multihop,5,Low-T-End,0.8075256916996048,0.4030920684337616,0.4612818485861964,2.0,0.002,0.4030920684337616,26.6,9.8,2.5891089916229246,,,0.435595703125,0.4906763911247254,0.33,0.5093236088752746,0.4030920684337616,608.2,39.2,0.0,556.0,0.0,0.0,1.0,0.0
03_novelhop_multihop,5,Low-T-Mid,0.7534324942791761,0.3538579468925794,0.4336297760210804,2.0,0.005229600974281816,0.3538579468925794,21.333333333333332,7.5,2.755955457687378,,,0.46439034598214285,0.5665386830057417,0.33,0.4334613169942583,0.3538579468925794,662.1428571428571,27.142857142857142,0.0,622.0,0.0,0.0,1.0,0.0
03_novelhop_multihop,5,Medium-N-Beg,0.29142156862745094,0.4282492622733116,0.3514705882352941,2.0,0.001302083333333325,0.4282492622733116,17.125,0.75,2.5823375284671783,,,0.41943359375,0.5004909038543701,0.67,0.4995090961456299,0.4282492622733116,1836.125,26.125,0.0,1797.0,0.0,0.0,1.0,0.0
03_novelhop_multihop,5,Medium-N-End,0.31509971509971507,0.5288677215576172,0.20377492877492875,2.0,0.03299755799755798,0.5288677215576172,20.5,0.5,2.614837408065796,,,0.3978271484375,0.4080211147665977,0.67,0.5919788852334023,0.5288677215576172,1921.0,29.0,0.0,1879.0,0.0,0.0,1.0,0.0
03_novelhop_multihop,5,Medium-N-Mid,0.332716049382716,0.5845293402671814,0.16234567901234567,2.0,0.04421296296296293,0.5845293402671814,21.666666666666668,1.0,2.7350721955299377,,,0.4222412109375,0.4441972598433494,0.67,0.5558027401566505,0.5845293402671814,2004.5,23.5,0.0,1968.0,0.0,0.0,1.0,0.0
03_novelhop_multihop,5,Medium-P-Beg,0.8416666666666667,0.40839041769504547,0.444047619047619,2.0,0.00255102040816325,0.40839041769504547,20.0,7.25,2.9048078656196594,,,0.48480224609375,0.6120726838707924,0.67,0.38792731612920756,0.40839041769504547,1628.25,30.25,0.0,1585.0,0.0,0.0,1.0,0.0
03_novelhop_multihop,5,Medium-P-End,1.0,0.38175579905509943,0.6236382710520642,2.0,0.0,0.38175579905509943,26.166666666666668,9.833333333333334,3.227872927983602,,,0.460205078125,0.566960945725441,0.67,0.433039054274559,0.38175579905509943,1643.8333333333333,42.833333333333336,0.0,1588.0,0.0,0.0,1.0,0.0
03_novelhop_multihop,5,Medium-P-Mid,0.9714285714285714,0.30105624028614586,0.6546051189354459,2.0,0.0,0.30105624028614586,22.285714285714285,8.428571428571429,3.0410172939300537,,,0.4812709263392857,0.5963064985615867,0.6700000000000002,0.40369350143841337,0.30105624028614586,1508.2857142857142,38.285714285714285,0.0,1457.0,0.0,0.0,1.0,0.0
03_novelhop_multihop,5,Medium-T-Beg,0.7186948349133704,0.3901569130165236,0.4255388082006258,2.0,0.0190083108715184,0.3901569130165236,24.0,7.571428571428571,2.7675547770091464,,,0.4301234654017857,0.5295276365109852,0.6700000000000002,0.4704723634890148,0.3901569130165236,1654.4285714285713,43.42857142857143,0.0,1598.0,0.0,0.0,1.0,0.0
03_novelhop_multihop,5,Medium-T-End,0.522483347405948,0.4770559623837471,0.40769537480063794,2.0,0.0,0.4770559623837471,37.4,4.4,3.0011205843516757,,,0.4098423549107143,0.5956534636872155,0.67,0.40434653631278444,0.4770559623837471,1755.4285714285713,71.42857142857143,0.0,1671.0,0.0,0.0,1.0,0.0
03_novelhop_multihop,5,Medium-T-Mid,0.5418803834298389,0.4765510473932539,0.19527410480223548,2.0,0.03936899152556997,0.4765510473932539,23.857142857142858,3.0,2.9490640504019603,,,0.380615234375,0.4005186898367746,0.6700000000000002,0.5994813101632255,0.4765510473932539,1809.5714285714287,32.57142857142857,75.0,1681.0,64.80580357142857,1.0,1.0,1.0
03_novelhop_multihop,6,Low-N-Beg,0.28125,0.3801161050796509,0.48125,2.0,0.0,0.3801161050796509,27.0,0.5,2.3535064458847046,,,0.3787841796875,0.705225259065628,0.33,0.29477474093437195,0.3801161050796509,683.5,36.5,0.0,634.0,0.0,0.0,1.0,0.0
03_novelhop_multihop,6,Low-N-End,0.2745535714285714,0.3191897049546241,0.5491071428571428,2.0,0.0,0.3191897049546241,24.0,0.5,2.221676826477051,,,0.34521484375,0.7181776612997055,0.33,0.2818223387002945,0.3191897049546241,708.5,32.5,0.0,663.0,0.0,0.0,1.0,0.0
03_novelhop_multihop,6,Low-N-Mid,0.2276785714285714,0.3191897049546241,0.5491071428571428,2.0,0.0,0.3191897049546241,24.0,0.0,2.286240577697754,,,0.3350830078125,0.6826516091823578,0.33,0.3173483908176422,0.3191897049546241,655.5,32.5,0.0,610.0,0.0,0.0,1.0,0.0
03_novelhop_multihop,6,Low-P-Beg,0.9472789115646258,0.3852279484272003,0.5288384493353437,2.0,0.0,0.3852279484272003,22.571428571428573,7.428571428571429,2.6874771118164062,,,0.4489048549107143,0.6227375950132097,0.33,0.37726240498679026,0.3852279484272003,619.4285714285714,39.42857142857143,0.0,567.0,0.0,0.0,1.0,0.0
03_novelhop_multihop,6,Low-P-End,0.6341798941798942,0.46749688188234967,0.5183597883597884,2.0,0.0,0.46749688188234967,25.0,4.333333333333333,2.4405020078023276,,,0.41943359375,0.7726824780305227,0.33,0.22731752196947733,0.46749688188234967,649.3333333333334,34.333333333333336,0.0,602.0,0.0,0.0,1.0,0.0
03_novelhop_multihop,6,Low-P-Mid,0.6286057692307692,0.19283408112823966,0.5793269230769231,2.0,0.0,0.19283408112823966,23.0,3.0,2.4743486642837524,,,0.4112548828125,0.7950344569981098,0.33,0.20496554300189015,0.19283408112823966,625.0,31.0,0.0,581.0,0.0,0.0,1.0,0.0
03_novelhop_multihop,6,Low-T-Beg,0.4243166963755199,0.46661586066087085,0.19791401409048462,2.0,0.08407927498484773,0.46661586066087085,26.333333333333332,1.8333333333333333,2.562695026397705,,,0.4136962890625,0.4804032677784562,0.33,0.5195967322215438,0.46661586066087085,746.25,49.25,14.0,662.0,32.8212890625,1.0,1.0,1.0
03_novelhop_multihop,6,Low-T-End,0.5697785547785548,0.3744967058300972,0.4052097902097902,2.0,0.003676470588235275,0.3744967058300972,19.75,4.5,2.4190292954444885,,,0.39105224609375,0.5182191655039787,0.33,0.48178083449602127,0.3744967058300972,591.25,30.25,0.0,548.0,0.0,0.0,1.0,0.0
03_novelhop_multihop,6,Low-T-Mid,0.534970238095238,0.40037910640239716,0.4895833333333333,2.0,0.0,0.40037910640239716,27.5,4.0,2.454348564147949,,,0.4058837890625,0.7066299915313721,0.33,0.29337000846862793,0.40037910640239716,618.0,37.0,0.0,568.0,0.0,0.0,1.0,0.0
03_novelhop_multihop,6,Medium-N-Beg,0.09222677906888431,0.2987430611004432,0.10776942355889724,2.0,0.053640292456081914,0.2987430611004432,13.083333333333334,0.5,3.0137667338053387,,,0.4041666666666667,0.44747690757115677,0.67,0.5525230924288432,0.2987430611004432,2044.1333333333334,10.133333333333333,141.0,1872.0,18.483854166666667,1.0,1.0,1.0
03_novelhop_multihop,6,Medium-N-End,0.3520833333333333,0.34263257682323456,0.45625,2.0,0.0,0.34263257682323456,24.5,1.0,2.6134793758392334,,,0.398681640625,0.5975577384233475,0.67,0.4024422615766525,0.34263257682323456,1899.0,34.0,0.0,1852.0,0.0,0.0,1.0,0.0
03_novelhop_multihop,6,Medium-N-Mid,0.359375,0.3365257531404495,0.5,2.0,0.0,0.3365257531404495,25.5,0.5,2.4699662923812866,,,0.37939453125,0.6233143955469131,0.67,0.37668560445308685,0.3365257531404495,1894.0,35.0,0.0,1846.0,0.0,0.0,1.0,0.0
03_novelhop_multihop,6,Medium-P-Beg,0.47498797498797496,0.33848645351827145,0.22161165223665222,2.0,0.06117967853042479,0.33848645351827145,19.375,3.625,2.721766471862793,,,0.4390869140625,0.4501049295067787,0.67,0.5498950704932213,0.33848645351827145,1837.625,63.625,0.0,1761.0,0.0,0.0,1.0,0.0
03_novelhop_multihop,6,Medium-P-End,0.8214285714285714,0.3768868967890739,0.5714285714285714,2.0,0.0,0.3768868967890739,20.25,6.75,2.780929207801819,,,0.45953369140625,0.5240781009197235,0.67,0.4759218990802765,0.3768868967890739,1781.25,32.25,0.0,1736.0,0.0,0.0,1.0,0.0
03_novelhop_multihop,6,Medium-P-Mid,0.6846405228758169,0.44772950808207196,0.5130718954248367,2.0,0.0,0.44772950808207196,22.0,6.333333333333333,2.772491375605265,,,0.4392903645833333,0.6850052438676357,0.67,0.3149947561323642,0.44772950808207196,1637.0,33.0,0.0,1591.0,0.0,0.0,1.0,0.0
03_novelhop_multihop,6,Medium-T-Beg,0.28389432205221676,0.2805284293225178,0.43627556653872446,2.0,0.007151154206300008,0.2805284293225178,12.76923076923077,1.6153846153846154,2.3273500544684276,,,0.3631591796875,0.4000105421457972,0.67,0.5999894578542028,0.2805284293225178,1482.2857142857142,37.285714285714285,0.0,1432.0,0.0,0.0,1.0,0.0
03_novelhop_multihop,6,Medium-T-End,0.6215115902615902,0.4211092069745064,0.3926848614348614,2.0,0.0,0.4211092069745064,22.25,4.25,2.6353090405464172,,,0.40875244140625,0.4963030815124511,0.67,0.5036969184875488,0.4211092069745064,1508.75,32.75,0.0,1463.0,0.0,0.0,1.0,0.0
03_novelhop_multihop,6,Medium-T-Mid,0.6991831357048749,0.3924985647201538,0.389433465085639,2.0,0.0059262510974538805,0.3924985647201538,21.6,4.6,2.6896782875061036,,,0.4158203125,0.5051306247711181,0.67,0.49486937522888186,0.3924985647201538,1620.4,33.4,0.0,1574.0,0.0,0.0,1.0,0.0
03_novelhop_multihop,7,Low-N-Beg,0.2691951896392229,0.4529927968978882,0.4833487511563367,2.0,0.0,0.4529927968978882,42.0,1.0,2.3509333729743958,,,0.3951416015625,0.4645538032054901,0.33,0.5354461967945099,0.4529927968978882,675.0,29.0,0.0,633.0,0.0,0.0,1.0,0.0
03_novelhop_multihop,7,Low-N-End,0.2616775381481264,0.44233973962920053,0.23734435499141382,2.0,0.06379007465963986,0.44233973962920053,23.857142857142858,0.14285714285714285,3.2394652055657427,,,0.28166397758152173,0.3851482855237048,0.33,0.6148517144762952,0.44233973962920053,1226.695652173913,27.695652173913043,517.0,661.0,257.4266304347826,1.0,1.0,1.0
03_novelhop_multihop,7,Low-N-Mid,0.44335348174357464,0.3264539965561458,0.49090372991301784,2.0,0.02857142857142857,0.3264539965561458,23.714285714285715,1.5714285714285714,2.405879497528076,,,0.3492024739583333,0.3467224273416731,0.33,0.6532775726583269,0.3264539965561458,701.4444444444445,34.44444444444444,0.0,654.0,0.0,0.0,1.0,0.0
03_novelhop_multihop,7,Low-P-Beg,0.5830427724449464,0.3698417851701378,0.489975845410628,2.0,0.007352941176470587,0.3698417851701378,19.75,5.125,2.50799497961998,,,0.4136962890625,0.379157118499279,0.33,0.620842881500721,0.3698417851701378,561.25,38.25,0.0,510.0,0.0,0.0,1.0,0.0
03_novelhop_multihop,7,Low-P-End,0.7506528469511374,0.34148734211921694,0.5390676178938394,2.0,0.0,0.34148734211921694,22.8,5.6,2.5410602092742924,,,0.451123046875,0.399178808927536,0.33,0.600821191072464,0.34148734211921694,609.4,30.4,0.0,566.0,0.0,0.0,1.0,0.0
03_novelhop_multihop,7,Low-P-Mid,0.5919133044813625,0.29415817144844264,0.5425653545889481,2.0,0.0,0.29415817144844264,18.11111111111111,4.666666666666667,2.6874424815177917,,,0.448333740234375,0.2902710735797882,0.33,0.7097289264202118,0.29415817144844264,586.375,36.375,0.0,537.0,0.0,0.0,1.0,0.0
03_novelhop_multihop,7,Low-T-Beg,0.5807089180277586,0.37401585446463687,0.478231155586228,2.0,0.0,0.37401585446463687,18.666666666666668,3.2222222222222223,2.3866242037879095,,,0.3662380642361111,0.4639827675289578,0.33,0.5360172324710422,0.37401585446463687,609.6666666666666,24.666666666666668,0.0,572.0,0.0,0.0,1.0,0.0
03_novelhop_multihop,7,Low-T-End,0.5403439153439153,0.4351528733968735,0.46535409035409037,2.0,0.0,0.4351528733968735,25.75,3.25,2.4062308073043823,,,0.4241943359375,0.3879339545965194,0.33,0.6120660454034805,0.4351528733968735,612.75,32.75,0.0,567.0,0.0,0.0,1.0,0.0
03_novelhop_multihop,7,Low-T-Mid,0.7429169076537498,0.40717858672142027,0.48854058222479274,2.0,0.0,0.40717858672142027,22.4,4.8,2.426185131072998,,,0.4044921875,0.3817593455314636,0.33,0.6182406544685364,0.40717858672142027,560.2,31.2,0.0,516.0,0.0,0.0,1.0,0.0
03_novelhop_multihop,7,Medium-N-Beg,0.42492605908615094,0.4626917044321696,0.3553900115035639,2.0,0.05051546391752577,0.4626917044321696,27.666666666666668,1.6666666666666667,2.695077136158943,,,0.425262451171875,0.43610979616642,0.67,0.56389020383358,0.4626917044321696,1941.25,37.25,0.0,1891.0,0.0,0.0,1.0,0.0
03_novelhop_multihop,7,Medium-N-End,0.5164835164835164,0.16253786906599993,0.5778846153846153,2.0,0.0,0.16253786906599993,16.25,0.75,2.622631549835205,,,0.41796875,0.4469056576490402,0.67,0.5530943423509598,0.16253786906599993,1665.75,20.75,0.0,1632.0,0.0,0.0,1.0,0.0
03_novelhop_multihop,7,Medium-N-Mid,0.3948033877797943,0.3680948540568352,0.5275851986287559,2.0,0.0,0.3680948540568352,24.75,1.0,2.6839263439178467,,,0.42578125,0.3905264809727669,0.67,0.6094735190272331,0.3680948540568352,1841.0,34.0,0.0,1794.0,0.0,0.0,1.0,0.0
03_novelhop_multihop,7,Medium-P-Beg,0.6299144037780401,0.3213060383092273,0.5741784730421093,2.0,0.0,0.3213060383092273,14.545454545454545,4.363636363636363,2.7966068188349404,,,0.4490152994791667,0.4546242008606592,0.67,0.5453757991393408,0.3213060383092273,1585.9166666666667,27.916666666666668,0.0,1545.0,0.0,0.0,1.0,0.0
03_novelhop_multihop,7,Medium-P-End,0.6832375134746677,0.30420576510104264,0.6152776626096784,2.0,0.0,0.30420576510104264,14.363636363636363,4.363636363636363,2.705509969166347,,,0.4048549107142857,0.43104083091020573,0.67,0.5689591690897942,0.30420576510104264,1486.9285714285713,28.928571428571427,0.0,1445.0,0.0,0.0,1.0,0.0
03_novelhop_multihop,7,Medium-P-Mid,0.7010167029774873,0.35068611055612564,0.5683361391694725,2.0,0.0,0.35068611055612564,18.22222222222222,5.777777777777778,2.9083060668065,,,0.46279672475961536,0.4386040774675516,0.67,0.5613959225324484,0.35068611055612564,1458.0,29.0,0.0,1416.0,0.0,0.0,1.0,0.0
03_novelhop_multihop,7,Medium-T-Beg,0.5362221166117095,0.4074786880186626,0.41313187247556415,2.0,0.02137254901960784,0.4074786880186626,23.714285714285715,1.7142857142857142,2.6341482309194713,,,0.40132962740384615,0.351177339370434,0.67,0.648822660629566,0.4074786880186626,1435.6153846153845,33.61538461538461,0.0,1389.0,0.0,0.0,1.0,0.0
03_novelhop_multihop,7,Medium-T-End,0.6915335067508981,0.49446429312229156,0.41559983896940417,2.0,0.0,0.49446429312229156,25.833333333333332,6.333333333333333,2.709349592526754,,,0.4476725260416667,0.3735163907210032,0.67,0.6264836092789968,0.49446429312229156,1553.0,35.0,0.0,1505.0,0.0,0.0,1.0,0.0
03_novelhop_multihop,7,Medium-T-Mid,0.6320028946595001,0.37268765767415357,0.6654933439793246,2.0,0.0,0.37268765767415357,27.0,6.5,2.7174230813980103,,,0.4534505208333333,0.3607794046401977,0.67,0.6392205953598022,0.37268765767415357,1379.6666666666667,37.666666666666664,0.0,1329.0,0.0,0.0,1.0,0.0
03_novelhop_multihop,8,Low-N-Beg,0.32499999999999996,0.3628895928462346,0.43333333333333335,2.0,0.0,0.3628895928462346,19.333333333333332,0.0,2.2451781034469604,,,0.339111328125,0.6685333698987961,0.33,0.3314666301012039,0.3628895928462346,660.0,36.0,0.0,611.0,0.0,0.0,1.0,0.0
03_novelhop_multihop,8,Low-N-End,0.1588235294117647,0.37037399411201477,0.4102941176470588,2.0,0.0,0.37037399411201477,21.5,0.0,2.1696897745132446,,,0.3580322265625,0.6533347964286804,0.33,0.3466652035713196,0.37037399411201477,731.5,25.5,0.0,693.0,0.0,0.0,1.0,0.0
03_novelhop_multihop,8,Low-N-Mid,0.21323529411764705,0.37037399411201477,0.4102941176470588,2.0,0.0,0.37037399411201477,21.5,0.0,2.211543083190918,,,0.3795166015625,0.6533347964286804,0.33,0.3466652035713196,0.37037399411201477,714.5,25.5,0.0,676.0,0.0,0.0,1.0,0.0
03_novelhop_multihop,8,Low-P-Beg,0.9371428571428572,0.39704224467277527,0.5006516290726817,2.0,0.0,0.39704224467277527,20.2,5.8,2.5370738506317143,,,0.43951416015625,0.671534352004528,0.33,0.3284656479954719,0.39704224467277527,562.75,34.75,0.0,515.0,0.0,0.0,1.0,0.0
03_novelhop_multihop,8,Low-P-End,0.675,0.3707119524478912,0.425,2.0,0.0,0.3707119524478912,20.0,3.5,2.5355756282806396,,,0.470947265625,0.6459365785121918,0.33,0.3540634214878082,0.3707119524478912,584.5,23.5,0.0,548.0,0.0,0.0,1.0,0.0
03_novelhop_multihop,8,Low-P-Mid,0.7124057649667406,0.46956705302000046,0.46396341463414636,2.0,0.007633587786259525,0.46956705302000046,30.5,6.0,2.3581576347351074,,,0.407421875,0.4912705719470978,0.33,0.5087294280529022,0.46956705302000046,604.0,33.0,0.0,558.0,0.0,0.0,1.0,0.0
03_novelhop_multihop,8,Low-T-Beg,0.5155228758169935,0.47785783807436627,0.43709150326797386,2.0,0.0,0.47785783807436627,23.666666666666668,4.0,2.4016453027725224,,,0.4190673828125,0.5969009846448898,0.33,0.40309901535511017,0.47785783807436627,633.0,43.0,0.0,577.0,0.0,0.0,1.0,0.0
03_novelhop_multihop,8,Low-T-End,0.6510416666666666,0.5073456466197968,0.265625,2.0,0.0,0.5073456466197968,17.75,3.75,2.4309966564178467,,,0.423095703125,0.5958198308944702,0.33,0.4041801691055298,0.5073456466197968,599.5,45.5,0.0,541.0,0.0,0.0,1.0,0.0
03_novelhop_multihop,8,Low-T-Mid,0.6346886446886446,0.43470731377601624,0.3872161172161172,2.0,0.0,0.43470731377601624,16.2,3.0,2.394085248311361,,,0.415283203125,0.6239576985438664,0.33,0.3760423014561335,0.43470731377601624,603.0,34.0,0.0,556.0,0.0,0.0,1.0,0.0
03_novelhop_multihop,8,Medium-N-Beg,0.47608695652173916,0.297760397195816,0.6028985507246376,2.0,0.0,0.297760397195816,31.0,3.5,2.785253405570984,,,0.4390869140625,0.6826800107955933,0.67,0.31731998920440674,0.297760397195816,1762.5,42.5,0.0,1707.0,0.0,0.0,1.0,0.0
03_novelhop_multihop,8,Medium-N-End,0.5148148148148147,0.23026726146539048,0.5703703703703704,2.0,0.0,0.23026726146539048,18.0,1.0,2.663479487101237,,,0.4156901041666667,0.6965539107720058,0.67,0.3034460892279942,0.23026726146539048,1835.6666666666667,25.666666666666668,0.0,1797.0,0.0,0.0,1.0,0.0
03_novelhop_multihop,8,Medium-N-Mid,0.3514705882352941,0.37037399411201477,0.4102941176470588,2.0,0.0,0.37037399411201477,21.5,0.5,2.6706262826919556,,,0.4248046875,0.6533347964286804,0.67,0.3466652035713196,0.37037399411201477,1932.5,25.5,0.0,1894.0,0.0,0.0,1.0,0.0
03_novelhop_multihop,8,Medium-P-Beg,0.681159420289855,0.48751145601272583,0.46779388083735907,2.0,0.0,0.48751145601272583,28.5,4.0,2.6499619483947754,,,0.4176025390625,0.6088585704565048,0.67,0.3911414295434952,0.48751145601272583,1473.5,33.5,0.0,1427.0,0.0,0.0,1.0,0.0
03_novelhop_multihop,8,Medium-P-End,0.6076281389748882,0.4678352475166321,0.3903078775369797,2.0,0.0,0.4678352475166321,21.333333333333332,3.0,2.5647244453430176,,,0.42041015625,0.6677918061614037,0.67,0.33220819383859634,0.4678352475166321,1468.5,40.5,0.0,1415.0,0.0,0.0,1.0,0.0
03_novelhop_multihop,8,Medium-P-Mid,0.6385918003565062,0.42748798926671344,0.3815359477124183,2.0,0.0,0.42748798926671344,23.0,4.333333333333333,2.6518225669860835,,,0.446044921875,0.6616294607520103,0.67,0.33837053924798965,0.42748798926671344,1604.0,42.0,0.0,1549.0,0.0,0.0,1.0,0.0
03_novelhop_multihop,8,Medium-T-Beg,0.6361111111111111,0.4385235011577606,0.38518518518518513,2.0,0.0,0.4385235011577606,25.25,4.25,2.551645835240682,,,0.4325358072916667,0.579077531894048,0.67,0.42092246810595196,0.4385235011577606,1665.0,41.0,0.0,1611.0,0.0,0.0,1.0,0.0
03_novelhop_multihop,8,Medium-T-End,0.8737651237651238,0.44856724292039873,0.4207332914016182,2.0,0.0,0.44856724292039873,15.2,6.4,2.8328655660152435,,,0.4481201171875,0.63245022110641,0.67,0.36754977889359,0.44856724292039873,1628.375,36.375,0.0,1579.0,0.0,0.0,1.0,0.0
03_novelhop_multihop,8,Medium-T-Mid,0.5888637506284565,0.4982809325059255,0.41999748617395677,2.0,0.0,0.4982809325059255,24.0,3.6666666666666665,2.6530057191848755,,,0.429443359375,0.5653331875801086,0.67,0.43466681241989136,0.4982809325059255,1628.5,45.5,0.0,1570.0,0.0,0.0,1.0,0.0
03_novelhop_multihop,9,Low-N-Beg,0.4124973751255988,0.4983278236218861,0.27759359543190315,2.0,0.01820730826437533,0.4983278236218861,24.0,1.0,2.3626806876238655,,,0.4301614200367647,0.5212163539493786,0.33,0.47878364605062146,0.4983278236218861,681.5882352941177,27.58823529411765,0.0,641.0,0.0,0.0,1.0,0.0
03_novelhop_multihop,9,Low-N-End,0.3823050239306397,0.46290048743997303,0.567085322996653,2.0,0.0,0.46290048743997303,23.428571428571427,0.2857142857142857,2.2796668112277985,,,0.38568115234375,0.7033010739833117,0.33,0.2966989260166883,0.46290048743997303,687.125,30.125,0.0,644.0,0.0,0.0,1.0,0.0
03_novelhop_multihop,9,Low-N-Mid,0.3113792885575282,0.45810370785849436,0.5037601005314406,2.0,0.0,0.45810370785849436,21.857142857142858,1.1428571428571428,2.2949518859386444,,,0.4033203125,0.6337759364396334,0.33,0.36622406356036663,0.45810370785849436,738.25,25.25,0.0,700.0,0.0,0.0,1.0,0.0
03_novelhop_multihop,9,Low-P-Beg,0.9395495443589817,0.48082931836446124,0.6499254929381971,2.0,0.0,0.48082931836446124,24.333333333333332,9.0,2.7545903069632396,,,0.45260184151785715,0.697303118450301,0.33,0.3026968815496989,0.48082931836446124,615.8571428571429,39.857142857142854,0.0,563.0,0.0,0.0,1.0,0.0
03_novelhop_multihop,9,Low-P-End,0.987012987012987,0.4960889901433672,0.651881451881452,2.0,0.0,0.4960889901433672,21.0,9.285714285714286,2.6900861104329428,,,0.4365234375,0.6345672200123469,0.32999999999999996,0.3654327799876531,0.4960889901433672,583.7333333333333,35.733333333333334,0.0,535.0,0.0,0.0,1.0,0.0
03_novelhop_multihop,9,Low-P-Mid,1.0,0.3947216040558285,0.6481454547631018,2.0,0.0,0.3947216040558285,15.88888888888889,7.111111111111111,2.743629441541784,,,0.4382467830882353,0.6102194593233221,0.33,0.3897805406766779,0.3947216040558285,630.5882352941177,34.588235294117645,0.0,583.0,0.0,0.0,1.0,0.0
03_novelhop_multihop,9,Low-T-Beg,0.9516295025728988,0.4091370165348053,0.7053176012506733,2.0,0.0,0.4091370165348053,28.0,12.0,2.519043040275574,,,0.387353515625,0.6865352243185043,0.33,0.31346477568149567,0.4091370165348053,634.2,42.2,0.0,579.0,0.0,0.0,1.0,0.0
03_novelhop_multihop,9,Low-T-End,0.6320361543827017,0.334501663222909,0.6707126007517631,2.0,0.0,0.334501663222909,18.625,3.625,2.4576866967337474,,,0.40309361049107145,0.6585614000047956,0.33,0.3414385999952044,0.334501663222909,637.5714285714286,32.57142857142857,0.0,592.0,0.0,0.0,1.0,0.0
03_novelhop_multihop,9,Low-T-Mid,0.7718872549019608,0.491848960518837,0.5482598039215686,2.0,0.0,0.491848960518837,25.0,7.5,2.5193716287612915,,,0.410186767578125,0.6427201069891453,0.33,0.3572798930108547,0.491848960518837,621.75,45.75,0.0,563.0,0.0,0.0,1.0,0.0
03_novelhop_multihop,9,Medium-N-Beg,0.39165663341359935,0.5508746951818466,0.4453359706455681,2.0,0.0035842293906809997,0.5508746951818466,25.333333333333332,0.6666666666666666,2.465297426496233,,,0.41123744419642855,0.7007530927658081,0.67,0.29924690723419184,0.5508746951818466,1930.2857142857142,37.285714285714285,0.0,1880.0,0.0,0.0,1.0,0.0
03_novelhop_multihop,9,Medium-N-End,0.48202538202538203,0.4001915405193965,0.5277065527065526,2.0,0.0,0.4001915405193965,21.5,0.6666666666666666,2.5473092794418335,,,0.470458984375,0.5913655857245128,0.67,0.4086344142754872,0.4001915405193965,1814.8333333333333,29.833333333333332,0.0,1772.0,0.0,0.0,1.0,0.0
03_novelhop_multihop,9,Medium-N-Mid,0.43265306122448977,0.329306888793196,0.5887755102040817,2.0,0.0,0.329306888793196,22.857142857142858,0.42857142857142855,2.6632597923278807,,,0.430078125,0.6520861446857452,0.67,0.3479138553142548,0.329306888793196,1876.8,32.8,0.0,1831.0,0.0,0.0,1.0,0.0
03_novelhop_multihop,9,Medium-P-Beg,0.984848484848485,0.4269227236509323,0.6291847503164638,2.0,0.0,0.4269227236509323,24.833333333333332,9.0,3.0414281572614397,,,0.437255859375,0.667310608284814,0.67,0.33268939171518597,0.4269227236509323,1619.0,42.0,0.0,1564.0,0.0,0.0,1.0,0.0
03_novelhop_multihop,9,Medium-P-End,0.655125069351412,0.38877323311236167,0.6162798211071868,2.0,0.0,0.38877323311236167,17.77777777777778,2.4444444444444446,2.6131604433059694,,,0.4353759765625,0.6319532588124275,0.67,0.36804674118757247,0.38877323311236167,1712.9,26.9,0.0,1673.0,0.0,0.0,1.0,0.0
03_novelhop_multihop,9,Medium-P-Mid,0.706078431372549,0.42457026136772974,0.49135504201680674,2.0,0.0,0.42457026136772974,23.142857142857142,3.2857142857142856,2.7549952376972544,,,0.45234818892045453,0.6564702743833715,0.67,0.3435297256166284,0.42457026136772974,1782.7272727272727,38.72727272727273,0.0,1731.0,0.0,0.0,1.0,0.0
03_novelhop_multihop,9,Medium-T-Beg,0.6785899455936221,0.3703003618866205,0.5219974367952309,2.0,0.004120879120879112,0.3703003618866205,19.875,3.375,2.609890913963318,,,0.429443359375,0.6246218830347061,0.67,0.37537811696529383,0.3703003618866205,1647.0,30.0,0.0,1604.0,0.0,0.0,1.0,0.0
03_novelhop_multihop,9,Medium-T-End,0.8448857623857623,0.47716571887334186,0.6472282347282347,2.0,0.0,0.47716571887334186,25.166666666666668,7.666666666666667,2.7257510556115045,,,0.4290635850694444,0.6500787668757968,0.67,0.34992123312420315,0.47716571887334186,1396.7777777777778,37.77777777777778,0.0,1346.0,0.0,0.0,1.0,0.0
03_novelhop_multihop,9,Medium-T-Mid,0.932385075242218,0.44101589918136597,0.6731110692090728,2.0,0.0,0.44101589918136597,21.428571428571427,8.285714285714286,2.7825986998421803,,,0.4451381138392857,0.6182622473154749,0.6700000000000002,0.3817377526845251,0.44101589918136597,1475.357142857143,35.357142857142854,0.0,1427.0,0.0,0.0,1.0,0.0
03_novelhop_multihop,10,Low-N-Beg,0.23398169336384436,0.5024325102567673,0.3013729977116704,2.0,0.0023148148148148,0.5024325102567673,18.0,0.0,2.207164525985718,,,0.3539225260416667,0.3654053807258606,0.33,0.6345946192741394,0.5024325102567673,709.3333333333334,36.333333333333336,0.0,660.0,0.0,0.0,1.0,0.0
03_novelhop_multihop,10,Low-N-End,0.27383040935672515,0.4972848395506541,0.32938596491228067,2.0,0.0,0.4972848395506541,21.666666666666668,1.0,2.235224405924479,,,0.3623046875,0.4067317446072896,0.33,0.5932682553927103,0.4972848395506541,751.0,29.0,0.0,709.0,0.0,0.0,1.0,0.0
03_novelhop_multihop,10,Low-N-Mid,0.375,0.4909009039402008,0.225,2.0,0.00476190476190475,0.4909009039402008,16.5,0.5,2.382291555404663,,,0.3992919921875,0.4075600504875183,0.33,0.5924399495124817,0.4909009039402008,658.0,23.0,0.0,622.0,0.0,0.0,1.0,0.0
03_novelhop_multihop,10,Low-P-Beg,0.6356700574966828,0.5116443435351054,0.18225711337166442,2.0,0.006006006006006,0.5116443435351054,25.0,3.3333333333333335,2.4949512004852297,,,0.44931640625,0.5695305104367435,0.33,0.4304694895632564,0.5116443435351054,617.4,21.4,0.0,583.0,0.0,0.0,1.0,0.0
03_novelhop_multihop,10,Low-P-End,0.8055555555555556,0.3451151698827743,0.4444444444444444,2.0,0.0,0.3451151698827743,12.5,3.5,2.415323257446289,,,0.3988037109375,0.5724808648228645,0.33,0.42751913517713547,0.3451151698827743,611.0,18.0,0.0,580.0,0.0,0.0,1.0,0.0
03_novelhop_multihop,10,Low-P-Mid,1.0,0.40671177705128986,0.5593003163178601,2.0,0.0,0.40671177705128986,25.0,10.333333333333334,2.7038304465157643,,,0.4423130580357143,0.3410381589617047,0.33,0.6589618410382952,0.40671177705128986,654.8571428571429,42.857142857142854,0.0,599.0,0.0,0.0,1.0,0.0
03_novelhop_multihop,10,Low-T-Beg,0.3893603678929766,0.5059492066502571,0.3009824414715719,2.0,0.0,0.5059492066502571,20.25,1.25,2.344758907953898,,,0.3758138020833333,0.3587140440940857,0.33,0.6412859559059143,0.5059492066502571,623.6666666666666,38.666666666666664,0.0,572.0,0.0,0.0,1.0,0.0
03_novelhop_multihop,10,Low-T-End,0.2545321280409,0.3963755435413784,0.4538764289641482,2.0,0.0,0.3963755435413784,17.88888888888889,0.8888888888888888,2.6623057297297885,,,0.31180245535714285,0.3208038806915283,0.33,0.6791961193084717,0.3963755435413784,703.1428571428571,38.142857142857146,37.0,607.0,176.13839285714286,1.0,1.0,1.0
03_novelhop_multihop,10,Low-T-Mid,0.6150793650793651,0.5445834100246429,0.15079365079365076,2.0,0.0,0.5445834100246429,22.0,3.0,2.557540893554688,,,0.4163818359375,0.3532054424285888,0.33,0.6467945575714111,0.5445834100246429,641.0,33.0,0.0,595.0,0.0,0.0,1.0,0.0
03_novelhop_multihop,10,Medium-N-Beg,0.4028846153846154,0.461819052696228,0.3518356643356643,2.0,0.0,0.461819052696228,23.0,0.5,2.58805912733078,,,0.40045166015625,0.259592592716217,0.67,0.740407407283783,0.461819052696228,1821.0,32.0,0.0,1776.0,0.0,0.0,1.0,0.0
03_novelhop_multihop,10,Medium-N-End,0.43786549707602335,0.3877033218741417,0.4352461013645224,2.0,0.0,0.3877033218741417,25.75,1.0,2.667511761188507,,,0.4197998046875,0.31440569460392,0.67,0.68559430539608,0.3877033218741417,1822.5,36.5,0.0,1773.0,0.0,0.0,1.0,0.0
03_novelhop_multihop,10,Medium-N-Mid,0.38421052631578945,0.46624404191970825,0.2881578947368421,2.0,0.0,0.46624404191970825,22.0,1.0,2.5978504419326782,,,0.431396484375,0.363160103559494,0.67,0.636839896440506,0.46624404191970825,1822.0,29.0,0.0,1780.0,0.0,0.0,1.0,0.0
03_novelhop_multihop,10,Medium-P-Beg,0.9866771159874609,0.3840544074773788,0.5344537327295948,2.0,0.0,0.3840544074773788,25.5,10.0,3.0008243719736734,,,0.4739583333333333,0.3172103265921274,0.67,0.6827896734078726,0.3840544074773788,1536.0,43.0,0.0,1480.0,0.0,0.0,1.0,0.0
03_novelhop_multihop,10,Medium-P-End,0.9840740740740741,0.4260677297910054,0.6269973544973545,2.0,0.0,0.4260677297910054,25.666666666666668,11.166666666666666,3.033399661382039,,,0.4846598307291667,0.364441434542338,0.67,0.635558565457662,0.4260677297910054,1722.3333333333333,39.333333333333336,0.0,1670.0,0.0,0.0,1.0,0.0
03_novelhop_multihop,10,Medium-P-Mid,0.4319743981508688,0.2551305216144431,0.7251323839559134,2.0,0.0,0.2551305216144431,6.318181818181818,2.5,2.778391659259796,,,0.45245361328125,0.625957764685154,0.67,0.37404223531484604,0.2551305216144431,1757.1875,15.1875,0.0,1729.0,0.0,0.0,1.0,0.0
03_novelhop_multihop,10,Medium-T-Beg,0.5887810559006211,0.4620519354939461,0.35718167701863357,2.0,0.0,0.4620519354939461,20.5,3.25,2.7409132719039917,,,0.4140625,0.3289590179920196,0.67,0.6710409820079803,0.4620519354939461,1672.25,30.25,0.0,1629.0,0.0,0.0,1.0,0.0
03_novelhop_multihop,10,Medium-T-End,0.5242859564369862,0.3946880449851354,0.37647818217040185,2.0,0.0032679738562091504,0.3946880449851354,18.0,1.8333333333333333,2.723345184326172,,,0.42548828125,0.3696227669715881,0.67,0.6303772330284119,0.3946880449851354,1583.2,28.2,0.0,1542.0,0.0,0.0,1.0,0.0
03_novelhop_multihop,10,Medium-T-Mid,0.6444139194139195,0.28501258045434946,0.6380112942612942,2.0,0.0,0.28501258045434946,18.0,4.285714285714286,2.6690099636713662,,,0.4394938151041667,0.4471626828114191,0.67,0.5528373171885809,0.28501258045434946,1674.0,26.0,0.0,1635.0,0.0,0.0,1.0,0.0
03_novelhop_multihop,11,Low-N-Beg,0.22871460837299343,0.4412677325308323,0.07806324110671935,2.0,0.13661067193675885,0.4412677325308323,41.25,0.5,2.8803955912590027,,,0.404052734375,0.3297265693545341,0.33,0.6702734306454659,0.4412677325308323,795.0,54.0,100.0,620.0,96.4765625,1.0,1.0,1.0
03_novelhop_multihop,11,Low-N-End,0.2944701573700541,0.4083162115679847,0.3561588537594729,2.0,0.002267809827947278,0.4083162115679847,20.11111111111111,0.6666666666666666,2.395953953266144,,,0.39007568359375,0.4175420925021171,0.33,0.5824579074978828,0.4083162115679847,723.4166666666666,26.416666666666668,0.0,684.0,0.0,0.0,1.0,0.0
03_novelhop_multihop,11,Low-N-Mid,0.3129446640316206,0.4433147683739662,0.2923320158102767,2.0,0.010153061224489775,0.4433147683739662,25.5,1.5,2.405764877796173,,,0.405517578125,0.4722879901528358,0.33,0.5277120098471642,0.4433147683739662,689.25,33.25,0.0,643.0,0.0,0.0,1.0,0.0
03_novelhop_multihop,11,Low-P-Beg,0.75,0.5442377328872681,0.3277777777777777,2.0,0.0043103448275862,0.5442377328872681,43.0,15.5,2.6543424129486084,,,0.4451904296875,0.3622145354747772,0.33,0.6377854645252228,0.5442377328872681,705.5,61.5,0.0,631.0,0.0,0.0,1.0,0.0
03_novelhop_multihop,11,Low-P-End,0.9385302197802198,0.3596737505868077,0.4666167166167166,2.0,0.0011682242990654125,0.3596737505868077,20.375,8.375,2.7663841247558594,,,0.4500325520833333,0.4226393947998682,0.33,0.5773606052001318,0.3596737505868077,662.4166666666666,33.416666666666664,0.0,616.0,0.0,0.0,1.0,0.0
03_novelhop_multihop,11,Low-P-Mid,0.9739583333333334,0.36536017308632535,0.4933469029374202,2.0,0.0031299594427790334,0.36536017308632535,27.166666666666668,12.166666666666666,2.8362863461176553,,,0.455810546875,0.41905344525973,0.33,0.58094655474027,0.36536017308632535,629.0,41.0,0.0,575.0,0.0,0.0,1.0,0.0
03_novelhop_multihop,11,Low-T-Beg,0.3963932002956393,0.497611403465271,0.2952328159645233,2.0,0.0028490028490028335,0.497611403465271,48.0,6.333333333333333,2.589655351638794,,,0.4375,0.3894724130630493,0.33,0.6105275869369506,0.497611403465271,637.8,37.8,0.0,587.0,0.0,0.0,1.0,0.0
03_novelhop_multihop,11,Low-T-End,0.5588795825347683,0.48283854126930237,0.31510900412796694,2.0,0.0032110373647984,0.48283854126930237,26.0,6.166666666666667,2.4357101917266846,,,0.3919677734375,0.4352800895770391,0.33,0.5647199104229609,0.48283854126930237,598.6666666666666,36.666666666666664,0.0,549.0,0.0,0.0,1.0,0.0
03_novelhop_multihop,11,Low-T-Mid,0.5534474206349206,0.4620971083641052,0.2266865079365079,2.0,0.014506717662057425,0.4620971083641052,30.25,6.5,2.51008141040802,,,0.42181396484375,0.3816866874694824,0.33,0.6183133125305176,0.4620971083641052,661.0,43.0,0.0,605.0,0.0,0.0,1.0,0.0
03_novelhop_multihop,11,Medium-N-Beg,0.405982905982906,0.4949224293231964,0.30288461538461536,2.0,0.002976190476190467,0.4949224293231964,30.666666666666668,2.6666666666666665,2.5405705769856772,,,0.4209798177083333,0.3604626258214315,0.67,0.6395373741785685,0.4949224293231964,1881.3333333333333,44.333333333333336,0.0,1824.0,0.0,0.0,1.0,0.0
03_novelhop_multihop,11,Medium-N-End,0.3847915860110982,0.4387222081422806,0.3683378500451671,2.0,0.0029498525073746,0.4387222081422806,32.666666666666664,3.0,2.546321153640747,,,0.4380696614583333,0.3866704503695169,0.67,0.613329549630483,0.4387222081422806,1828.6666666666667,45.666666666666664,0.0,1770.0,0.0,0.0,1.0,0.0
03_novelhop_multihop,11,Medium-N-Mid,0.5574162679425837,0.3450231154759724,0.43022328548644334,2.0,0.002688172043010734,0.3450231154759724,43.333333333333336,7.666666666666667,2.782327651977539,,,0.442822265625,0.5109643936157227,0.67,0.48903560638427734,0.3450231154759724,1831.2,41.2,0.0,1777.0,0.0,0.0,1.0,0.0
03_novelhop_multihop,11,Medium-P-Beg,0.7765873015873016,0.5078855554262797,0.32460317460317456,2.0,0.0060945065954249,0.5078855554262797,39.333333333333336,12.0,2.823899745941162,,,0.43310546875,0.3676777283350626,0.67,0.6323222716649374,0.5078855554262797,1906.3333333333333,56.333333333333336,0.0,1837.0,0.0,0.0,1.0,0.0
03_novelhop_multihop,11,Medium-P-End,0.9802955665024631,0.3965973470892225,0.5046373116699796,2.0,0.0014285714285714288,0.3965973470892225,23.285714285714285,10.285714285714286,3.2303312505994524,,,0.48814174107142855,0.4054224491119385,0.6700000000000002,0.5945775508880615,0.3965973470892225,1813.4285714285713,36.42857142857143,0.0,1764.0,0.0,0.0,1.0,0.0
03_novelhop_multihop,11,Medium-P-Mid,0.8285714285714285,0.4059965908527374,0.34190476190476193,2.0,0.0,0.4059965908527374,25.5,8.5,2.795910120010376,,,0.4306640625,0.4418413043022156,0.67,0.5581586956977844,0.4059965908527374,1580.0,36.0,0.0,1531.0,0.0,0.0,1.0,0.0
03_novelhop_multihop,11,Medium-T-Beg,0.6145969498910675,0.28596218427022296,0.5982570806100218,2.0,0.002849002849002833,0.28596218427022296,31.333333333333332,6.666666666666667,2.665839592615763,,,0.4227701822916667,0.3954270680745443,0.67,0.6045729319254557,0.28596218427022296,1741.3333333333333,42.333333333333336,0.0,1686.0,0.0,0.0,1.0,0.0
03_novelhop_multihop,11,Medium-T-End,0.9172043010752687,0.34147308766841883,0.4229331600299342,2.0,0.003130511463844783,0.34147308766841883,26.5,10.5,2.8073343435923257,,,0.454345703125,0.4377886901299158,0.67,0.5622113098700842,0.34147308766841883,1541.3333333333333,41.333333333333336,0.0,1487.0,0.0,0.0,1.0,0.0
03_novelhop_multihop,11,Medium-T-Mid,0.8775157590947064,0.4172336890229157,0.4169864596556326,2.0,0.0042072665891694574,0.4172336890229157,22.714285714285715,8.714285714285714,2.8738893440791538,,,0.43296595982142855,0.4134235282739004,0.67,0.5865764717260996,0.4172336890229157,1556.4761904761904,37.476190476190474,0.0,1506.0,0.0,0.0,1.0,0.0
03_novelhop_multihop,12,Low-N-Beg,0.24661671661671664,0.32573520498616354,0.3937529137529137,2.0,0.0026954177897574,0.32573520498616354,18.571428571428573,0.2857142857142857,2.2997477054595947,,,0.3494466145833333,0.3832748631636301,0.33,0.6167251368363699,0.32573520498616354,726.0,29.0,0.0,684.0,0.0,0.0,1.0,0.0
03_novelhop_multihop,12,Low-N-End,0.21131733292174718,0.4745730832219124,0.3236996450069455,2.0,0.004613095238095225,0.4745730832219124,19.5,0.75,2.271237055460612,,,0.3740234375,0.41760100920995075,0.33,0.5823989907900492,0.4745730832219124,687.3333333333334,35.333333333333336,0.0,639.0,0.0,0.0,1.0,0.0
03_novelhop_multihop,12,Low-N-Mid,0.21167502088554715,0.3332830145955086,0.27965747702589805,2.0,0.00644137415982075,0.3332830145955086,15.666666666666666,0.16666666666666666,2.396059274673462,,,0.38876953125,0.3909165382385253,0.33,0.6090834617614747,0.3332830145955086,705.4,26.4,0.0,666.0,0.0,0.0,1.0,0.0
03_novelhop_multihop,12,Low-P-Beg,0.9940476190476191,0.4211888946592808,0.38949760938858297,2.0,0.0012626262626262625,0.4211888946592808,16.25,6.0,2.7162053982416787,,,0.4407552083333333,0.5184552371501923,0.33,0.48154476284980774,0.4211888946592808,596.0,36.0,0.0,547.0,0.0,0.0,1.0,0.0
03_novelhop_multihop,12,Low-P-End,0.9867037724180582,0.41271484323910307,0.529863258434687,2.0,0.0012755102040816286,0.41271484323910307,20.428571428571427,8.285714285714286,2.7812162126813615,,,0.43697684151785715,0.5449290743895939,0.33,0.4550709256104061,0.41271484323910307,638.7142857142857,42.714285714285715,0.0,583.0,0.0,0.0,1.0,0.0
03_novelhop_multihop,12,Low-P-Mid,0.909412955465587,0.4161921186106546,0.5175999549617417,2.0,0.0012987012987012857,0.4161921186106546,21.714285714285715,7.0,2.6815208991368613,,,0.4578450520833333,0.4858108063538869,0.33,0.514189193646113,0.4161921186106546,625.0,38.0,0.0,574.0,0.0,0.0,1.0,0.0
03_novelhop_multihop,12,Low-T-Beg,0.49205128205128207,0.5091479182243347,0.32,2.0,0.00377392078326656,0.5091479182243347,21.4,4.4,2.5346864461898804,,,0.46966552734375,0.41008657217025746,0.33,0.5899134278297424,0.5091479182243347,677.5,38.5,0.0,626.0,0.0,0.0,1.0,0.0
03_novelhop_multihop,12,Low-T-End,0.6993423243423244,0.43563680350780487,0.34354395604395604,2.0,0.0016279143637634168,0.43563680350780487,14.166666666666666,3.8333333333333335,2.488023144858224,,,0.44970703125,0.46940527643476215,0.33,0.5305947235652378,0.43563680350780487,640.7142857142857,37.714285714285715,0.0,590.0,0.0,0.0,1.0,0.0
03_novelhop_multihop,12,Low-T-Mid,0.6096106711915535,0.45057305321097374,0.3605868736383442,2.0,0.0008169934640522834,0.45057305321097374,13.416666666666666,3.25,2.3446134499141147,,,0.42759486607142855,0.39619845151901234,0.33,0.6038015484809875,0.45057305321097374,577.5714285714286,35.57142857142857,0.0,529.0,0.0,0.0,1.0,0.0
03_novelhop_multihop,12,Medium-N-Beg,0.2988519554979182,0.4899769978863852,0.31665915864673627,2.0,0.006743212259025199,0.4899769978863852,21.428571428571427,1.2857142857142858,2.5452586015065513,,,0.41064453125,0.4080220013856888,0.67,0.5919779986143112,0.4899769978863852,1890.3333333333333,38.333333333333336,0.0,1839.0,0.0,0.0,1.0,0.0
03_novelhop_multihop,12,Medium-N-End,0.2401332828964408,0.46424613893032074,0.2971555126160389,2.0,0.006537796636806534,0.46424613893032074,15.833333333333334,1.1666666666666667,2.5420472621917725,,,0.415576171875,0.4467504501342774,0.67,0.5532495498657226,0.46424613893032074,1987.0,28.0,0.0,1946.0,0.0,0.0,1.0,0.0
03_novelhop_multihop,12,Medium-N-Mid,0.27668831168831165,0.430830255150795,0.3131818181818182,2.0,0.0047174009790832,0.430830255150795,17.0,0.75,2.7349116802215576,,,0.4493815104166667,0.41200949748357135,0.67,0.5879905025164286,0.430830255150795,1840.3333333333333,30.333333333333332,0.0,1797.0,0.0,0.0,1.0,0.0
03_novelhop_multihop,12,Medium-P-Beg,0.9910714285714286,0.4458863139152527,0.529623787730195,2.0,0.0013477088948787,0.4458863139152527,21.0,9.714285714285714,3.112356722354889,,,0.471343994140625,0.4694900587201118,0.67,0.5305099412798882,0.4458863139152527,1829.0,42.0,0.0,1774.0,0.0,0.0,1.0,0.0
03_novelhop_multihop,12,Medium-P-End,0.96875,0.42776917666196823,0.5349893162393162,2.0,0.001106194690265475,0.42776917666196823,18.875,7.625,3.0781776564461842,,,0.47166224888392855,0.5189116352370807,0.67,0.4810883647629193,0.42776917666196823,1788.892857142857,35.892857142857146,0.0,1740.0,0.0,0.0,1.0,0.0
03_novelhop_multihop,12,Medium-P-Mid,0.9947089947089947,0.3925246016846763,0.5166596956452029,2.0,0.0011111111111111111,0.3925246016846763,16.77777777777778,6.888888888888889,3.074243916405572,,,0.4550238715277778,0.5319595005777147,0.67,0.4680404994222853,0.3925246016846763,1623.3333333333333,33.333333333333336,0.0,1577.0,0.0,0.0,1.0,0.0
03_novelhop_multihop,12,Medium-T-Beg,0.5377777777777778,0.5143317401409149,0.29898412698412696,2.0,0.0038655462184873798,0.5143317401409149,19.0,5.6,2.873116612434387,,,0.49859619140625,0.4528520107269287,0.67,0.5471479892730713,0.5143317401409149,1868.0,39.0,0.0,1816.0,0.0,0.0,1.0,0.0
03_novelhop_multihop,12,Medium-T-End,0.8107536818635216,0.5123407170176506,0.35819737208824737,2.0,0.0023156089193824875,0.5123407170176506,19.25,5.875,2.8499766758510043,,,0.473388671875,0.5141793659755162,0.67,0.48582063402448383,0.5123407170176506,1755.5714285714287,40.57142857142857,0.0,1702.0,0.0,0.0,1.0,0.0
03_novelhop_multihop,12,Medium-T-Mid,0.779047619047619,0.5292710150991168,0.40486394557823124,2.0,0.0027621360518801145,0.5292710150991168,21.571428571428573,6.0,2.77409841464116,,,0.46349158653846156,0.45706490599192096,0.67,0.5429350940080789,0.5292710150991168,1754.3846153846155,46.38461538461539,0.0,1695.0,0.0,0.0,1.0,0.0
03_novelhop_multihop,13,High-P-Mid,0.9723443223443223,0.4947923719882965,0.5598364920104051,2.0,0.00392156862745098,0.4947923719882965,31.0,13.6,3.0955243607362113,,,0.4519856770833333,0.3946993326147398,1.0,0.6053006673852602,0.4947923719882965,1920.5833333333333,41.583333333333336,0.0,1866.0,0.0,0.0,1.0,0.0
03_novelhop_multihop,13,Low-N-Beg,0.3001307635453977,0.6105816960334778,0.38582530274603444,2.0,0.004854368932038825,0.6105816960334778,36.75,1.25,2.4797455787658693,,,0.407763671875,0.4450462907552719,0.33,0.5549537092447281,0.6105816960334778,690.8,39.8,2.0,628.0,4.17314453125,1.0,1.0,1.0
03_novelhop_multihop,13,Low-N-End,0.25303808301240904,0.5895846039056778,0.3366388532306375,2.0,0.0048076923076923,0.5895846039056778,31.0,0.5,2.447653353214264,,,0.36224365234375,0.4379143230617046,0.33,0.5620856769382954,0.5895846039056778,706.75,33.75,2.0,650.0,2.9349365234375,1.0,1.0,1.0
03_novelhop_multihop,13,Low-N-Mid,0.3369329420364637,0.1903268080204725,0.7109369625042999,2.0,0.0,0.1903268080204725,19.75,0.125,2.222658157348633,,,0.413787841796875,0.4715091288089752,0.33,0.5284908711910248,0.1903268080204725,694.625,26.625,0.0,655.0,0.0,0.0,1.0,0.0
03_novelhop_multihop,13,Low-P-Beg,0.7675011131450057,0.5261888056993484,0.4700807236267089,2.0,0.005154639175257725,0.5261888056993484,31.25,9.75,2.5746177196502686,,,0.408837890625,0.4532798737287521,0.33,0.5467201262712479,0.5261888056993484,602.2,34.2,2.0,545.0,3.302685546875,1.0,1.0,1.0
03_novelhop_multihop,13,Low-P-End,0.9642857142857143,0.39425895842058317,0.5733665041854697,2.0,0.0032467532467532426,0.39425895842058317,22.571428571428573,9.285714285714286,2.7206468215355506,,,0.4366924579326923,0.438238861469122,0.33,0.561761138530878,0.39425895842058317,627.0769230769231,30.076923076923077,0.0,584.0,0.0,0.0,1.0,0.0
03_novelhop_multihop,13,Low-P-Mid,0.9301744621293493,0.6028905851500375,0.40164100728010504,2.0,0.006246799795186886,0.6028905851500375,21.857142857142858,10.0,2.7004597783088684,,,0.42572021484375,0.4773150663822889,0.33,0.5226849336177111,0.6028905851500375,648.75,28.75,2.0,597.0,3.563720703125,1.0,1.0,1.0
03_novelhop_multihop,13,Low-T-Beg,0.6035747788796569,0.5086484849452972,0.3723700080407397,2.0,0.005263157894736825,0.5086484849452972,30.25,6.75,2.5525758266448975,,,0.448095703125,0.4056089371442795,0.33,0.5943910628557205,0.5086484849452972,589.2,33.2,2.0,533.0,3.19345703125,1.0,1.0,1.0
03_novelhop_multihop,13,Low-T-End,0.8225131390348781,0.43988542556762694,0.546316292403249,2.0,0.00373831775700934,0.43988542556762694,29.4,9.0,2.6472665582384383,,,0.43544224330357145,0.3783739358186722,0.33,0.6216260641813278,0.43988542556762694,637.2857142857143,41.285714285714285,2.0,573.0,4.509695870535714,1.0,1.0,1.0
03_novelhop_multihop,13,Low-T-Mid,0.6414141414141413,0.5238851308822632,0.4523809523809524,2.0,0.003367003367003367,0.5238851308822632,25.666666666666668,5.666666666666667,2.6237405240535736,,,0.462188720703125,0.3782704789191484,0.33,0.6217295210808516,0.5238851308822632,687.375,34.375,2.0,630.0,2.9200439453125,1.0,1.0,1.0
03_novelhop_multihop,13,Medium-N-Beg,0.3966925568198102,0.6255600154399872,0.35850219254248944,2.0,0.004854368932038825,0.6255600154399872,36.75,3.25,2.6633768677711487,,,0.41119384765625,0.4203020296990871,0.67,0.5796979703009129,0.6255600154399872,1890.0,39.0,2.0,1828.0,2.1187744140625,1.0,1.0,1.0
03_novelhop_multihop,13,Medium-N-End,0.30189829327760365,0.37413473799824715,0.4639498432601881,2.0,0.00588235294117645,0.37413473799824715,19.25,1.25,2.586872863769531,,,0.41796875,0.5807635247707367,0.67,0.41923647522926333,0.37413473799824715,1777.8,18.8,0.0,1746.0,0.0,0.0,1.0,0.0
03_novelhop_multihop,13,Medium-N-Mid,0.4086073397679789,0.5226998875538508,0.3744722344596188,2.0,0.00366300366300365,0.5226998875538508,26.5,1.6666666666666667,2.648218563624791,,,0.43153599330357145,0.4109114557504654,0.67,0.5890885442495346,0.5226998875538508,2038.2857142857142,29.285714285714285,2.0,1986.0,1.728271484375,1.0,1.0,1.0
03_novelhop_multihop,13,Medium-P-Beg,0.7542645416201257,0.5513622909784317,0.43291932714269044,2.0,0.004854368932038825,0.5513622909784317,32.5,10.0,2.6547362327575685,,,0.4,0.4687481731176376,0.67,0.5312518268823624,0.5513622909784317,1460.2,33.2,2.0,1404.0,2.460546875,1.0,1.0,1.0
03_novelhop_multihop,13,Medium-P-End,0.8912587302127329,0.4145183094910213,0.5277725057634389,2.0,0.003246753246753243,0.4145183094910213,21.285714285714285,8.0,2.9790462493896483,,,0.455419921875,0.4358862906694412,0.67,0.5641137093305588,0.4145183094910213,1718.7,30.7,0.0,1675.0,0.0,0.0,1.0,0.0
03_novelhop_multihop,13,Medium-P-Mid,0.9752747252747254,0.4776574869950612,0.5395046607636907,2.0,0.0,0.4776574869950612,24.666666666666668,11.333333333333334,3.0627420246601105,,,0.4527587890625,0.4128166958689689,0.67,0.587183304131031,0.4776574869950612,1632.125,37.125,0.0,1582.0,0.0,0.0,1.0,0.0
03_novelhop_multihop,13,Medium-T-Beg,0.6928707072355005,0.6179879665374756,0.33100183538624683,2.0,0.00638440860215052,0.6179879665374756,29.2,7.8,2.8380007403237477,,,0.4511021205357143,0.4062232353857585,0.67,0.5937767646142414,0.6179879665374756,1585.4285714285713,27.428571428571427,2.0,1535.0,1.719482421875,1.0,1.0,1.0
03_novelhop_multihop,13,Medium-T-End,0.9366702741702742,0.4635990957419078,0.4926948051948052,2.0,0.003584229390681,0.4635990957419078,25.166666666666668,10.833333333333334,2.821906638145447,,,0.4005859375,0.3468179270625114,0.67,0.6531820729374885,0.4635990957419078,1576.6,36.6,2.0,1517.0,2.6543212890625,1.0,1.0,1.0
03_novelhop_multihop,13,Medium-T-Mid,0.898515037593985,0.4183109865656921,0.39546955624355007,2.0,0.0029761904761904717,0.4183109865656921,20.285714285714285,8.142857142857142,2.828815301259359,,,0.4401312934027778,0.3900697413418028,0.67,0.6099302586581972,0.4183109865656921,1404.2222222222222,28.22222222222222,2.0,1353.0,1.7461208767361112,1.0,1.0,1.0
03_novelhop_multihop,14,Low-N-Beg,0.3279250161603102,0.5852145329117775,0.06911764705882353,2.0,0.09185823754789271,0.5852145329117775,30.5,1.0,2.6485573053359985,,,0.36297607421875,0.3307548612356186,0.33,0.6692451387643814,0.5852145329117775,770.0,40.0,90.0,619.0,72.140625,1.0,1.0,1.0
03_novelhop_multihop,14,Low-N-End,0.2787571225071225,0.5884609222412109,0.2751958689458689,2.0,0.0,0.5884609222412109,28.25,0.25,2.3395689725875854,,,0.3857421875,0.4332045242190361,0.33,0.5667954757809639,0.5884609222412109,702.75,37.75,0.0,652.0,0.0,0.0,1.0,0.0
03_novelhop_multihop,14,Low-N-Mid,0.3014492753623188,0.5710206031799316,0.2826086956521739,2.0,0.0,0.5710206031799316,25.0,0.0,2.3544392585754395,,,0.4169108072916667,0.3173699378967285,0.33,0.6826300621032715,0.5710206031799316,734.3333333333334,34.333333333333336,0.0,687.0,0.0,0.0,1.0,0.0
03_novelhop_multihop,14,Low-P-Beg,0.8549957825320145,0.601884126663208,0.30703166935050985,2.0,0.0,0.601884126663208,26.666666666666668,10.666666666666666,2.697038491566976,,,0.4847819010416667,0.4292825857798258,0.33,0.5707174142201742,0.601884126663208,649.0,39.0,0.0,597.0,0.0,0.0,1.0,0.0
03_novelhop_multihop,14,Low-P-End,0.8192307692307692,0.6352058202028275,0.4226419413919414,2.0,0.0,0.6352058202028275,26.0,8.75,2.579950511455536,,,0.44488525390625,0.4355776458978653,0.33,0.5644223541021347,0.6352058202028275,629.0,37.0,0.0,579.0,0.0,0.0,1.0,0.0
03_novelhop_multihop,14,Low-P-Mid,0.815,0.5880729556083679,0.13125,2.0,0.0,0.5880729556083679,22.0,8.5,2.719893217086792,,,0.46630859375,0.3987534940242767,0.33,0.6012465059757233,0.5880729556083679,653.0,30.0,0.0,610.0,0.0,0.0,1.0,0.0
03_novelhop_multihop,14,Low-T-Beg,0.5211345939933258,0.6608261466026306,0.3175750834260289,2.0,0.0,0.6608261466026306,35.0,6.5,2.5631242990493774,,,0.4759521484375,0.3509035110473633,0.33,0.6490964889526367,0.6608261466026306,675.5,48.5,0.0,614.0,0.0,0.0,1.0,0.0
03_novelhop_multihop,14,Low-T-End,0.5498924731182796,0.5594135324160258,0.2869809760132341,2.0,0.0,0.5594135324160258,34.0,5.666666666666667,2.4822216828664145,,,0.4405110677083333,0.3903258442878723,0.33,0.6096741557121277,0.5594135324160258,631.6666666666666,45.666666666666664,0.0,573.0,0.0,0.0,1.0,0.0
03_novelhop_multihop,14,Low-T-Mid,0.5942760942760943,0.7087116638819376,0.2956950456950456,2.0,0.0066006600660066,0.7087116638819376,31.0,7.0,2.5351034800211587,,,0.452392578125,0.3924885193506876,0.33,0.6075114806493124,0.7087116638819376,700.0,43.0,0.0,644.0,0.0,0.0,1.0,0.0
03_novelhop_multihop,14,Medium-N-Beg,0.39950980392156865,0.6273304025332133,0.17916666666666667,2.0,0.0599250936329588,0.6273304025332133,39.0,2.3333333333333335,2.533453623453776,,,0.4129231770833333,0.292447566986084,0.67,0.707552433013916,0.6273304025332133,1673.0,53.0,0.0,1607.0,0.0,0.0,1.0,0.0
03_novelhop_multihop,14,Medium-N-End,0.5005973715651135,0.5644314289093018,0.41338112305854235,2.0,0.0,0.5644314289093018,32.5,4.5,2.614857792854309,,,0.396728515625,0.4473084807395935,0.67,0.5526915192604065,0.5644314289093018,1973.0,52.0,0.0,1908.0,0.0,0.0,1.0,0.0
03_novelhop_multihop,14,Medium-N-Mid,0.39554028132992325,0.5376457124948502,0.31351236146632566,2.0,0.0,0.5376457124948502,25.0,0.75,2.6657528281211853,,,0.446533203125,0.3875443413853645,0.67,0.6124556586146355,0.5376457124948502,1773.5,32.5,0.0,1728.0,0.0,0.0,1.0,0.0
03_novelhop_multihop,14,Medium-P-Beg,0.7205357142857143,0.6692683696746826,0.05982142857142855,2.0,0.0404040404040404,0.6692683696746826,30.0,6.0,2.915952444076538,,,0.491943359375,0.3203482031822204,0.67,0.6796517968177795,0.6692683696746826,1614.0,42.0,0.0,1559.0,0.0,0.0,1.0,0.0
03_novelhop_multihop,14,Medium-P-End,1.0,0.5487908571958542,0.5019544052438789,2.0,0.0,0.5487908571958542,28.75,12.75,2.9301199316978455,,,0.492919921875,0.4296542853116989,0.67,0.5703457146883011,0.5487908571958542,1569.75,42.75,0.0,1514.0,0.0,0.0,1.0,0.0
03_novelhop_multihop,14,Medium-P-Mid,0.9777777777777776,0.5915617148081461,0.4658730158730159,2.0,0.0,0.5915617148081461,33.0,13.666666666666666,3.0519116719563804,,,0.4976399739583333,0.392927328745524,0.67,0.607072671254476,0.5915617148081461,1552.3333333333333,43.333333333333336,0.0,1496.0,0.0,0.0,1.0,0.0
03_novelhop_multihop,14,Medium-T-Beg,0.7169681677018633,0.6894252896308899,0.24845496894409935,2.0,0.0,0.6894252896308899,25.5,6.75,2.743053674697876,,,0.46856689453125,0.3462852388620376,0.67,0.6537147611379623,0.6894252896308899,1589.25,36.25,0.0,1540.0,0.0,0.0,1.0,0.0
03_novelhop_multihop,14,Medium-T-End,0.7270150012712941,0.5821270992358526,0.33225273328248156,2.0,0.0,0.5821270992358526,22.5,5.333333333333333,2.691265424092611,,,0.4459635416666667,0.4020173301299413,0.67,0.5979826698700587,0.5821270992358526,1500.5,30.5,0.0,1457.0,0.0,0.0,1.0,0.0
03_novelhop_multihop,14,Medium-T-Mid,0.7300209980237155,0.5273477956652641,0.38433794466403165,2.0,0.0,0.5273477956652641,30.25,5.0,2.8025081157684326,,,0.49151611328125,0.3417113497853279,0.67,0.6582886502146721,0.5273477956652641,1646.0,37.0,0.0,1596.0,0.0,0.0,1.0,0.0
03_novelhop_multihop,15,Low-N-Beg,0.3708876263055829,0.4794660442405277,0.46163800652964737,2.0,0.0,0.4794660442405277,18.333333333333332,0.6666666666666666,2.1985433968630703,,,0.3823464133522727,0.5829710770737041,0.33,0.4170289229262959,0.4794660442405277,655.7272727272727,28.727272727272727,0.0,614.0,0.0,0.0,1.0,0.0
03_novelhop_multihop,15,Low-N-End,0.26605894105894107,0.4030906446278095,0.4964368964368964,2.0,0.0,0.4030906446278095,13.125,0.375,2.4169667661190033,,,0.37799072265625,0.5546269454061985,0.33,0.4453730545938015,0.4030906446278095,742.25,19.25,0.0,710.0,0.0,0.0,1.0,0.0
03_novelhop_multihop,15,Low-N-Mid,0.2974849768967416,0.4672330170869827,0.5059266441619382,2.0,0.0,0.4672330170869827,19.5,0.8333333333333334,2.305124203364054,,,0.4067789713541667,0.6353764931360881,0.33,0.3646235068639119,0.4672330170869827,737.3333333333334,30.333333333333332,0.0,694.0,0.0,0.0,1.0,0.0
03_novelhop_multihop,15,Low-P-Beg,0.573077280154486,0.5383515581488609,0.5188394197391876,2.0,0.0,0.5383515581488609,20.25,3.875,2.479503810405731,,,0.4469197591145833,0.5576468308766682,0.33,0.4423531691233317,0.5383515581488609,623.0833333333334,30.083333333333332,0.0,580.0,0.0,0.0,1.0,0.0
03_novelhop_multihop,15,Low-P-End,0.8268804112554113,0.5327615365386009,0.4931141774891775,2.0,0.0,0.5327615365386009,22.0,7.25,2.5036670207977294,,,0.4373046875,0.5972261071205139,0.33,0.40277389287948606,0.5327615365386009,622.0,26.0,0.0,583.0,0.0,0.0,1.0,0.0
03_novelhop_multihop,15,Low-P-Mid,0.9743589743589745,0.5563033819198608,0.5636363636363636,2.0,0.0,0.5563033819198608,29.0,12.333333333333334,2.599115550518036,,,0.44012451171875,0.5558478385210037,0.33,0.4441521614789962,0.5563033819198608,628.75,33.75,0.0,582.0,0.0,0.0,1.0,0.0
03_novelhop_multihop,15,Low-T-Beg,0.5433432134815649,0.542453421279788,0.4966594642242862,2.0,0.0,0.542453421279788,20.375,3.0,2.3426163707460677,,,0.4296177455357143,0.546816274523735,0.33,0.45318372547626495,0.542453421279788,658.3571428571429,31.357142857142858,0.0,614.0,0.0,0.0,1.0,0.0
03_novelhop_multihop,15,Low-T-End,0.7123993558776168,0.48728659749031067,0.5104669887278582,2.0,0.0,0.48728659749031067,28.6,7.2,2.5806270599365235,,,0.483642578125,0.5755263328552246,0.33,0.4244736671447753,0.48728659749031067,678.2,40.2,0.0,625.0,0.0,0.0,1.0,0.0
03_novelhop_multihop,15,Low-T-Mid,0.8491513777228062,0.48151414734976633,0.5696274996603824,2.0,0.0,0.48151414734976633,23.0,8.142857142857142,2.5396587481865516,,,0.44161283052884615,0.5575063503705538,0.33,0.44249364962944615,0.48151414734976633,631.3076923076923,33.30769230769231,0.0,585.0,0.0,0.0,1.0,0.0
03_novelhop_multihop,15,Medium-N-Beg,0.35616246498599435,0.4994241237640381,0.4168767507002801,2.0,0.0,0.4994241237640381,23.8,1.0,2.473909854888916,,,0.410009765625,0.6434280276298523,0.67,0.3565719723701477,0.4994241237640381,1727.0,36.0,0.0,1678.0,0.0,0.0,1.0,0.0
03_novelhop_multihop,15,Medium-N-End,0.3874488347527563,0.48989438513914746,0.48889690556357224,2.0,0.0,0.48989438513914746,22.166666666666668,1.5,2.6050790548324585,,,0.4367268880208333,0.5901184976100922,0.67,0.4098815023899078,0.48989438513914746,1913.1666666666667,34.166666666666664,0.0,1866.0,0.0,0.0,1.0,0.0
03_novelhop_multihop,15,Medium-N-Mid,0.40458510214702165,0.4117359146475792,0.5851849961757083,2.0,0.0,0.4117359146475792,17.333333333333332,1.1666666666666667,2.493579864501953,,,0.3888346354166667,0.6059619883696239,0.67,0.3940380116303761,0.4117359146475792,1858.8333333333333,26.833333333333332,0.0,1819.0,0.0,0.0,1.0,0.0
03_novelhop_multihop,15,Medium-P-Beg,0.6398956951201533,0.48514541536569594,0.44656494176618017,2.0,0.00394098233352747,0.48514541536569594,16.0,4.1,2.5105823040008546,,,0.400927734375,0.5412630081176758,0.67,0.4587369918823242,0.48514541536569594,1621.0,30.0,0.0,1578.0,0.0,0.0,1.0,0.0
03_novelhop_multihop,15,Medium-P-End,1.0,0.5035913416317531,0.5723363029422296,2.0,0.0,0.5035913416317531,21.571428571428573,10.0,2.8832271099090576,,,0.4334038628472222,0.5867663754357232,0.67,0.4132336245642768,0.5035913416317531,1667.2222222222222,34.22222222222222,0.0,1620.0,0.0,0.0,1.0,0.0
03_novelhop_multihop,15,Medium-P-Mid,0.7052343059239611,0.5649077296257019,0.3596286472148541,2.0,0.01529658592408924,0.5649077296257019,24.2,6.0,2.657562176386515,,,0.4594319661458333,0.4868965248266855,0.67,0.5131034751733144,0.5649077296257019,1553.6666666666667,31.666666666666668,0.0,1509.0,0.0,0.0,1.0,0.0
03_novelhop_multihop,15,Medium-T-Beg,0.8280013759889921,0.5109652876853943,0.46296472705141434,2.0,0.0,0.5109652876853943,18.0,5.6,2.763086175918579,,,0.471240234375,0.5966174393892288,0.67,0.40338256061077116,0.5109652876853943,1785.8,29.8,0.0,1743.0,0.0,0.0,1.0,0.0
03_novelhop_multihop,15,Medium-T-End,0.7831907496156812,0.4601447097957134,0.5710840789170686,2.0,0.0,0.4601447097957134,19.125,5.625,2.7832652462853327,,,0.4640570746527778,0.513686372174157,0.67,0.486313627825843,0.4601447097957134,1789.6666666666667,29.666666666666668,0.0,1747.0,0.0,0.0,1.0,0.0
03_novelhop_multihop,15,Medium-T-Mid,0.8082704824527411,0.5022537112236023,0.520720298382164,2.0,0.0,0.5022537112236023,22.833333333333332,6.333333333333333,2.7469225327173867,,,0.4597981770833333,0.5738247980674107,0.67,0.4261752019325892,0.5022537112236023,1738.5,34.5,0.0,1691.0,0.0,0.0,1.0,0.0
03_novelhop_multihop,16,Low-N-Beg,0.3481554677206851,0.4497407873471578,0.38812033377250765,2.0,0.0,0.4497407873471578,26.666666666666668,2.0,2.329401652018229,,,0.443115234375,0.312896172205607,0.33,0.6871038277943929,0.4497407873471578,726.0,34.0,0.0,679.0,0.0,0.0,1.0,0.0
03_novelhop_multihop,16,Low-N-End,0.23416965352449223,0.4484984378019969,0.4633974150103183,2.0,0.0,0.4484984378019969,33.666666666666664,0.6666666666666666,2.0958063205083213,,,0.4078776041666667,0.320620059967041,0.33,0.679379940032959,0.4484984378019969,662.3333333333334,41.333333333333336,0.0,608.0,0.0,0.0,1.0,0.0
03_novelhop_multihop,16,Low-N-Mid,0.3434343434343434,0.42802803715070087,0.4217171717171717,2.0,0.0,0.42802803715070087,32.0,1.6666666666666667,2.2656540075937905,,,0.4017740885416667,0.2833343346913656,0.33,0.7166656653086344,0.42802803715070087,657.6666666666666,40.666666666666664,0.0,604.0,0.0,0.0,1.0,0.0
03_novelhop_multihop,16,Low-P-Beg,0.636592167231265,0.414003951208932,0.4699812718609711,2.0,0.0,0.414003951208932,24.428571428571427,6.142857142857143,2.2686935000949435,,,0.4236924913194444,0.286419477727678,0.33,0.7135805222723219,0.414003951208932,561.5555555555555,34.55555555555556,0.0,514.0,0.0,0.0,1.0,0.0
03_novelhop_multihop,16,Low-P-End,0.8856345475910693,0.3818153589963913,0.3229232577058664,2.0,0.0,0.3818153589963913,30.0,10.0,2.6325535774230957,,,0.4720458984375,0.2633527368307113,0.33,0.7366472631692886,0.3818153589963913,586.0,37.0,0.0,536.0,0.0,0.0,1.0,0.0
03_novelhop_multihop,16,Low-P-Mid,0.9813852813852815,0.405363667011261,0.4693324219640009,2.0,0.0,0.405363667011261,28.4,13.2,2.5898510456085204,,,0.4357421875,0.3042752027511597,0.33,0.6957247972488403,0.405363667011261,573.8,36.8,0.0,524.0,0.0,0.0,1.0,0.0
03_novelhop_multihop,16,Low-T-Beg,0.5361607142857143,0.47125431150197983,0.35303165584415586,2.0,0.0,0.47125431150197983,34.25,6.5,2.2226072549819946,,,0.39825439453125,0.258099228143692,0.33,0.741900771856308,0.47125431150197983,604.0,44.0,0.0,547.0,0.0,0.0,1.0,0.0
03_novelhop_multihop,16,Low-T-End,0.6326286626705011,0.5041916114943368,0.4273773431274037,2.0,0.0,0.5041916114943368,23.857142857142858,6.571428571428571,2.2679603099823,,,0.42916434151785715,0.33863731792994906,0.33,0.6613626820700509,0.5041916114943368,576.0,32.0,0.0,531.0,0.0,0.0,1.0,0.0
03_novelhop_multihop,16,Low-T-Mid,0.7212250712250712,0.45281071960926056,0.2847578347578347,2.0,0.0,0.45281071960926056,22.5,7.25,2.4661208391189575,,,0.4097900390625,0.3168005496263504,0.33,0.6831994503736496,0.45281071960926056,610.5,27.5,0.0,570.0,0.0,0.0,1.0,0.0
03_novelhop_multihop,16,Medium-N-Beg,0.44604037267080743,0.40515733510255814,0.3850135371874502,2.0,0.0,0.40515733510255814,29.25,2.25,2.4892443418502808,,,0.39739990234375,0.2601843923330307,0.67,0.7398156076669693,0.40515733510255814,1754.25,36.25,0.0,1705.0,0.0,0.0,1.0,0.0
03_novelhop_multihop,16,Medium-N-End,0.34179438996883216,0.4336943378051122,0.44004536144495576,2.0,0.0,0.4336943378051122,26.166666666666668,1.1666666666666667,2.4481461842854824,,,0.4346110026041667,0.3137839833895365,0.67,0.6862160166104635,0.4336943378051122,1819.0,34.0,0.0,1772.0,0.0,0.0,1.0,0.0
03_novelhop_multihop,16,Medium-N-Mid,0.23148148148148145,0.3617054720719655,0.3611111111111111,2.0,0.0,0.3617054720719655,22.333333333333332,0.3333333333333333,2.419052839279175,,,0.4183756510416667,0.3511667052904764,0.67,0.6488332947095236,0.3617054720719655,1835.6666666666667,28.666666666666668,0.0,1794.0,0.0,0.0,1.0,0.0
03_novelhop_multihop,16,Medium-P-Beg,0.9717171717171718,0.35203497111797327,0.570330736514947,2.0,0.0,0.35203497111797327,26.5,11.333333333333334,2.8859711033957347,,,0.46920340401785715,0.3796454966068268,0.67,0.6203545033931732,0.35203497111797327,1610.4285714285713,34.42857142857143,0.0,1563.0,0.0,0.0,1.0,0.0
03_novelhop_multihop,16,Medium-P-End,0.9920634920634921,0.4765705813964208,0.6281993067132386,2.0,0.0,0.4765705813964208,24.666666666666668,11.5,2.8598559200763702,,,0.43701171875,0.3131111301481724,0.67,0.6868888698518276,0.4765705813964208,1480.875,39.875,0.0,1428.0,0.0,0.0,1.0,0.0
03_novelhop_multihop,16,Medium-P-Mid,0.968671679197995,0.38375967741012573,0.3763955342902711,2.0,0.0,0.38375967741012573,23.285714285714285,9.714285714285714,2.7150958114200168,,,0.4324815538194444,0.3060555060704549,0.67,0.693944493929545,0.38375967741012573,1621.6666666666667,31.666666666666668,0.0,1577.0,0.0,0.0,1.0,0.0
03_novelhop_multihop,16,Medium-T-Beg,0.6271994134897361,0.4638690873980522,0.40212609970674484,2.0,0.0,0.4638690873980522,29.25,9.0,2.460012435913086,,,0.44586181640625,0.3390158861875534,0.67,0.6609841138124466,0.4638690873980522,1458.5,37.5,0.0,1408.0,0.0,0.0,1.0,0.0
03_novelhop_multihop,16,Medium-T-End,0.695054945054945,0.45091086626052856,0.34432234432234426,2.0,0.0,0.45091086626052856,33.333333333333336,9.333333333333334,2.4046258131663003,,,0.3907063802083333,0.2434443831443786,0.67,0.7565556168556213,0.45091086626052856,1435.3333333333333,41.333333333333336,0.0,1381.0,0.0,0.0,1.0,0.0
03_novelhop_multihop,16,Medium-T-Mid,0.8112879414492318,0.43079062799612683,0.44915181592600945,2.0,0.0,0.43079062799612683,26.0,8.166666666666666,2.485621134440104,,,0.3812255859375,0.3004492918650309,0.67,0.6995507081349691,0.43079062799612683,1406.1666666666667,33.166666666666664,0.0,1360.0,0.0,0.0,1.0,0.0
03_novelhop_multihop,17,Low-N-Beg,0.3378312863606981,0.49215786904096603,0.26874595992243044,2.0,0.0,0.49215786904096603,25.0,0.25,2.386286199092865,,,0.41583251953125,0.2269899994134903,0.33,0.7730100005865097,0.49215786904096603,685.25,31.25,0.0,641.0,0.0,0.0,1.0,0.0
03_novelhop_multihop,17,Low-N-End,0.28411786796660143,0.5794693648815155,0.29523239842067267,2.0,0.032814690215867665,0.5794693648815155,35.2,1.0,2.2461575508117675,,,0.365966796875,0.2655787825584411,0.33,0.7344212174415589,0.5794693648815155,665.4,50.4,0.0,602.0,0.0,0.0,1.0,0.0
03_novelhop_multihop,17,Low-N-Mid,0.29517241379310344,0.5431053042411804,0.24620689655172415,2.0,0.0,0.5431053042411804,32.0,0.5,2.3197885751724243,,,0.4024658203125,0.2262272536754608,0.33,0.7737727463245392,0.5431053042411804,762.5,40.5,0.0,709.0,0.0,0.0,1.0,0.0
03_novelhop_multihop,17,Low-P-Beg,0.9396346469622332,0.4938623979687691,0.5360482907896701,2.0,0.0,0.4938623979687691,31.0,12.5,2.6392250657081604,,,0.44287109375,0.2895165532827377,0.33,0.7104834467172623,0.4938623979687691,611.25,44.25,0.0,554.0,0.0,0.0,1.0,0.0
03_novelhop_multihop,17,Low-P-End,0.910651019028301,0.5348688960075378,0.35934608326089057,2.0,0.0,0.5348688960075378,25.75,11.25,2.5095800757408147,,,0.43963623046875,0.2814110666513443,0.33,0.7185889333486557,0.5348688960075378,579.5,34.5,0.0,532.0,0.0,0.0,1.0,0.0
03_novelhop_multihop,17,Low-P-Mid,0.899047619047619,0.5889180600643158,0.3305982905982906,2.0,0.0,0.5889180600643158,26.333333333333332,10.333333333333334,2.5525120894114175,,,0.47021484375,0.3455847303072611,0.33,0.6544152696927389,0.5889180600643158,627.0,35.0,0.0,579.0,0.0,0.0,1.0,0.0
03_novelhop_multihop,17,Low-T-Beg,0.522554945054945,0.47352114319801325,0.39249999999999996,2.0,0.0,0.47352114319801325,33.25,5.5,2.398442029953003,,,0.43597412109375,0.2540862262248993,0.33,0.7459137737751007,0.47352114319801325,593.75,42.75,0.0,538.0,0.0,0.0,1.0,0.0
03_novelhop_multihop,17,Low-T-End,0.6498209718670077,0.40623958706855773,0.3521023017902813,2.0,0.0,0.40623958706855773,26.0,7.2,2.354399394989014,,,0.414501953125,0.3047924041748047,0.33,0.6952075958251953,0.40623958706855773,616.2,34.2,0.0,569.0,0.0,0.0,1.0,0.0
03_novelhop_multihop,17,Low-T-Mid,0.859404761904762,0.3914175257086754,0.5042261904761904,2.0,0.0,0.3914175257086754,28.5,11.25,2.4830952286720276,,,0.447998046875,0.3061074614524841,0.33,0.6938925385475159,0.3914175257086754,618.25,38.25,0.0,567.0,0.0,0.0,1.0,0.0
03_novelhop_multihop,17,Medium-N-Beg,0.3525132275132275,0.5028329193592072,0.3450176366843033,2.0,0.0,0.5028329193592072,31.0,2.0,2.6338512102762857,,,0.383056640625,0.2179392377535501,0.67,0.7820607622464498,0.5028329193592072,2048.0,4.0,0.0,2031.0,0.0,0.0,1.0,0.0
03_novelhop_multihop,17,Medium-N-End,0.45649641577060934,0.4403325766324997,0.48476702508960573,2.0,0.0,0.4403325766324997,25.75,2.0,2.6226807236671448,,,0.43096923828125,0.3261366337537765,0.67,0.6738633662462234,0.4403325766324997,1892.75,31.75,0.0,1848.0,0.0,0.0,1.0,0.0
03_novelhop_multihop,17,Medium-N-Mid,0.5593073593073593,0.43730929493904114,0.5827561327561327,2.0,0.0,0.43730929493904114,35.666666666666664,7.333333333333333,2.7707610925038657,,,0.4610188802083333,0.284279982248942,0.67,0.715720017751058,0.43730929493904114,1923.0,49.0,0.0,1861.0,0.0,0.0,1.0,0.0
03_novelhop_multihop,17,Medium-P-Beg,0.8876262626262625,0.4890699088573456,0.3683574879227053,2.0,0.0,0.4890699088573456,30.0,10.0,2.5231354236602783,,,0.4239095052083333,0.2691559195518493,0.67,0.7308440804481506,0.4890699088573456,1559.6666666666667,37.666666666666664,0.0,1509.0,0.0,0.0,1.0,0.0
03_novelhop_multihop,17,Medium-P-End,0.8448448448448449,0.497836967309316,0.4135363433609047,2.0,0.0,0.497836967309316,33.666666666666664,11.666666666666666,2.529377063115438,,,0.4312337239583333,0.276969313621521,0.67,0.723030686378479,0.497836967309316,1623.6666666666667,46.666666666666664,0.0,1564.0,0.0,0.0,1.0,0.0
03_novelhop_multihop,17,Medium-P-Mid,0.8049780963759459,0.4907560149828593,0.38110314615690954,2.0,0.0,0.4907560149828593,30.333333333333332,9.333333333333334,2.644160270690918,,,0.4407552083333333,0.2612305084864298,0.67,0.7387694915135702,0.4907560149828593,1589.6666666666667,41.666666666666664,0.0,1535.0,0.0,0.0,1.0,0.0
03_novelhop_multihop,17,Medium-T-Beg,0.6322258919241678,0.4608800709247589,0.4323639722346619,2.0,0.0,0.4608800709247589,30.25,8.0,2.6457213759422302,,,0.425048828125,0.2738257646560669,0.67,0.7261742353439331,0.4608800709247589,1618.75,39.75,0.0,1566.0,0.0,0.0,1.0,0.0
03_novelhop_multihop,17,Medium-T-End,0.6870480549199084,0.3983830213546753,0.31177726926010674,2.0,0.0,0.3983830213546753,25.8,6.0,2.6257447719573976,,,0.41640625,0.2578707814216614,0.67,0.7421292185783386,0.3983830213546753,1577.0,33.0,0.0,1531.0,0.0,0.0,1.0,0.0
03_novelhop_multihop,17,Medium-T-Mid,0.6927272727272727,0.48387377460797626,0.3278787878787879,2.0,0.0,0.48387377460797626,26.666666666666668,7.666666666666667,2.5829690297444663,,,0.4344075520833333,0.2503528197606405,0.67,0.7496471802393595,0.48387377460797626,1343.3333333333333,33.333333333333336,0.0,1297.0,0.0,0.0,1.0,0.0
03_novelhop_multihop,18,Low-N-Beg,0.35444642503466034,0.3087439263860384,0.3647256882551,2.0,0.011674049464747134,0.3087439263860384,11.0,0.3333333333333333,2.388300895690918,,,0.3827311197916667,0.3845418194929758,0.33,0.6154581805070242,0.3087439263860384,672.0,28.0,0.0,631.0,0.0,0.0,1.0,0.0
03_novelhop_multihop,18,Low-N-End,0.3312289562289562,0.38306719561417896,0.2854938271604938,2.0,0.0,0.38306719561417896,14.166666666666666,0.5,2.4134772618611655,,,0.4034830729166667,0.3240331411361694,0.33,0.6759668588638306,0.38306719561417896,757.3333333333334,32.333333333333336,0.0,712.0,0.0,0.0,1.0,0.0
03_novelhop_multihop,18,Low-N-Mid,0.25528393175451997,0.36898303883416306,0.20762244291656054,2.0,0.008248816768086528,0.36898303883416306,12.714285714285714,0.14285714285714285,2.35703182220459,,,0.384521484375,0.327725350856781,0.33,0.672274649143219,0.36898303883416306,713.3333333333334,36.333333333333336,0.0,664.0,0.0,0.0,1.0,0.0
03_novelhop_multihop,18,Low-P-Beg,0.9472727272727274,0.3409920781850815,0.47775743367175594,2.0,0.0,0.3409920781850815,16.1,6.7,2.72458393573761,,,0.4332275390625,0.3548295617103576,0.33,0.6451704382896424,0.3409920781850815,585.3,33.3,0.0,539.0,0.0,0.0,1.0,0.0
03_novelhop_multihop,18,Low-P-End,0.8636117064909634,0.3361726142466068,0.41253869969040247,2.0,0.0,0.3361726142466068,22.25,5.25,2.6034993529319763,,,0.45166015625,0.362648069858551,0.33,0.637351930141449,0.3361726142466068,554.75,26.75,0.0,515.0,0.0,0.0,1.0,0.0
03_novelhop_multihop,18,Low-P-Mid,0.9444444444444444,0.33429926302697915,0.5352855678942635,2.0,0.0,0.33429926302697915,17.77777777777778,7.555555555555555,2.6776500088827953,,,0.43819754464285715,0.2854506203106471,0.33,0.7145493796893528,0.33429926302697915,576.0,37.0,0.0,526.0,0.0,0.0,1.0,0.0
03_novelhop_multihop,18,Low-T-Beg,0.5335146383830595,0.34783409535884857,0.37899816070868697,2.0,0.0,0.34783409535884857,12.133333333333333,1.8,2.446053981781006,,,0.4276572779605263,0.4172324224522239,0.33,0.5827675775477761,0.34783409535884857,555.6315789473684,24.63157894736842,0.0,518.0,0.0,0.0,1.0,0.0
03_novelhop_multihop,18,Low-T-End,0.6012043512043512,0.41691765934228897,0.3427544677544678,2.0,0.0,0.41691765934228897,24.25,3.0,2.374756415685018,,,0.3951009114583333,0.3187242746353149,0.33,0.6812757253646851,0.41691765934228897,621.6666666666666,39.666666666666664,0.0,569.0,0.0,0.0,1.0,0.0
03_novelhop_multihop,18,Low-T-Mid,0.770297127115309,0.32893358170986176,0.33151318378591105,2.0,0.0,0.32893358170986176,11.909090909090908,3.090909090909091,2.470026731491089,,,0.44033203125,0.36974247694015494,0.33,0.630257523059845,0.32893358170986176,594.0,34.0,0.0,547.0,0.0,0.0,1.0,0.0
03_novelhop_multihop,18,Medium-N-Beg,0.4587301587301587,0.3718287050724029,0.21547619047619046,2.0,0.0,0.3718287050724029,11.0,0.75,2.6576993465423584,,,0.4090576171875,0.2667479217052459,0.67,0.733252078294754,0.3718287050724029,1747.0,28.0,0.0,1706.0,0.0,0.0,1.0,0.0
03_novelhop_multihop,18,Medium-N-End,0.6922128851540617,0.3392172038555145,0.2750513538748833,2.0,0.0,0.3392172038555145,17.4,4.6,2.843994458516439,,,0.4637044270833333,0.3921482662359873,0.67,0.6078517337640127,0.3392172038555145,1922.0,36.0,0.0,1873.0,0.0,0.0,1.0,0.0
03_novelhop_multihop,18,Medium-N-Mid,0.35132575757575757,0.3667311444878578,0.308080808080808,2.0,0.0,0.3667311444878578,16.0,1.0,2.504443645477295,,,0.4007975260416667,0.4079447587331136,0.67,0.5920552412668864,0.3667311444878578,1742.6666666666667,26.666666666666668,0.0,1703.0,0.0,0.0,1.0,0.0
03_novelhop_multihop,18,Medium-P-Beg,1.0,0.40091171860694885,0.620683616349251,2.0,0.0,0.40091171860694885,17.666666666666668,6.555555555555555,3.063916027545929,,,0.4583740234375,0.3942070566117763,0.67,0.6057929433882236,0.40091171860694885,1524.625,30.625,0.0,1481.0,0.0,0.0,1.0,0.0
03_novelhop_multihop,18,Medium-P-End,0.9861111111111112,0.2932751706490914,0.6203418803418804,2.0,0.0,0.2932751706490914,17.0,6.333333333333333,3.131490409374237,,,0.456298828125,0.3740427047014236,0.67,0.6259572952985764,0.2932751706490914,1727.75,33.75,0.0,1681.0,0.0,0.0,1.0,0.0
03_novelhop_multihop,18,Medium-P-Mid,0.9948979591836734,0.2809204288891383,0.5419869137586385,2.0,0.0,0.2809204288891383,21.142857142857142,8.428571428571429,3.0740928252538047,,,0.467041015625,0.3535708884398142,0.67,0.6464291115601858,0.2809204288891383,1526.6666666666667,37.666666666666664,0.0,1476.0,0.0,0.0,1.0,0.0
03_novelhop_multihop,18,Medium-T-Beg,0.717136880004527,0.39919929454723996,0.27122485357779474,2.0,0.0,0.39919929454723996,14.5,4.166666666666667,2.6193398237228394,,,0.40185546875,0.2894480228424072,0.67,0.7105519771575928,0.39919929454723996,1346.75,26.75,0.0,1307.0,0.0,0.0,1.0,0.0
03_novelhop_multihop,18,Medium-T-End,0.9789402173913043,0.3881690986454487,0.6479705050916688,2.0,0.0,0.3881690986454487,18.625,8.5,2.949427930514018,,,0.4557861328125,0.4258081644773483,0.67,0.5741918355226516,0.3881690986454487,1551.5666666666666,33.56666666666667,0.0,1505.0,0.0,0.0,1.0,0.0
03_novelhop_multihop,18,Medium-T-Mid,0.8570665445665446,0.38135306324277607,0.3375763125763126,2.0,0.0,0.38135306324277607,15.428571428571429,5.428571428571429,2.884690046310425,,,0.4612223307291667,0.5122932245333989,0.67,0.4877067754666011,0.38135306324277607,1671.5,23.5,0.0,1635.0,0.0,0.0,1.0,0.0
03_novelhop_multihop,19,Low-N-Beg,0.289002849002849,0.4771563212076823,0.32045584045584047,2.0,0.0,0.4771563212076823,26.0,0.3333333333333333,2.244903484980265,,,0.39013671875,0.2902308305104574,0.33,0.7097691694895426,0.4771563212076823,666.3333333333334,37.333333333333336,0.0,616.0,0.0,0.0,1.0,0.0
03_novelhop_multihop,19,Low-N-End,0.3089133089133089,0.46503469347953796,0.29548229548229543,2.0,0.0,0.46503469347953796,24.0,0.6666666666666666,2.2498623530069985,,,0.4161783854166667,0.3301783800125122,0.33,0.6698216199874878,0.46503469347953796,748.6666666666666,34.666666666666664,0.0,701.0,0.0,0.0,1.0,0.0
03_novelhop_multihop,19,Low-N-Mid,0.3078784494392479,0.43061046799023944,0.36199916236213875,2.0,0.0,0.43061046799023944,27.0,1.6666666666666667,2.3373000621795654,,,0.382080078125,0.3226665655771891,0.33,0.6773334344228109,0.43061046799023944,721.6666666666666,39.666666666666664,0.0,669.0,0.0,0.0,1.0,0.0
03_novelhop_multihop,19,Low-P-Beg,0.5719295914204114,0.45183578729629514,0.4908268345281809,2.0,0.0,0.45183578729629514,33.8,4.6,2.506706190109253,,,0.362060546875,0.2839913249015808,0.33,0.7160086750984191,0.45183578729629514,711.2,55.2,44.0,591.0,110.80625,1.0,1.0,1.0
03_novelhop_multihop,19,Low-P-End,0.992,0.39800789058208463,0.5150571747093486,2.0,0.0,0.39800789058208463,26.4,11.4,2.6070708274841308,,,0.40849609375,0.3063074588775635,0.33,0.6936925411224365,0.39800789058208463,660.4,39.4,0.0,608.0,0.0,0.0,1.0,0.0
03_novelhop_multihop,19,Low-P-Mid,0.9771607702642185,0.38670733145305086,0.5693743924913478,2.0,0.0,0.38670733145305086,23.428571428571427,9.428571428571429,2.682881712913513,,,0.44732666015625,0.3693002872169018,0.33,0.6306997127830982,0.38670733145305086,612.75,38.75,0.0,561.0,0.0,0.0,1.0,0.0
03_novelhop_multihop,19,Low-T-Beg,0.5936847103513769,0.45633193850517273,0.35712250712250715,2.0,0.0,0.45633193850517273,27.666666666666668,4.333333333333333,2.3751023610432944,,,0.42236328125,0.2806164224942525,0.33,0.7193835775057474,0.45633193850517273,647.0,39.0,0.0,595.0,0.0,0.0,1.0,0.0
03_novelhop_multihop,19,Low-T-End,0.6604319147013644,0.44811811049779254,0.4153564651667119,2.0,0.0,0.44811811049779254,29.666666666666668,4.0,2.4465803305308023,,,0.4229329427083333,0.2694413065910339,0.33,0.7305586934089661,0.44811811049779254,646.6666666666666,40.666666666666664,0.0,593.0,0.0,0.0,1.0,0.0
03_novelhop_multihop,19,Low-T-Mid,0.4808067176488228,0.3928469916184743,0.42232718548508025,2.0,0.0,0.3928469916184743,22.666666666666668,3.6666666666666665,2.308929204940796,,,0.377197265625,0.3848753770192464,0.33,0.6151246229807535,0.3928469916184743,639.6666666666666,32.666666666666664,0.0,594.0,0.0,0.0,1.0,0.0
03_novelhop_multihop,19,Medium-N-End,0.35555024685459463,0.46318601568539935,0.2858204597335032,2.0,0.0,0.46318601568539935,26.0,1.3333333333333333,2.5149319171905518,,,0.413818359375,0.2834358811378479,0.67,0.7165641188621521,0.46318601568539935,1910.3333333333333,35.333333333333336,0.0,1862.0,0.0,0.0,1.0,0.0
03_novelhop_multihop,19,Medium-N-Mid,0.3192248572683355,0.37418747941652936,0.3973978919631093,2.0,0.0,0.37418747941652936,25.666666666666668,0.6666666666666666,2.533067067464193,,,0.41943359375,0.3337531487147013,0.67,0.6662468512852987,0.37418747941652936,1991.6666666666667,35.666666666666664,0.0,1943.0,0.0,0.0,1.0,0.0
03_novelhop_multihop,19,Medium-P-Beg,0.9539835164835165,0.4513360485434532,0.47483705020469724,2.0,0.0,0.4513360485434532,26.0,9.5,2.7894431948661804,,,0.4385986328125,0.3411203920841217,0.67,0.6588796079158783,0.4513360485434532,1679.5,38.5,0.0,1628.0,0.0,0.0,1.0,0.0
03_novelhop_multihop,19,Medium-P-End,0.9942857142857142,0.36643759054797037,0.5672181465439546,2.0,0.0,0.36643759054797037,22.714285714285715,8.857142857142858,3.0404113701411655,,,0.43819754464285715,0.3709473865372794,0.6700000000000002,0.6290526134627206,0.36643759054797037,1727.2857142857142,34.285714285714285,0.0,1680.0,0.0,0.0,1.0,0.0
03_novelhop_multihop,19,Medium-P-Mid,0.9723163002574767,0.4796954870223999,0.5260162476693917,2.0,0.0,0.4796954870223999,31.6,11.6,2.9722303549448648,,,0.4431559244791667,0.3426152865091959,0.67,0.6573847134908041,0.4796954870223999,1653.6666666666667,48.666666666666664,0.0,1592.0,0.0,0.0,1.0,0.0
03_novelhop_multihop,19,Medium-T-Beg,0.670952380952381,0.41306711360812187,0.4149206349206349,2.0,0.0,0.41306711360812187,29.75,5.5,2.5122113823890686,,,0.40374755859375,0.2993932962417602,0.67,0.7006067037582397,0.41306711360812187,1596.5,41.5,0.0,1542.0,0.0,0.0,1.0,0.0
03_novelhop_multihop,19,Medium-T-End,0.6893086533032186,0.36544275283813477,0.42751270468661773,2.0,0.0,0.36544275283813477,24.5,5.75,2.6271563172340393,,,0.4334716796875,0.3365472704172134,0.67,0.6634527295827866,0.36544275283813477,1456.75,36.75,0.0,1407.0,0.0,0.0,1.0,0.0
03_novelhop_multihop,19,Medium-T-Mid,0.931140350877193,0.33168824911117556,0.524658253579977,2.0,0.0,0.33168824911117556,24.0,8.8,2.828566789627075,,,0.3998046875,0.4427861034870147,0.67,0.5572138965129853,0.33168824911117556,1670.0,35.0,0.0,1622.0,0.0,0.0,1.0,0.0
04_temporal_recency,0,Low-N-Beg,0.2666666666666666,1.0000001192092896,0.0,2.0,1.0,1.0000001192092896,16.0,0.0,2.803020000457764,,,0.352783203125,0.0,0.33,1.0,1.0000001192092896,768.0,28.0,28.0,691.0,45.625,1.0,1.0,1.0
04_temporal_recency,0,Low-N-End,0.2,1.0000001192092896,0.0,2.0,1.0,1.0000001192092896,16.0,0.0,2.9209766387939453,,,0.41455078125,0.0,0.33,1.0,1.0000001192092896,776.0,28.0,28.0,699.0,40.90625,1.0,1.0,1.0
04_temporal_recency,0,Low-N-Mid,0.2,1.0000001192092896,0.0,2.0,1.0,1.0000001192092896,16.0,0.0,2.9043047428131104,,,0.427001953125,0.0,0.33,1.0,1.0000001192092896,783.0,28.0,28.0,706.0,40.46875,1.0,1.0,1.0
04_temporal_recency,0,Low-P-Beg,0.8,1.0000001192092896,0.0,2.0,1.0,1.0000001192092896,16.0,8.0,2.654005527496338,,,0.382568359375,0.0,0.33,1.0,1.0000001192092896,652.0,28.0,28.0,575.0,40.3125,1.0,1.0,1.0
04_temporal_recency,0,Low-P-End,0.9870129870129871,0.34296041939939764,0.7858890591809847,2.0,0.012445887445887429,0.34296041939939764,20.571428571428573,8.285714285714286,2.6368576799120222,,,0.40391322544642855,0.5705645467553819,0.33,0.429435453244618,0.34296041939939764,658.1428571428571,34.142857142857146,0.0,611.0,0.0,0.0,1.0,0.0
04_temporal_recency,0,Low-P-Mid,0.7333333333333333,1.0000001192092896,0.0,2.0,1.0,1.0000001192092896,16.0,7.0,2.672226428985596,,,0.380859375,0.0,0.33,1.0,1.0000001192092896,660.0,28.0,28.0,583.0,44.125,1.0,1.0,1.0
04_temporal_recency,0,Low-T-Beg,0.5333333333333333,1.0000001192092896,0.0,2.0,1.0,1.0000001192092896,16.0,3.0,2.6856942176818848,,,0.384765625,0.0,0.33,1.0,1.0000001192092896,632.0,28.0,28.0,555.0,49.09375,1.0,1.0,1.0
04_temporal_recency,0,Low-T-End,0.5333333333333333,1.0000001192092896,0.0,2.0,1.0,1.0000001192092896,16.0,4.0,2.790790319442749,,,0.42578125,0.0,0.33,1.0,1.0000001192092896,596.0,28.0,28.0,519.0,42.4375,1.0,1.0,1.0
04_temporal_recency,0,Low-T-Mid,0.7333333333333333,1.0000001192092896,0.0,2.0,1.0,1.0000001192092896,16.0,6.0,2.7605786323547363,,,0.39794921875,0.0,0.33,1.0,1.0000001192092896,590.0,28.0,28.0,513.0,40.59375,1.0,1.0,1.0
04_temporal_recency,0,Medium-N-Beg,0.2666666666666666,1.0000001192092896,0.0,2.0,1.0,1.0000001192092896,16.0,0.0,3.2250773906707764,,,0.4169921875,0.0,0.67,1.0,1.0000001192092896,2003.0,28.0,28.0,1926.0,22.3125,1.0,1.0,1.0
04_temporal_recency,0,Medium-N-End,0.2666666666666666,1.0000001192092896,0.0,2.0,1.0,1.0000001192092896,16.0,0.0,3.270498991012573,,,0.4189453125,0.0,0.67,1.0,1.0000001192092896,1954.0,28.0,28.0,1877.0,25.296875,1.0,1.0,1.0
04_temporal_recency,0,Medium-N-Mid,0.2666666666666666,1.0000001192092896,0.0,2.0,1.0,1.0000001192092896,16.0,0.0,3.3941996097564697,,,0.445556640625,0.0,0.67,1.0,1.0000001192092896,1941.0,28.0,28.0,1864.0,24.015625,1.0,1.0,1.0
04_temporal_recency,0,Medium-P-Beg,0.8666666666666667,1.0000001192092896,0.0,2.0,1.0,1.0000001192092896,16.0,8.0,2.973583459854126,,,0.4453125,0.0,0.67,1.0,1.0000001192092896,1830.0,28.0,28.0,1753.0,17.875,1.0,1.0,1.0
04_temporal_recency,0,Medium-P-End,0.9444444444444444,0.42913626560143064,0.7637382294348238,2.0,0.05198412698412695,0.42913626560143064,20.857142857142858,8.428571428571429,2.8934999193464006,,,0.4439174107142857,0.485557143177305,0.6700000000000002,0.5144428568226951,0.42913626560143064,1526.4285714285713,37.42857142857143,0.0,1476.0,0.0,0.0,1.0,0.0
04_temporal_recency,0,Medium-P-Mid,0.9888888888888888,0.5096651315689087,0.7115008873629562,2.0,0.05689655172413792,0.5096651315689087,27.8,12.6,2.918401908874512,,,0.45419921875,0.4817627310752869,0.67,0.5182372689247131,0.5096651315689087,1619.6,45.6,0.0,1561.0,0.0,0.0,1.0,0.0
04_temporal_recency,0,Medium-T-Beg,0.8,1.0000001192092896,0.0,2.0,1.0,1.0000001192092896,16.0,7.0,3.0017004013061523,,,0.418212890625,0.0,0.67,1.0,1.0000001192092896,1492.0,28.0,28.0,1415.0,29.203125,1.0,1.0,1.0
04_temporal_recency,0,Medium-T-End,0.6666666666666666,1.0000001192092896,0.0,2.0,1.0,1.0000001192092896,16.0,5.0,3.039785623550415,,,0.41845703125,0.0,0.67,1.0,1.0000001192092896,1517.0,28.0,28.0,1440.0,29.28125,1.0,1.0,1.0
04_temporal_recency,0,Medium-T-Mid,0.8,1.0000001192092896,0.0,2.0,1.0,1.0000001192092896,16.0,7.0,2.900946855545044,,,0.406494140625,0.0,0.67,1.0,1.0000001192092896,1502.0,28.0,28.0,1425.0,28.203125,1.0,1.0,1.0
04_temporal_recency,1,Low-N-Beg,0.22298136645962724,0.8687000274658203,0.32608695652173914,2.0,0.34146341463414637,0.8687000274658203,40.0,0.0,2.099028468132019,,,0.363525390625,0.1950435936450958,0.33,0.8049564063549042,0.8687000274658203,694.5,55.5,0.0,626.0,0.0,0.0,1.0,0.0
04_temporal_recency,1,Low-N-End,0.2669632925472747,0.914638489484787,0.09788654060066734,2.0,0.4023809523809524,0.914638489484787,38.5,0.0,2.1892210245132446,,,0.405029296875,0.1048175394535064,0.33,0.8951824605464935,0.914638489484787,724.5,52.5,0.0,659.0,0.0,0.0,1.0,0.0
04_temporal_recency,1,Low-N-Mid,0.3725633528265107,0.7364049628376961,0.3974171539961013,2.0,0.06123386070194577,0.7364049628376961,26.0,1.0,2.1867828369140625,,,0.379150390625,0.3184410035610199,0.33,0.6815589964389801,0.7364049628376961,684.0,35.0,0.0,636.0,0.0,0.0,1.0,0.0
04_temporal_recency,1,Low-P-Beg,0.8420183290707588,0.5275533199310303,0.5617286769780375,2.0,0.0429606625258799,0.5275533199310303,21.333333333333332,7.0,2.441628098487854,,,0.4058430989583333,0.4217278013626734,0.33,0.5782721986373266,0.5275533199310303,580.1666666666666,33.166666666666664,0.0,534.0,0.0,0.0,1.0,0.0
04_temporal_recency,1,Low-P-End,0.9164707419017764,0.42443656921386713,0.7131269592476489,2.0,0.0,0.42443656921386713,24.0,9.0,2.57036292552948,,,0.45086669921875,0.5180046036839485,0.33,0.4819953963160515,0.42443656921386713,625.5,36.5,0.0,576.0,0.0,0.0,1.0,0.0
04_temporal_recency,1,Low-P-Mid,0.8449013157894737,0.5066710859537125,0.48968876518218624,2.0,0.07926829268292683,0.5066710859537125,18.25,7.75,2.3613346815109253,,,0.3770751953125,0.4694596230983734,0.33,0.5305403769016266,0.5066710859537125,560.0,28.0,0.0,519.0,0.0,0.0,1.0,0.0
04_temporal_recency,1,Low-T-Beg,0.7481045751633987,0.6493494153022766,0.46396514161220037,2.0,0.06818181818181816,0.6493494153022766,22.0,5.6,2.429012870788574,,,0.429296875,0.2988316774368286,0.33,0.7011683225631714,0.6493494153022766,624.4,33.4,0.0,578.0,0.0,0.0,1.0,0.0
04_temporal_recency,1,Low-T-End,0.704059829059829,0.7370117977261543,0.42628205128205127,2.0,0.11772486772486772,0.7370117977261543,24.25,7.0,2.31767338514328,,,0.41741943359375,0.277829647064209,0.33,0.722170352935791,0.7370117977261543,566.0,36.0,0.0,517.0,0.0,0.0,1.0,0.0
04_temporal_recency,1,Low-T-Mid,0.8322256175197351,0.6146163761615753,0.5864081996434938,2.0,0.022222222222222223,0.6146163761615753,21.6,7.2,2.3139854431152345,,,0.379345703125,0.328494644165039,0.33,0.671505355834961,0.6146163761615753,519.6,32.6,0.0,474.0,0.0,0.0,1.0,0.0
04_temporal_recency,1,Medium-N-Beg,0.30833333333333335,0.8971917629241943,0.2708333333333333,2.0,0.34146341463414637,0.8971917629241943,37.5,0.0,2.366896390914917,,,0.4010009765625,0.1309717297554016,0.67,0.8690282702445984,0.8971917629241943,1867.5,55.5,0.0,1799.0,0.0,0.0,1.0,0.0
04_temporal_recency,1,Medium-N-End,0.3666666666666667,0.7782888114452362,0.1974358974358974,2.0,0.26390293225480277,0.7782888114452362,31.5,0.5,2.6409335136413574,,,0.4427490234375,0.2373298108577728,0.67,0.7626701891422272,0.7782888114452362,1690.5,42.5,0.0,1635.0,0.0,0.0,1.0,0.0
04_temporal_recency,1,Medium-N-Mid,0.5907317073170731,0.7547630071640015,0.42097560975609755,2.0,0.2826086956521739,0.7547630071640015,40.5,4.0,2.5695269107818604,,,0.43798828125,0.2419958412647247,0.67,0.7580041587352753,0.7547630071640015,1873.0,61.0,0.0,1799.0,0.0,0.0,1.0,0.0
04_temporal_recency,1,Medium-P-Beg,0.9136595386595388,0.4947495609521866,0.6468022240081064,2.0,0.06884057971014491,0.4947495609521866,23.833333333333332,8.5,2.794178088506063,,,0.4075792100694444,0.4788175192144182,0.67,0.5211824807855818,0.4947495609521866,1365.111111111111,35.111111111111114,0.0,1317.0,0.0,0.0,1.0,0.0
04_temporal_recency,1,Medium-P-End,0.9383333333333334,0.47461072355508804,0.7519607843137255,2.0,0.0,0.47461072355508804,19.75,7.0,2.6276543736457825,,,0.3917236328125,0.4829365387558937,0.67,0.5170634612441063,0.47461072355508804,1585.5,28.5,0.0,1544.0,0.0,0.0,1.0,0.0
04_temporal_recency,1,Medium-P-Mid,0.9648416532474502,0.5915163656075796,0.72501585907383,2.0,0.0,0.5915163656075796,23.0,8.166666666666666,2.746296842892965,,,0.4252522786458333,0.4234910060962041,0.67,0.5765089939037958,0.5915163656075796,1677.5,34.5,0.0,1630.0,0.0,0.0,1.0,0.0
04_temporal_recency,1,Medium-T-Mid,0.801923076923077,0.763339951634407,0.43509615384615385,2.0,0.0434782608695652,0.763339951634407,31.0,9.25,2.4879305958747864,,,0.38995361328125,0.2084792107343673,0.67,0.7915207892656326,0.763339951634407,1477.75,41.75,0.0,1423.0,0.0,0.0,1.0,0.0
04_temporal_recency,2,Low-N-Beg,0.2218204469685153,0.7557933330535889,0.5336535190396186,2.0,0.07350931677018632,0.7557933330535889,22.833333333333332,0.0,2.2547653781043158,,,0.4545627170138889,0.3336250947581397,0.33,0.6663749052418603,0.7557933330535889,770.5555555555555,37.55555555555556,0.0,720.0,0.0,0.0,1.0,0.0
04_temporal_recency,2,Low-N-End,0.32315789473684203,0.8013525009155273,0.4644110275689223,2.0,0.07004300047778306,0.8013525009155273,22.0,0.6,2.0751662254333496,,,0.32958984375,0.2457950949668884,0.33,0.7542049050331116,0.8013525009155273,701.6,33.6,0.0,655.0,0.0,0.0,1.0,0.0
04_temporal_recency,2,Low-N-Mid,0.28683982683982684,0.774319076538086,0.4031024531024531,2.0,0.1157711670480549,0.774319076538086,17.6,0.0,2.2128488540649416,,,0.369482421875,0.3362666249275208,0.33,0.6637333750724792,0.774319076538086,738.8,26.8,0.0,699.0,0.0,0.0,1.0,0.0
04_temporal_recency,2,Low-P-Beg,0.9369258192787604,0.5576427976290385,0.7477928847897888,2.0,0.021910919540229883,0.5576427976290385,22.5,8.333333333333334,2.484891414642334,,,0.38951697716346156,0.3962897452024313,0.33,0.6037102547975687,0.5576427976290385,563.5384615384615,35.53846153846154,0.0,515.0,0.0,0.0,1.0,0.0
04_temporal_recency,2,Low-P-End,0.9924242424242424,0.48769576847553253,0.7457026404394825,2.0,0.009009009009009,0.48769576847553253,21.666666666666668,10.0,2.605751249525282,,,0.4360622829861111,0.44683525959650666,0.33,0.5531647404034933,0.48769576847553253,595.6666666666666,32.666666666666664,0.0,550.0,0.0,0.0,1.0,0.0
04_temporal_recency,2,Low-P-Mid,0.9621212121212123,0.6086799005667368,0.7822493578860302,2.0,0.0101010101010101,0.6086799005667368,24.666666666666668,10.0,2.4313039779663086,,,0.3836669921875,0.4130819588899612,0.33,0.5869180411100388,0.6086799005667368,565.3333333333334,35.333333333333336,0.0,517.0,0.0,0.0,1.0,0.0
04_temporal_recency,2,Low-T-Beg,0.846661888835802,0.5686517804861069,0.6626058643449948,2.0,0.06965811965811965,0.5686517804861069,22.666666666666668,8.333333333333334,2.598427075606126,,,0.43997896634615385,0.4275998943127118,0.33,0.5724001056872882,0.5686517804861069,596.4615384615385,36.46153846153846,0.0,547.0,0.0,0.0,1.0,0.0
04_temporal_recency,2,Low-T-End,0.9587238848108414,0.4222225009330681,0.6999372608068261,2.0,0.013545594190755472,0.4222225009330681,19.0,8.428571428571429,2.5619369877709284,,,0.4100748697916667,0.4302705824375152,0.33,0.5697294175624847,0.4222225009330681,590.7777777777778,31.77777777777778,0.0,546.0,0.0,0.0,1.0,0.0
04_temporal_recency,2,Low-T-Mid,0.8138611388611389,0.7222400426864624,0.6366716616716617,2.0,0.02431941923774954,0.7222400426864624,27.0,8.6,2.4986907243728638,,,0.3979085286458333,0.3372653524080912,0.33,0.6627346475919088,0.7222400426864624,660.0,43.0,0.0,604.0,0.0,0.0,1.0,0.0
04_temporal_recency,2,Medium-N-Beg,0.28418498168498163,0.7163688838481903,0.3971520146520146,2.0,0.1358647342995169,0.7163688838481903,17.6,0.0,2.4572295188903808,,,0.396630859375,0.3409932672977447,0.67,0.6590067327022553,0.7163688838481903,1750.8,27.8,0.0,1710.0,0.0,0.0,1.0,0.0
04_temporal_recency,2,Medium-N-End,0.36440559440559434,0.554723608493805,0.5619580419580419,2.0,0.09428571428571428,0.554723608493805,18.2,0.4,2.5195799469947815,,,0.4390869140625,0.3187277615070343,0.67,0.6812722384929657,0.554723608493805,1770.25,33.25,0.0,1724.0,0.0,0.0,1.0,0.0
04_temporal_recency,2,Medium-N-Mid,0.3222222222222222,0.6731371879577637,0.5629629629629629,2.0,0.0850970017636684,0.6731371879577637,23.0,0.6666666666666666,2.452766021092733,,,0.36279296875,0.2678477962811788,0.67,0.7321522037188212,0.6731371879577637,1777.6666666666667,32.666666666666664,0.0,1732.0,0.0,0.0,1.0,0.0
04_temporal_recency,2,Medium-P-Beg,0.939751552795031,0.5914540529251099,0.7864483342744212,2.0,0.00909090909090908,0.5914540529251099,25.0,13.0,2.649631452560425,,,0.399658203125,0.3836684226989746,0.67,0.6163315773010254,0.5914540529251099,1561.2,39.2,0.0,1509.0,0.0,0.0,1.0,0.0
04_temporal_recency,2,Medium-P-End,0.8908475783475782,0.5705844759941101,0.7310660018993352,2.0,0.017094017094017065,0.5705844759941101,26.0,10.666666666666666,2.754542589187622,,,0.4261067708333333,0.3488779067993164,0.67,0.6511220932006836,0.5705844759941101,1652.6666666666667,37.666666666666664,0.0,1602.0,0.0,0.0,1.0,0.0
04_temporal_recency,2,Medium-P-Mid,0.9925925925925927,0.4044245108962059,0.8173976851608431,2.0,0.006944444444444444,0.4044245108962059,15.777777777777779,6.777777777777778,2.862785577774048,,,0.4380425347222222,0.4770960344208611,0.67,0.5229039655791389,0.4044245108962059,1631.6666666666667,28.666666666666668,0.0,1590.0,0.0,0.0,1.0,0.0
04_temporal_recency,2,Medium-T-Beg,0.9168751002084335,0.6099255813492669,0.5142235850569183,2.0,0.06259688491917029,0.6099255813492669,15.666666666666666,6.0,2.7566299849543077,,,0.4173289331896552,0.4230485735782261,0.67,0.5769514264217739,0.6099255813492669,1809.896551724138,33.89655172413793,0.0,1763.0,0.0,0.0,1.0,0.0
04_temporal_recency,2,Medium-T-End,0.9419000933706817,0.6194976518551508,0.6788511325276032,2.0,0.010416666666666666,0.6194976518551508,22.166666666666668,8.333333333333334,2.6348790725072226,,,0.4002685546875,0.4060334414243698,0.67,0.5939665585756302,0.6194976518551508,1579.3333333333333,35.333333333333336,0.0,1531.0,0.0,0.0,1.0,0.0
04_temporal_recency,2,Medium-T-Mid,0.9935483870967743,0.5249100625514984,0.7733273738883837,2.0,0.010810810810810801,0.5249100625514984,26.2,10.4,2.7239059925079347,,,0.423828125,0.378344452381134,0.67,0.621655547618866,0.5249100625514984,1712.0,40.0,0.0,1659.0,0.0,0.0,1.0,0.0
04_temporal_recency,3,Low-N-Beg,0.2058823529411764,1.0000001192092896,0.0,2.0,1.0,1.0000001192092896,58.0,0.0,3.053784847259521,,,0.31689453125,0.0,0.33,1.0,1.0000001192092896,820.0,90.0,90.0,619.0,486.5,1.0,1.0,1.0
04_temporal_recency,3,Low-N-End,0.33300176834659595,0.5192423015832901,0.421419098143236,2.0,0.17045454545454544,0.5192423015832901,32.75,0.0,2.216822306315104,,,0.3916829427083333,0.3870880305767059,0.33,0.6129119694232941,0.5192423015832901,713.3333333333334,60.333333333333336,0.0,640.0,0.0,0.0,1.0,0.0
04_temporal_recency,3,Low-N-Mid,0.34053623188405796,0.5722520887851715,0.48356038647342997,2.0,0.0749658002735978,0.5722520887851715,23.4,0.0,2.2992581844329836,,,0.420556640625,0.4508220851421356,0.33,0.5491779148578644,0.5722520887851715,715.4,33.4,0.0,669.0,0.0,0.0,1.0,0.0
04_temporal_recency,3,Low-P-Beg,0.767156862745098,0.5885816588997841,0.392156862745098,2.0,0.39473684210526316,0.5885816588997841,34.5,7.0,2.336290955543518,,,0.394287109375,0.3669419437646866,0.33,0.6330580562353134,0.5885816588997841,643.0,54.0,0.0,576.0,0.0,0.0,1.0,0.0
04_temporal_recency,3,Low-P-End,0.9182429888951629,0.4192427936941385,0.7019398174289478,2.0,0.010421189752496738,0.4192427936941385,18.875,7.0,2.460634618997574,,,0.388427734375,0.512012654915452,0.33,0.487987345084548,0.4192427936941385,605.75,32.75,0.0,560.0,0.0,0.0,1.0,0.0
04_temporal_recency,3,Low-P-Mid,0.987012987012987,0.5293028482369014,0.7018422520523361,2.0,0.01569264069264067,0.5293028482369014,20.285714285714285,8.428571428571429,2.4789564079708524,,,0.3897569444444444,0.4519847300317552,0.33,0.5480152699682448,0.5293028482369014,602.5555555555555,31.555555555555557,0.0,558.0,0.0,0.0,1.0,0.0
04_temporal_recency,3,Low-T-Beg,0.4705882352941176,1.0000001192092896,0.0,2.0,1.0,1.0000001192092896,58.0,7.0,2.86354398727417,,,0.2763671875,0.0,0.33,1.0,1.0000001192092896,718.0,90.0,90.0,517.0,507.25,1.0,1.0,1.0
04_temporal_recency,3,Low-T-End,0.6799242424242423,0.7456183433532715,0.32291666666666663,2.0,0.15789473684210523,0.7456183433532715,23.5,5.5,2.229755481084188,,,0.384521484375,0.2839411199092865,0.33,0.7160588800907135,0.7456183433532715,594.0,47.0,0.0,534.0,0.0,0.0,1.0,0.0
04_temporal_recency,3,Low-T-Mid,0.7436417537837416,0.6615471988916397,0.5024379778436574,2.0,0.10609756097560975,0.6615471988916397,27.0,7.25,2.432185411453247,,,0.40283203125,0.3887463882565498,0.33,0.6112536117434502,0.6615471988916397,534.25,39.25,0.0,482.0,0.0,0.0,1.0,0.0
04_temporal_recency,3,Medium-N-Beg,0.2727272727272727,0.99717116355896,0.0,2.0,0.8378378378378378,0.99717116355896,58.0,1.0,2.3494908809661865,,,0.376220703125,0.0010440349578857,0.67,0.9989559650421144,0.99717116355896,1804.0,89.0,0.0,1702.0,0.0,0.0,1.0,0.0
04_temporal_recency,3,Medium-N-End,0.33318825079438885,0.5129626080393791,0.5613100829264512,2.0,0.09222591362126244,0.5129626080393791,24.0,0.2,2.5114490509033205,,,0.41162109375,0.4486195266246795,0.67,0.5513804733753205,0.5129626080393791,1786.8,34.8,0.0,1739.0,0.0,0.0,1.0,0.0
04_temporal_recency,3,Medium-N-Mid,0.3175599700149925,0.8169657985369364,0.22341954022988508,2.0,0.21137671177376222,0.8169657985369364,26.666666666666668,0.3333333333333333,2.5038281281789145,,,0.4261881510416667,0.1736410061518351,0.67,0.8263589938481649,0.8169657985369364,1870.0,39.0,0.0,1818.0,0.0,0.0,1.0,0.0
04_temporal_recency,3,Medium-P-Beg,0.5757575757575758,0.99717116355896,0.0,2.0,0.8378378378378378,0.99717116355896,58.0,12.0,2.3668460845947266,,,0.37548828125,0.0010440349578857,0.67,0.9989559650421144,0.99717116355896,1601.0,89.0,0.0,1499.0,0.0,0.0,1.0,0.0
04_temporal_recency,3,Medium-P-End,0.9753401360544218,0.40162863050188335,0.7627723154038943,2.0,0.009523809523809514,0.40162863050188335,19.571428571428573,7.285714285714286,2.732775926589966,,,0.377838134765625,0.5389468781650066,0.67,0.46105312183499336,0.40162863050188335,1483.375,31.375,0.0,1439.0,0.0,0.0,1.0,0.0
04_temporal_recency,3,Medium-P-Mid,1.0,0.42000730832417804,0.6203463203463203,2.0,0.030058535041923733,0.42000730832417804,22.333333333333332,8.333333333333334,2.767465511957804,,,0.4003092447916667,0.4463506539662679,0.67,0.5536493460337321,0.42000730832417804,1509.3333333333333,31.333333333333332,0.0,1465.0,0.0,0.0,1.0,0.0
04_temporal_recency,3,Medium-T-Beg,0.6848484848484848,0.8665664196014404,0.2,2.0,0.4189189189189189,0.8665664196014404,38.5,8.5,2.3614745140075684,,,0.34326171875,0.2081905305385589,0.67,0.791809469461441,0.8665664196014404,1512.0,57.0,0.0,1442.0,0.0,0.0,1.0,0.0
04_temporal_recency,3,Medium-T-End,0.7113397268235978,0.7010173002878824,0.5340308049985469,2.0,0.23809523809523808,0.7010173002878824,43.333333333333336,8.0,2.4878090222676597,,,0.3937174479166667,0.3548780381679535,0.67,0.6451219618320465,0.7010173002878824,1630.6666666666667,63.666666666666664,0.0,1554.0,0.0,0.0,1.0,0.0
04_temporal_recency,3,Medium-T-Mid,0.795,0.7453584522008896,0.47033653846153844,2.0,0.11666666666666663,0.7453584522008896,28.5,8.25,2.4217219948768616,,,0.384033203125,0.3814517706632614,0.67,0.6185482293367386,0.7453584522008896,1432.75,40.75,0.0,1379.0,0.0,0.0,1.0,0.0
04_temporal_recency,4,Low-N-Beg,0.38095238095238093,0.7032290399074554,0.0,2.0,0.3088235294117647,0.7032290399074554,34.0,0.0,2.5543298721313477,,,0.4207763671875,0.2616216540336609,0.33,0.7383783459663391,0.7032290399074554,689.0,44.0,7.0,617.0,9.8271484375,1.0,1.0,1.0
04_temporal_recency,4,Low-N-End,0.2941346153846154,0.5207384377717972,0.2742307692307692,2.0,0.125,0.5207384377717972,30.75,0.5,2.1741151809692383,,,0.4109700520833333,0.2639355659484863,0.33,0.7360644340515137,0.5207384377717972,624.3333333333334,49.333333333333336,0.0,562.0,0.0,0.0,1.0,0.0
04_temporal_recency,4,Low-N-Mid,0.39285714285714285,0.7032290399074554,0.0,2.0,0.3088235294117647,0.7032290399074554,34.0,0.5,2.45145046710968,,,0.34619140625,0.2616216540336609,0.33,0.7383783459663391,0.7032290399074554,689.0,44.0,7.0,617.0,9.7666015625,1.0,1.0,1.0
04_temporal_recency,4,Low-P-Beg,0.9030555555555555,0.5113501735031605,0.5751515151515152,2.0,0.019230769230769225,0.5113501735031605,24.0,8.75,2.4008866945902505,,,0.4124348958333333,0.3883723616600036,0.33,0.6116276383399963,0.5113501735031605,570.0,41.0,0.0,516.0,0.0,0.0,1.0,0.0
04_temporal_recency,4,Low-P-End,0.9876543209876543,0.4881920665502548,0.6380536130536131,2.0,0.0,0.4881920665502548,23.833333333333332,8.333333333333334,2.4329428374767303,,,0.39678955078125,0.5554332733154297,0.33,0.4445667266845703,0.4881920665502548,524.75,31.75,0.0,480.0,0.0,0.0,1.0,0.0
04_temporal_recency,4,Low-P-Mid,0.9920634920634921,0.49332972509520395,0.5838973270467608,2.0,0.0,0.49332972509520395,22.0,8.571428571428571,2.416206889682346,,,0.3838704427083333,0.4074641499254439,0.33,0.5925358500745561,0.49332972509520395,571.7777777777778,28.77777777777778,0.0,530.0,0.0,0.0,1.0,0.0
04_temporal_recency,4,Low-T-Beg,0.7028883278883279,0.7354117184877396,0.3178831303831304,2.0,0.2307692307692308,0.7354117184877396,33.75,6.25,2.4204108119010925,,,0.43646240234375,0.2094229310750961,0.33,0.7905770689249039,0.7354117184877396,614.5,42.5,0.0,559.0,0.0,0.0,1.0,0.0
04_temporal_recency,4,Low-T-End,0.9714285714285714,0.5900427818298339,0.6166566766566767,2.0,0.0,0.5900427818298339,29.2,10.2,2.5642574787139893,,,0.44013671875,0.3757564008235932,0.33,0.6242435991764068,0.5900427818298339,534.6,38.6,0.0,483.0,0.0,0.0,1.0,0.0
04_temporal_recency,4,Low-T-Mid,0.7976190476190477,0.7032290399074554,0.0,2.0,0.3088235294117647,0.7032290399074554,34.0,6.5,2.442206859588623,,,0.4305419921875,0.2616216540336609,0.33,0.7383783459663391,0.7032290399074554,567.0,44.0,7.0,495.0,8.5654296875,1.0,1.0,1.0
04_temporal_recency,4,Medium-N-Beg,0.5892857142857142,0.7032290399074554,0.0,2.0,0.3088235294117647,0.7032290399074554,34.0,3.0,2.852095365524292,,,0.4429931640625,0.2616216540336609,0.67,0.7383783459663391,0.7032290399074554,1745.0,44.0,7.0,1673.0,7.3564453125,1.0,1.0,1.0
04_temporal_recency,4,Medium-N-End,0.3424699240875711,0.31525907292962074,0.5083382370147076,2.0,0.13095238095238096,0.31525907292962074,23.166666666666668,0.6666666666666666,2.5142292181650796,,,0.4418538411458333,0.4493972609440486,0.67,0.5506027390559515,0.31525907292962074,1830.3333333333333,30.333333333333332,0.0,1787.0,0.0,0.0,1.0,0.0
04_temporal_recency,4,Medium-N-Mid,0.1375,0.4998416304588318,0.0,2.0,0.25,0.4998416304588318,32.5,0.0,2.415860891342163,,,0.428955078125,0.0160205364227294,0.67,0.9839794635772704,0.4998416304588318,1894.0,79.0,0.0,1802.0,0.0,0.0,1.0,0.0
04_temporal_recency,4,Medium-P-Beg,0.945887445887446,0.38376312809331076,0.707466501752216,2.0,0.0,0.38376312809331076,21.428571428571427,7.285714285714286,2.732755729130336,,,0.4098423549107143,0.45290829879896977,0.6700000000000002,0.5470917012010302,0.38376312809331076,1486.7142857142858,33.714285714285715,0.0,1440.0,0.0,0.0,1.0,0.0
04_temporal_recency,4,Medium-P-End,0.9924242424242424,0.4893075426419576,0.6249986124986124,2.0,0.0,0.4893075426419576,25.166666666666668,9.166666666666666,2.7378787199656167,,,0.4318033854166667,0.4148560216029485,0.67,0.5851439783970515,0.4893075426419576,1404.5,36.5,0.0,1355.0,0.0,0.0,1.0,0.0
04_temporal_recency,4,Medium-P-Mid,0.9735449735449736,0.43007032360349384,0.6940023484141131,2.0,0.0,0.43007032360349384,20.571428571428573,8.285714285714286,2.837870419025421,,,0.422515869140625,0.5271034203469753,0.67,0.4728965796530247,0.43007032360349384,1598.0,34.0,0.0,1551.0,0.0,0.0,1.0,0.0
04_temporal_recency,4,Medium-T-Beg,0.8957153957153957,0.47346724569797516,0.46944109530316425,2.0,0.10294117647058824,0.47346724569797516,26.333333333333332,7.333333333333333,2.6523125171661377,,,0.386083984375,0.3386658191680908,0.67,0.6613341808319092,0.47346724569797516,1494.4,41.4,7.0,1425.0,7.8609375,1.0,1.0,1.0
04_temporal_recency,4,Medium-T-End,0.9285714285714286,0.5705355405807495,0.566899585921325,2.0,0.0,0.5705355405807495,24.5,9.5,2.672168791294098,,,0.42681884765625,0.4005889520049095,0.67,0.5994110479950905,0.5705355405807495,1554.5,35.5,0.0,1506.0,0.0,0.0,1.0,0.0
04_temporal_recency,4,Medium-T-Mid,0.9456140350877194,0.5223537087440491,0.6489348370927318,2.0,0.0,0.5223537087440491,27.2,9.4,2.750717115402222,,,0.41279296875,0.41542969346046443,0.67,0.5845703065395356,0.5223537087440491,1610.0,38.0,0.0,1559.0,0.0,0.0,1.0,0.0
04_temporal_recency,5,Low-N-Beg,0.29210227465452787,0.5999656915664673,0.5318484196815619,2.0,0.14285714285714288,0.5999656915664673,28.0,0.2,2.271384334564209,,,0.356591796875,0.2961466908454895,0.33,0.7038533091545105,0.5999656915664673,748.4,37.4,0.0,698.0,0.0,0.0,1.0,0.0
04_temporal_recency,5,Low-N-End,0.265172735760971,0.5974801977475485,0.5191409897292251,2.0,0.09999999999999999,0.5974801977475485,25.333333333333332,0.0,2.3213107585906982,,,0.420654296875,0.3758288323879242,0.33,0.6241711676120758,0.5974801977475485,678.6666666666666,31.666666666666668,0.0,634.0,0.0,0.0,1.0,0.0
04_temporal_recency,5,Low-N-Mid,0.2835748792270531,0.5546745260556539,0.7642512077294685,2.0,0.0,0.5546745260556539,25.666666666666668,0.3333333333333333,2.1556406815846763,,,0.342529296875,0.4492087463537851,0.33,0.5507912536462148,0.5546745260556539,689.3333333333334,30.333333333333332,0.0,646.0,0.0,0.0,1.0,0.0
04_temporal_recency,5,Low-P-Beg,0.5685185185185185,0.2692098950760232,0.8117756789325417,2.0,0.0,0.2692098950760232,7.666666666666667,2.6666666666666665,2.3865299906049455,,,0.3762904575892857,0.5402819620711463,0.33,0.45971803792885374,0.2692098950760232,526.3571428571429,22.357142857142858,0.0,491.0,0.0,0.0,1.0,0.0
04_temporal_recency,5,Low-P-End,0.986842105263158,0.4493568390607834,0.6627937267410952,2.0,0.0,0.4493568390607834,28.25,11.0,2.4688162207603455,,,0.38397216796875,0.4714555367827415,0.33,0.5285444632172585,0.4493568390607834,589.75,43.75,0.0,533.0,0.0,0.0,1.0,0.0
04_temporal_recency,5,Low-P-Mid,0.9880952380952381,0.4487967590490977,0.6719787255132972,2.0,0.0,0.4487967590490977,23.0,11.5,2.6140279471874237,,,0.419342041015625,0.4583705589175224,0.33,0.5416294410824776,0.4487967590490977,583.25,35.25,0.0,535.0,0.0,0.0,1.0,0.0
04_temporal_recency,5,Low-T-Beg,0.7934553872053872,0.4607051685452461,0.6215277777777778,2.0,0.007575757575757575,0.4607051685452461,29.0,10.0,2.500649929046631,,,0.440185546875,0.4310295730829239,0.33,0.5689704269170761,0.4607051685452461,603.0,43.0,0.0,547.0,0.0,0.0,1.0,0.0
04_temporal_recency,5,Low-T-End,0.45793046327805687,0.3802843012593009,0.7257255519287604,2.0,0.0,0.3802843012593009,13.0,3.6363636363636362,2.3316921847207204,,,0.40171595982142855,0.4705101400613785,0.33,0.5294898599386215,0.3802843012593009,525.8571428571429,31.857142857142858,0.0,481.0,0.0,0.0,1.0,0.0
04_temporal_recency,5,Low-T-Mid,0.722923484494312,0.5302470624446869,0.6621474209131993,2.0,0.0,0.5302470624446869,31.333333333333332,8.333333333333334,2.417417645454407,,,0.4041748046875,0.3324499726295471,0.33,0.6675500273704529,0.5302470624446869,600.0,68.0,0.0,519.0,0.0,0.0,1.0,0.0
04_temporal_recency,5,Medium-N-Beg,0.1720300751879699,0.43305044770240786,0.6370426065162906,2.0,0.1,0.43305044770240786,14.7,0.3,2.5970924581800188,,,0.44576590401785715,0.3965431856257575,0.67,0.6034568143742425,0.43305044770240786,1866.7142857142858,37.714285714285715,0.0,1816.0,0.0,0.0,1.0,0.0
04_temporal_recency,5,Medium-N-End,0.3013725490196078,0.5558713873227438,0.6694117647058824,2.0,0.0,0.5558713873227438,25.0,0.3333333333333333,2.4727977911631265,,,0.4097493489583333,0.3412151137987772,0.67,0.6587848862012228,0.5558713873227438,1777.3333333333333,32.333333333333336,0.0,1732.0,0.0,0.0,1.0,0.0
04_temporal_recency,5,Medium-N-Mid,0.3065151986720614,0.5630708237489065,0.6709007677144931,2.0,0.0,0.5630708237489065,25.666666666666668,0.6666666666666666,2.6143705368041994,,,0.43095703125,0.4460022151470184,0.67,0.5539977848529816,0.5630708237489065,1762.0,45.0,0.0,1704.0,0.0,0.0,1.0,0.0
04_temporal_recency,5,Medium-P-Beg,0.9852437417654809,0.46287471055984497,0.7119565217391305,2.0,0.0,0.46287471055984497,27.4,11.6,2.5699306964874267,,,0.391748046875,0.4671553134918212,0.67,0.5328446865081787,0.46287471055984497,1426.2,41.2,0.0,1372.0,0.0,0.0,1.0,0.0
04_temporal_recency,5,Medium-P-End,0.661911958459273,0.31128343194723124,0.7905840401802174,2.0,0.0,0.31128343194723124,12.818181818181818,5.090909090909091,2.6108548781451058,,,0.3928797104779412,0.5445227360024172,0.67,0.4554772639975828,0.31128343194723124,1528.5294117647059,27.529411764705884,0.0,1488.0,0.0,0.0,1.0,0.0
04_temporal_recency,5,Medium-P-Mid,1.0,0.3015479147434234,0.7648554060318767,2.0,0.0,0.3015479147434234,23.333333333333332,9.833333333333334,2.79120056382541,,,0.40704977101293105,0.4659842581584535,0.67,0.5340157418415464,0.3015479147434234,1541.551724137931,34.55172413793103,0.0,1494.0,0.0,0.0,1.0,0.0
04_temporal_recency,5,Medium-T-Beg,0.48463203463203464,0.36106393933296205,0.6661931818181818,2.0,0.1,0.36106393933296205,13.9,3.3,2.680105686187744,,,0.42704634232954547,0.3849151852456006,0.67,0.6150848147543994,0.36106393933296205,1602.6363636363637,35.63636363636363,0.0,1554.0,0.0,0.0,1.0,0.0
04_temporal_recency,5,Medium-T-End,0.6019917582417583,0.316573042422533,0.7780663780663781,2.0,0.0,0.316573042422533,8.5625,3.0625,2.5727044145266214,,,0.3882853190104167,0.492298645277818,0.67,0.5077013547221819,0.316573042422533,1365.0833333333333,27.083333333333332,0.0,1325.0,0.0,0.0,1.0,0.0
04_temporal_recency,5,Medium-T-Mid,0.47091951258617926,0.3711839038878679,0.7063391855058522,2.0,0.019607843137254898,0.3711839038878679,8.0,2.4444444444444446,2.436669804833152,,,0.3782626065340909,0.48169576850804413,0.6699999999999999,0.5183042314919558,0.3711839038878679,1476.090909090909,24.09090909090909,0.0,1439.0,0.0,0.0,1.0,0.0
04_temporal_recency,6,Low-N-Beg,0.26666666666666666,0.2098112627863884,0.6785714285714286,2.0,0.0,0.2098112627863884,23.0,0.0,2.3546783924102783,,,0.3876953125,0.5664574205875397,0.33,0.4335425794124603,0.2098112627863884,736.5,26.5,0.0,697.0,0.0,0.0,1.0,0.0
04_temporal_recency,6,Low-N-End,0.2554347826086957,0.48675769567489624,0.6576086956521738,2.0,0.0,0.48675769567489624,22.5,0.0,2.33144211769104,,,0.4041748046875,0.5204782038927078,0.33,0.4795217961072922,0.48675769567489624,647.5,27.5,0.0,607.0,0.0,0.0,1.0,0.0
04_temporal_recency,6,Low-N-Mid,0.225,0.4889177680015564,0.625,2.0,0.0,0.4889177680015564,24.0,0.5,2.355661153793335,,,0.3988037109375,0.5023058652877808,0.33,0.49769413471221924,0.4889177680015564,780.0,30.0,0.0,737.0,0.0,0.0,1.0,0.0
04_temporal_recency,6,Low-P-Beg,0.8181818181818182,0.7777525782585144,0.5454545454545454,2.0,0.0,0.7777525782585144,25.0,12.0,2.53317928314209,,,0.440673828125,0.2985699772834778,0.33,0.7014300227165222,0.7777525782585144,601.0,42.0,0.0,546.0,0.0,0.0,1.0,0.0
04_temporal_recency,6,Low-P-End,0.9122807017543858,0.6247557600339254,0.7263157894736842,2.0,0.0,0.6247557600339254,28.0,14.0,2.43513560295105,,,0.3926595052083333,0.3661621411641439,0.33,0.6338378588358561,0.6247557600339254,621.3333333333334,44.333333333333336,0.0,564.0,0.0,0.0,1.0,0.0
04_temporal_recency,6,Low-P-Mid,0.6397058823529411,0.5652322471141815,0.6191176470588236,2.0,0.0,0.5652322471141815,19.5,7.5,2.502987504005432,,,0.4122314453125,0.4054180830717087,0.33,0.5945819169282913,0.5652322471141815,636.5,29.5,0.0,594.0,0.0,0.0,1.0,0.0
04_temporal_recency,6,Low-T-Beg,0.37648809523809523,0.6635710597038269,0.5044642857142857,2.0,0.0453296703296703,0.6635710597038269,26.0,3.0,2.368762493133545,,,0.3931884765625,0.2623095214366913,0.33,0.7376904785633087,0.6635710597038269,607.0,36.0,0.0,558.0,0.0,0.0,1.0,0.0
04_temporal_recency,6,Low-T-End,0.4097222222222222,0.6514766017595927,0.5236111111111111,2.0,0.0315614617940199,0.6514766017595927,17.666666666666668,3.0,2.2689483960469565,,,0.39013671875,0.2638347546259562,0.33,0.7361652453740438,0.6514766017595927,599.0,25.0,0.0,561.0,0.0,0.0,1.0,0.0
04_temporal_recency,6,Low-T-Mid,0.3444444444444444,0.6514766017595927,0.5236111111111111,2.0,0.0315614617940199,0.6514766017595927,17.666666666666668,2.6666666666666665,2.3121511936187744,,,0.4208984375,0.2638347546259562,0.33,0.7361652453740438,0.6514766017595927,576.0,25.0,0.0,538.0,0.0,0.0,1.0,0.0
04_temporal_recency,6,Medium-N-Beg,0.3489130434782608,0.39946502447128296,0.6630434782608696,2.0,0.0,0.39946502447128296,24.0,1.0,2.6414331197738647,,,0.418701171875,0.5385061949491501,0.67,0.4614938050508499,0.39946502447128296,1930.5,29.5,0.0,1888.0,0.0,0.0,1.0,0.0
04_temporal_recency,6,Medium-N-End,0.3237688237688237,0.507545550664266,0.5036630036630036,2.0,0.008130081300813,0.507545550664266,20.333333333333332,0.3333333333333333,2.7361695766448975,,,0.4068196614583333,0.5665696461995442,0.67,0.43343035380045575,0.507545550664266,1791.3333333333333,24.333333333333332,0.0,1754.0,0.0,0.0,1.0,0.0
04_temporal_recency,6,Medium-N-Mid,0.4657407407407407,0.3815564960241318,0.6574074074074074,2.0,0.0,0.3815564960241318,25.0,1.5,2.5769078731536865,,,0.423828125,0.4612737596035003,0.67,0.5387262403964996,0.3815564960241318,1731.0,30.0,0.0,1688.0,0.0,0.0,1.0,0.0
04_temporal_recency,6,Medium-P-Beg,0.7777777777777778,0.6670908331871033,0.6111111111111112,2.0,0.0,0.6670908331871033,19.0,9.0,2.675017833709717,,,0.4091796875,0.3307782411575317,0.67,0.6692217588424683,0.6670908331871033,1799.0,33.0,0.0,1753.0,0.0,0.0,1.0,0.0
04_temporal_recency,6,Medium-P-End,0.8636363636363636,0.7633228898048401,0.6363636363636364,2.0,0.0,0.7633228898048401,24.0,14.0,2.781402826309204,,,0.410888671875,0.2858438491821289,0.67,0.7141561508178711,0.7633228898048401,1636.0,49.0,0.0,1574.0,0.0,0.0,1.0,0.0
04_temporal_recency,6,Medium-P-Mid,0.7583333333333333,0.5961873233318329,0.663888888888889,2.0,0.0,0.5961873233318329,15.0,6.5,2.717023730278015,,,0.4130859375,0.3984583616256714,0.67,0.6015416383743286,0.5961873233318329,1541.0,27.0,0.0,1501.0,0.0,0.0,1.0,0.0
04_temporal_recency,6,Medium-T-Beg,0.6444444444444444,0.6652078827222189,0.45185185185185184,2.0,0.0340677274581803,0.6652078827222189,15.0,4.333333333333333,2.435058275858561,,,0.388427734375,0.2568772435188293,0.67,0.7431227564811707,0.6652078827222189,1745.0,22.0,0.0,1710.0,0.0,0.0,1.0,0.0
04_temporal_recency,6,Medium-T-End,0.75,0.5828793048858643,0.5,2.0,0.0,0.5828793048858643,13.0,6.0,2.4389541149139404,,,0.34375,0.3089167475700378,0.67,0.6910832524299622,0.5828793048858643,1594.0,26.0,0.0,1555.0,0.0,0.0,1.0,0.0
04_temporal_recency,6,Medium-T-Mid,0.5481481481481482,0.6652078827222189,0.45185185185185184,2.0,0.0340677274581803,0.6652078827222189,15.0,4.0,2.4547539552052817,,,0.40234375,0.2568772435188293,0.67,0.7431227564811707,0.6652078827222189,1666.0,22.0,0.0,1631.0,0.0,0.0,1.0,0.0
04_temporal_recency,7,Low-N-Beg,0.28125,0.5843893736600876,0.29166666666666663,2.0,0.01162790697674415,0.5843893736600876,15.5,0.0,2.1269962787628174,,,0.329833984375,0.3470551669597626,0.33,0.6529448330402374,0.5843893736600876,694.0,22.0,0.0,659.0,0.0,0.0,1.0,0.0
04_temporal_recency,7,Low-N-End,0.2651515151515151,0.6096283197402954,0.22348484848484845,2.0,0.01162790697674415,0.6096283197402954,12.5,0.5,2.252258062362671,,,0.3671875,0.3270011246204376,0.33,0.6729988753795624,0.6096283197402954,665.5,18.5,0.0,634.0,0.0,0.0,1.0,0.0
04_temporal_recency,7,Low-N-Mid,0.3094512195121951,0.841915488243103,0.2225609756097561,2.0,0.2807714123652864,0.841915488243103,33.0,0.0,2.3238598108291626,,,0.4000244140625,0.1815266907215118,0.33,0.8184733092784882,0.841915488243103,735.0,47.0,0.0,675.0,0.0,0.0,1.0,0.0
04_temporal_recency,7,Low-P-Beg,0.6712962962962963,0.5591157227754593,0.34259259259259256,2.0,0.01162790697674415,0.5591157227754593,21.0,6.0,2.3560129404067993,,,0.4266357421875,0.3155983984470367,0.33,0.6844016015529633,0.5591157227754593,579.5,31.5,0.0,535.0,0.0,0.0,1.0,0.0
04_temporal_recency,7,Low-P-End,0.968688725490196,0.3410289771854877,0.6051081243752431,2.0,0.00575396825396825,0.3410289771854877,21.625,10.25,2.637832820415497,,,0.43975830078125,0.4068140164017677,0.33,0.5931859835982323,0.3410289771854877,574.125,35.125,0.0,526.0,0.0,0.0,1.0,0.0
04_temporal_recency,7,Low-P-Mid,0.9032051282051282,0.3181981146335602,0.5536630036630036,2.0,0.005813953488372075,0.3181981146335602,17.75,8.25,2.506457269191742,,,0.45513916015625,0.4574558660387993,0.33,0.5425441339612007,0.3181981146335602,549.0,25.0,0.0,511.0,0.0,0.0,1.0,0.0
04_temporal_recency,7,Low-T-Beg,0.606060606060606,0.6096283197402954,0.22348484848484845,2.0,0.01162790697674415,0.6096283197402954,12.5,4.0,2.305242896080017,,,0.375732421875,0.3270011246204376,0.33,0.6729988753795624,0.6096283197402954,604.5,18.5,0.0,573.0,0.0,0.0,1.0,0.0
04_temporal_recency,7,Low-T-End,0.7348484848484849,0.6096283197402954,0.22348484848484845,2.0,0.01162790697674415,0.6096283197402954,12.5,4.5,2.235099673271179,,,0.355712890625,0.3270011246204376,0.33,0.6729988753795624,0.6096283197402954,591.5,18.5,0.0,560.0,0.0,0.0,1.0,0.0
04_temporal_recency,7,Low-T-Mid,0.7348484848484849,0.6096283197402954,0.22348484848484845,2.0,0.01162790697674415,0.6096283197402954,12.5,4.0,2.2868624925613403,,,0.391357421875,0.3270011246204376,0.33,0.6729988753795624,0.6096283197402954,554.5,18.5,0.0,523.0,0.0,0.0,1.0,0.0
04_temporal_recency,7,Medium-N-Beg,0.4083247334021327,0.6373264094193777,0.39310285517715854,2.0,0.0077519379844961,0.6373264094193777,17.333333333333332,2.0,2.5143092473347983,,,0.393798828125,0.4220001697540283,0.67,0.5779998302459717,0.6373264094193777,2016.0,26.0,0.0,1977.0,0.0,0.0,1.0,0.0
04_temporal_recency,7,Medium-N-End,0.30681818181818177,0.6096283197402954,0.22348484848484845,2.0,0.01162790697674415,0.6096283197402954,12.5,0.0,2.6279008388519287,,,0.4298095703125,0.3270011246204376,0.67,0.6729988753795624,0.6096283197402954,1986.5,18.5,0.0,1955.0,0.0,0.0,1.0,0.0
04_temporal_recency,7,Medium-N-Mid,0.21969696969696967,0.5961220860481262,0.22348484848484845,2.0,0.02412790697674415,0.5961220860481262,13.0,0.0,2.5365676879882812,,,0.408203125,0.4001671373844147,0.67,0.5998328626155853,0.5961220860481262,2028.0,19.0,0.0,1996.0,0.0,0.0,1.0,0.0
04_temporal_recency,7,Medium-P-Beg,1.0,0.491344153881073,0.1666666666666666,2.0,0.0232558139534883,0.491344153881073,13.0,7.0,2.6114096641540527,,,0.3896484375,0.3131304383277893,0.67,0.6868695616722107,0.491344153881073,1599.0,21.0,0.0,1565.0,0.0,0.0,1.0,0.0
04_temporal_recency,7,Medium-P-End,1.0,0.2849796507507562,0.7778635090399796,2.0,0.0029069767441860374,0.2849796507507562,19.125,9.875,2.7778672642178006,,,0.4326985677083333,0.5173768798510234,0.67,0.4826231201489766,0.2849796507507562,1654.3333333333333,28.333333333333332,0.0,1613.0,0.0,0.0,1.0,0.0
04_temporal_recency,7,Medium-P-Mid,1.0,0.3897533118724823,0.1666666666666666,2.0,0.0232558139534883,0.3897533118724823,13.0,8.0,2.814579486846924,,,0.43115234375,0.2830766439437866,0.67,0.7169233560562134,0.3897533118724823,1672.0,22.0,0.0,1637.0,0.0,0.0,1.0,0.0
04_temporal_recency,7,Medium-T-Beg,0.5234567901234568,0.7025436957677206,0.2987654320987654,2.0,0.0555122655122655,0.7025436957677206,20.333333333333332,4.0,2.353447357813517,,,0.3524576822916667,0.2448041041692098,0.67,0.7551958958307902,0.7025436957677206,1494.6666666666667,31.666666666666668,0.0,1450.0,0.0,0.0,1.0,0.0
04_temporal_recency,7,Medium-T-End,0.6535326086956521,0.5093572661280632,0.35602355072463765,2.0,0.0109159943046986,0.5093572661280632,16.0,5.0,2.456495702266693,,,0.381591796875,0.4032192379236221,0.67,0.5967807620763779,0.5093572661280632,1450.75,22.75,0.0,1415.0,0.0,0.0,1.0,0.0
04_temporal_recency,7,Medium-T-Mid,0.6402956192358367,0.547491192817688,0.3719326416337286,2.0,0.0109159943046986,0.547491192817688,16.25,4.5,2.441539227962494,,,0.3818359375,0.3656545132398605,0.67,0.6343454867601395,0.547491192817688,1425.25,23.25,0.0,1389.0,0.0,0.0,1.0,0.0
04_temporal_recency,8,Low-N-Beg,0.2857142857142857,0.4544408917427063,0.4285714285714285,2.0,0.0,0.4544408917427063,15.0,0.0,2.24885630607605,,,0.48046875,0.1840916872024536,0.33,0.8159083127975464,0.4544408917427063,832.0,30.0,0.0,789.0,0.0,0.0,1.0,0.0
04_temporal_recency,8,Low-N-End,0.2352941176470588,0.4620687961578369,0.5294117647058824,2.0,0.0,0.4620687961578369,20.0,0.0,2.363994836807251,,,0.42236328125,0.2672887444496155,0.33,0.7327112555503845,0.4620687961578369,710.0,37.0,0.0,660.0,0.0,0.0,1.0,0.0
04_temporal_recency,8,Low-N-Mid,0.2352941176470588,0.4620687961578369,0.5294117647058824,2.0,0.0,0.4620687961578369,20.0,0.0,2.1578257083892822,,,0.3916015625,0.2672887444496155,0.33,0.7327112555503845,0.4620687961578369,715.0,37.0,0.0,665.0,0.0,0.0,1.0,0.0
04_temporal_recency,8,Low-P-Beg,1.0,0.28225724150737125,0.8373376623376623,2.0,0.0,0.28225724150737125,25.166666666666668,11.0,2.7030617925855847,,,0.4412706163194444,0.7830889912115203,0.33,0.21691100878847966,0.28225724150737125,651.4444444444445,34.44444444444444,0.0,604.0,0.0,0.0,1.0,0.0
04_temporal_recency,8,Low-P-End,0.7142857142857143,0.3575722575187683,0.5714285714285714,2.0,0.0,0.3575722575187683,15.0,6.0,2.476246356964112,,,0.42041015625,0.5041269063949585,0.33,0.4958730936050415,0.3575722575187683,605.0,29.0,0.0,563.0,0.0,0.0,1.0,0.0
04_temporal_recency,8,Low-P-Mid,0.7912222222222222,0.299725392460823,0.7731666666666667,2.0,0.0,0.299725392460823,18.6,6.0,2.503403377532959,,,0.417333984375,0.776222950220108,0.33,0.22377704977989193,0.299725392460823,570.0,26.0,0.0,531.0,0.0,0.0,1.0,0.0
04_temporal_recency,8,Low-T-Beg,0.4117647058823529,0.4620687961578369,0.5294117647058824,2.0,0.0,0.4620687961578369,20.0,2.0,2.420809030532837,,,0.418212890625,0.2672887444496155,0.33,0.7327112555503845,0.4620687961578369,618.0,37.0,0.0,568.0,0.0,0.0,1.0,0.0
04_temporal_recency,8,Low-T-End,0.5327272727272727,0.37165993452072144,0.7036363636363636,2.0,0.0,0.37165993452072144,25.0,4.0,2.441562056541443,,,0.42138671875,0.5499268621206284,0.33,0.45007313787937164,0.37165993452072144,613.5,36.5,0.0,564.0,0.0,0.0,1.0,0.0
04_temporal_recency,8,Low-T-Mid,0.3888888888888889,0.4676152467727661,0.5555555555555556,2.0,0.0,0.4676152467727661,20.0,1.0,2.303408145904541,,,0.369384765625,0.2623735070228576,0.33,0.7376264929771423,0.4676152467727661,579.0,37.0,0.0,529.0,0.0,0.0,1.0,0.0
04_temporal_recency,8,Medium-N-Beg,0.2857142857142857,0.4544408917427063,0.4285714285714285,2.0,0.0,0.4544408917427063,15.0,0.0,2.5766472816467285,,,0.4541015625,0.1840916872024536,0.67,0.8159083127975464,0.4544408917427063,1908.0,30.0,0.0,1865.0,0.0,0.0,1.0,0.0
04_temporal_recency,8,Medium-N-Mid,0.3571428571428571,0.30408334732055664,0.7023809523809523,2.0,0.0,0.30408334732055664,18.5,0.0,2.515252113342285,,,0.3887939453125,0.828015897423029,0.67,0.171984102576971,0.30408334732055664,2027.5,22.5,0.0,1992.0,0.0,0.0,1.0,0.0
04_temporal_recency,8,Medium-P-Beg,1.0,0.3098883181810379,0.7948717948717949,2.0,0.0,0.3098883181810379,24.5,9.0,2.7734216451644897,,,0.4488525390625,0.6815837994217873,0.67,0.31841620057821274,0.3098883181810379,1617.0,36.0,0.0,1568.0,0.0,0.0,1.0,0.0
04_temporal_recency,8,Medium-P-End,0.9166666666666666,0.3525125980377197,0.875,2.0,0.0,0.3525125980377197,51.0,23.0,2.698629856109619,,,0.4630126953125,0.6925357058644295,0.67,0.3074642941355705,0.3525125980377197,1697.5,40.5,0.0,1644.0,0.0,0.0,1.0,0.0
04_temporal_recency,8,Medium-P-Mid,0.6463768115942029,0.371507003903389,0.7362318840579709,2.0,0.0,0.371507003903389,21.0,6.5,2.641099214553833,,,0.452392578125,0.6575902700424194,0.67,0.34240972995758057,0.371507003903389,1742.0,30.0,0.0,1699.0,0.0,0.0,1.0,0.0
04_temporal_recency,8,Medium-T-Beg,0.7857142857142857,0.3326828181743622,0.5714285714285714,2.0,0.0,0.3326828181743622,15.0,5.0,2.482263565063477,,,0.401123046875,0.3881575465202331,0.67,0.6118424534797668,0.3326828181743622,1599.0,32.0,0.0,1554.0,0.0,0.0,1.0,0.0
04_temporal_recency,8,Medium-T-End,0.6153846153846154,0.2797578275203705,0.5384615384615384,2.0,0.0,0.2797578275203705,14.0,5.0,2.4938864707946777,,,0.4267578125,0.583752453327179,0.67,0.416247546672821,0.2797578275203705,1637.0,29.0,0.0,1595.0,0.0,0.0,1.0,0.0
04_temporal_recency,8,Medium-T-Mid,0.5,0.4544408917427063,0.4285714285714285,2.0,0.0,0.4544408917427063,15.0,1.0,2.5560193061828613,,,0.419189453125,0.1840916872024536,0.67,0.8159083127975464,0.4544408917427063,1632.0,30.0,0.0,1589.0,0.0,0.0,1.0,0.0
04_temporal_recency,9,High-P-Mid,0.9464285714285714,0.4505307823419571,0.6368589743589743,2.0,0.0128205128205128,0.4505307823419571,22.75,8.0,2.510327398777008,,,0.36480712890625,0.384158231317997,1.0,0.615841768682003,0.4505307823419571,1574.25,32.25,0.0,1529.0,0.0,0.0,1.0,0.0
04_temporal_recency,9,Low-N-Beg,0.2857142857142857,0.7517217397689819,0.0,2.0,0.1428571428571428,0.7517217397689819,15.0,0.0,2.3526182174682617,,,0.430419921875,0.2704827189445495,0.33,0.7295172810554504,0.7517217397689819,763.0,33.0,0.0,717.0,0.0,0.0,1.0,0.0
04_temporal_recency,9,Low-N-End,0.2142857142857142,0.7517217397689819,0.0,2.0,0.1428571428571428,0.7517217397689819,15.0,0.0,2.188159227371216,,,0.383544921875,0.2704827189445495,0.33,0.7295172810554504,0.7517217397689819,643.0,33.0,0.0,597.0,0.0,0.0,1.0,0.0
04_temporal_recency,9,Low-N-Mid,0.2142857142857142,0.7517217397689819,0.0,2.0,0.1428571428571428,0.7517217397689819,15.0,0.0,2.318906784057617,,,0.39501953125,0.2704827189445495,0.33,0.7295172810554504,0.7517217397689819,790.0,33.0,0.0,744.0,0.0,0.0,1.0,0.0
04_temporal_recency,9,Low-P-Beg,0.7761437908496731,0.742816686630249,0.3218954248366013,2.0,0.08108108108108104,0.742816686630249,20.0,3.5,2.330579400062561,,,0.3909912109375,0.2796002328395843,0.33,0.7203997671604156,0.742816686630249,570.0,34.0,0.0,523.0,0.0,0.0,1.0,0.0
04_temporal_recency,9,Low-P-End,1.0,0.4868519455194473,0.7340955190139973,2.0,0.007936507936507933,0.4868519455194473,26.666666666666668,9.833333333333334,2.6627535025278726,,,0.432861328125,0.4071195473273595,0.33,0.5928804526726404,0.4868519455194473,546.6666666666666,36.666666666666664,0.0,497.0,0.0,0.0,1.0,0.0
04_temporal_recency,9,Low-P-Mid,0.9795918367346939,0.4572431892156601,0.6776289187003472,2.0,0.011583011583011572,0.4572431892156601,21.0,8.0,2.5208075046539307,,,0.4010532924107143,0.4359798942293439,0.33,0.5640201057706561,0.4572431892156601,585.5714285714286,29.571428571428573,0.0,543.0,0.0,0.0,1.0,0.0
04_temporal_recency,9,Low-T-Beg,0.5,0.7517217397689819,0.0,2.0,0.1428571428571428,0.7517217397689819,15.0,1.0,2.303797721862793,,,0.350830078125,0.2704827189445495,0.33,0.7295172810554504,0.7517217397689819,565.0,33.0,0.0,519.0,0.0,0.0,1.0,0.0
04_temporal_recency,9,Low-T-End,0.9523809523809524,0.4578150749206543,0.7811090225563909,2.0,0.004761904761904761,0.4578150749206543,20.2,5.8,2.665024423599243,,,0.4572265625,0.5111968338489532,0.33,0.48880316615104674,0.4578150749206543,587.4,30.4,0.0,544.0,0.0,0.0,1.0,0.0
04_temporal_recency,9,Low-T-Mid,0.5,0.7517217397689819,0.0,2.0,0.1428571428571428,0.7517217397689819,15.0,1.0,2.4050025939941406,,,0.39990234375,0.2704827189445495,0.33,0.7295172810554504,0.7517217397689819,577.0,33.0,0.0,531.0,0.0,0.0,1.0,0.0
04_temporal_recency,9,Medium-N-Beg,0.2142857142857142,0.7517217397689819,0.0,2.0,0.1428571428571428,0.7517217397689819,15.0,0.0,2.484701633453369,,,0.398681640625,0.2704827189445495,0.67,0.7295172810554504,0.7517217397689819,2048.0,12.0,0.0,2023.0,0.0,0.0,1.0,0.0
04_temporal_recency,9,Medium-N-End,0.2857142857142857,0.7517217397689819,0.0,2.0,0.1428571428571428,0.7517217397689819,15.0,0.0,2.612222194671631,,,0.429931640625,0.2704827189445495,0.67,0.7295172810554504,0.7517217397689819,1950.0,33.0,0.0,1904.0,0.0,0.0,1.0,0.0
04_temporal_recency,9,Medium-P-Beg,0.6964285714285715,0.7381521662076315,0.08928571428571426,2.0,0.1816581558517042,0.7381521662076315,17.0,4.666666666666667,2.4605831305185952,,,0.4146321614583333,0.2285123268763224,0.67,0.7714876731236776,0.7381521662076315,1503.3333333333333,31.333333333333332,0.0,1459.0,0.0,0.0,1.0,0.0
04_temporal_recency,9,Medium-P-End,0.988095238095238,0.456628246853749,0.6982151835093011,2.0,0.0087719298245614,0.456628246853749,23.0,9.833333333333334,2.811514655749003,,,0.4256998697916667,0.4127688556909561,0.67,0.5872311443090439,0.456628246853749,1711.6666666666667,35.666666666666664,0.0,1663.0,0.0,0.0,1.0,0.0
04_temporal_recency,9,Medium-P-Mid,0.9873772791023843,0.497964970767498,0.7226974452822156,2.0,0.011363636363636348,0.497964970767498,27.5,11.333333333333334,2.8260424931844077,,,0.4143880208333333,0.4428148219982782,0.67,0.5571851780017217,0.497964970767498,1525.6666666666667,38.666666666666664,0.0,1474.0,0.0,0.0,1.0,0.0
04_temporal_recency,9,Medium-T-Beg,0.5,0.7517217397689819,0.0,2.0,0.1428571428571428,0.7517217397689819,15.0,1.0,2.510518312454224,,,0.390380859375,0.2704827189445495,0.67,0.7295172810554504,0.7517217397689819,1445.0,33.0,0.0,1399.0,0.0,0.0,1.0,0.0
04_temporal_recency,9,Medium-T-End,0.9935064935064936,0.4054064835820879,0.7864784490871447,2.0,0.0033222591362126143,0.4054064835820879,21.714285714285715,8.142857142857142,2.7716762754652233,,,0.4290635850694444,0.466655883524153,0.67,0.533344116475847,0.4054064835820879,1687.2222222222222,33.22222222222222,0.0,1641.0,0.0,0.0,1.0,0.0
04_temporal_recency,9,Medium-T-Mid,0.5,0.7517217397689819,0.0,2.0,0.1428571428571428,0.7517217397689819,15.0,1.0,2.673656702041626,,,0.45654296875,0.2704827189445495,0.67,0.7295172810554504,0.7517217397689819,1558.0,33.0,0.0,1512.0,0.0,0.0,1.0,0.0
04_temporal_recency,10,Low-N-Beg,0.2971014492753623,0.7946771085262299,0.0,2.0,0.2490530303030303,0.7946771085262299,18.5,0.0,2.504761815071106,,,0.403076171875,0.1301943361759185,0.33,0.8698056638240814,0.7946771085262299,676.5,36.5,0.0,627.0,0.0,0.0,1.0,0.0
04_temporal_recency,10,Low-N-End,0.3176470588235294,0.7596341073513031,0.12941176470588234,2.0,0.1515151515151515,0.7596341073513031,16.0,0.0,2.5289777517318726,,,0.4305419921875,0.194920539855957,0.33,0.805079460144043,0.7596341073513031,679.5,28.5,0.0,638.0,0.0,0.0,1.0,0.0
04_temporal_recency,10,Low-N-Mid,0.4509803921568627,0.7614697813987732,0.1111111111111111,2.0,0.171875,0.7614697813987732,15.5,0.0,2.4949238300323486,,,0.435791015625,0.2307677268981933,0.33,0.7692322731018066,0.7614697813987732,739.5,28.5,0.0,698.0,0.0,0.0,1.0,0.0
04_temporal_recency,10,Low-P-Beg,0.8204499748617395,0.508321096499761,0.45299145299145294,2.0,0.037037037037037035,0.508321096499761,26.666666666666668,8.0,2.5038411617279053,,,0.423095703125,0.387826939423879,0.33,0.612173060576121,0.508321096499761,581.6666666666666,33.666666666666664,0.0,535.0,0.0,0.0,1.0,0.0
04_temporal_recency,10,Low-P-End,1.0,0.5531625226140022,0.6282976827094474,2.0,0.0,0.5531625226140022,18.0,6.5,2.5261122584342957,,,0.4298095703125,0.4544821754097938,0.33,0.5455178245902061,0.5531625226140022,565.75,23.75,0.0,529.0,0.0,0.0,1.0,0.0
04_temporal_recency,10,Low-P-Mid,0.8031122448979592,0.5875073799065181,0.519234693877551,2.0,0.037971552257266526,0.5875073799065181,22.0,7.142857142857143,2.4244627271379744,,,0.43373325892857145,0.3772649424416678,0.33,0.6227350575583321,0.5875073799065181,615.0,31.0,0.0,571.0,0.0,0.0,1.0,0.0
04_temporal_recency,10,Low-T-Beg,0.40818858560794047,0.8221381902694702,0.0,2.0,0.4666666666666667,0.8221381902694702,27.0,3.0,2.6592986583709717,,,0.3770751953125,0.0804638564586639,0.33,0.9195361435413361,0.8221381902694702,552.0,43.0,23.0,465.0,43.1171875,1.0,1.0,1.0
04_temporal_recency,10,Low-T-End,0.46428571428571425,0.7433076500892639,0.04166666666666665,2.0,0.0722689075630252,0.7433076500892639,15.0,2.0,2.3156765699386597,,,0.3953857421875,0.2312406003475189,0.33,0.7687593996524811,0.7433076500892639,570.0,23.0,0.0,534.0,0.0,0.0,1.0,0.0
04_temporal_recency,10,Low-T-Mid,0.5491228070175438,0.7951709032058716,0.1122807017543859,2.0,0.08634992458521865,0.7951709032058716,21.0,2.5,2.4088701009750366,,,0.3985595703125,0.2155051529407501,0.33,0.7844948470592499,0.7951709032058716,567.5,30.5,0.0,524.0,0.0,0.0,1.0,0.0
04_temporal_recency,10,Medium-N-Beg,0.369727047146402,0.8221381902694702,0.0,2.0,0.4666666666666667,0.8221381902694702,27.0,3.0,3.0783780813217163,,,0.457275390625,0.0804638564586639,0.67,0.9195361435413361,0.8221381902694702,1873.0,43.0,23.0,1786.0,17.41796875,1.0,1.0,1.0
04_temporal_recency,10,Medium-N-End,0.4035714285714286,0.7889055907726288,0.0857142857142857,2.0,0.09728506787330315,0.7889055907726288,21.5,0.0,2.7044789791107178,,,0.422119140625,0.1883046627044677,0.67,0.8116953372955322,0.7889055907726288,2048.0,20.0,0.0,2015.0,0.0,0.0,1.0,0.0
04_temporal_recency,10,Medium-N-Mid,0.3676470588235294,0.7693600654602051,0.1,2.0,0.17140151515151514,0.7693600654602051,16.0,0.0,2.734369397163391,,,0.4302978515625,0.1904862821102142,0.67,0.8095137178897858,0.7693600654602051,1851.0,29.0,0.0,1809.0,0.0,0.0,1.0,0.0
04_temporal_recency,10,Medium-P-Beg,0.8553030303030303,0.6495330035686493,0.4148989898989899,2.0,0.053030303030303025,0.6495330035686493,23.5,8.25,2.6234365701675415,,,0.4129638671875,0.3187173306941986,0.67,0.6812826693058014,0.6495330035686493,1618.5,30.5,0.0,1575.0,0.0,0.0,1.0,0.0
04_temporal_recency,10,Medium-P-End,1.0,0.49714528024196625,0.6711467411898446,2.0,0.0,0.49714528024196625,23.0,10.75,2.7936227917671204,,,0.424560546875,0.5480525568127632,0.67,0.4519474431872368,0.49714528024196625,1495.5,31.5,0.0,1451.0,0.0,0.0,1.0,0.0
04_temporal_recency,10,Medium-P-Mid,0.9285714285714286,0.36710270813533236,0.788585703512174,2.0,0.0,0.36710270813533236,21.428571428571427,7.714285714285714,3.0670148730278015,,,0.44488525390625,0.5447771139442921,0.67,0.45522288605570793,0.36710270813533236,1651.125,36.125,0.0,1602.0,0.0,0.0,1.0,0.0
04_temporal_recency,10,Medium-T-Beg,0.575,0.7464707791805267,0.0,2.0,0.1223118279569892,0.7464707791805267,14.5,3.0,2.652631640434265,,,0.38623046875,0.2149537801742553,0.67,0.7850462198257446,0.7464707791805267,1621.5,24.5,0.0,1584.0,0.0,0.0,1.0,0.0
04_temporal_recency,10,Medium-T-End,0.5568627450980392,0.8010238111019135,0.09215686274509799,2.0,0.08634992458521865,0.8010238111019135,21.0,4.0,2.6069339513778687,,,0.3822021484375,0.2180361151695251,0.67,0.7819638848304749,0.8010238111019135,1501.5,30.5,0.0,1458.0,0.0,0.0,1.0,0.0
04_temporal_recency,10,Medium-T-Mid,0.8134920634920635,0.6026257574558258,0.402045177045177,2.0,0.050840336134453774,0.6026257574558258,22.0,6.75,2.6079071760177612,,,0.395263671875,0.3275995254516601,0.67,0.6724004745483398,0.6026257574558258,1322.75,28.75,0.0,1281.0,0.0,0.0,1.0,0.0
04_temporal_recency,11,Low-N-Beg,0.25401069518716574,0.44040265679359436,0.4237967914438503,2.0,0.02325581395348835,0.44040265679359436,20.5,0.5,2.295387625694275,,,0.3935546875,0.5605206340551376,0.33,0.43947936594486237,0.44040265679359436,664.5,24.5,0.0,627.0,0.0,0.0,1.0,0.0
04_temporal_recency,11,Low-N-End,0.2905138339920948,0.2846327312290668,0.5513833992094861,2.0,0.02325581395348835,0.2846327312290668,24.5,0.0,2.0347917079925537,,,0.3094482421875,0.5505779087543488,0.33,0.44942209124565125,0.2846327312290668,710.0,29.0,0.0,668.0,0.0,0.0,1.0,0.0
04_temporal_recency,11,Low-N-Mid,0.2845117845117845,0.35938698053359985,0.5151515151515151,2.0,0.02325581395348835,0.35938698053359985,25.5,0.5,2.1987420320510864,,,0.372802734375,0.5230007767677307,0.33,0.4769992232322693,0.35938698053359985,730.5,29.5,0.0,688.0,0.0,0.0,1.0,0.0
04_temporal_recency,11,Low-P-Beg,0.8333333333333334,0.537450909614563,0.3333333333333333,2.0,0.0465116279069767,0.537450909614563,19.0,6.0,2.3592495918273926,,,0.3701171875,0.347094178199768,0.33,0.6529058218002319,0.537450909614563,541.0,25.0,0.0,503.0,0.0,0.0,1.0,0.0
04_temporal_recency,11,Low-P-End,0.7999618611746758,0.5255907873312632,0.4055301296720061,2.0,0.023079633544749803,0.5255907873312632,22.666666666666668,7.0,2.4399541219075522,,,0.4278971354166667,0.3224160472551981,0.33,0.6775839527448019,0.5255907873312632,582.6666666666666,30.666666666666668,0.0,539.0,0.0,0.0,1.0,0.0
04_temporal_recency,11,Low-P-Mid,0.9875,0.46123626083135605,0.6401353854478854,2.0,0.0064102564102564,0.46123626083135605,19.875,7.625,2.5787833631038666,,,0.430419921875,0.4968612045049667,0.33,0.5031387954950333,0.46123626083135605,559.0,31.0,0.0,515.0,0.0,0.0,1.0,0.0
04_temporal_recency,11,Low-T-Beg,0.488095238095238,0.43428717553615565,0.42099567099567103,2.0,0.02325581395348835,0.43428717553615565,24.5,3.0,2.2631890773773193,,,0.366455078125,0.5370142161846161,0.33,0.4629857838153839,0.43428717553615565,558.5,28.5,0.0,517.0,0.0,0.0,1.0,0.0
04_temporal_recency,11,Low-T-End,0.5454545454545454,0.44008696079254145,0.40909090909090906,2.0,0.02325581395348835,0.44008696079254145,23.0,3.5,2.1674238443374634,,,0.364501953125,0.5290127694606781,0.33,0.4709872305393219,0.44008696079254145,546.0,27.0,0.0,506.0,0.0,0.0,1.0,0.0
04_temporal_recency,11,Low-T-Mid,0.505050505050505,0.4365663677453995,0.43686868686868685,2.0,0.02325581395348835,0.4365663677453995,20.5,3.5,2.174784541130066,,,0.3316650390625,0.5537085980176926,0.33,0.44629140198230743,0.4365663677453995,568.5,24.5,0.0,531.0,0.0,0.0,1.0,0.0
04_temporal_recency,11,Medium-N-Beg,0.38101604278074863,0.44040265679359436,0.4237967914438503,2.0,0.02325581395348835,0.44040265679359436,20.5,1.5,2.6431586742401123,,,0.4053955078125,0.5605206340551376,0.67,0.43947936594486237,0.44040265679359436,2007.5,24.5,0.0,1970.0,0.0,0.0,1.0,0.0
04_temporal_recency,11,Medium-N-End,0.4145658263305322,0.42510421574115753,0.43137254901960786,2.0,0.0238095238095238,0.42510421574115753,20.0,1.5,2.650742530822754,,,0.441162109375,0.5894472748041153,0.67,0.4105527251958847,0.42510421574115753,1912.0,24.0,0.0,1875.0,0.0,0.0,1.0,0.0
04_temporal_recency,11,Medium-N-Mid,0.31126482213438733,0.4653589129447937,0.4426877470355731,2.0,0.02325581395348835,0.4653589129447937,24.0,1.0,2.575022339820862,,,0.40673828125,0.4941562116146087,0.67,0.5058437883853912,0.4653589129447937,1959.5,28.5,0.0,1918.0,0.0,0.0,1.0,0.0
04_temporal_recency,11,Medium-P-Beg,1.0,0.5899195075035095,0.1666666666666666,2.0,0.0526315789473684,0.5899195075035095,12.0,5.0,2.5187790393829346,,,0.369140625,0.3025059103965759,0.67,0.6974940896034241,0.5899195075035095,1534.0,16.0,0.0,1505.0,0.0,0.0,1.0,0.0
04_temporal_recency,11,Medium-P-End,1.0,0.4331468343734741,0.1666666666666666,2.0,0.0526315789473684,0.4331468343734741,12.0,4.0,2.792449951171875,,,0.38525390625,0.3013606071472168,0.67,0.6986393928527832,0.4331468343734741,1611.0,17.0,0.0,1581.0,0.0,0.0,1.0,0.0
04_temporal_recency,11,Medium-P-Mid,1.0,0.5709834098815918,0.25,2.0,0.0,0.5709834098815918,12.0,4.0,2.710317611694336,,,0.417236328125,0.3567848801612854,0.67,0.6432151198387146,0.5709834098815918,1656.0,16.0,0.0,1627.0,0.0,0.0,1.0,0.0
04_temporal_recency,11,Medium-T-Beg,0.5849282296650717,0.401618167757988,0.3959330143540669,2.0,0.02325581395348835,0.401618167757988,21.0,2.5,2.4077926874160767,,,0.3740234375,0.4978534430265426,0.67,0.5021465569734573,0.401618167757988,1533.0,25.0,0.0,1495.0,0.0,0.0,1.0,0.0
04_temporal_recency,11,Medium-T-End,0.5308641975308642,0.595570961634318,0.33509700176366836,2.0,0.08424908424908423,0.595570961634318,24.666666666666668,2.0,2.460774580637614,,,0.390625,0.3787321845690409,0.67,0.6212678154309591,0.595570961634318,1602.6666666666667,29.666666666666668,0.0,1560.0,0.0,0.0,1.0,0.0
04_temporal_recency,11,Medium-T-Mid,0.6753246753246753,0.44506804645061493,0.42099567099567103,2.0,0.02325581395348835,0.44506804645061493,22.0,5.5,2.4693511724472046,,,0.3822021484375,0.5262414962053299,0.67,0.4737585037946701,0.44506804645061493,1381.0,26.0,0.0,1342.0,0.0,0.0,1.0,0.0
04_temporal_recency,12,Low-N-Beg,0.3333333333333333,0.7750957012176514,0.1666666666666666,2.0,0.131578947368421,0.7750957012176514,18.0,1.0,2.3934459686279297,,,0.389404296875,0.2522861957550049,0.33,0.7477138042449951,0.7750957012176514,691.0,32.0,0.0,646.0,0.0,0.0,1.0,0.0
04_temporal_recency,12,Low-N-End,0.2352941176470588,0.7945678234100342,0.1176470588235294,2.0,0.131578947368421,0.7945678234100342,17.0,0.0,2.510674476623535,,,0.41650390625,0.242959976196289,0.33,0.7570400238037109,0.7945678234100342,782.0,31.0,0.0,738.0,0.0,0.0,1.0,0.0
04_temporal_recency,12,Low-N-Mid,0.2222222222222222,0.7750957012176514,0.1666666666666666,2.0,0.131578947368421,0.7750957012176514,18.0,0.0,2.379497528076172,,,0.3955078125,0.2522861957550049,0.33,0.7477138042449951,0.7750957012176514,792.0,32.0,0.0,747.0,0.0,0.0,1.0,0.0
04_temporal_recency,12,Low-P-Beg,0.7894736842105263,0.6945046186447144,0.4210526315789473,2.0,0.119047619047619,0.6945046186447144,23.0,9.0,2.5233263969421387,,,0.41845703125,0.1663588881492614,0.33,0.8336411118507385,0.6945046186447144,574.0,37.0,0.0,524.0,0.0,0.0,1.0,0.0
04_temporal_recency,12,Low-P-End,0.8333333333333334,0.7522457242012024,0.4444444444444444,2.0,0.0714285714285714,0.7522457242012024,21.0,8.0,2.6304173469543457,,,0.448974609375,0.2590062618255615,0.33,0.7409937381744385,0.7522457242012024,571.0,36.0,0.0,522.0,0.0,0.0,1.0,0.0
04_temporal_recency,12,Low-P-Mid,0.7777777777777778,0.7162633538246155,0.3888888888888889,2.0,0.0714285714285714,0.7162633538246155,21.0,9.0,2.49322772026062,,,0.4033203125,0.2147771716117859,0.33,0.7852228283882141,0.7162633538246155,577.0,34.0,0.0,530.0,0.0,0.0,1.0,0.0
04_temporal_recency,12,Low-T-Beg,0.6111111111111112,0.7750957012176514,0.1666666666666666,2.0,0.131578947368421,0.7750957012176514,18.0,4.0,2.561718225479126,,,0.4248046875,0.2522861957550049,0.33,0.7477138042449951,0.7750957012176514,602.0,32.0,0.0,557.0,0.0,0.0,1.0,0.0
04_temporal_recency,12,Low-T-End,0.5882352941176471,0.8473527431488037,0.1176470588235294,2.0,0.1891891891891892,0.8473527431488037,18.0,4.0,2.5106067657470703,,,0.406982421875,0.2295361161231994,0.33,0.7704638838768005,0.8473527431488037,536.0,33.0,0.0,490.0,0.0,0.0,1.0,0.0
04_temporal_recency,12,Low-T-Mid,0.5882352941176471,0.8473527431488037,0.1176470588235294,2.0,0.1891891891891892,0.8473527431488037,18.0,4.0,2.513164520263672,,,0.4287109375,0.2295361161231994,0.33,0.7704638838768005,0.8473527431488037,609.0,33.0,0.0,563.0,0.0,0.0,1.0,0.0
04_temporal_recency,12,Medium-N-Beg,0.3333333333333333,0.7750957012176514,0.1666666666666666,2.0,0.131578947368421,0.7750957012176514,18.0,2.0,2.7341015338897705,,,0.411376953125,0.2522861957550049,0.67,0.7477138042449951,0.7750957012176514,1972.0,32.0,0.0,1927.0,0.0,0.0,1.0,0.0
04_temporal_recency,12,Medium-N-Mid,0.5315384615384615,0.4091131426393986,0.6892307692307692,2.0,0.03488372093023255,0.4091131426393986,28.0,4.0,2.614924192428589,,,0.4388427734375,0.366964191198349,0.67,0.633035808801651,0.4091131426393986,2035.0,39.0,0.0,1983.0,0.0,0.0,1.0,0.0
04_temporal_recency,12,Medium-P-Beg,0.861904761904762,0.7375806868076324,0.5047619047619047,2.0,0.09798534798534794,0.7375806868076324,20.5,8.5,2.7500362396240234,,,0.448486328125,0.2915240526199341,0.67,0.7084759473800659,0.7375806868076324,1642.5,30.5,0.0,1599.0,0.0,0.0,1.0,0.0
04_temporal_recency,12,Medium-P-End,0.8235294117647058,0.7823941111564636,0.3529411764705882,2.0,0.125,0.7823941111564636,20.0,8.0,2.800710678100586,,,0.441162109375,0.1963152885437011,0.67,0.8036847114562988,0.7823941111564636,1588.0,34.0,0.0,1541.0,0.0,0.0,1.0,0.0
04_temporal_recency,12,Medium-P-Mid,0.8333333333333334,0.7843919396400452,0.3888888888888889,2.0,0.1219512195121951,0.7843919396400452,20.0,8.0,2.737071990966797,,,0.426025390625,0.174447476863861,0.67,0.8255525231361389,0.7843919396400452,1733.0,36.0,0.0,1684.0,0.0,0.0,1.0,0.0
04_temporal_recency,12,Medium-T-Beg,0.7058823529411765,0.7945678234100342,0.1176470588235294,2.0,0.131578947368421,0.7945678234100342,17.0,5.0,2.779545783996582,,,0.43408203125,0.242959976196289,0.67,0.7570400238037109,0.7945678234100342,1672.0,31.0,0.0,1628.0,0.0,0.0,1.0,0.0
04_temporal_recency,12,Medium-T-End,0.6470588235294118,0.8473527431488037,0.1176470588235294,2.0,0.1891891891891892,0.8473527431488037,18.0,4.0,2.837852478027344,,,0.45361328125,0.2295361161231994,0.67,0.7704638838768005,0.8473527431488037,1674.0,33.0,0.0,1628.0,0.0,0.0,1.0,0.0
04_temporal_recency,12,Medium-T-Mid,0.7058823529411765,0.8473527431488037,0.1176470588235294,2.0,0.1891891891891892,0.8473527431488037,18.0,5.0,2.882479190826416,,,0.4609375,0.2295361161231994,0.67,0.7704638838768005,0.8473527431488037,1474.0,33.0,0.0,1428.0,0.0,0.0,1.0,0.0
04_temporal_recency,13,High-T-Beg,0.9114583333333334,0.39903740584850306,0.6687225877192983,2.0,0.019230769230769225,0.39903740584850306,25.0,9.0,2.554169476032257,,,0.4007568359375,0.51189274340868,1.0,0.48810725659132004,0.39903740584850306,2038.75,32.75,0.0,1993.0,0.0,0.0,1.0,0.0
04_temporal_recency,13,Low-N-Beg,0.36454545454545456,0.7666293978691101,0.12272727272727271,2.0,0.19305555555555548,0.7666293978691101,27.0,1.0,2.1310583353042603,,,0.3846435546875,0.1860353946685791,0.33,0.8139646053314209,0.7666293978691101,733.5,36.5,0.0,684.0,0.0,0.0,1.0,0.0
04_temporal_recency,13,Low-N-End,0.3875,0.48930227756500244,0.3875,2.0,0.0514705882352941,0.48930227756500244,21.0,0.5,2.3331295251846313,,,0.4027099609375,0.3723308444023132,0.33,0.6276691555976868,0.48930227756500244,721.0,25.0,0.0,683.0,0.0,0.0,1.0,0.0
04_temporal_recency,13,Low-N-Mid,0.29315401374224903,0.6516976356506348,0.0588235294117647,2.0,0.21190476190476185,0.6516976356506348,20.0,0.5,2.7853501637776694,,,0.3445638020833333,0.1771840651830037,0.33,0.8228159348169962,0.6516976356506348,783.3333333333334,37.333333333333336,73.0,652.0,207.875,1.0,1.0,1.0
04_temporal_recency,13,Low-P-Beg,0.9202279202279203,0.34757142833300997,0.523024594453166,2.0,0.0543658469190384,0.34757142833300997,22.714285714285715,7.857142857142857,2.5431767569647894,,,0.4184299045138889,0.4660136567221747,0.33,0.5339863432778252,0.34757142833300997,575.7777777777778,31.77777777777778,0.0,531.0,0.0,0.0,1.0,0.0
04_temporal_recency,13,Low-P-End,0.7913929939792008,0.5275985300540924,0.38560481663929935,2.0,0.060000000000000005,0.5275985300540924,20.666666666666668,6.666666666666667,2.507399797439575,,,0.4244791666666667,0.3680349389712015,0.33,0.6319650610287985,0.5275985300540924,544.3333333333334,27.333333333333332,0.0,504.0,0.0,0.0,1.0,0.0
04_temporal_recency,13,Low-P-Mid,0.9589947089947091,0.38192855566740036,0.7076852285185619,2.0,0.0032051282051282002,0.38192855566740036,26.5,11.5,2.509594133922032,,,0.41151646205357145,0.4896729758807591,0.33,0.5103270241192409,0.38192855566740036,567.4285714285714,40.42857142857143,0.0,514.0,0.0,0.0,1.0,0.0
04_temporal_recency,13,Low-T-Beg,0.5833333333333334,0.7943648099899292,0.3333333333333333,2.0,0.0754716981132075,0.7943648099899292,27.0,6.0,2.3314332962036133,,,0.41259765625,0.1493977904319763,0.33,0.8506022095680237,0.7943648099899292,641.0,36.0,0.0,592.0,0.0,0.0,1.0,0.0
04_temporal_recency,13,Low-T-End,0.9156010230179028,0.40033344328403475,0.6807210047228458,2.0,0.015384615384615379,0.40033344328403475,27.2,11.4,2.4487729549407957,,,0.40009765625,0.4532299816608429,0.33,0.5467700183391571,0.40033344328403475,557.0,37.0,0.0,507.0,0.0,0.0,1.0,0.0
04_temporal_recency,13,Low-T-Mid,0.6,0.696464478969574,0.3,2.0,0.0816326530612244,0.696464478969574,23.0,6.0,2.3712472915649414,,,0.416748046875,0.2427094578742981,0.33,0.7572905421257019,0.696464478969574,563.0,38.0,0.0,512.0,0.0,0.0,1.0,0.0
04_temporal_recency,13,Medium-N-Beg,0.3339393939393939,0.6978536049524943,0.1121212121212121,2.0,0.15971145564168815,0.6978536049524943,21.666666666666668,0.3333333333333333,2.4470535119374595,,,0.4331868489583333,0.22517357269922883,0.67,0.7748264273007711,0.6978536049524943,1905.6666666666667,30.666666666666668,0.0,1862.0,0.0,0.0,1.0,0.0
04_temporal_recency,13,Medium-N-End,0.5454545454545454,0.27944162487983704,0.6458333333333333,2.0,0.04166666666666665,0.27944162487983704,25.0,2.0,2.6273974180221558,,,0.4207763671875,0.4448826462030411,0.67,0.5551173537969589,0.27944162487983704,1827.5,32.5,0.0,1782.0,0.0,0.0,1.0,0.0
04_temporal_recency,13,Medium-N-Mid,0.38809523809523805,0.43742235004901886,0.6142857142857143,2.0,0.04166666666666665,0.43742235004901886,17.5,0.5,2.4341912269592285,,,0.3919677734375,0.4970730096101761,0.67,0.5029269903898239,0.43742235004901886,1892.0,23.0,0.0,1856.0,0.0,0.0,1.0,0.0
04_temporal_recency,13,Medium-P-Beg,0.9375,0.36301399767398834,0.6660469107551488,2.0,0.015625,0.36301399767398834,24.75,8.25,2.633302867412567,,,0.41668701171875,0.4999795109033584,0.67,0.5000204890966415,0.36301399767398834,1503.0,31.0,0.0,1459.0,0.0,0.0,1.0,0.0
04_temporal_recency,13,Medium-P-End,0.9098484848484849,0.39184567704796786,0.6359189723320158,2.0,0.02566256065696155,0.39184567704796786,25.75,9.5,2.7826669216156006,,,0.40667724609375,0.4324810579419136,0.67,0.5675189420580864,0.39184567704796786,1482.0,33.0,0.0,1436.0,0.0,0.0,1.0,0.0
04_temporal_recency,13,Medium-P-Mid,0.9217391304347826,0.440283203125,0.5894927536231884,2.0,0.03235294117647058,0.440283203125,25.6,9.2,2.7607590198516845,,,0.42802734375,0.39093884229660036,0.67,0.6090611577033996,0.440283203125,1612.8,32.8,0.0,1567.0,0.0,0.0,1.0,0.0
04_temporal_recency,13,Medium-T-Beg,0.7083333333333334,0.7943648099899292,0.3333333333333333,2.0,0.0754716981132075,0.7943648099899292,27.0,7.0,2.542539596557617,,,0.406494140625,0.1493977904319763,0.67,0.8506022095680237,0.7943648099899292,1603.0,36.0,0.0,1554.0,0.0,0.0,1.0,0.0
04_temporal_recency,13,Medium-T-End,0.5909090909090908,0.5524183809757233,0.5710227272727273,2.0,0.04166666666666665,0.5524183809757233,20.5,3.5,2.4265233278274536,,,0.3973388671875,0.4069355279207229,0.67,0.593064472079277,0.5524183809757233,1469.5,25.5,0.0,1431.0,0.0,0.0,1.0,0.0
04_temporal_recency,13,Medium-T-Mid,0.7777777777777778,0.6675584316253662,0.16666666666666663,2.0,0.10921985815602836,0.6675584316253662,19.5,6.0,2.557366967201233,,,0.390380859375,0.2185365259647369,0.67,0.7814634740352631,0.6675584316253662,1262.0,27.0,0.0,1222.0,0.0,0.0,1.0,0.0
04_temporal_recency,14,Low-N-Beg,0.3333333333333333,0.6613969802856445,0.0,2.0,0.2413793103448276,0.6613969802856445,17.0,0.0,2.3565146923065186,,,0.385986328125,0.2749791145324707,0.33,0.7250208854675293,0.6613969802856445,793.0,29.0,0.0,751.0,0.0,0.0,1.0,0.0
04_temporal_recency,14,Low-N-End,0.3333333333333333,0.6613969802856445,0.0,2.0,0.2413793103448276,0.6613969802856445,17.0,0.0,2.214498996734619,,,0.375732421875,0.2749791145324707,0.33,0.7250208854675293,0.6613969802856445,766.0,29.0,0.0,724.0,0.0,0.0,1.0,0.0
04_temporal_recency,14,Low-N-Mid,0.3333333333333333,0.6613969802856445,0.0,2.0,0.2413793103448276,0.6613969802856445,17.0,0.0,2.2446086406707764,,,0.3759765625,0.2749791145324707,0.33,0.7250208854675293,0.6613969802856445,799.0,29.0,0.0,757.0,0.0,0.0,1.0,0.0
04_temporal_recency,14,Low-P-Beg,0.8666666666666667,0.6613969802856445,0.0,2.0,0.2413793103448276,0.6613969802856445,17.0,6.0,2.537360906600952,,,0.46142578125,0.2749791145324707,0.33,0.7250208854675293,0.6613969802856445,562.0,29.0,0.0,520.0,0.0,0.0,1.0,0.0
04_temporal_recency,14,Low-P-End,0.9923076923076923,0.4334852576255798,0.7433480695549661,2.0,0.01304347826086956,0.4334852576255798,32.0,13.2,2.7340718678065707,,,0.4313267299107143,0.3948368004390171,0.33,0.6051631995609829,0.4334852576255798,590.2857142857143,39.285714285714285,0.0,538.0,0.0,0.0,1.0,0.0
04_temporal_recency,14,Low-P-Mid,1.0,0.3506169045964877,0.7721108099969889,2.0,0.003030303030303017,0.3506169045964877,25.0,11.333333333333334,2.6190395014626637,,,0.44189453125,0.3662074591432299,0.33,0.6337925408567701,0.3506169045964877,567.5714285714286,37.57142857142857,0.0,517.0,0.0,0.0,1.0,0.0
04_temporal_recency,14,Low-T-Beg,0.6666666666666666,0.6613969802856445,0.0,2.0,0.2413793103448276,0.6613969802856445,17.0,4.0,2.280998706817627,,,0.40478515625,0.2749791145324707,0.33,0.7250208854675293,0.6613969802856445,628.0,29.0,0.0,586.0,0.0,0.0,1.0,0.0
04_temporal_recency,14,Low-T-End,0.6111111111111112,0.7217676043510437,0.1666666666666666,2.0,0.0555555555555555,0.7217676043510437,19.0,4.0,2.369252920150757,,,0.443115234375,0.3078214526176452,0.33,0.6921785473823547,0.7217676043510437,601.0,31.0,0.0,557.0,0.0,0.0,1.0,0.0
04_temporal_recency,14,Low-T-Mid,0.6666666666666666,0.7203875780105591,0.1666666666666666,2.0,0.0555555555555555,0.7203875780105591,20.0,4.0,2.344128370285034,,,0.436767578125,0.2605654001235962,0.33,0.7394345998764038,0.7203875780105591,580.0,32.0,0.0,535.0,0.0,0.0,1.0,0.0
04_temporal_recency,14,Medium-N-Beg,0.4666666666666667,0.6613969802856445,0.0,2.0,0.2413793103448276,0.6613969802856445,17.0,1.0,2.44519567489624,,,0.410888671875,0.2749791145324707,0.67,0.7250208854675293,0.6613969802856445,1870.0,29.0,0.0,1828.0,0.0,0.0,1.0,0.0
04_temporal_recency,14,Medium-N-End,0.4666666666666667,0.6613969802856445,0.0,2.0,0.2413793103448276,0.6613969802856445,17.0,1.0,2.530324459075928,,,0.426025390625,0.2749791145324707,0.67,0.7250208854675293,0.6613969802856445,1883.0,29.0,0.0,1841.0,0.0,0.0,1.0,0.0
04_temporal_recency,14,Medium-N-Mid,0.4,0.6613969802856445,0.0,2.0,0.2413793103448276,0.6613969802856445,17.0,0.0,2.553365468978882,,,0.411376953125,0.2749791145324707,0.67,0.7250208854675293,0.6613969802856445,2048.0,22.0,0.0,2013.0,0.0,0.0,1.0,0.0
04_temporal_recency,14,Medium-P-Beg,0.9856902356902357,0.345191478729248,0.8024559699559699,2.0,0.0,0.345191478729248,26.0,9.333333333333334,2.9960040748119354,,,0.47503662109375,0.5276828370988369,0.67,0.4723171629011631,0.345191478729248,1466.75,32.75,0.0,1421.0,0.0,0.0,1.0,0.0
04_temporal_recency,14,Medium-P-End,1.0,0.3749617487192154,0.7415271460490355,2.0,0.0030395136778115428,0.3749617487192154,23.285714285714285,9.857142857142858,2.8804998099803925,,,0.416412353515625,0.4165251515805721,0.67,0.5834748484194279,0.3749617487192154,1521.875,33.875,0.0,1475.0,0.0,0.0,1.0,0.0
04_temporal_recency,14,Medium-P-Mid,1.0,0.5135631561279297,0.2,2.0,0.0277777777777777,0.5135631561279297,17.0,7.0,2.955958127975464,,,0.450439453125,0.3621248602867126,0.67,0.6378751397132874,0.5135631561279297,1617.0,25.0,0.0,1579.0,0.0,0.0,1.0,0.0
04_temporal_recency,14,Medium-T-Beg,0.6,0.6613969802856445,0.0,2.0,0.2413793103448276,0.6613969802856445,17.0,4.0,2.405822277069092,,,0.376220703125,0.2749791145324707,0.67,0.7250208854675293,0.6613969802856445,1578.0,29.0,0.0,1536.0,0.0,0.0,1.0,0.0
04_temporal_recency,14,Medium-T-End,0.4572649572649572,0.18077847423652807,0.7160062160062161,2.0,0.023809523809523798,0.18077847423652807,20.666666666666668,2.6666666666666665,2.508744716644287,,,0.3689778645833333,0.45518861214319867,0.67,0.5448113878568014,0.18077847423652807,1534.0,24.0,0.0,1497.0,0.0,0.0,1.0,0.0
04_temporal_recency,14,Medium-T-Mid,0.6111111111111112,0.7217676043510437,0.1666666666666666,2.0,0.0555555555555555,0.7217676043510437,19.0,4.0,2.367017984390259,,,0.399169921875,0.3078214526176452,0.67,0.6921785473823547,0.7217676043510437,1509.0,31.0,0.0,1465.0,0.0,0.0,1.0,0.0
04_temporal_recency,15,Low-N-Beg,0.23039215686274506,0.5407539755105972,0.6274509803921569,2.0,0.0,0.5407539755105972,14.0,0.0,2.3127115964889526,,,0.3924560546875,0.4773246645927429,0.33,0.5226753354072571,0.5407539755105972,736.5,19.5,0.0,704.0,0.0,0.0,1.0,0.0
04_temporal_recency,15,Low-N-End,0.39705882352941174,0.5935665816068649,0.5147058823529411,2.0,0.0,0.5935665816068649,15.0,0.0,2.3491785526275635,,,0.42529296875,0.4841196238994598,0.33,0.5158803761005402,0.5935665816068649,735.5,20.5,0.0,702.0,0.0,0.0,1.0,0.0
04_temporal_recency,15,Low-N-Mid,0.26050420168067223,0.5234573632478714,0.5147058823529411,2.0,0.0,0.5234573632478714,19.0,0.0,2.350778818130493,,,0.421875,0.4252601563930511,0.33,0.5747398436069489,0.5234573632478714,752.5,29.5,0.0,710.0,0.0,0.0,1.0,0.0
04_temporal_recency,15,Low-P-Beg,0.4857142857142857,0.6669198274612427,0.5666666666666667,2.0,0.03389830508474575,0.6669198274612427,25.0,4.0,2.2412325143814087,,,0.3797607421875,0.5236769318580627,0.33,0.47632306814193726,0.6669198274612427,590.0,36.0,0.0,541.0,0.0,0.0,1.0,0.0
04_temporal_recency,15,Low-P-End,0.8395833333333333,0.6557603180408478,0.5458333333333334,2.0,0.0,0.6557603180408478,17.5,4.5,2.412741184234619,,,0.384521484375,0.6132007986307144,0.33,0.3867992013692856,0.6557603180408478,641.5,22.5,0.0,606.0,0.0,0.0,1.0,0.0
04_temporal_recency,15,Low-P-Mid,0.6964285714285714,0.6547333598136902,0.5142857142857142,2.0,0.0,0.6547333598136902,19.0,4.0,2.2002073526382446,,,0.395263671875,0.4509739875793457,0.33,0.5490260124206543,0.6547333598136902,564.5,25.5,0.0,526.0,0.0,0.0,1.0,0.0
04_temporal_recency,15,Low-T-Beg,0.6287878787878788,0.7395338416099548,0.43939393939393934,2.0,0.0,0.7395338416099548,19.5,4.5,2.2694783210754395,,,0.35888671875,0.5065605789422989,0.33,0.4934394210577011,0.7395338416099548,622.0,28.0,0.0,581.0,0.0,0.0,1.0,0.0
04_temporal_recency,15,Low-T-End,0.5833333333333333,0.6496871113777161,0.5555555555555556,2.0,0.0,0.6496871113777161,13.5,3.0,2.1949843168258667,,,0.3734130859375,0.4314444959163666,0.33,0.5685555040836334,0.6496871113777161,586.0,22.0,0.0,551.0,0.0,0.0,1.0,0.0
04_temporal_recency,15,Low-T-Mid,0.6303030303030304,0.6553019881248474,0.4939393939393939,2.0,0.0,0.6553019881248474,16.0,3.0,2.197296619415283,,,0.3980712890625,0.5218707621097565,0.33,0.47812923789024353,0.6553019881248474,591.0,23.0,0.0,555.0,0.0,0.0,1.0,0.0
04_temporal_recency,15,Medium-N-Beg,0.26754385964912275,0.6088130176067352,0.48684210526315785,2.0,0.0086206896551724,0.6088130176067352,16.0,0.5,2.364543914794922,,,0.376953125,0.4974988847970962,0.67,0.5025011152029037,0.6088130176067352,2019.0,25.0,0.0,1981.0,0.0,0.0,1.0,0.0
04_temporal_recency,15,Medium-N-End,0.33436532507739936,0.693879634141922,0.478328173374613,2.0,0.0,0.693879634141922,23.0,0.0,2.385901927947998,,,0.40869140625,0.4277609288692474,0.67,0.5722390711307526,0.693879634141922,1828.5,31.5,0.0,1784.0,0.0,0.0,1.0,0.0
04_temporal_recency,15,Medium-N-Mid,0.3671708683473389,0.5737933814525604,0.5240896358543418,2.0,0.010582010582010568,0.5737933814525604,24.666666666666668,1.6666666666666667,2.4951509634653726,,,0.4292805989583333,0.45181021094322193,0.67,0.548189789056778,0.5737933814525604,1815.6666666666667,41.666666666666664,0.0,1761.0,0.0,0.0,1.0,0.0
04_temporal_recency,15,Medium-P-Beg,1.0,0.7141166925430298,0.5,2.0,0.0,0.7141166925430298,15.0,7.0,2.536302089691162,,,0.4140625,0.5144704282283783,0.67,0.4855295717716217,0.7141166925430298,1526.0,20.0,0.0,1493.0,0.0,0.0,1.0,0.0
04_temporal_recency,15,Medium-P-End,0.9444444444444444,0.5957786043485006,0.7244373560163034,2.0,0.0,0.5957786043485006,22.0,8.666666666666666,2.628262758255005,,,0.4082845052083333,0.5280431409676869,0.67,0.47195685903231305,0.5957786043485006,1521.0,33.0,0.0,1475.0,0.0,0.0,1.0,0.0
04_temporal_recency,15,Medium-P-Mid,0.8083333333333333,0.6465712785720825,0.5,2.0,0.0,0.6465712785720825,13.0,4.0,2.4244258403778076,,,0.38525390625,0.4909834116697311,0.67,0.5090165883302689,0.6465712785720825,1626.5,21.5,0.0,1592.0,0.0,0.0,1.0,0.0
04_temporal_recency,15,Medium-T-Beg,0.6675824175824177,0.6829667091369629,0.5137362637362637,2.0,0.00675675675675675,0.6829667091369629,30.0,8.0,2.4785025119781494,,,0.389404296875,0.4814363270998001,0.67,0.5185636729001999,0.6829667091369629,1584.5,46.5,0.0,1525.0,0.0,0.0,1.0,0.0
04_temporal_recency,15,Medium-T-End,0.7,0.5527123361825943,0.6416666666666666,2.0,0.0,0.5527123361825943,16.5,3.5,2.553713798522949,,,0.433837890625,0.5160611718893051,0.67,0.4839388281106949,0.5527123361825943,1609.0,30.0,0.0,1566.0,0.0,0.0,1.0,0.0
04_temporal_recency,15,Medium-T-Mid,0.7757936507936507,0.6365695397059122,0.6130952380952381,2.0,0.0,0.6365695397059122,21.333333333333332,5.666666666666667,2.4229281743367515,,,0.4139811197916667,0.5023756225903828,0.67,0.4976243774096171,0.6365695397059122,1536.6666666666667,30.666666666666668,0.0,1493.0,0.0,0.0,1.0,0.0
04_temporal_recency,16,High-P-End,0.6725907670760612,0.3103525869082659,0.44861021331609563,2.0,0.0015060240963855375,0.3103525869082659,18.375,4.75,2.521842896938324,,,0.369110107421875,0.5271983868442476,1.0,0.4728016131557524,0.3103525869082659,1738.0,32.0,0.0,1693.0,0.0,0.0,1.0,0.0
04_temporal_recency,16,High-T-Beg,0.6597175301238271,0.5408395886421203,0.4069785107446277,2.0,0.0,0.5408395886421203,31.4,7.8,2.5967615734447134,,,0.3788840553977273,0.6841914555565878,1.0,0.3158085444434122,0.5408395886421203,1676.0,35.0,0.0,1628.0,0.0,0.0,1.0,0.0
04_temporal_recency,16,High-T-Mid,0.7107246376811593,0.5291462510824203,0.46840579710144925,2.0,0.055172413793103434,0.5291462510824203,31.4,8.2,2.536591911315918,,,0.374267578125,0.7767690762877464,1.0,0.22323092371225353,0.5291462510824203,2024.5,31.5,0.0,1980.0,0.0,0.0,1.0,0.0
04_temporal_recency,16,Low-N-Beg,0.3350122549019608,0.6179201975464821,0.4497058823529411,2.0,0.0,0.6179201975464821,38.25,1.25,2.261410183376736,,,0.4182671440972222,0.5007259547710419,0.33,0.49927404522895813,0.6179201975464821,644.8888888888889,41.888888888888886,0.0,590.0,0.0,0.0,1.0,0.0
04_temporal_recency,16,Low-N-End,0.22162991470771784,0.5483644977211952,0.48876638235905967,2.0,0.0,0.5483644977211952,37.75,0.0,2.1460757766451155,,,0.36582728794642855,0.47010510734149386,0.33,0.5298948926585061,0.5483644977211952,770.2857142857143,56.285714285714285,0.0,701.0,0.0,0.0,1.0,0.0
04_temporal_recency,16,Low-N-Mid,0.24676173499702908,0.4851487338542938,0.49590017825311944,2.0,0.0,0.4851487338542938,30.2,0.0,2.2678893566131593,,,0.4111328125,0.6430826604366302,0.33,0.35691733956336974,0.4851487338542938,734.6,58.6,0.0,663.0,0.0,0.0,1.0,0.0
04_temporal_recency,16,Low-P-Beg,0.8931159420289855,0.3789828270673752,0.2119565217391304,2.0,0.0,0.3789828270673752,21.0,5.0,2.2868374586105347,,,0.3763427734375,0.9364521121606232,0.33,0.0635478878393769,0.3789828270673752,507.5,25.5,0.0,469.0,0.0,0.0,1.0,0.0
04_temporal_recency,16,Low-P-End,0.6648232323232324,0.5451366528868675,0.4662878787878788,2.0,0.0,0.5451366528868675,36.5,7.75,2.218238282203674,,,0.3946044921875,0.5519165322184563,0.33,0.44808346778154373,0.5451366528868675,549.7,36.7,0.0,500.0,0.0,0.0,1.0,0.0
04_temporal_recency,16,Low-P-Mid,0.6282902604641735,0.5620252609252929,0.43388466605857906,2.0,0.0,0.5620252609252929,31.6,4.6,2.2302631650652205,,,0.3657924107142857,0.5306989915136779,0.33,0.469301008486322,0.5620252609252929,574.4285714285714,43.42857142857143,0.0,518.0,0.0,0.0,1.0,0.0
04_temporal_recency,16,Low-T-Beg,0.4700919731178736,0.5515796899795532,0.5056367892471494,2.0,0.0,0.5515796899795532,30.4,4.8,2.1812719821929933,,,0.339697265625,0.7684695363044739,0.33,0.23153046369552613,0.5515796899795532,587.4,51.4,0.0,523.0,0.0,0.0,1.0,0.0
04_temporal_recency,16,Low-T-End,0.519299895506792,0.4371491983532906,0.45175548589341685,2.0,0.00227272727272726,0.4371491983532906,30.0,4.8,2.141432911157608,,,0.3150634765625,0.569316697306931,0.33,0.430683302693069,0.4371491983532906,556.75,43.75,0.0,500.0,0.0,0.0,1.0,0.0
04_temporal_recency,16,Low-T-Mid,0.44042929292929295,0.5976513475179672,0.5091414141414141,2.0,0.0,0.5976513475179672,35.25,4.5,1.9955657720565796,,,0.300439453125,0.5422249346971512,0.33,0.45777506530284884,0.5976513475179672,557.4,75.4,0.0,469.0,0.0,0.0,1.0,0.0
04_temporal_recency,16,Medium-N-Beg,0.2778787878787879,0.5240695714950562,0.4062237762237762,2.0,0.0,0.5240695714950562,27.2,0.4,2.5905779202779136,,,0.4271375868055556,0.7920063133868906,0.67,0.20799368661310932,0.5240695714950562,1815.6666666666667,41.666666666666664,0.0,1761.0,0.0,0.0,1.0,0.0
04_temporal_recency,16,Medium-N-End,0.7701368806631964,0.22431807512683524,0.7061880127669601,2.0,0.0,0.22431807512683524,22.857142857142858,7.0,2.824895175298055,,,0.42970377604166665,0.7579137136538824,0.67,0.24208628634611765,0.22431807512683524,1986.6666666666667,35.666666666666664,0.0,1938.0,0.0,0.0,1.0,0.0
04_temporal_recency,16,Medium-N-Mid,0.29721161191749423,0.5293843448162079,0.5513559969442322,2.0,0.0,0.5293843448162079,21.428571428571427,0.5714285714285714,2.6349578120491723,,,0.4425603693181818,0.6882330943745645,0.67,0.31176690562543546,0.5293843448162079,1968.7272727272727,36.72727272727273,0.0,1919.0,0.0,0.0,1.0,0.0
04_temporal_recency,16,Medium-P-Beg,0.6367143658810325,0.4610361071924369,0.5178170594837261,2.0,0.0,0.4610361071924369,25.666666666666668,6.166666666666667,2.2221212603829126,,,0.3141202059659091,0.6080145231363447,0.67,0.3919854768636552,0.4610361071924369,1086.8181818181818,32.81818181818182,0.0,1041.0,0.0,0.0,1.0,0.0
04_temporal_recency,16,Medium-P-End,0.7793070073557878,0.41061713695526125,0.48159712915810476,2.0,0.0,0.41061713695526125,30.4,7.2,2.442574918270111,,,0.37969970703125,0.6400999629404396,0.67,0.3599000370595604,0.41061713695526125,1206.375,38.375,0.0,1155.0,0.0,0.0,1.0,0.0
04_temporal_recency,16,Medium-P-Mid,0.89375,0.5031569361686706,0.6048496240601503,2.0,0.00232558139534882,0.5031569361686706,31.8,8.0,2.4696152806282043,,,0.364837646484375,0.6083485088311136,0.67,0.3916514911688864,0.5031569361686706,1245.625,37.625,0.0,1195.0,0.0,0.0,1.0,0.0
04_temporal_recency,16,Medium-T-Beg,0.6281475748194015,0.5111885368824005,0.43034055727554177,2.0,0.0,0.5111885368824005,25.5,5.166666666666667,2.332319219907125,,,0.3504231770833333,0.6577939533938963,0.67,0.34220604660610354,0.5111885368824005,1364.8333333333333,41.833333333333336,0.0,1310.0,0.0,0.0,1.0,0.0
04_temporal_recency,16,Medium-T-End,0.657214601255522,0.5267559111118316,0.42383399209486167,2.0,0.00219780219780218,0.5267559111118316,31.4,6.4,2.487755450335416,,,0.35899769176136365,0.7006507628089325,0.67,0.2993492371910675,0.5267559111118316,1367.5454545454545,35.54545454545455,0.0,1319.0,0.0,0.0,1.0,0.0
04_temporal_recency,16,Medium-T-Mid,0.4841213706202264,0.4989879846572876,0.4034354661356949,2.0,0.0,0.4989879846572876,31.2,5.6,2.3873880207538605,,,0.370330810546875,0.5819966346025467,0.67,0.4180033653974533,0.4989879846572876,1214.875,41.875,0.0,1160.0,0.0,0.0,1.0,0.0
04_temporal_recency,17,High-P-Beg,1.0,0.3067503397663434,0.5924747474747475,2.0,0.0,0.3067503397663434,22.833333333333332,10.333333333333334,2.8195566733678183,,,0.4228515625,0.593857894341151,1.0,0.406142105658849,0.3067503397663434,1926.8333333333333,28.833333333333332,0.0,1885.0,0.0,0.0,1.0,0.0
04_temporal_recency,17,High-P-Mid,0.7489795918367347,0.259179563926799,0.6411883320967645,2.0,0.0,0.259179563926799,12.571428571428571,5.357142857142857,2.820115002718839,,,0.427978515625,0.5507607703859156,1.0,0.4492392296140844,0.259179563926799,1699.0,22.0,0.0,1664.0,0.0,0.0,1.0,0.0
04_temporal_recency,17,High-T-Mid,0.6209825465100401,0.2831173161310809,0.5640620609245016,2.0,0.0,0.2831173161310809,12.571428571428571,4.857142857142857,2.645867978825289,,,0.4029756433823529,0.5450063531889635,1.0,0.4549936468110365,0.2831173161310809,1868.0,21.0,0.0,1834.0,0.0,0.0,1.0,0.0
04_temporal_recency,17,Low-N-Beg,0.2831973581973582,0.4372376948595047,0.35540327727827725,2.0,0.009708506583506573,0.4372376948595047,24.875,1.0,2.13403810773577,,,0.37545340401785715,0.479712929044451,0.33,0.5202870709555489,0.4372376948595047,641.7142857142857,42.714285714285715,0.0,586.0,0.0,0.0,1.0,0.0
04_temporal_recency,17,Low-N-End,0.3004921591062054,0.4975069873034954,0.3024424271997128,2.0,0.003289473684210525,0.4975069873034954,26.125,1.5,2.1125869750976562,,,0.3749593098958333,0.3993494709332784,0.33,0.6006505290667216,0.4975069873034954,685.1666666666666,35.166666666666664,0.0,637.0,0.0,0.0,1.0,0.0
04_temporal_recency,17,Low-N-Mid,0.2733571175620448,0.3303783889859914,0.43275009331840236,2.0,0.0033783783783783755,0.3303783889859914,22.125,0.375,2.3071905699643223,,,0.3962624289772727,0.5277979123321446,0.33,0.4722020876678554,0.3303783889859914,659.6363636363636,45.63636363636363,0.0,601.0,0.0,0.0,1.0,0.0
04_temporal_recency,17,Low-P-Beg,0.5951247387669801,0.22568615588049093,0.5223166327522044,2.0,0.00203252032520325,0.22568615588049093,15.166666666666666,4.25,2.280052733421326,,,0.3724609375,0.56158357411623,0.33,0.43841642588377,0.22568615588049093,546.9,28.9,0.0,505.0,0.0,0.0,1.0,0.0
04_temporal_recency,17,Low-P-End,0.9285714285714286,0.40680367073842455,0.5632286535303777,2.0,0.0,0.40680367073842455,25.142857142857142,10.714285714285714,2.40706729888916,,,0.392333984375,0.5014953017234802,0.33,0.4985046982765198,0.40680367073842455,530.5714285714286,35.57142857142857,0.0,482.0,0.0,0.0,1.0,0.0
04_temporal_recency,17,Low-P-Mid,0.5905740636175418,0.3660261482000351,0.43003199698851874,2.0,0.00454545454545454,0.3660261482000351,33.0,7.0,2.2454464252178488,,,0.3710186298076923,0.6078309027048258,0.33,0.39216909729517424,0.3660261482000351,509.9230769230769,35.92307692307692,0.0,461.0,0.0,0.0,1.0,0.0
04_temporal_recency,17,Low-T-Beg,0.4359496323782038,0.31705119194728987,0.49791494880780596,2.0,0.0018315018315018282,0.31705119194728987,12.785714285714286,2.857142857142857,2.1421345747434177,,,0.3353928786057692,0.4136731991401085,0.33,0.5863268008598914,0.31705119194728987,546.1538461538462,22.153846153846153,0.0,511.0,0.0,0.0,1.0,0.0
04_temporal_recency,17,Low-T-End,0.569438477145244,0.42633370416504995,0.32521183912161356,2.0,0.0037593984962405996,0.42633370416504995,21.285714285714285,5.142857142857143,2.1428389038358415,,,0.36865234375,0.4739303248269217,0.33,0.5260696751730782,0.42633370416504995,580.0,29.0,0.0,538.0,0.0,0.0,1.0,0.0
04_temporal_recency,17,Low-T-Mid,0.5063535576158297,0.46481993794441223,0.42707661669793506,2.0,0.003968253968253958,0.46481993794441223,28.142857142857142,4.714285714285714,2.2337645292282104,,,0.361083984375,0.5839820330341656,0.33,0.4160179669658343,0.46481993794441223,554.5555555555555,42.55555555555556,0.0,499.0,0.0,0.0,1.0,0.0
04_temporal_recency,17,Medium-N-Beg,0.3539272287862513,0.32482053552355084,0.47651494808449696,2.0,0.0017857142857142859,0.32482053552355084,13.428571428571429,0.7142857142857143,2.5411526876337387,,,0.3853113511029412,0.4555443507783553,0.67,0.5444556492216447,0.32482053552355084,1563.764705882353,22.764705882352942,0.0,1528.0,0.0,0.0,1.0,0.0
04_temporal_recency,17,Medium-N-End,0.35352468260031283,0.41517594030925203,0.423947033358798,2.0,0.0040816326530612144,0.41517594030925203,27.571428571428573,0.42857142857142855,2.5343818366527557,,,0.430206298828125,0.5860220286995173,0.67,0.41397797130048275,0.41517594030925203,1683.875,76.875,0.0,1594.0,0.0,0.0,1.0,0.0
04_temporal_recency,17,Medium-N-Mid,0.3750499242759304,0.3923196622303554,0.4293351643196844,2.0,0.0040816326530612144,0.3923196622303554,27.0,1.7142857142857142,2.430664997834426,,,0.4101374699519231,0.6008607945763148,0.67,0.3991392054236852,0.3923196622303554,1687.3846153846155,30.384615384615383,0.0,1644.0,0.0,0.0,1.0,0.0
04_temporal_recency,17,Medium-P-Beg,0.9852941176470589,0.32033860310912127,0.6325690377160965,2.0,0.0,0.32033860310912127,20.875,9.25,2.7862801253795624,,,0.427978515625,0.5248689670115709,0.67,0.47513103298842907,0.32033860310912127,1205.0,28.0,0.0,1164.0,0.0,0.0,1.0,0.0
04_temporal_recency,17,Medium-P-End,0.975438596491228,0.2867696029799325,0.6294647332617258,2.0,0.0,0.2867696029799325,23.142857142857142,9.857142857142858,2.784636378288269,,,0.4308675130208333,0.5029198577006657,0.67,0.4970801422993342,0.2867696029799325,1312.3333333333333,38.333333333333336,0.0,1261.0,0.0,0.0,1.0,0.0
04_temporal_recency,17,Medium-P-Mid,0.46402751719824886,0.30128140971064565,0.6944986449864499,2.0,0.0,0.30128140971064565,16.7,5.2,2.3552103638648987,,,0.36895751953125,0.7273209735285491,0.67,0.2726790264714509,0.30128140971064565,1294.125,63.125,0.0,1218.0,0.0,0.0,1.0,0.0
04_temporal_recency,17,Medium-T-Beg,0.4688051531801532,0.26102508208714426,0.6258015942390942,2.0,0.0015625,0.26102508208714426,11.5625,3.0,2.3873886328477125,,,0.3920335036057692,0.48797717575843513,0.67,0.5120228242415649,0.26102508208714426,1256.0,23.0,0.0,1220.0,0.0,0.0,1.0,0.0
04_temporal_recency,17,Medium-T-End,0.6312368626848264,0.29063525222815,0.5365036735511849,2.0,0.0,0.29063525222815,13.846153846153847,4.461538461538462,2.356153406202793,,,0.35308837890625,0.671433663002972,0.67,0.328566336997028,0.29063525222815,1288.0625,56.0625,0.0,1219.0,0.0,0.0,1.0,0.0
04_temporal_recency,17,Medium-T-Mid,0.7749438670491301,0.3598131537437439,0.4603042877478967,2.0,0.009256915309677871,0.3598131537437439,25.714285714285715,10.142857142857142,2.4481164675492506,,,0.36900916466346156,0.6851665942141643,0.67,0.3148334057858357,0.3598131537437439,1404.7692307692307,70.76923076923077,0.0,1321.0,0.0,0.0,1.0,0.0
04_temporal_recency,18,High-T-Beg,0.8338972431077694,0.4550142011472157,0.5366302486421332,2.0,0.0,0.4550142011472157,22.0,5.857142857142857,2.5664246515794233,,,0.4066716974431818,0.8136051243001765,1.0,0.18639487569982352,0.4550142011472157,1533.090909090909,34.09090909090909,0.0,1486.0,0.0,0.0,1.0,0.0
04_temporal_recency,18,Low-N-Beg,0.2515765280471163,0.3433052216257368,0.4460252166134519,2.0,0.0,0.3433052216257368,19.0,0.14285714285714285,2.2234741960253035,,,0.35853794642857145,0.8587504933987345,0.33,0.14124950660126545,0.3433052216257368,646.7142857142857,23.714285714285715,0.0,610.0,0.0,0.0,1.0,0.0
04_temporal_recency,18,Low-N-End,0.40733869305297876,0.4028358084282705,0.5243661100803958,2.0,0.0059523809523809425,0.4028358084282705,21.571428571428573,0.8571428571428571,2.3196766717093333,,,0.40834263392857145,0.8245994001626968,0.33,0.17540059983730313,0.4028358084282705,620.4285714285714,30.428571428571427,0.0,577.0,0.0,0.0,1.0,0.0
04_temporal_recency,18,Low-N-Mid,0.2677805201334613,0.404901734739542,0.49575819605231364,2.0,0.0,0.404901734739542,17.1,0.4,2.1957049131393434,,,0.3582275390625,0.8240011282265186,0.33,0.17599887177348134,0.404901734739542,713.0,24.0,0.0,676.0,0.0,0.0,1.0,0.0
04_temporal_recency,18,Low-P-Beg,0.8534798534798536,0.5198910236358643,0.5366300366300366,2.0,0.0,0.5198910236358643,26.333333333333332,9.0,2.326932430267334,,,0.3853352864583333,0.7112513581911724,0.33,0.28874864180882764,0.5198910236358643,565.0,36.0,0.0,516.0,0.0,0.0,1.0,0.0
04_temporal_recency,18,Low-P-End,0.7032532185163765,0.45592756995132994,0.5292594734699998,2.0,0.0,0.45592756995132994,22.142857142857142,5.571428571428571,2.404085738318307,,,0.42578125,0.81623789029462,0.33,0.18376210970537998,0.45592756995132994,578.0,30.0,0.0,535.0,0.0,0.0,1.0,0.0
04_temporal_recency,18,Low-P-Mid,0.9037865146058424,0.5062600885118756,0.4177283990519285,2.0,0.015037593984962398,0.5062600885118756,22.285714285714285,7.285714285714286,2.267148801258632,,,0.357666015625,0.750660274709974,0.33,0.249339725290026,0.5062600885118756,638.2857142857143,31.285714285714285,0.0,594.0,0.0,0.0,1.0,0.0
04_temporal_recency,18,Low-T-Beg,0.4126268404872524,0.6112606316804886,0.48788644453690216,2.0,0.009090909090909089,0.6112606316804886,17.8,1.9,2.197855734825134,,,0.35947265625,0.8062046553008259,0.33,0.19379534469917414,0.6112606316804886,563.5,27.5,0.0,523.0,0.0,0.0,1.0,0.0
04_temporal_recency,18,Low-T-End,0.5752082001278773,0.4094347469508648,0.41837689151747653,2.0,0.0,0.4094347469508648,22.125,4.25,2.1532111962636313,,,0.3555230034722222,0.8391392115089629,0.33,0.16086078849103713,0.4094347469508648,513.4444444444445,30.444444444444443,0.0,470.0,0.0,0.0,1.0,0.0
04_temporal_recency,18,Low-T-Mid,0.5681324089089828,0.41143085890346104,0.4601116762494471,2.0,0.0,0.41143085890346104,19.77777777777778,3.3333333333333335,2.1549017667770385,,,0.3626220703125,0.8443034205585718,0.33,0.15569657944142817,0.41143085890346104,509.1,26.1,0.0,470.0,0.0,0.0,1.0,0.0
04_temporal_recency,18,Medium-N-End,0.49437063605693293,0.383699440989982,0.4542225200877105,2.0,0.0,0.383699440989982,16.454545454545453,0.6363636363636364,2.4443578521410623,,,0.3955281575520833,0.8314920508613189,0.67,0.16850794913868103,0.383699440989982,1672.4166666666667,23.416666666666668,0.0,1636.0,0.0,0.0,1.0,0.0
04_temporal_recency,18,Medium-N-Mid,0.31657088122605365,0.3407753037754446,0.6683010057471264,2.0,0.0,0.3407753037754446,21.25,0.5,2.529561758041382,,,0.4062771267361111,0.8632595139659114,0.67,0.13674048603408864,0.3407753037754446,1687.2222222222222,36.22222222222222,0.0,1638.0,0.0,0.0,1.0,0.0
04_temporal_recency,18,Medium-P-Beg,0.9732905982905983,0.4795631219943364,0.5815323565323566,2.0,0.0,0.4795631219943364,27.166666666666668,10.666666666666666,2.6335963769392534,,,0.4166814630681818,0.7994541823863983,0.67,0.20054581761360166,0.4795631219943364,1509.8181818181818,34.81818181818182,0.0,1462.0,0.0,0.0,1.0,0.0
04_temporal_recency,18,Medium-P-End,0.9444444444444444,0.39190344346894157,0.6498204264870932,2.0,0.0,0.39190344346894157,17.88888888888889,7.777777777777778,2.7307204961776734,,,0.41494140625,0.7902965597808361,0.67,0.20970344021916384,0.39190344346894157,1473.8,27.8,0.0,1433.0,0.0,0.0,1.0,0.0
04_temporal_recency,18,Medium-P-Mid,0.8586483253588517,0.4058027297258377,0.44883278271436167,2.0,0.0,0.4058027297258377,17.3,6.2,2.621844843029976,,,0.4181671142578125,0.8119862717576325,0.67,0.18801372824236748,0.4058027297258377,1496.0625,27.0625,0.0,1456.0,0.0,0.0,1.0,0.0
04_temporal_recency,18,Medium-T-Beg,0.587921241611173,0.529392605368048,0.3433843854467424,2.0,0.011764705882352941,0.529392605368048,17.9,4.4,2.478625242526715,,,0.38367638221153844,0.8082428783751451,0.67,0.19175712162485484,0.529392605368048,1443.076923076923,28.076923076923077,0.0,1402.0,0.0,0.0,1.0,0.0
04_temporal_recency,18,Medium-T-End,0.6437416103565171,0.5320384630135128,0.5497951410218491,2.0,0.011428571428571429,0.5320384630135128,24.571428571428573,5.428571428571429,2.432932745326649,,,0.39857066761363635,0.787313776937398,0.67,0.2126862230626019,0.5320384630135128,1324.4545454545455,35.45454545454545,0.0,1276.0,0.0,0.0,1.0,0.0
04_temporal_recency,18,Medium-T-Mid,0.8229034770096476,0.4070073875288169,0.5020168341326842,2.0,0.0,0.4070073875288169,19.333333333333332,5.666666666666667,2.5722732543945312,,,0.4169108072916667,0.8085427909261651,0.67,0.1914572090738349,0.4070073875288169,1374.5555555555557,28.555555555555557,0.0,1333.0,0.0,0.0,1.0,0.0
04_temporal_recency,19,High-P-Beg,0.99375,0.293066032230854,0.5252474853577794,2.0,0.0,0.293066032230854,20.25,7.5,2.7014072374864058,,,0.39848188920454547,0.5668856975707142,1.0,0.4331143024292859,0.293066032230854,1872.3636363636363,24.363636363636363,0.0,1835.0,0.0,0.0,1.0,0.0
04_temporal_recency,19,High-P-Mid,0.9493697478991597,0.36475963518023485,0.5039278483132383,2.0,0.0,0.36475963518023485,21.375,9.0,2.7551293055216473,,,0.40428059895833335,0.5040611863136292,1.0,0.4959388136863708,0.36475963518023485,2048.0,11.0,0.0,2024.0,0.0,0.0,1.0,0.0
04_temporal_recency,19,High-T-Beg,0.7920396228666906,0.5001588038035801,0.3734309894819865,2.0,0.0,0.5001588038035801,22.285714285714285,7.0,2.4655344009399416,,,0.3784912109375,0.48416464030742634,1.0,0.5158353596925735,0.5001588038035801,1255.6,30.6,0.0,1212.0,0.0,0.0,1.0,0.0
04_temporal_recency,19,High-T-End,0.8216836734693879,0.42043777661664145,0.49107400535971957,2.0,0.0,0.42043777661664145,22.142857142857142,6.428571428571429,2.6148205314363753,,,0.39920479910714285,0.5130060889891216,1.0,0.4869939110108784,0.42043777661664145,1623.5,31.5,0.0,1579.0,0.0,0.0,1.0,0.0
04_temporal_recency,19,Low-N-Beg,0.2745219950328309,0.40598608255386354,0.3602349198788827,2.0,0.0,0.40598608255386354,17.4,0.1,2.2255423069000244,,,0.3890787760416667,0.5466760247945786,0.33,0.45332397520542145,0.40598608255386354,636.25,24.25,0.0,599.0,0.0,0.0,1.0,0.0
04_temporal_recency,19,Low-N-End,0.30356936801949586,0.3818802220953835,0.4145780051150895,2.0,0.0,0.3818802220953835,20.77777777777778,0.3333333333333333,2.1559370358784995,,,0.405419921875,0.5341687520345052,0.33,0.46583124796549474,0.3818802220953835,601.9333333333333,29.933333333333334,0.0,559.0,0.0,0.0,1.0,0.0
04_temporal_recency,19,Low-N-Mid,0.30281667292116204,0.4877544231712818,0.42717851893548486,2.0,0.0,0.4877544231712818,21.75,1.0,2.2996951788663864,,,0.409912109375,0.5221389550715685,0.33,0.4778610449284315,0.4877544231712818,629.6875,27.6875,0.0,589.0,0.0,0.0,1.0,0.0
04_temporal_recency,19,Low-P-Beg,0.9287784679089027,0.3976498767733574,0.4193675889328063,2.0,0.0,0.3976498767733574,22.0,8.5,2.30740239070012,,,0.3872258112980769,0.4244959216851455,0.33,0.5755040783148545,0.3976498767733574,449.7692307692308,30.76923076923077,0.0,406.0,0.0,0.0,1.0,0.0
04_temporal_recency,19,Low-P-End,1.0,0.43216709047555923,0.46556372549019603,2.0,0.0,0.43216709047555923,19.875,8.5,2.467627934047154,,,0.40645926339285715,0.5030003211327961,0.33,0.49699967886720386,0.43216709047555923,514.7142857142857,27.714285714285715,0.0,474.0,0.0,0.0,1.0,0.0
04_temporal_recency,19,Low-P-Mid,0.9824074074074074,0.36892875097692013,0.43669068504594816,2.0,0.0,0.36892875097692013,19.875,7.375,2.2732364581181455,,,0.3537034254807692,0.5294791620511274,0.33,0.4705208379488725,0.36892875097692013,524.1538461538462,30.153846153846153,0.0,481.0,0.0,0.0,1.0,0.0
04_temporal_recency,19,Low-T-Beg,0.7285468980082151,0.4107188768684864,0.2657044388901805,2.0,0.0,0.4107188768684864,22.375,6.625,2.184748500585556,,,0.361572265625,0.5525982920080423,0.33,0.44740170799195766,0.4107188768684864,501.125,26.125,0.0,462.0,0.0,0.0,1.0,0.0
04_temporal_recency,19,Low-T-End,0.9311347278452542,0.38566525280475616,0.5145861448493028,2.0,0.0,0.38566525280475616,19.125,8.375,2.3918805599212645,,,0.39384765625,0.5569602668285369,0.33,0.443039733171463,0.38566525280475616,552.7,27.7,0.0,512.0,0.0,0.0,1.0,0.0
04_temporal_recency,19,Low-T-Mid,0.6287952898550725,0.37054995773360133,0.3868191425120773,2.0,0.0,0.37054995773360133,20.75,5.875,2.2942243417104087,,,0.389404296875,0.4819923374387953,0.33,0.5180076625612047,0.37054995773360133,481.55555555555554,28.555555555555557,0.0,440.0,0.0,0.0,1.0,0.0
04_temporal_recency,19,Medium-N-Beg,0.44471756338764007,0.42957452932993573,0.28022871322104054,2.0,0.0,0.42957452932993573,20.22222222222222,0.6666666666666666,2.516979122161865,,,0.441162109375,0.4811877071857452,0.67,0.5188122928142548,0.42957452932993573,1687.8,24.8,0.0,1650.0,0.0,0.0,1.0,0.0
04_temporal_recency,19,Medium-N-End,0.36819459064041105,0.35975700947973466,0.3900534660080584,2.0,0.0,0.35975700947973466,19.333333333333332,0.3333333333333333,2.4655186479741875,,,0.41996626420454547,0.5518400642004879,0.6699999999999999,0.448159935799512,0.35975700947973466,1619.5454545454545,26.545454545454547,0.0,1580.0,0.0,0.0,1.0,0.0
04_temporal_recency,19,Medium-N-Mid,0.3944805452545391,0.38116968870162965,0.3644776534095419,2.0,0.0,0.38116968870162965,17.5,0.2,2.5596136093139648,,,0.423779296875,0.5640022426843643,0.67,0.43599775731563567,0.38116968870162965,1878.2,22.2,0.0,1843.0,0.0,0.0,1.0,0.0
04_temporal_recency,19,Medium-P-Beg,0.9587418300653595,0.3997696836789449,0.50515737874097,2.0,0.0022222222222222222,0.3997696836789449,18.11111111111111,7.111111111111111,2.760996866226196,,,0.4078125,0.5060627361138661,0.67,0.49393726388613385,0.3997696836789449,1394.6666666666667,26.666666666666668,0.0,1355.0,0.0,0.0,1.0,0.0
04_temporal_recency,19,Medium-P-End,1.0,0.36628776362964083,0.5624895572263994,2.0,0.0,0.36628776362964083,20.857142857142858,9.428571428571429,2.567073719842093,,,0.38026646205357145,0.5248752342803138,0.6700000000000002,0.47512476571968626,0.36628776362964083,1077.7142857142858,26.714285714285715,0.0,1038.0,0.0,0.0,1.0,0.0
04_temporal_recency,19,Medium-P-Mid,0.9910714285714286,0.3775966167449951,0.4946369927281257,2.0,0.0,0.3775966167449951,23.285714285714285,11.142857142857142,2.5909128529684886,,,0.3759765625,0.5461982148034232,0.6700000000000002,0.4538017851965768,0.3775966167449951,1195.857142857143,29.857142857142858,0.0,1153.0,0.0,0.0,1.0,0.0
04_temporal_recency,19,Medium-T-Beg,0.7017067555767246,0.3527659382671117,0.2687893943002302,2.0,0.0,0.3527659382671117,17.7,5.8,2.3637536764144897,,,0.3628662109375,0.5252254635095597,0.67,0.4747745364904404,0.3527659382671117,1202.7,23.7,0.0,1166.0,0.0,0.0,1.0,0.0
04_temporal_recency,19,Medium-T-End,0.8948355365538028,0.47726664278242326,0.44480488551695985,2.0,0.0,0.47726664278242326,17.88888888888889,6.444444444444445,2.4434321110065165,,,0.39736703725961536,0.4915390312671661,0.67,0.5084609687328339,0.47726664278242326,1052.4615384615386,25.46153846153846,0.0,1014.0,0.0,0.0,1.0,0.0
04_temporal_recency,19,Medium-T-Mid,0.9860119047619047,0.4240384783063616,0.5125303382222454,2.0,0.0,0.4240384783063616,22.285714285714285,9.571428571428571,2.6682977816637825,,,0.3815774356617647,0.5847448294653612,0.67,0.4152551705346388,0.4240384783063616,1353.6470588235295,28.647058823529413,0.0,1312.0,0.0,0.0,1.0,0.0
05_stackmath_numerical,0,High-P-Mid,0.8610751993104935,0.42844628010477337,0.346637169456642,2.0,0.0015527950310559003,0.42844628010477337,25.285714285714285,9.857142857142858,3.0030452410380044,,,0.4490966796875,0.390774369239807,1.0,0.6092256307601929,0.42844628010477337,1770.5,80.5,0.0,1677.0,0.0,0.0,1.0,0.0
05_stackmath_numerical,0,High-T-Beg,0.6082817182817183,0.3711951166391373,0.35191475191475186,2.0,0.0,0.3711951166391373,18.9,4.9,2.6453269322713218,,,0.4148220486111111,0.35982698533270097,1.0,0.640173014667299,0.3711951166391373,1921.7777777777778,60.77777777777778,0.0,1848.0,0.0,0.0,1.0,0.0
05_stackmath_numerical,0,High-T-End,0.6031654456654457,0.3632080733776092,0.33095543345543343,2.0,0.0,0.3632080733776092,19.6,4.9,2.616409262021383,,,0.4554850260416667,0.4603896141052246,1.0,0.5396103858947754,0.3632080733776092,1644.0,69.0,0.0,1562.0,0.0,0.0,1.0,0.0
05_stackmath_numerical,0,Low-N-Beg,0.32802780383916286,0.3046416299683707,0.35077431503105216,2.0,0.0,0.3046416299683707,14.0,0.2857142857142857,2.5068492889404297,,,0.4118245442708333,0.400794838865598,0.33,0.5992051611344019,0.3046416299683707,752.0,104.0,0.0,635.0,0.0,0.0,1.0,0.0
05_stackmath_numerical,0,Low-N-End,0.23401385407964354,0.34446480870246887,0.14498299319727892,2.0,0.0,0.34446480870246887,24.428571428571427,0.8571428571428571,2.574736547470093,,,0.384619140625,0.2681824564933777,0.33,0.7318175435066223,0.34446480870246887,780.6,165.6,0.0,602.0,0.0,0.0,1.0,0.0
05_stackmath_numerical,0,Low-N-Mid,0.3342973074397223,0.2649105638265609,0.3414857330492005,2.0,0.0,0.2649105638265609,10.210526315789474,0.5789473684210527,2.4689752757549286,,,0.420166015625,0.3854667581617832,0.33,0.6145332418382168,0.2649105638265609,709.0,60.0,0.0,636.0,0.0,0.0,1.0,0.0
05_stackmath_numerical,0,Low-P-Beg,0.609815947940948,0.3117384375073015,0.2662419178044178,2.0,0.0,0.3117384375073015,11.0625,3.5625,2.4159698486328125,,,0.377685546875,0.4295517106850942,0.33,0.5704482893149058,0.3117384375073015,612.6666666666666,74.66666666666667,0.0,525.0,0.0,0.0,1.0,0.0
05_stackmath_numerical,0,Low-P-End,0.7031326627917537,0.36060104045000946,0.3037258196349105,2.0,0.0,0.36060104045000946,17.363636363636363,4.7272727272727275,2.360088288784027,,,0.3642578125,0.3819222301244735,0.33,0.6180777698755264,0.36060104045000946,661.125,69.125,0.0,579.0,0.0,0.0,1.0,0.0
05_stackmath_numerical,0,Low-P-Mid,0.4898215901745313,0.3037789705395698,0.19710648175354056,2.0,0.004304160688665707,0.3037789705395698,7.64,2.28,2.5003276421473575,,,0.4091984675480769,0.514899554160925,0.33,0.48510044583907497,0.3037789705395698,679.6153846153846,38.61538461538461,0.0,628.0,0.0,0.0,1.0,0.0
05_stackmath_numerical,0,Low-T-Beg,0.6400989883132739,0.29840998830539833,0.21284766820481105,2.0,0.0,0.29840998830539833,12.714285714285714,3.357142857142857,2.270510673522949,,,0.36928013392857145,0.3865060976573399,0.33,0.6134939023426601,0.29840998830539833,593.7142857142857,79.71428571428571,0.0,501.0,0.0,0.0,1.0,0.0
05_stackmath_numerical,0,Low-T-End,0.5939599920235653,0.39575143797057016,0.23237731293997274,2.0,0.0,0.39575143797057016,20.428571428571427,3.4285714285714284,2.4643287658691406,,,0.39788818359375,0.5512545257806778,0.33,0.4487454742193222,0.39575143797057016,663.0,91.0,0.0,559.0,0.0,0.0,1.0,0.0
05_stackmath_numerical,0,Low-T-Mid,0.4116881993400212,0.33183891956622785,0.24452241415804168,2.0,0.0,0.33183891956622785,13.0,3.230769230769231,2.291601133346558,,,0.34638671875,0.4016680777072906,0.33,0.5983319222927094,0.33183891956622785,602.8,78.8,0.0,511.0,0.0,0.0,1.0,0.0
05_stackmath_numerical,0,Medium-N-Beg,0.27228505621362764,0.3169216609426907,0.294440083725798,2.0,0.0,0.3169216609426907,14.357142857142858,0.9285714285714286,2.777513122558594,,,0.458056640625,0.3116897702217102,0.67,0.6883102297782898,0.3169216609426907,1667.4,145.4,0.0,1509.0,0.0,0.0,1.0,0.0
05_stackmath_numerical,0,Medium-N-End,0.3092416407122289,0.35897224396467203,0.23775312922371744,2.0,0.0,0.35897224396467203,18.7,0.8,2.845846327868375,,,0.4454012784090909,0.3719523305242712,0.67,0.6280476694757288,0.35897224396467203,1848.7272727272727,88.72727272727273,0.0,1747.0,0.0,0.0,1.0,0.0
05_stackmath_numerical,0,Medium-N-Mid,0.4362639195564804,0.1871088424130626,0.4071770106908548,2.0,0.0,0.1871088424130626,8.217391304347826,1.434782608695652,2.6382933855056763,,,0.397705078125,0.4436113834381103,0.67,0.5563886165618896,0.1871088424130626,1742.3333333333333,73.33333333333333,0.0,1656.0,0.0,0.0,1.0,0.0
05_stackmath_numerical,0,Medium-P-Beg,0.7815101565101565,0.41464849029268536,0.21698350668938904,2.0,0.0,0.41464849029268536,20.0,6.571428571428571,2.5424710273742677,,,0.38193359375,0.4573558449745178,0.67,0.5426441550254821,0.41464849029268536,1799.6,55.6,0.0,1731.0,0.0,0.0,1.0,0.0
05_stackmath_numerical,0,Medium-P-End,0.6685770248270249,0.31456874310970306,0.26327584452584446,2.0,0.0,0.31456874310970306,15.416666666666666,4.166666666666667,2.665455865859985,,,0.42109375,0.435159832239151,0.67,0.564840167760849,0.31456874310970306,1509.2,78.2,0.0,1418.0,0.0,0.0,1.0,0.0
05_stackmath_numerical,0,Medium-P-Mid,0.7929012345679013,0.3106367770168516,0.2032738095238095,2.0,0.0,0.3106367770168516,21.11111111111111,4.888888888888889,2.8509824752807615,,,0.4192626953125,0.3645834863185883,0.67,0.6354165136814117,0.3106367770168516,1658.0,96.0,0.0,1549.0,0.0,0.0,1.0,0.0
05_stackmath_numerical,0,Medium-T-Beg,0.6198043436700423,0.2805415889934489,0.20679493928132767,2.0,0.0,0.2805415889934489,9.526315789473685,3.210526315789474,2.7200008630752563,,,0.421783447265625,0.5555134229362011,0.67,0.4444865770637989,0.2805415889934489,1387.125,41.125,0.0,1333.0,0.0,0.0,1.0,0.0
05_stackmath_numerical,0,Medium-T-End,0.43817183123249304,0.22140841803047803,0.31632282647907645,2.0,0.0,0.22140841803047803,8.166666666666666,2.0416666666666665,2.6008186075422497,,,0.4215494791666667,0.4748462968402438,0.67,0.5251537031597562,0.22140841803047803,1160.888888888889,59.888888888888886,0.0,1088.0,0.0,0.0,1.0,0.0
05_stackmath_numerical,0,Medium-T-Mid,0.45013525157499223,0.21334120212122795,0.6063911540122447,2.0,0.0,0.21334120212122795,17.583333333333332,1.9166666666666667,2.561773121356964,,,0.3752034505208333,0.310442308584849,0.67,0.689557691415151,0.21334120212122795,1401.6666666666667,81.66666666666667,0.0,1307.0,0.0,0.0,1.0,0.0
05_stackmath_numerical,1,High-P-Beg,0.6276950691584838,0.35500054359436034,0.04796536796536793,2.0,0.14554481795754765,0.35500054359436034,30.8,7.8,2.6176185131073,,,0.41904296875,0.3154117465019226,1.0,0.6845882534980774,0.35500054359436034,1981.8,54.8,10.0,1896.0,6.519140625,1.0,1.0,1.0
05_stackmath_numerical,1,High-T-Beg,0.8133333333333334,0.4658638487259547,0.2505182072829132,2.0,0.04983799822241975,0.4658638487259547,25.5,9.833333333333334,2.4215025107065835,,,0.404541015625,0.4035870432853699,1.0,0.5964129567146301,0.4658638487259547,1950.0,89.0,0.0,1848.0,0.0,0.0,1.0,0.0
05_stackmath_numerical,1,High-T-End,0.6636657786657787,0.28162519335746766,0.364010989010989,2.0,0.00823191345503718,0.28162519335746766,19.9,5.9,2.653520256280899,,,0.4139404296875,0.4851930659885207,1.0,0.5148069340114793,0.28162519335746766,1564.9583333333333,29.958333333333332,0.0,1522.0,0.0,0.0,1.0,0.0
05_stackmath_numerical,1,High-T-Mid,0.7645108363858364,0.40033849716807407,0.28903388278388276,2.0,0.01719427864784155,0.40033849716807407,17.5,7.083333333333333,2.5913377675143154,,,0.42573686079545453,0.48816554045135324,1.0,0.5118344595486467,0.40033849716807407,2035.3636363636363,34.36363636363637,0.0,1988.0,0.0,0.0,1.0,0.0
05_stackmath_numerical,1,Low-N-Beg,0.2806335747512218,0.5460760295391083,0.12020844373785546,2.0,0.08458841589909549,0.5460760295391083,35.0,1.0,2.117661476135254,,,0.345458984375,0.3511510491371155,0.33,0.6488489508628845,0.5460760295391083,701.5,107.5,0.0,581.0,0.0,0.0,1.0,0.0
05_stackmath_numerical,1,Low-N-End,0.21999458291475096,0.47484063676425387,0.11544810231785019,2.0,0.048028995763027806,0.47484063676425387,20.142857142857142,0.0,2.348621964454651,,,0.425048828125,0.2612330913543701,0.33,0.7387669086456299,0.47484063676425387,769.0,139.0,0.0,617.0,0.0,0.0,1.0,0.0
05_stackmath_numerical,1,Low-N-Mid,0.20692341714013537,0.508703887462616,0.09027111519371576,2.0,0.042419806012038985,0.508703887462616,22.333333333333332,0.16666666666666666,2.3202818632125854,,,0.36572265625,0.2414494752883911,0.33,0.7585505247116089,0.508703887462616,786.5,132.5,0.0,641.0,0.0,0.0,1.0,0.0
05_stackmath_numerical,1,Low-P-Beg,0.6643707313419477,0.3355017619000541,0.19000743487495853,2.0,0.011722402013664134,0.3355017619000541,21.444444444444443,6.111111111111111,2.26043438911438,,,0.3353271484375,0.282022476196289,0.33,0.7179775238037109,0.3355017619000541,678.6666666666666,65.66666666666667,0.0,600.0,0.0,0.0,1.0,0.0
05_stackmath_numerical,1,Low-P-End,0.94,0.4032781422138214,0.185,2.0,0.0185185185185185,0.4032781422138214,19.0,10.5,2.421142578125,,,0.427001953125,0.2389194369316101,0.33,0.7610805630683899,0.4032781422138214,750.0,73.0,0.0,664.0,0.0,0.0,1.0,0.0
05_stackmath_numerical,1,Low-P-Mid,0.6004082722832723,0.3104082445303599,0.18591651404151402,2.0,0.019094330682615648,0.3104082445303599,29.666666666666668,7.5,2.3158953189849854,,,0.28450927734375,0.324437353014946,0.33,0.675562646985054,0.3104082445303599,747.6,79.6,0.0,655.0,0.0,0.0,1.0,0.0
05_stackmath_numerical,1,Low-T-Beg,0.7139647525676938,0.5174019560217857,0.12914040616246494,2.0,0.06548901163955625,0.5174019560217857,30.0,8.5,2.2372608184814453,,,0.4227294921875,0.2794144749641418,0.33,0.7205855250358582,0.5174019560217857,666.5,125.5,0.0,528.0,0.0,0.0,1.0,0.0
05_stackmath_numerical,1,Low-T-End,0.7229813664596273,0.4309198757012685,0.09544513457556932,2.0,0.03179584038667743,0.4309198757012685,18.333333333333332,6.333333333333333,2.206381797790528,,,0.318115234375,0.2264409065246582,0.33,0.7735590934753418,0.4309198757012685,655.0,107.0,0.0,535.0,0.0,0.0,1.0,0.0
05_stackmath_numerical,1,Low-T-Mid,0.7112657928668543,0.5187247352940696,0.10847496893494236,2.0,0.0416378910360016,0.5187247352940696,24.428571428571427,7.857142857142857,2.247275352478028,,,0.3761393229166667,0.2669525941212972,0.33,0.7330474058787028,0.5187247352940696,640.0,108.0,0.0,519.0,0.0,0.0,1.0,0.0
05_stackmath_numerical,1,Medium-N-Beg,0.33777896360680043,0.5396054983139038,0.09576306495138098,2.0,0.07110307568106254,0.5396054983139038,29.0,0.8571428571428571,2.5839240550994873,,,0.436279296875,0.153331845998764,0.67,0.846668154001236,0.5396054983139038,1853.5,203.5,0.0,1637.0,0.0,0.0,1.0,0.0
05_stackmath_numerical,1,Medium-N-End,0.3285999182281608,0.33313496730157305,0.14812533709135825,2.0,0.028904085643940088,0.33313496730157305,23.0,0.14285714285714285,2.6755223274230957,,,0.43328857421875,0.3983079865574837,0.67,0.6016920134425163,0.33313496730157305,1688.25,69.25,0.0,1606.0,0.0,0.0,1.0,0.0
05_stackmath_numerical,1,Medium-N-Mid,0.413911513323278,0.3688624188303947,0.2509250879839115,2.0,0.01627618747110179,0.3688624188303947,15.0,2.3,2.5780277252197266,,,0.4511311848958333,0.3433014651139577,0.67,0.6566985348860422,0.3688624188303947,1748.1666666666667,49.166666666666664,0.0,1686.0,0.0,0.0,1.0,0.0
05_stackmath_numerical,1,Medium-P-Beg,0.8327664399092971,0.4186666224684034,0.09457116179805251,2.0,0.03846338535414165,0.4186666224684034,21.571428571428573,8.571428571428571,2.39263916015625,,,0.41826171875,0.2788631916046142,0.67,0.7211368083953857,0.4186666224684034,1793.0,60.0,0.0,1720.0,0.0,0.0,1.0,0.0
05_stackmath_numerical,1,Medium-P-End,0.9052308802308803,0.4122660093837314,0.2667027417027417,2.0,0.013537653622613756,0.4122660093837314,25.11111111111111,9.222222222222221,2.7650125503540037,,,0.424755859375,0.3493958830833434,0.67,0.6506041169166565,0.4122660093837314,1658.2,190.2,0.0,1455.0,0.0,0.0,1.0,0.0
05_stackmath_numerical,1,Medium-P-Mid,0.9761904761904763,0.4955075979232788,0.11755952380952381,2.0,0.03828540025645715,0.4955075979232788,19.5,12.0,2.543589353561402,,,0.413330078125,0.2844076752662658,0.67,0.7155923247337341,0.4955075979232788,1667.0,70.0,0.0,1584.0,0.0,0.0,1.0,0.0
05_stackmath_numerical,1,Medium-T-Beg,0.7209108538520302,0.3615587782114744,0.16283872989755338,2.0,0.03417750870844949,0.3615587782114744,17.5,5.9,2.3659217953681946,,,0.39117431640625,0.2820511311292648,0.67,0.7179488688707352,0.3615587782114744,1344.5,86.5,0.0,1245.0,0.0,0.0,1.0,0.0
05_stackmath_numerical,1,Medium-T-End,0.7640696501566068,0.3016047369688749,0.3160840367362106,2.0,0.00917890520694258,0.3016047369688749,22.4,6.4,2.4406446350945368,,,0.4092881944444444,0.5572913048995866,0.67,0.44270869510041344,0.3016047369688749,1430.3333333333333,90.33333333333333,0.0,1327.0,0.0,0.0,1.0,0.0
05_stackmath_numerical,1,Medium-T-Mid,0.8809523809523809,0.4483345051606496,0.0910364145658263,2.0,0.022592078902758498,0.4483345051606496,19.333333333333332,8.0,2.336482048034668,,,0.39306640625,0.2345408797264099,0.67,0.7654591202735901,0.4483345051606496,1450.0,112.0,0.0,1325.0,0.0,0.0,1.0,0.0
05_stackmath_numerical,2,High-P-End,1.0,0.5791845321655273,0.0,2.0,0.0,0.5791845321655273,15.0,6.0,2.86719822883606,,,0.39208984375,0.2500678300857544,1.0,0.7499321699142456,0.5791845321655273,2048.0,3.0,0.0,2032.0,0.0,0.0,1.0,0.0
05_stackmath_numerical,2,High-T-Beg,0.8771728271728272,0.4226872863677832,0.1593906093906094,2.0,0.021652828174567276,0.4226872863677832,17.307692307692307,7.3076923076923075,2.9494224071502684,,,0.449609375,0.1884259343147277,1.0,0.8115740656852721,0.4226872863677832,2039.6,69.6,0.0,1957.0,0.0,0.0,1.0,0.0
05_stackmath_numerical,2,High-T-End,0.84254021965463,0.48921058394692163,0.14412581039375294,2.0,0.051013434676800994,0.48921058394692163,18.636363636363637,5.454545454545454,2.823295474052429,,,0.4600830078125,0.1635764092206955,1.0,0.8364235907793045,0.48921058394692163,1879.75,108.75,0.0,1758.0,0.0,0.0,1.0,0.0
05_stackmath_numerical,2,High-T-Mid,0.8199110671936759,0.5276761241257191,0.2026423656858439,2.0,0.030396897166999687,0.5276761241257191,23.0,6.875,2.831721373966762,,,0.41305106026785715,0.2857064519609723,1.0,0.7142935480390277,0.5276761241257191,1575.2857142857142,52.285714285714285,19.0,1483.0,10.190848214285714,1.0,1.0,1.0
05_stackmath_numerical,2,Low-N-Beg,0.38690476190476186,0.5802615781625112,0.16865079365079363,2.0,0.0,0.5802615781625112,21.666666666666668,1.0,2.535822868347168,,,0.42919921875,0.2070406675338745,0.33,0.7929593324661255,0.5802615781625112,785.0,114.0,0.0,658.0,0.0,0.0,1.0,0.0
05_stackmath_numerical,2,Low-N-End,0.20242914979757085,0.5119209587574005,0.07118758434547906,2.0,0.061085572842998564,0.5119209587574005,37.666666666666664,0.16666666666666666,2.6843701203664145,,,0.363525390625,0.1032623648643493,0.33,0.8967376351356506,0.5119209587574005,811.0,158.0,4.0,628.0,26.183430989583332,1.0,1.0,1.0
05_stackmath_numerical,2,Low-N-Mid,0.4305555555555556,0.5802615781625112,0.16865079365079363,2.0,0.0,0.5802615781625112,21.666666666666668,1.3333333333333333,2.4630286693573,,,0.39697265625,0.2070406675338745,0.33,0.7929593324661255,0.5802615781625112,782.0,114.0,0.0,655.0,0.0,0.0,1.0,0.0
05_stackmath_numerical,2,Low-P-Beg,0.541660384703863,0.46325647582610446,0.4701741696306913,2.0,0.0246303996303996,0.46325647582610446,35.833333333333336,7.166666666666667,2.7366483211517334,,,0.4671630859375,0.312560906012853,0.33,0.687439093987147,0.46325647582610446,850.6666666666666,165.66666666666666,0.0,672.0,0.0,0.0,1.0,0.0
05_stackmath_numerical,2,Low-P-End,0.7881701631701632,0.5787159726023674,0.2052253302253302,2.0,0.026857718894009175,0.5787159726023674,41.0,9.75,2.484245181083679,,,0.32708740234375,0.1665652245283126,0.33,0.8334347754716873,0.5787159726023674,724.25,75.25,0.0,636.0,0.0,0.0,1.0,0.0
05_stackmath_numerical,2,Low-P-Mid,0.8770926604259938,0.5046590715646744,0.22835143251809917,2.0,0.0,0.5046590715646744,19.166666666666668,6.416666666666667,2.408640682697296,,,0.364105224609375,0.1428734138607978,0.33,0.8571265861392021,0.5046590715646744,752.0,105.0,0.0,634.0,0.0,0.0,1.0,0.0
05_stackmath_numerical,2,Low-T-Beg,0.8119427821518229,0.5403084568679333,0.21038868754806783,2.0,0.02672485001304231,0.5403084568679333,25.125,7.0,2.405534327030182,,,0.351593017578125,0.2189896553754806,0.33,0.7810103446245193,0.5403084568679333,587.0,74.0,0.0,500.0,0.0,0.0,1.0,0.0
05_stackmath_numerical,2,Low-T-End,0.79328231292517,0.5496630030018943,0.12460317460317459,2.0,0.025939815475649785,0.5496630030018943,19.571428571428573,5.142857142857143,2.200415551662445,,,0.31671142578125,0.2146973013877868,0.33,0.7853026986122131,0.5496630030018943,583.5,65.5,0.0,505.0,0.0,0.0,1.0,0.0
05_stackmath_numerical,2,Low-T-Mid,0.8282606282606283,0.38292318467910474,0.1782106782106782,2.0,0.007189072609633354,0.38292318467910474,11.615384615384615,4.538461538461538,2.449979245662689,,,0.435272216796875,0.2082374282181263,0.33,0.7917625717818737,0.38292318467910474,565.125,36.125,0.0,516.0,0.0,0.0,1.0,0.0
05_stackmath_numerical,2,Medium-N-Beg,0.15457589285714285,0.42362136766314507,0.70703125,2.0,0.0,0.42362136766314507,45.5,0.25,2.8637256622314453,,,0.46533203125,0.3602365454037984,0.67,0.6397634545962015,0.42362136766314507,2048.0,227.0,0.0,1808.0,0.0,0.0,1.0,0.0
05_stackmath_numerical,2,Medium-N-End,0.33192355889724307,0.6923518031835556,0.12149122807017543,2.0,0.0437903499830105,0.6923518031835556,23.5,0.5,2.596276044845581,,,0.4420166015625,0.060738980770111,0.67,0.939261019229889,0.6923518031835556,1728.5,100.5,0.0,1615.0,0.0,0.0,1.0,0.0
05_stackmath_numerical,2,Medium-N-Mid,0.38246738641475486,0.5818315082126193,0.11813740190933171,2.0,0.009920634920634911,0.5818315082126193,18.444444444444443,0.2222222222222222,2.6351009777614047,,,0.41891043526785715,0.1060587593487331,0.67,0.8939412406512669,0.5818315082126193,1714.0,56.0,0.0,1645.0,0.0,0.0,1.0,0.0
05_stackmath_numerical,2,Medium-P-Beg,0.9285714285714286,0.5791845321655273,0.0,2.0,0.0,0.5791845321655273,15.0,6.0,2.6715457439422607,,,0.43798828125,0.2500678300857544,0.67,0.7499321699142456,0.5791845321655273,1630.0,32.0,0.0,1585.0,0.0,0.0,1.0,0.0
05_stackmath_numerical,2,Medium-P-End,0.8790403117768847,0.40501171598831814,0.2954755497219559,2.0,0.003968253968253966,0.40501171598831814,21.88888888888889,6.777777777777778,2.8820370634396872,,,0.4587198893229167,0.3631336838006973,0.67,0.6368663161993027,0.40501171598831814,1585.25,42.25,0.0,1530.0,0.0,0.0,1.0,0.0
05_stackmath_numerical,2,Medium-P-Mid,0.8612024930361093,0.6618194818496704,0.2673071976128003,2.0,0.04037312252964426,0.6618194818496704,40.0,11.0,2.602511078119278,,,0.3280029296875,0.1528476551175117,0.67,0.8471523448824883,0.6618194818496704,1671.25,124.25,0.0,1534.0,0.0,0.0,1.0,0.0
05_stackmath_numerical,2,Medium-T-Beg,0.8672924297924297,0.5874844640493393,0.13479344729344728,2.0,0.054771065794536354,0.5874844640493393,33.25,7.5,2.583496888478597,,,0.3490397135416667,0.19062056144078574,0.67,0.8093794385592142,0.5874844640493393,1169.0,89.0,0.0,1067.0,0.0,0.0,1.0,0.0
05_stackmath_numerical,2,Medium-T-End,0.8235294117647058,0.6339346170425415,0.0,2.0,0.0679611650485436,0.6339346170425415,22.0,7.0,2.6029200553894043,,,0.37841796875,0.0945920944213867,0.67,0.9054079055786132,0.6339346170425415,1117.0,47.0,0.0,1057.0,0.0,0.0,1.0,0.0
05_stackmath_numerical,2,Medium-T-Mid,0.5996373241571671,0.5591195747256279,0.3980130517826825,2.0,0.012376237623762375,0.5591195747256279,24.75,4.625,2.949417972564697,,,0.4166015625,0.23309029340744009,0.67,0.7669097065925599,0.5591195747256279,1448.2,177.2,0.0,1258.0,0.0,0.0,1.0,0.0
05_stackmath_numerical,3,High-P-Mid,0.9500000000000001,0.23741125563780463,0.5518518518518518,2.0,0.0,0.23741125563780463,19.333333333333332,6.333333333333333,2.777664581934611,,,0.3997395833333333,1.0,1.0,0.0,0.23741125563780463,2048.0,7.0,0.0,2028.0,0.0,0.0,1.0,0.0
05_stackmath_numerical,3,High-T-Beg,0.7457948942469066,0.5663626392682394,0.3557304208233001,2.0,0.026441965418955445,0.5663626392682394,25.333333333333332,9.222222222222221,2.462812528014183,,,0.36358642578125,0.45049014687538136,1.0,0.5495098531246185,0.5663626392682394,1947.25,58.25,0.0,1876.0,0.0,0.0,1.0,0.0
05_stackmath_numerical,3,High-T-Mid,0.6683114035087719,0.39636739157140255,0.34429824561403505,2.0,0.060555370924264204,0.39636739157140255,47.25,8.25,2.4991740584373474,,,0.3617706298828125,0.4920282214879989,1.0,0.507971778512001,0.39636739157140255,1747.375,24.375,0.0,1710.0,0.0,0.0,1.0,0.0
05_stackmath_numerical,3,Low-N-Beg,0.30723562152133577,0.321183298847505,0.40559678416821277,2.0,0.008210180623973714,0.321183298847505,21.714285714285715,0.42857142857142855,2.38124400919134,,,0.37633167613636365,0.6530017073858868,0.33,0.3469982926141132,0.321183298847505,694.5454545454545,24.545454545454547,0.0,657.0,0.0,0.0,1.0,0.0
05_stackmath_numerical,3,Low-N-End,0.21163245356793742,0.32518510786550386,0.4023929219781754,2.0,0.007849293563579272,0.32518510786550386,21.285714285714285,0.42857142857142855,2.210568297993053,,,0.3199129971590909,0.6636434664780444,0.33,0.33635653352195566,0.32518510786550386,622.0,24.0,0.0,585.0,0.0,0.0,1.0,0.0
05_stackmath_numerical,3,Low-N-Mid,0.356338899196042,0.3455330819955894,0.40423623995052566,2.0,0.015759240759240744,0.3455330819955894,21.285714285714285,0.7142857142857143,2.134569525718689,,,0.31524658203125,0.6771672535687685,0.33,0.3228327464312315,0.3455330819955894,595.6666666666666,21.666666666666668,0.0,561.0,0.0,0.0,1.0,0.0
05_stackmath_numerical,3,Low-P-Beg,0.7838578088578088,0.3392211049795151,0.37668997668997667,2.0,0.03823961683438805,0.3392211049795151,26.833333333333332,6.5,2.456677862576076,,,0.4058837890625,0.6388333607465029,0.33,0.3611666392534971,0.3392211049795151,691.4285714285714,20.428571428571427,0.0,658.0,0.0,0.0,1.0,0.0
05_stackmath_numerical,3,Low-P-End,0.7421765734265735,0.2917835800908506,0.38755827505827506,2.0,0.013515978403618838,0.2917835800908506,22.5,4.875,2.4193760367000805,,,0.3822667738970588,0.6872948266237098,0.33,0.3127051733762902,0.2917835800908506,612.4117647058823,19.41176470588235,0.0,580.0,0.0,0.0,1.0,0.0
05_stackmath_numerical,3,Low-P-Mid,0.23636363636363633,0.3004582642267148,0.4080808080808081,2.0,0.009578544061302667,0.3004582642267148,23.333333333333332,2.1666666666666665,1.554539179801941,,,0.15284423828125,0.6310803197324276,0.33,0.3689196802675724,0.3004582642267148,65.1,25.1,0.0,27.0,0.0,0.0,1.0,0.0
05_stackmath_numerical,3,Low-T-Beg,0.5322457912457913,0.2319296861998737,0.2872659932659933,2.0,0.01708333333333333,0.2319296861998737,20.2,3.9,2.392621570163303,,,0.3991427951388889,0.7334114986264871,0.33,0.26658850137351287,0.2319296861998737,560.2777777777778,17.27777777777778,0.0,530.0,0.0,0.0,1.0,0.0
05_stackmath_numerical,3,Low-T-End,0.5670995670995671,0.5080167800188065,0.19536178107606675,2.0,0.0770603019838083,0.5080167800188065,29.571428571428573,5.857142857142857,2.205630511045456,,,0.374664306640625,0.2759543322026729,0.33,0.724045667797327,0.5080167800188065,596.875,78.875,0.0,505.0,0.0,0.0,1.0,0.0
05_stackmath_numerical,3,Low-T-Mid,0.5716805416805417,0.5109370470046997,0.24017501017501014,2.0,0.04813034720757351,0.5109370470046997,22.9,5.6,2.3224557529796255,,,0.4004128196022727,0.4870430583303625,0.33,0.5129569416696375,0.5109370470046997,580.2727272727273,37.27272727272727,0.0,530.0,0.0,0.0,1.0,0.0
05_stackmath_numerical,3,Medium-N-Beg,0.3923933209647495,0.321183298847505,0.40559678416821277,2.0,0.008210180623973714,0.321183298847505,21.714285714285715,1.1428571428571428,2.6567165634848853,,,0.4041415127840909,0.6530017073858868,0.67,0.3469982926141132,0.321183298847505,1739.5454545454545,24.545454545454547,0.0,1702.0,0.0,0.0,1.0,0.0
05_stackmath_numerical,3,Medium-N-End,0.49040404040404034,0.2560772830620408,0.3698232323232323,2.0,0.009578544061302667,0.2560772830620408,22.166666666666668,2.0,2.5956209897994995,,,0.39892578125,0.6191450960934162,0.67,0.3808549039065838,0.2560772830620408,1672.5,23.5,0.0,1636.0,0.0,0.0,1.0,0.0
05_stackmath_numerical,3,Medium-N-Mid,0.3011131725417439,0.24024204909801483,0.3617192331478045,2.0,0.015759240759240744,0.24024204909801483,20.0,0.8571428571428571,2.6731395721435547,,,0.4379475911458333,0.6693327780812979,0.67,0.3306672219187021,0.24024204909801483,1647.25,20.25,0.0,1614.0,0.0,0.0,1.0,0.0
05_stackmath_numerical,3,Medium-P-Beg,0.7757575757575758,0.3846446238458156,0.21177489177489175,2.0,0.03766518569150145,0.3846446238458156,32.25,10.0,2.4288371404012046,,,0.4012858072916667,0.4325870871543884,0.67,0.5674129128456116,0.3846446238458156,1647.3333333333333,88.33333333333333,0.0,1546.0,0.0,0.0,1.0,0.0
05_stackmath_numerical,3,Medium-P-End,0.7602157102157102,0.30688295140862465,0.2674399674399674,2.0,0.05585862985929607,0.30688295140862465,28.0,7.0,2.4538382462092807,,,0.4108189174107143,0.4671573064156941,0.67,0.5328426935843059,0.30688295140862465,1395.5714285714287,44.57142857142857,0.0,1338.0,0.0,0.0,1.0,0.0
05_stackmath_numerical,3,Medium-P-Mid,0.7749678892536035,0.36833246797323227,0.2831097473954617,2.0,0.05031536934470804,0.36833246797323227,33.285714285714285,8.0,2.416961987813314,,,0.400634765625,0.2629704177379608,0.67,0.7370295822620392,0.36833246797323227,1566.0,100.0,0.0,1453.0,0.0,0.0,1.0,0.0
05_stackmath_numerical,3,Medium-T-Beg,0.7309390609390609,0.5060717239975929,0.24680069930069926,2.0,0.09912511387270315,0.5060717239975929,55.0,12.75,2.5121978282928468,,,0.4119140625,0.3525541543960571,0.67,0.6474458456039429,0.5060717239975929,1625.4,158.4,0.0,1454.0,0.0,0.0,1.0,0.0
05_stackmath_numerical,3,Medium-T-End,0.7537573537573538,0.4466782510280609,0.23533133533133527,2.0,0.04926542065609491,0.4466782510280609,20.142857142857142,7.142857142857143,2.2730105945042203,,,0.36635044642857145,0.5447995577539717,0.6700000000000002,0.45520044224602835,0.4466782510280609,1442.0,37.0,0.0,1392.0,0.0,0.0,1.0,0.0
05_stackmath_numerical,3,Medium-T-Mid,0.636365695707801,0.494105826318264,0.28116331767647557,2.0,0.05866713577768372,0.494105826318264,22.6,6.3,2.466981150887229,,,0.40662730823863635,0.48989209261807526,0.67,0.5101079073819247,0.494105826318264,1184.1818181818182,56.18181818181818,0.0,1115.0,0.0,0.0,1.0,0.0
05_stackmath_numerical,4,High-P-End,0.44000000000000006,0.07538825422525403,0.6266666666666667,2.0,0.0,0.07538825422525403,60.6,2.2,2.5269083976745605,,,0.412841796875,0.8729828596115112,1.0,0.1270171403884887,0.07538825422525403,2048.0,109.0,0.0,1926.0,0.0,0.0,1.0,0.0
05_stackmath_numerical,4,High-T-Beg,0.7600191475191475,0.47260117530822754,0.5959578615828616,2.0,0.03170374640756838,0.47260117530822754,31.5,8.5,2.742117762565613,,,0.430877685546875,0.5535913403145969,1.0,0.4464086596854031,0.47260117530822754,2029.875,33.875,0.0,1983.0,0.0,0.0,1.0,0.0
05_stackmath_numerical,4,High-T-End,0.7584523809523809,0.4557953909039497,0.6614502164502164,2.0,0.02542572615315226,0.4557953909039497,35.4,9.0,2.663964326565082,,,0.4231520432692308,0.4705400896043732,1.0,0.5294599103956268,0.4557953909039497,1926.1538461538462,63.15384615384615,0.0,1850.0,0.0,0.0,1.0,0.0
05_stackmath_numerical,4,High-T-Mid,0.7101221622568871,0.40973735600709915,0.4861158344080545,2.0,0.05064763149609552,0.40973735600709915,32.5,8.166666666666666,2.560550332069397,,,0.424169921875,0.2357436418533325,1.0,0.7642563581466675,0.40973735600709915,2015.2,76.2,0.0,1926.0,0.0,0.0,1.0,0.0
05_stackmath_numerical,4,Low-N-Beg,0.0963516746411483,0.46319915652275084,0.28556618819776713,2.0,0.07669283281186041,0.46319915652275084,43.0,0.4,2.4526216189066568,,,0.4052734375,0.2355669736862182,0.33,0.7644330263137817,0.46319915652275084,893.3333333333334,159.33333333333334,0.0,721.0,0.0,0.0,1.0,0.0
05_stackmath_numerical,4,Low-N-End,0.1,0.12989147752523417,0.925,2.0,0.0,0.12989147752523417,62.25,0.0,2.666644334793091,,,0.36572265625,1.0,0.33,0.0,0.12989147752523417,1676.0,999.0,0.0,664.0,0.0,0.0,1.0,0.0
05_stackmath_numerical,4,Low-N-Mid,0.04545454545454545,0.1294821128249168,0.9318181818181819,2.0,0.0,0.1294821128249168,63.0,0.0,2.7116799354553223,,,0.378173828125,1.0,0.33,0.0,0.1294821128249168,1703.0,999.0,0.0,691.0,0.0,0.0,1.0,0.0
05_stackmath_numerical,4,Low-P-Beg,0.7386363636363636,0.5137370675802231,0.5886363636363636,2.0,0.049618320610687,0.5137370675802231,28.0,5.5,2.089248776435852,,,0.31982421875,0.5134681984782219,0.33,0.4865318015217781,0.5137370675802231,612.0,54.0,0.0,545.0,0.0,0.0,1.0,0.0
05_stackmath_numerical,4,Low-P-End,0.7563131313131313,0.5148120671510696,0.5072150072150072,2.0,0.02517788724685275,0.5148120671510696,19.75,7.5,2.3226414918899536,,,0.375244140625,0.581154078245163,0.33,0.41884592175483704,0.5148120671510696,655.5,72.5,0.0,570.0,0.0,0.0,1.0,0.0
05_stackmath_numerical,4,Low-P-Mid,0.8768436920222634,0.3484365085938147,0.3520871985157699,2.0,0.01473979178895307,0.3484365085938147,14.928571428571429,5.5,2.279536724090576,,,0.3742431640625,0.3807729586958885,0.33,0.6192270413041114,0.3484365085938147,600.6,40.6,0.0,547.0,0.0,0.0,1.0,0.0
05_stackmath_numerical,4,Low-T-Beg,0.12,0.18716008439660065,0.7603174603174603,2.0,0.0163934426229508,0.18716008439660065,49.6,1.4,2.3075042963027954,,,0.33251953125,0.5313629508018494,0.33,0.46863704919815063,0.18716008439660065,944.5,475.5,0.0,456.0,0.0,0.0,1.0,0.0
05_stackmath_numerical,4,Low-T-End,0.7690235690235689,0.42532619337240857,0.5324765512265512,2.0,0.016974909621968414,0.42532619337240857,21.5,4.5,2.3515435695648192,,,0.411083984375,0.5537312924861908,0.33,0.4462687075138092,0.42532619337240857,555.0,43.0,0.0,499.0,0.0,0.0,1.0,0.0
05_stackmath_numerical,4,Low-T-Mid,0.33779761904761907,0.24838780786376446,0.4845238095238095,2.0,0.016009558784494823,0.24838780786376446,32.75,2.625,2.405362129211426,,,0.335693359375,0.3971055448055267,0.33,0.6028944551944733,0.24838780786376446,1057.0,498.0,0.0,546.0,0.0,0.0,1.0,0.0
05_stackmath_numerical,4,Medium-N-Beg,0.14126963650957458,0.3908724735180537,0.3021800825593395,2.0,0.030809501017111385,0.3908724735180537,35.833333333333336,1.0,2.5826799074808755,,,0.3704833984375,0.2595382432142893,0.67,0.7404617567857107,0.3908724735180537,1837.0,161.0,0.0,1663.0,0.0,0.0,1.0,0.0
05_stackmath_numerical,4,Medium-N-End,0.07272727272727272,0.05585313029587265,0.5472727272727272,2.0,0.0,0.05585313029587265,60.2,0.0,2.911883592605591,,,0.417724609375,0.994520207401365,0.67,0.0054797925986349,0.05585313029587265,2048.0,305.0,0.0,1730.0,0.0,0.0,1.0,0.0
05_stackmath_numerical,4,Medium-N-Mid,0.0909090909090909,0.11865121871232982,0.7840909090909091,2.0,0.0,0.11865121871232982,62.5,0.0,2.704857349395752,,,0.42041015625,1.0,0.67,0.0,0.11865121871232982,2048.0,434.0,0.0,1601.0,0.0,0.0,1.0,0.0
05_stackmath_numerical,4,Medium-P-Beg,0.7774285714285714,0.46211050152778627,0.30914285714285716,2.0,0.06312098798712781,0.46211050152778627,39.6,9.8,2.3919888138771057,,,0.36029052734375,0.24363289773464197,0.67,0.756367102265358,0.46211050152778627,1239.0,107.0,0.0,1119.0,0.0,0.0,1.0,0.0
05_stackmath_numerical,4,Medium-P-End,0.7914904492589915,0.38734784556759727,0.6155489154210382,2.0,0.01560856334450561,0.38734784556759727,20.88888888888889,6.555555555555555,2.591504454612732,,,0.39447021484375,0.6486012376844883,0.67,0.3513987623155117,0.38734784556759727,1408.5,47.5,0.0,1348.0,0.0,0.0,1.0,0.0
05_stackmath_numerical,4,Medium-P-Mid,0.9359673337934208,0.4536744604508082,0.5951246418637723,2.0,0.026565362421594612,0.4536744604508082,20.555555555555557,8.333333333333334,2.8543763913606344,,,0.4605905633223684,0.6293770626775528,0.67,0.37062293732244717,0.4536744604508082,1479.9473684210527,51.94736842105263,0.0,1415.0,0.0,0.0,1.0,0.0
05_stackmath_numerical,4,Medium-T-Beg,0.23928571428571424,0.2777203310591479,0.6079365079365079,2.0,0.029465799886941747,0.2777203310591479,44.0,2.8333333333333335,2.7810518741607666,,,0.428955078125,0.2956165075302124,0.67,0.7043834924697876,0.2777203310591479,2048.0,664.0,0.0,1371.0,0.0,0.0,1.0,0.0
05_stackmath_numerical,4,Medium-T-End,0.7226769124595211,0.2992968320846557,0.5030073790943356,2.0,0.01548537173865738,0.2992968320846557,18.9,6.0,2.4401082822254727,,,0.42103794642857145,0.4555635367121015,0.67,0.5444364632878985,0.2992968320846557,1292.7142857142858,50.714285714285715,0.0,1229.0,0.0,0.0,1.0,0.0
05_stackmath_numerical,4,Medium-T-Mid,0.5768772893772894,0.4919804707169533,0.5336996336996337,2.0,0.06547874003984663,0.4919804707169533,50.75,9.75,2.465989875793457,,,0.36640625,0.2091096401214599,0.67,0.7908903598785401,0.4919804707169533,1553.4,195.4,0.0,1345.0,0.0,0.0,1.0,0.0
05_stackmath_numerical,5,High-P-Mid,0.7256393298059965,0.2758481862644354,0.4694569051453109,2.0,0.010636300230699067,0.2758481862644354,24.333333333333332,5.833333333333333,2.3160492420196532,,,0.366064453125,0.6682804301381111,1.0,0.3317195698618889,0.2758481862644354,2048.0,3.0,0.0,2032.0,0.0,0.0,1.0,0.0
05_stackmath_numerical,5,High-T-Beg,0.6031943212067435,0.2327855703021799,0.4614241348713399,2.0,0.013692344592410286,0.2327855703021799,27.428571428571427,5.142857142857143,2.5363172463008334,,,0.43477957589285715,0.48848549170153477,1.0,0.5115145082984652,0.2327855703021799,1617.2857142857142,53.285714285714285,0.0,1551.0,0.0,0.0,1.0,0.0
05_stackmath_numerical,5,High-T-End,0.908784232820744,0.10560131731132662,0.47115159200351897,2.0,0.006475219484565267,0.10560131731132662,11.6,4.2,2.7458053827285767,,,0.4468587239583333,0.6333412018915017,1.0,0.3666587981084983,0.10560131731132662,1858.3333333333333,33.333333333333336,0.0,1812.0,0.0,0.0,1.0,0.0
05_stackmath_numerical,5,Low-N-Beg,0.2213576384629016,0.24688527766953813,0.332832031516242,2.0,0.008939348261024464,0.24688527766953813,19.545454545454547,0.09090909090909091,2.394130164926702,,,0.3775967684659091,0.3551223223859613,0.33,0.6448776776140387,0.24688527766953813,704.9090909090909,83.9090909090909,0.0,608.0,0.0,0.0,1.0,0.0
05_stackmath_numerical,5,Low-N-End,0.1901385073260073,0.26526163471862674,0.22256181318681317,2.0,0.024168139144554224,0.26526163471862674,14.375,0.375,2.1553592681884766,,,0.3668212890625,0.382580067962408,0.33,0.6174199320375919,0.26526163471862674,346.0,29.0,0.0,304.0,0.0,0.0,1.0,0.0
05_stackmath_numerical,5,Low-N-Mid,0.33010802328984146,0.2543163448572158,0.3968000433909525,2.0,0.012594302086875238,0.2543163448572158,18.90909090909091,0.2727272727272727,2.447421101962819,,,0.4398839613970588,0.3408039492719313,0.33,0.6591960507280686,0.2543163448572158,608.4117647058823,48.411764705882355,0.0,547.0,0.0,0.0,1.0,0.0
05_stackmath_numerical,5,Low-P-Beg,0.8026960784313725,0.16161480120250155,0.2887154861944778,2.0,0.010955995301346328,0.16161480120250155,31.285714285714285,7.0,2.5616985729762485,,,0.37646484375,0.3244195239884513,0.33,0.6755804760115487,0.16161480120250155,804.7142857142857,126.71428571428571,0.0,665.0,0.0,0.0,1.0,0.0
05_stackmath_numerical,5,Low-P-End,0.7602564102564102,0.21993801519274708,0.13982600732600728,2.0,0.014927025845193636,0.21993801519274708,11.7,4.85,2.265529261695014,,,0.3423665364583333,0.2748426695664724,0.33,0.7251573304335276,0.21993801519274708,986.5555555555555,96.55555555555556,0.0,877.0,0.0,0.0,1.0,0.0
05_stackmath_numerical,5,Low-P-Mid,0.8703768453768455,0.3220040798187256,0.2632090132090132,2.0,0.03898932327533943,0.3220040798187256,31.833333333333332,7.5,2.4031546115875244,,,0.4239908854166667,0.3085497717062632,0.33,0.6914502282937368,0.3220040798187256,667.3333333333334,64.33333333333333,0.0,590.0,0.0,0.0,1.0,0.0
05_stackmath_numerical,5,Low-T-Beg,0.5318190666016752,0.2319349164350165,0.22158907919777485,2.0,0.024583849258809017,0.2319349164350165,12.0,2.9444444444444446,2.302490088674757,,,0.4046359592013889,0.3157536458327539,0.33,0.6842463541672461,0.2319349164350165,585.3888888888889,53.388888888888886,0.0,519.0,0.0,0.0,1.0,0.0
05_stackmath_numerical,5,Low-T-End,0.6559421481296481,0.23531106184236703,0.296843521062271,2.0,0.015455896036032157,0.23531106184236703,13.125,3.9375,2.2500146519054067,,,0.43135209517045453,0.2891976237297058,0.33,0.7108023762702942,0.23531106184236703,588.8181818181819,37.81818181818182,0.0,538.0,0.0,0.0,1.0,0.0
05_stackmath_numerical,5,Low-T-Mid,0.4386351417399804,0.2899810839444399,0.3143475073313783,2.0,0.0307827918116318,0.2899810839444399,21.25,1.625,2.3525272369384767,,,0.408203125,0.3646224498748779,0.33,0.6353775501251221,0.2899810839444399,549.4,56.4,0.0,480.0,0.0,0.0,1.0,0.0
05_stackmath_numerical,5,Medium-N-Beg,0.1474285714285714,0.12956152990460396,0.2968095238095238,2.0,0.005722310906410544,0.12956152990460396,7.24,0.08,2.6362098455429077,,,0.42763671875,0.424885767698288,0.67,0.575114232301712,0.12956152990460396,1637.3,36.3,0.0,1588.0,0.0,0.0,1.0,0.0
05_stackmath_numerical,5,Medium-N-End,0.06597222222222222,0.2658161620299021,0.10046897546897544,2.0,0.022805699337674613,0.2658161620299021,41.833333333333336,0.5,2.8341569900512695,,,0.425567626953125,0.2689074352383613,0.67,0.7310925647616386,0.2658161620299021,1899.875,116.875,0.0,1770.0,0.0,0.0,1.0,0.0
05_stackmath_numerical,5,Medium-N-Mid,0.5013399855505118,0.2924956986680627,0.31004339228023436,2.0,0.016040904905882752,0.2924956986680627,16.416666666666668,2.0,2.709950230338357,,,0.4416281960227273,0.3630588813261552,0.67,0.6369411186738447,0.2924956986680627,1831.8181818181818,31.818181818181817,0.0,1787.0,0.0,0.0,1.0,0.0
05_stackmath_numerical,5,Medium-P-End,0.8054521098985709,0.25797644505898154,0.44991881480084744,2.0,0.029068502504551248,0.25797644505898154,34.333333333333336,9.166666666666666,2.536203080957586,,,0.4264248934659091,0.307391036640514,0.67,0.692608963359486,0.25797644505898154,1624.2727272727273,74.27272727272727,0.0,1537.0,0.0,0.0,1.0,0.0
05_stackmath_numerical,5,Medium-P-Mid,0.8058938109798434,0.15832639700518203,0.2269990636893471,2.0,0.0056217252478934655,0.15832639700518203,8.115384615384615,3.076923076923077,2.441830575466156,,,0.41839599609375,0.3366204692671696,0.67,0.6633795307328304,0.15832639700518203,1680.5833333333333,46.583333333333336,0.0,1621.0,0.0,0.0,1.0,0.0
05_stackmath_numerical,5,Medium-T-Beg,0.5725304325304326,0.2281451342006524,0.29485625485625483,2.0,0.0,0.2281451342006524,14.6,4.066666666666666,2.3665610481710995,,,0.38826976102941174,0.367878128610113,0.67,0.632121871389887,0.2281451342006524,1404.5294117647059,31.529411764705884,0.0,1360.0,0.0,0.0,1.0,0.0
05_stackmath_numerical,5,Medium-T-End,0.6892112228049728,0.17676615528762338,0.3536914474414474,2.0,0.010583872052302889,0.17676615528762338,12.5625,3.125,2.5479454483304704,,,0.42140415736607145,0.4164974018931389,0.67,0.5835025981068611,0.17676615528762338,1354.0,27.0,0.0,1314.0,0.0,0.0,1.0,0.0
05_stackmath_numerical,5,Medium-T-Mid,0.42214382839382836,0.16201353957876563,0.555253774003774,2.0,0.015490430622009563,0.16201353957876563,28.0,3.0,2.5796415507793427,,,0.394989013671875,0.4335353188216686,0.67,0.5664646811783314,0.16201353957876563,1194.375,124.375,0.0,1057.0,0.0,0.0,1.0,0.0
05_stackmath_numerical,6,High-N-End,0.1535515534716302,0.3430788189172745,0.4227408354646206,2.0,0.01541367121927586,0.3430788189172745,41.6,0.4,2.121385024941486,,,0.38818359375,0.4361409830010455,1.0,0.5638590169989545,0.3430788189172745,380.4347826086956,39.43478260869565,0.0,328.0,0.0,0.0,1.0,0.0
05_stackmath_numerical,6,High-P-End,0.9291005291005292,0.215101831075218,0.4313476840011367,2.0,0.0036879949160650775,0.215101831075218,20.0,8.555555555555555,2.5390145887028086,,,0.4234952059659091,0.3967123410918496,1.0,0.6032876589081504,0.215101831075218,1589.7272727272727,40.72727272727273,0.0,1536.0,0.0,0.0,1.0,0.0
05_stackmath_numerical,6,High-P-Mid,0.9550000000000001,0.27997090816497805,0.495,2.0,0.00342105263157894,0.27997090816497805,23.6,9.0,2.6314274072647095,,,0.43084716796875,0.41353460401296604,1.0,0.5864653959870338,0.27997090816497805,2035.5,35.5,0.0,1987.0,0.0,0.0,1.0,0.0
05_stackmath_numerical,6,High-T-Beg,0.679931849759436,0.19171953201293943,0.1985609218367839,2.0,0.03498875536963798,0.19171953201293943,22.0,5.636363636363637,2.8315646831805887,,,0.4030573918269231,0.4523243980052378,1.0,0.5476756019947621,0.19171953201293943,1885.2307692307693,42.23076923076923,0.0,1830.0,0.0,0.0,1.0,0.0
05_stackmath_numerical,6,High-T-End,0.7453021442495127,0.355648535490036,0.3681359649122807,2.0,0.0,0.355648535490036,46.0,13.8,2.6086158125024093,,,0.40691817434210525,0.40368466628225236,1.0,0.5963153337177477,0.355648535490036,1570.157894736842,24.157894736842106,0.0,1533.0,0.0,0.0,1.0,0.0
05_stackmath_numerical,6,High-T-Mid,0.8497479161550352,0.26215347807322226,0.32704351636498463,2.0,0.00945982000023383,0.26215347807322226,30.428571428571427,12.714285714285714,2.636387491226196,,,0.394873046875,0.3276478469371795,1.0,0.6723521530628205,0.26215347807322226,1841.7,90.7,0.0,1738.0,0.0,0.0,1.0,0.0
05_stackmath_numerical,6,Low-N-Beg,0.1491139971139971,0.31230717897415156,0.27907647907647903,2.0,0.010635740189492699,0.31230717897415156,46.0,0.0,2.2973642349243164,,,0.3694735440340909,0.398662965406071,0.33,0.601337034593929,0.31230717897415156,674.6363636363636,53.63636363636363,0.0,608.0,0.0,0.0,1.0,0.0
05_stackmath_numerical,6,Low-N-End,0.14753527841342481,0.3363107666373253,0.40594012204424107,2.0,0.01184433747252175,0.3363107666373253,52.75,1.25,2.3739768096378873,,,0.35459681919642855,0.394764414855412,0.33,0.605235585144588,0.3363107666373253,752.1428571428571,139.14285714285714,0.0,600.0,0.0,0.0,1.0,0.0
05_stackmath_numerical,6,Low-N-Mid,0.075,0.30364751815795893,0.3354761904761905,2.0,0.00838707428252766,0.30364751815795893,46.2,0.4,2.284027443991767,,,0.3833279079861111,0.5084299296140671,0.33,0.4915700703859329,0.30364751815795893,746.0,26.0,0.0,707.0,0.0,0.0,1.0,0.0
05_stackmath_numerical,6,Low-P-Beg,0.8091304347826087,0.33777841329574587,0.20956521739130435,2.0,0.0164497986861623,0.33777841329574587,42.4,8.8,2.3941288232803344,,,0.3739990234375,0.4313921853899956,0.33,0.5686078146100044,0.33777841329574587,744.6,79.6,0.0,652.0,0.0,0.0,1.0,0.0
05_stackmath_numerical,6,Low-P-End,0.8116212406015038,0.26003372669219965,0.3084617794486215,2.0,0.004098636027682575,0.26003372669219965,30.75,8.75,2.2514302730560303,,,0.2967529296875,0.3376087546348572,0.33,0.6623912453651428,0.26003372669219965,652.6666666666666,40.666666666666664,0.0,599.0,0.0,0.0,1.0,0.0
05_stackmath_numerical,6,Low-P-Mid,0.9591715474068414,0.18930496089160437,0.5277671245163505,2.0,0.0014367816091954,0.18930496089160437,24.166666666666668,9.333333333333334,2.404761757169451,,,0.3854282924107143,0.42652485200337004,0.33,0.57347514799663,0.18930496089160437,711.7142857142857,32.714285714285715,0.0,666.0,0.0,0.0,1.0,0.0
05_stackmath_numerical,6,Low-T-Beg,0.5952380952380952,0.3015063226222992,0.2857142857142857,2.0,0.0,0.3015063226222992,60.6,5.2,2.674493312835694,,,0.373779296875,0.3870030045509338,0.33,0.6129969954490662,0.3015063226222992,1505.0,998.0,0.0,494.0,0.0,0.0,1.0,0.0
05_stackmath_numerical,6,Low-T-End,0.5236085151407732,0.23960774205625052,0.3688477740897096,2.0,0.0,0.23960774205625052,17.166666666666668,3.5833333333333335,2.1774990375225363,,,0.31786170372596156,0.42753551040704435,0.33,0.5724644895929557,0.23960774205625052,580.5769230769231,27.576923076923077,0.0,540.0,0.0,0.0,1.0,0.0
05_stackmath_numerical,6,Low-T-Mid,0.5491922909797305,0.20219421448806918,0.4490338164251208,2.0,0.0,0.20219421448806918,25.333333333333332,4.555555555555555,2.5945120652516684,,,0.3977457682291667,0.5647653461330466,0.33,0.4352346538669533,0.20219421448806918,638.5555555555555,23.555555555555557,0.0,602.0,0.0,0.0,1.0,0.0
05_stackmath_numerical,6,Medium-N-Beg,0.17844155844155837,0.18839877024292942,0.4731168831168831,2.0,0.012415780762025281,0.18839877024292942,41.2,1.2,2.4504835406939187,,,0.3834228515625,0.4531759917736053,0.67,0.5468240082263947,0.18839877024292942,1738.5,56.5,0.0,1669.0,0.0,0.0,1.0,0.0
05_stackmath_numerical,6,Medium-N-End,0.10787878787878787,0.2933604121208191,0.40597402597402593,2.0,0.0,0.2933604121208191,53.0,0.8,2.705523252487182,,,0.4415283203125,0.5273917764425278,0.67,0.47260822355747223,0.2933604121208191,1925.5,138.5,0.0,1774.0,0.0,0.0,1.0,0.0
05_stackmath_numerical,6,Medium-N-Mid,0.19362041467304622,0.337514728307724,0.20818713450292398,2.0,0.02810847034102846,0.337514728307724,42.6,1.4,2.568934738636017,,,0.379058837890625,0.4631145354360342,0.67,0.5368854645639658,0.337514728307724,1755.625,48.625,0.0,1694.0,0.0,0.0,1.0,0.0
05_stackmath_numerical,6,Medium-P-Beg,0.7764390781632161,0.39913348108530045,0.3151654380102656,2.0,0.00904213036565975,0.39913348108530045,53.5,12.75,2.534051865339279,,,0.3905029296875,0.3965065255761146,0.67,0.6034934744238853,0.39913348108530045,1901.5,119.5,0.0,1769.0,0.0,0.0,1.0,0.0
05_stackmath_numerical,6,Medium-P-End,0.96875,0.16392314434051508,0.09375,2.0,0.0044642857142857,0.16392314434051508,16.5,7.0,2.318023920059204,,,0.373291015625,0.2363309264183044,0.67,0.7636690735816956,0.16392314434051508,1475.0,61.0,0.0,1401.0,0.0,0.0,1.0,0.0
05_stackmath_numerical,6,Medium-P-Mid,0.5922073578595318,0.3098767220973968,0.27154758285193065,2.0,0.05496048638491426,0.3098767220973968,41.0,7.4,2.1666137831551686,,,0.3289271763392857,0.3529937054429736,0.67,0.6470062945570264,0.3098767220973968,387.42857142857144,58.42857142857143,0.0,316.0,0.0,0.0,1.0,0.0
05_stackmath_numerical,6,Medium-T-Beg,0.7264351809806355,0.16550157286904071,0.4462608098971735,2.0,0.002435064935064927,0.16550157286904071,22.545454545454547,5.090909090909091,2.604039888381958,,,0.391123046875,0.5455433344841003,0.67,0.45445666551589964,0.16550157286904071,1473.4,28.4,0.0,1432.0,0.0,0.0,1.0,0.0
05_stackmath_numerical,6,Medium-T-End,0.6388719975676497,0.1708540245890617,0.39711665146447755,2.0,0.0,0.1708540245890617,52.8,8.6,2.584090697137933,,,0.3897255345394737,0.49136001028512644,0.67,0.5086399897148735,0.1708540245890617,1339.7894736842106,47.78947368421053,0.0,1279.0,0.0,0.0,1.0,0.0
05_stackmath_numerical,6,Medium-T-Mid,0.7564750957854406,0.2303253300487995,0.2186494252873563,2.0,0.0038770870096375624,0.2303253300487995,27.25,7.0,2.512456640601158,,,0.3753204345703125,0.4918445106595754,0.67,0.5081554893404245,0.2303253300487995,1367.125,29.125,0.0,1325.0,0.0,0.0,1.0,0.0
05_stackmath_numerical,7,High-P-Beg,0.6465969779920417,0.19661862655941922,0.4465372551062319,2.0,0.0,0.19661862655941922,15.642857142857142,4.714285714285714,2.4137611985206604,,,0.346282958984375,0.6865683430805802,1.0,0.31343165691941977,0.19661862655941922,1853.5,47.5,0.0,1793.0,0.0,0.0,1.0,0.0
05_stackmath_numerical,7,High-P-End,0.9802721088435373,0.3919048804257597,0.5294705294705294,2.0,0.015869197149224572,0.3919048804257597,25.142857142857142,10.428571428571429,2.438856669834682,,,0.36080496651785715,0.5984605125018528,1.0,0.40153948749814716,0.3919048804257597,2004.0,52.0,0.0,1939.0,0.0,0.0,1.0,0.0
05_stackmath_numerical,7,High-T-Beg,0.6124672091058646,0.32987514989716665,0.33511182250678045,2.0,0.02441546846691703,0.32987514989716665,32.142857142857146,8.0,2.339755630493164,,,0.39140625,0.5077904239296913,1.0,0.4922095760703087,0.32987514989716665,1707.8,173.8,0.0,1521.0,0.0,0.0,1.0,0.0
05_stackmath_numerical,7,High-T-End,0.683638743151127,0.37316985179980594,0.20327671611727338,2.0,0.013842937730133677,0.37316985179980594,24.22222222222222,5.555555555555555,2.4793517112731935,,,0.3905029296875,0.3602181285619735,1.0,0.6397818714380265,0.37316985179980594,1587.5,41.5,0.0,1533.0,0.0,0.0,1.0,0.0
05_stackmath_numerical,7,High-T-Mid,0.7177312339077044,0.28270364304383594,0.15213903743315504,2.0,0.013600360892178835,0.28270364304383594,39.333333333333336,7.666666666666667,2.329428315162659,,,0.3631591796875,0.4930428862571716,1.0,0.5069571137428284,0.28270364304383594,1974.5,225.5,0.0,1736.0,0.0,0.0,1.0,0.0
05_stackmath_numerical,7,Low-N-Beg,0.13758579383579383,0.450905109445254,0.19224756724756725,2.0,0.021499834837863666,0.450905109445254,18.416666666666668,0.0,2.29584607056209,,,0.3297642299107143,0.4116790017911366,0.33,0.5883209982088634,0.450905109445254,678.0714285714286,32.07142857142857,0.0,633.0,0.0,0.0,1.0,0.0
05_stackmath_numerical,7,Low-N-End,0.2775571348940914,0.3027697876095771,0.40231326644370125,2.0,0.0,0.3027697876095771,35.5,1.0,2.2088050842285156,,,0.384033203125,0.5013060122728348,0.33,0.4986939877271652,0.3027697876095771,612.4,53.4,0.0,546.0,0.0,0.0,1.0,0.0
05_stackmath_numerical,7,Low-N-Mid,0.18358863358863356,0.3362754020266808,0.27894882894882894,2.0,0.01574702004215908,0.3362754020266808,18.307692307692307,0.6923076923076923,2.363534355163574,,,0.398583984375,0.3480340927839279,0.33,0.6519659072160721,0.3362754020266808,677.0,74.0,0.0,590.0,0.0,0.0,1.0,0.0
05_stackmath_numerical,7,Low-P-Beg,0.592311986655878,0.3795134101349573,0.16343769352819126,2.0,0.05538181865619835,0.3795134101349573,18.46153846153846,4.0,2.056818167368571,,,0.2974446614583333,0.3820656339327494,0.33,0.6179343660672506,0.3795134101349573,849.0,197.0,0.0,639.0,0.0,0.0,1.0,0.0
05_stackmath_numerical,7,Low-P-End,0.671201814058957,0.11530525716287746,0.30272108843537415,2.0,0.0,0.11530525716287746,43.57142857142857,4.0,2.3195724487304688,,,0.352294921875,0.3305243551731109,0.33,0.669475644826889,0.11530525716287746,821.0,249.0,0.0,559.0,0.0,0.0,1.0,0.0
05_stackmath_numerical,7,Low-P-Mid,0.6694871794871794,0.38071698844432833,0.47416361416361413,2.0,0.0287515982309417,0.38071698844432833,43.6,8.6,2.2354966004689536,,,0.3981119791666667,0.5973829676707585,0.33,0.40261703232924145,0.38071698844432833,732.0,143.0,0.0,576.0,0.0,0.0,1.0,0.0
05_stackmath_numerical,7,Low-T-Beg,0.4031004489337822,0.32132434162000817,0.2835758377425044,2.0,0.023584957255967806,0.32132434162000817,12.444444444444445,2.0555555555555554,2.233437329530716,,,0.32643890380859375,0.4035859038121998,0.33,0.5964140961878002,0.32132434162000817,606.75,29.75,0.0,564.0,0.0,0.0,1.0,0.0
05_stackmath_numerical,7,Low-T-End,0.5373867360709467,0.4443569928407669,0.2714237516869096,2.0,0.02346288976723757,0.4443569928407669,32.57142857142857,5.142857142857143,2.117008638381958,,,0.283203125,0.3555761516094208,0.33,0.6444238483905792,0.4443569928407669,734.8,129.8,0.0,592.0,0.0,0.0,1.0,0.0
05_stackmath_numerical,7,Low-T-Mid,0.5714601135415615,0.34419096777072317,0.3176269180794068,2.0,0.011728290325891906,0.34419096777072317,16.846153846153847,3.5384615384615383,2.2680628299713135,,,0.375732421875,0.4631254911422729,0.33,0.536874508857727,0.34419096777072317,615.2,81.2,0.0,521.0,0.0,0.0,1.0,0.0
05_stackmath_numerical,7,Medium-N-Beg,0.17147721559486268,0.3728879988193512,0.23267206649559588,2.0,0.009838544955601798,0.3728879988193512,19.076923076923077,0.3076923076923077,2.7087404131889343,,,0.4336700439453125,0.4195786891505122,0.67,0.5804213108494878,0.3728879988193512,1847.625,36.625,0.0,1798.0,0.0,0.0,1.0,0.0
05_stackmath_numerical,7,Medium-N-End,0.35756302521008404,0.5227992790085929,0.20808823529411763,2.0,0.0,0.5227992790085929,18.5,1.7857142857142858,2.6640477816263837,,,0.4188151041666667,0.38253699938456215,0.67,0.6174630006154378,0.5227992790085929,1686.6666666666667,44.666666666666664,0.0,1629.0,0.0,0.0,1.0,0.0
05_stackmath_numerical,7,Medium-N-Mid,0.24903636668342546,0.3383984367052713,0.39617898441427846,2.0,0.0,0.3383984367052713,20.0,1.0,2.523356795310974,,,0.4578857421875,0.5906685590744019,0.67,0.40933144092559814,0.3383984367052713,1939.0,176.0,0.0,1750.0,0.0,0.0,1.0,0.0
05_stackmath_numerical,7,Medium-P-Beg,0.807669291492821,0.3522929206490516,0.33628495687319215,2.0,0.01637001234021917,0.3522929206490516,17.4,5.1,2.463941216468811,,,0.4014892578125,0.3454146683216095,0.67,0.6545853316783905,0.3522929206490516,1627.5,161.5,0.0,1453.0,0.0,0.0,1.0,0.0
05_stackmath_numerical,7,Medium-P-End,0.8938788542236819,0.5663998156785965,0.48041415800036485,2.0,0.03809081595159482,0.5663998156785965,38.0,13.6,2.612785679953439,,,0.4242466517857143,0.4956574184553963,0.67,0.5043425815446037,0.5663998156785965,1488.142857142857,134.14285714285714,0.0,1341.0,0.0,0.0,1.0,0.0
05_stackmath_numerical,7,Medium-P-Mid,0.6566585266585266,0.32302756441964037,0.2120054945054945,2.0,0.009460547504025757,0.32302756441964037,26.444444444444443,6.555555555555555,2.349425188700358,,,0.38382161458333336,0.3759049455324809,0.67,0.6240950544675191,0.32302756441964037,1393.8666666666666,62.86666666666667,0.0,1318.0,0.0,0.0,1.0,0.0
05_stackmath_numerical,7,Medium-T-Beg,0.4849773242630385,0.33845984616449903,0.42403628117913833,2.0,0.019810256783785844,0.33845984616449903,32.285714285714285,4.285714285714286,2.5432932376861572,,,0.3895263671875,0.3852267414331436,0.67,0.6147732585668564,0.33845984616449903,1577.5,246.5,0.0,1318.0,0.0,0.0,1.0,0.0
05_stackmath_numerical,7,Medium-T-End,0.5926495726495726,0.4372791399558385,0.11129273504273503,2.0,0.04573356902031272,0.4372791399558385,40.833333333333336,6.833333333333333,2.479885220527649,,,0.41650390625,0.5504815429449081,0.67,0.44951845705509186,0.4372791399558385,1526.5,490.5,0.0,1023.0,0.0,0.0,1.0,0.0
05_stackmath_numerical,7,Medium-T-Mid,0.5475113122171945,0.3295231064160664,0.47920706744236147,2.0,0.0,0.3295231064160664,23.333333333333332,6.0,2.369366407394409,,,0.335205078125,0.635229304432869,0.67,0.36477069556713104,0.3295231064160664,1703.0,425.0,0.0,1265.0,0.0,0.0,1.0,0.0
05_stackmath_numerical,8,High-P-Beg,0.6857692307692308,0.4739766761660576,0.21296814296814295,2.0,0.04612254554780887,0.4739766761660576,22.2,4.8,2.7034409364064533,,,0.34417317708333334,0.21717342933019,1.0,0.78282657066981,0.4739766761660576,1470.6,47.6,0.0,1410.0,0.0,0.0,1.0,0.0
05_stackmath_numerical,8,High-P-End,0.9904761904761904,0.35896770656108856,0.4976499690785405,2.0,0.009945141001684229,0.35896770656108856,16.714285714285715,7.0,2.824197564806257,,,0.38424246651785715,0.2985332789165633,1.0,0.7014667210834367,0.35896770656108856,1821.857142857143,32.857142857142854,0.0,1776.0,0.0,0.0,1.0,0.0
05_stackmath_numerical,8,High-P-Mid,0.6698426573426574,0.11899588108062745,0.7167832167832168,2.0,0.0041666666666666605,0.11899588108062745,18.8,4.2,2.728728199005127,,,0.41435546875,0.6528929263353348,1.0,0.3471070736646652,0.11899588108062745,1808.2,26.2,0.0,1769.0,0.0,0.0,1.0,0.0
05_stackmath_numerical,8,Low-N-Beg,0.22291682489050907,0.31852259321345217,0.3753797372218425,2.0,0.0019617994208596555,0.31852259321345217,12.11111111111111,0.8333333333333334,2.284568497112819,,,0.38807896205357145,0.2871824588094439,0.33,0.7128175411905561,0.31852259321345217,671.7857142857143,50.785714285714285,0.0,608.0,0.0,0.0,1.0,0.0
05_stackmath_numerical,8,Low-N-End,0.054903934449388986,0.3939007710326801,0.2596807233170869,2.0,0.0057617775368337,0.3939007710326801,13.090909090909092,0.0,2.2231948375701904,,,0.4359654017857143,0.2069582598549979,0.33,0.7930417401450021,0.3939007710326801,676.5714285714286,46.57142857142857,0.0,617.0,0.0,0.0,1.0,0.0
05_stackmath_numerical,8,Low-N-Mid,0.08065268065268065,0.36075123915305507,0.23170163170163166,2.0,0.003828778912232,0.36075123915305507,18.076923076923077,0.07692307692307693,2.3793848156929016,,,0.3877156575520833,0.2881664435068766,0.33,0.7118335564931234,0.36075123915305507,727.9166666666666,78.91666666666667,0.0,636.0,0.0,0.0,1.0,0.0
05_stackmath_numerical,8,Low-P-Beg,0.5837357087357087,0.4457976445555687,0.31159118659118656,2.0,0.017933270967846585,0.4457976445555687,17.5,3.0833333333333335,2.2128564251793756,,,0.3091634114583333,0.2086021039221022,0.33,0.7913978960778978,0.4457976445555687,631.1111111111111,61.111111111111114,0.0,557.0,0.0,0.0,1.0,0.0
05_stackmath_numerical,8,Low-P-End,0.7740817263544536,0.31280836395241995,0.21393480257116618,2.0,0.014206027243432628,0.31280836395241995,20.545454545454547,3.6363636363636362,2.283147488321577,,,0.32992117745535715,0.2923548179013389,0.33,0.7076451820986611,0.31280836395241995,627.0,71.0,0.0,543.0,0.0,0.0,1.0,0.0
05_stackmath_numerical,8,Low-P-Mid,0.8312742812742813,0.2924466592570146,0.2647953897953898,2.0,0.0011615671037720498,0.2924466592570146,18.416666666666668,4.166666666666667,2.298131363732474,,,0.3895786830357143,0.2143172962324959,0.33,0.785682703767504,0.2924466592570146,722.4285714285714,76.42857142857143,0.0,633.0,0.0,0.0,1.0,0.0
05_stackmath_numerical,8,Low-T-Beg,0.5601783384080035,0.33643154258077795,0.25310694090598396,2.0,0.007727670782074209,0.33643154258077795,16.636363636363637,3.727272727272727,2.1628894209861755,,,0.36688232421875,0.21184202283620832,0.33,0.7881579771637917,0.33643154258077795,553.625,56.625,0.0,484.0,0.0,0.0,1.0,0.0
05_stackmath_numerical,8,Low-T-End,0.7160493827160495,0.3460092759794659,0.3694444444444444,2.0,0.01006222944831269,0.3460092759794659,14.666666666666666,4.0,2.1243506499699185,,,0.34462193080357145,0.3074265463011605,0.33,0.6925734536988395,0.3460092759794659,614.1428571428571,42.142857142857146,0.0,559.0,0.0,0.0,1.0,0.0
05_stackmath_numerical,8,Low-T-Mid,0.8105545248402392,0.2310865223407745,0.29086786229643374,2.0,0.0009852216748768429,0.2310865223407745,41.0,3.142857142857143,2.563053607940674,,,0.38922119140625,0.5570360645651817,0.33,0.44296393543481827,0.2310865223407745,852.5,249.5,0.0,590.0,0.0,0.0,1.0,0.0
05_stackmath_numerical,8,Medium-N-Beg,0.23604167876613696,0.39888711439238655,0.4659341461199047,2.0,0.002998705155977011,0.39888711439238655,18.666666666666668,1.2222222222222223,2.5724528789520265,,,0.45439453125,0.242394745349884,0.67,0.757605254650116,0.39888711439238655,1730.0,81.0,0.0,1636.0,0.0,0.0,1.0,0.0
05_stackmath_numerical,8,Medium-N-End,0.17647926939370787,0.2960519404573874,0.25111118827696366,2.0,0.0025531555169108545,0.2960519404573874,13.727272727272727,0.18181818181818182,2.615432357788086,,,0.4259765625,0.3311269760131836,0.67,0.6688730239868164,0.2960519404573874,1682.2,61.2,0.0,1608.0,0.0,0.0,1.0,0.0
05_stackmath_numerical,8,Medium-N-Mid,0.16544427794427793,0.29388847608457913,0.41598262848262846,2.0,0.003537960728209877,0.29388847608457913,10.272727272727273,0.13636363636363635,2.563206911087036,,,0.4057053786057692,0.2656667461762061,0.67,0.7343332538237939,0.29388847608457913,1487.5384615384614,39.53846153846154,0.0,1435.0,0.0,0.0,1.0,0.0
05_stackmath_numerical,8,Medium-P-Beg,0.9479166666666666,0.39660273492336273,0.3093253968253968,2.0,0.00449219563884015,0.39660273492336273,12.375,5.375,2.62785267829895,,,0.396240234375,0.3000422239303588,0.67,0.6999577760696412,0.39660273492336273,1473.2,39.2,0.0,1421.0,0.0,0.0,1.0,0.0
05_stackmath_numerical,8,Medium-P-End,0.8098831480410428,0.37496759163008797,0.4472116901941463,2.0,0.005964794829071377,0.37496759163008797,19.22222222222222,5.333333333333333,2.3238634722573415,,,0.30698939732142855,0.3030229040554592,0.67,0.6969770959445408,0.37496759163008797,1467.0,49.0,0.0,1405.0,0.0,0.0,1.0,0.0
05_stackmath_numerical,8,Medium-P-Mid,0.9631372549019608,0.4142364263534546,0.4561387631975867,2.0,0.00986027565814792,0.4142364263534546,17.2,5.8,2.720195213953654,,,0.4208170572916667,0.1819959680239359,0.67,0.8180040319760641,0.4142364263534546,1554.0,54.0,0.0,1487.0,0.0,0.0,1.0,0.0
05_stackmath_numerical,8,Medium-T-Beg,0.4970302681376131,0.4643202245235443,0.32348313273502766,2.0,0.02033928482009132,0.4643202245235443,21.9,3.4,2.3732972145080566,,,0.36705433238636365,0.2127790559421886,0.67,0.7872209440578114,0.4643202245235443,1414.8181818181818,64.81818181818181,0.0,1337.0,0.0,0.0,1.0,0.0
05_stackmath_numerical,8,Medium-T-End,0.8185510567863509,0.3150209211470449,0.3986758339699516,2.0,0.0025397531494023174,0.3150209211470449,12.176470588235293,4.411764705882353,2.603050708770752,,,0.4222412109375,0.3152586917082468,0.67,0.6847413082917532,0.3150209211470449,1552.3333333333333,163.33333333333334,0.0,1376.0,0.0,0.0,1.0,0.0
05_stackmath_numerical,8,Medium-T-Mid,0.7590811965811965,0.41652031242847437,0.3327991452991453,2.0,0.007103423010015467,0.41652031242847437,15.0,5.0,2.3232915878295897,,,0.378271484375,0.2636161923408509,0.67,0.7363838076591491,0.41652031242847437,1269.0,38.0,0.0,1218.0,0.0,0.0,1.0,0.0
05_stackmath_numerical,9,High-P-Beg,0.9206349206349207,0.09689119302978116,0.47424755799755797,2.0,0.014949942887858617,0.09689119302978116,25.333333333333332,11.0,2.9222575664520263,,,0.4630859375,0.6594356991350651,1.0,0.3405643008649349,0.09689119302978116,1873.6,45.6,0.0,1815.0,0.0,0.0,1.0,0.0
05_stackmath_numerical,9,High-P-End,0.6331787445822533,0.15806641098525784,0.2978065177187984,2.0,0.01944750137497921,0.15806641098525784,24.88888888888889,6.444444444444445,2.418279864571311,,,0.3981267755681818,0.2900898077271201,1.0,0.7099101922728799,0.15806641098525784,1333.3636363636363,52.36363636363637,0.0,1268.0,0.0,0.0,1.0,0.0
05_stackmath_numerical,9,High-P-Mid,0.8039125226625227,0.17026711669233105,0.22156709031709032,2.0,0.01333320663644819,0.17026711669233105,28.77777777777778,6.888888888888889,2.6356885194778443,,,0.4422607421875,0.4596266381442546,1.0,0.5403733618557454,0.17026711669233105,1686.0,72.0,0.0,1601.0,0.0,0.0,1.0,0.0
05_stackmath_numerical,9,High-T-Beg,0.7675265857331075,0.17306394688785073,0.2602296254470167,2.0,0.009015151515151488,0.17306394688785073,29.0,6.625,2.5292271596414073,,,0.38741500289351855,0.41781375805536897,1.0,0.582186241944631,0.17306394688785073,1890.148148148148,26.14814814814815,0.0,1851.0,0.0,0.0,1.0,0.0
05_stackmath_numerical,9,High-T-End,0.8457105781215688,0.259197536855936,0.1905158051442881,2.0,0.03186644224950673,0.259197536855936,30.75,9.125,2.5114142417907717,,,0.370751953125,0.2024317502975463,1.0,0.7975682497024537,0.259197536855936,1910.0,158.0,0.0,1739.0,0.0,0.0,1.0,0.0
05_stackmath_numerical,9,High-T-Mid,0.8663898662913441,0.19406477255480625,0.25400031276878565,2.0,0.025247397558038728,0.19406477255480625,36.57142857142857,10.142857142857142,2.526796473397149,,,0.3872884114583333,0.2759132583936056,1.0,0.7240867416063944,0.19406477255480625,2041.2222222222222,30.22222222222222,0.0,1998.0,0.0,0.0,1.0,0.0
05_stackmath_numerical,9,Low-N-Beg,0.22968813081874434,0.18267309748464158,0.2721678396567707,2.0,0.00530956841553721,0.18267309748464158,26.333333333333332,0.0,2.3610483937793307,,,0.4056532118055556,0.4355917092826631,0.33,0.5644082907173369,0.18267309748464158,577.7777777777778,34.77777777777778,0.0,530.0,0.0,0.0,1.0,0.0
05_stackmath_numerical,9,Low-N-End,0.23470636435029238,0.15168133129676178,0.15720889555222387,2.0,0.0,0.15168133129676178,36.833333333333336,1.1666666666666667,2.431476842789423,,,0.39950706845238093,0.4136865500892911,0.33,0.5863134499107089,0.15168133129676178,578.1904761904761,26.19047619047619,0.0,539.0,0.0,0.0,1.0,0.0
05_stackmath_numerical,9,Low-N-Mid,0.18157261841472364,0.18953730745448003,0.23307933132494532,2.0,0.023401001550161924,0.18953730745448003,26.0,0.5555555555555556,2.3971905524914083,,,0.420166015625,0.2764046329718369,0.33,0.7235953670281631,0.18953730745448003,682.9230769230769,69.92307692307692,0.0,600.0,0.0,0.0,1.0,0.0
05_stackmath_numerical,9,Low-P-Beg,0.6614719284843124,0.2185047872533852,0.23597974436983724,2.0,0.016272162878974008,0.2185047872533852,22.09090909090909,6.545454545454546,2.349752426147461,,,0.38671875,0.3236543557473591,0.33,0.6763456442526409,0.2185047872533852,698.9285714285714,35.92857142857143,0.0,650.0,0.0,0.0,1.0,0.0
05_stackmath_numerical,9,Low-P-End,0.6380758281573499,0.13069671623331183,0.26653511042097994,2.0,0.02367028268428543,0.13069671623331183,18.583333333333332,6.166666666666667,2.2964302020914413,,,0.40152516084558826,0.2990635633468628,0.33,0.7009364366531372,0.13069671623331183,615.7647058823529,37.76470588235294,0.0,565.0,0.0,0.0,1.0,0.0
05_stackmath_numerical,9,Low-P-Mid,0.6682942520442521,0.11645442030082143,0.31729377104377104,2.0,0.01602275910364145,0.11645442030082143,18.166666666666668,6.25,2.1838833332061767,,,0.31319986979166664,0.3228360474109649,0.33,0.6771639525890351,0.11645442030082143,692.3333333333334,56.333333333333336,0.0,623.0,0.0,0.0,1.0,0.0
05_stackmath_numerical,9,Low-T-Beg,0.6432088744588744,0.17418261636048551,0.2951623376623376,2.0,0.02018237511504957,0.17418261636048551,21.8,7.0,2.372683661324637,,,0.39620535714285715,0.3989205530711582,0.33,0.6010794469288417,0.17418261636048551,638.9285714285714,35.92857142857143,0.0,590.0,0.0,0.0,1.0,0.0
05_stackmath_numerical,9,Low-T-End,0.6411860540892799,0.21086001147826508,0.25693804403481824,2.0,0.006051386071670033,0.21086001147826508,38.5,9.166666666666666,2.318575947373002,,,0.36631040219907407,0.42067306405968147,0.33,0.5793269359403186,0.21086001147826508,597.7407407407408,32.74074074074074,0.0,552.0,0.0,0.0,1.0,0.0
05_stackmath_numerical,9,Low-T-Mid,0.7062252562252562,0.11694637665318117,0.22987382987382982,2.0,0.012364330306502054,0.11694637665318117,25.333333333333332,6.222222222222222,2.2225420475006104,,,0.3680087002840909,0.3863885321400382,0.33,0.6136114678599618,0.11694637665318117,611.4545454545455,43.45454545454545,0.0,555.0,0.0,0.0,1.0,0.0
05_stackmath_numerical,9,Medium-N-Beg,0.21722087436373147,0.18318206710474827,0.20856286570572283,2.0,0.029062818045940242,0.18318206710474827,32.42857142857143,1.1428571428571428,2.5376638306511774,,,0.4345160590277778,0.3059881577889124,0.67,0.6940118422110876,0.18318206710474827,1780.6666666666667,89.66666666666667,0.0,1678.0,0.0,0.0,1.0,0.0
05_stackmath_numerical,9,Medium-N-End,0.3173180523180523,0.16175543852150437,0.24633903133903132,2.0,0.00864541037700912,0.16175543852150437,23.6,1.1,2.702055783498855,,,0.43119884672619047,0.37791791345391945,0.67,0.6220820865460804,0.16175543852150437,1698.095238095238,33.095238095238095,0.0,1652.0,0.0,0.0,1.0,0.0
05_stackmath_numerical,9,Medium-N-Mid,0.36484415584415586,0.10911037325859069,0.2918030303030303,2.0,0.0024738104253439297,0.10911037325859069,23.8,1.3,2.7126134943079063,,,0.4102647569444444,0.3999534806719532,0.67,0.6000465193280468,0.10911037325859069,1609.5555555555557,34.55555555555556,0.0,1562.0,0.0,0.0,1.0,0.0
05_stackmath_numerical,9,Medium-P-Beg,0.7272663139329806,0.11633976673086482,0.221521164021164,2.0,0.021889116521749064,0.11633976673086482,25.444444444444443,7.555555555555555,2.4592384232415094,,,0.3953721788194444,0.1949801511234707,0.67,0.8050198488765292,0.11633976673086482,1256.111111111111,107.11111111111111,0.0,1136.0,0.0,0.0,1.0,0.0
05_stackmath_numerical,9,Medium-P-End,0.6878276353276354,0.14989412203431127,0.30904253154253153,2.0,0.019344612727914424,0.14989412203431127,17.666666666666668,6.583333333333333,2.4594895044962564,,,0.4231654575892857,0.3369386919907161,0.67,0.6630613080092839,0.14989412203431127,1178.1904761904761,40.19047619047619,0.0,1125.0,0.0,0.0,1.0,0.0
05_stackmath_numerical,9,Medium-P-Mid,0.6643747235736399,0.15852161534130568,0.3320099882058086,2.0,0.016198419666374,0.15852161534130568,21.0,7.1,2.5712181992001004,,,0.4380154079861111,0.3201479713122049,0.67,0.679852028687795,0.15852161534130568,1622.2777777777778,51.27777777777778,0.0,1558.0,0.0,0.0,1.0,0.0
05_stackmath_numerical,9,Medium-T-Beg,0.7773304473304473,0.17569717131555077,0.2520851370851371,2.0,0.019077296020129482,0.17569717131555077,22.2,7.5,2.334138842190013,,,0.3994284237132353,0.2862273559850805,0.67,0.7137726440149195,0.17569717131555077,1269.5294117647059,50.529411764705884,0.0,1206.0,0.0,0.0,1.0,0.0
05_stackmath_numerical,9,Medium-T-End,0.7604935322326626,0.2888579020897547,0.22321760365238622,2.0,0.011061485996018677,0.2888579020897547,26.22222222222222,9.444444444444445,2.612019033659072,,,0.40487816220238093,0.4301936250357401,0.67,0.5698063749642599,0.2888579020897547,1401.904761904762,21.904761904761905,0.0,1367.0,0.0,0.0,1.0,0.0
05_stackmath_numerical,9,Medium-T-Mid,0.8278888657744493,0.23201411738991734,0.23831663480176063,2.0,0.018618574263561807,0.23201411738991734,21.4,8.1,2.287834127744039,,,0.3392537434895833,0.3058947573105494,0.67,0.6941052426894506,0.23201411738991734,1540.0,54.0,0.0,1473.0,0.0,0.0,1.0,0.0
05_stackmath_numerical,10,High-P-Beg,0.920492327365729,0.5216145038604736,0.33006118232069054,2.0,0.0029850746268656604,0.5216145038604736,25.8,8.4,2.317536449432373,,,0.35126953125,0.43831037878990176,1.0,0.5616896212100982,0.5216145038604736,1805.0,36.0,0.0,1756.0,0.0,0.0,1.0,0.0
05_stackmath_numerical,10,High-P-Mid,0.9565217391304348,0.5161255240440369,0.3921940236518241,2.0,0.00601537765716868,0.5161255240440369,20.6,7.4,2.618207836151123,,,0.387939453125,0.3553148686885834,1.0,0.6446851313114166,0.5161255240440369,1786.2,30.2,0.0,1743.0,0.0,0.0,1.0,0.0
05_stackmath_numerical,10,High-T-Mid,0.8649122807017543,0.42837784687678016,0.3518607123870282,2.0,0.0,0.42837784687678016,29.5,8.333333333333334,2.5273934659503756,,,0.37341889880952384,0.3476383416425614,1.0,0.6523616583574385,0.42837784687678016,1731.904761904762,45.904761904761905,0.0,1673.0,0.0,0.0,1.0,0.0
05_stackmath_numerical,10,Low-N-Beg,0.32401794740504414,0.3927266299724579,0.19795022778893745,2.0,0.007575757575757566,0.3927266299724579,24.666666666666668,0.6666666666666666,2.237548530101776,,,0.32763671875,0.2522591054439544,0.33,0.7477408945560455,0.3927266299724579,643.5,72.5,0.0,558.0,0.0,0.0,1.0,0.0
05_stackmath_numerical,10,Low-N-End,0.21742373911491558,0.3540111515257094,0.27552538238812746,2.0,0.006806074167059683,0.3540111515257094,12.055555555555555,0.16666666666666666,2.3417071819305417,,,0.3912109375,0.3035331487655639,0.33,0.6964668512344361,0.3540111515257094,675.4,84.4,0.0,578.0,0.0,0.0,1.0,0.0
05_stackmath_numerical,10,Low-N-Mid,0.23575498575498574,0.3640393577516079,0.23531306656306653,2.0,0.0,0.3640393577516079,13.416666666666666,0.0,2.332374155521393,,,0.40771484375,0.1893622279167175,0.33,0.8106377720832825,0.3640393577516079,643.25,73.25,0.0,557.0,0.0,0.0,1.0,0.0
05_stackmath_numerical,10,Low-P-Beg,0.7737419013734803,0.44508577552106643,0.22622859596543807,2.0,0.0,0.44508577552106643,14.0,4.0,2.197465419769287,,,0.3045654296875,0.3281090855598449,0.33,0.671890914440155,0.44508577552106643,589.1666666666666,37.166666666666664,0.0,539.0,0.0,0.0,1.0,0.0
05_stackmath_numerical,10,Low-P-End,0.6642045454545454,0.3873910270631313,0.25673926767676764,2.0,0.0,0.3873910270631313,12.4375,3.1875,2.318633794784546,,,0.40546875,0.2239265799522399,0.33,0.77607342004776,0.3873910270631313,709.0,79.0,0.0,617.0,0.0,0.0,1.0,0.0
05_stackmath_numerical,10,Low-P-Mid,0.8950772911299227,0.5128723084926605,0.06872141016877857,2.0,0.0,0.5128723084926605,15.142857142857142,5.0,2.096727192401886,,,0.371337890625,0.1990881711244583,0.33,0.8009118288755417,0.5128723084926605,626.0,46.0,0.0,567.0,0.0,0.0,1.0,0.0
05_stackmath_numerical,10,Low-T-Beg,0.5426849859542167,0.3928600245943436,0.2721056721056721,2.0,0.0,0.3928600245943436,14.307692307692308,2.769230769230769,2.1281951069831844,,,0.372802734375,0.1950481832027435,0.33,0.8049518167972565,0.3928600245943436,627.75,82.75,0.0,532.0,0.0,0.0,1.0,0.0
05_stackmath_numerical,10,Low-T-End,0.41639620300334584,0.36290852033666204,0.23254644165358448,2.0,0.0033482142857142855,0.36290852033666204,15.0,1.8571428571428572,2.1563401222229004,,,0.36552734375,0.1871808886528014,0.33,0.8128191113471985,0.36290852033666204,534.0,79.0,0.0,442.0,0.0,0.0,1.0,0.0
05_stackmath_numerical,10,Low-T-Mid,0.7151400796008639,0.4982515573501587,0.19067330635958082,2.0,0.0,0.4982515573501587,16.555555555555557,4.555555555555555,2.2258188724517822,,,0.376708984375,0.1814548522233963,0.33,0.8185451477766037,0.4982515573501587,590.5,60.5,0.0,517.0,0.0,0.0,1.0,0.0
05_stackmath_numerical,10,Medium-N-Beg,0.3089694794838335,0.3250626698136329,0.25563832100913436,2.0,0.0,0.3250626698136329,13.818181818181818,0.5454545454545454,2.6246585051218667,,,0.4328206380208333,0.24389698108037314,0.67,0.7561030189196268,0.3250626698136329,2006.3333333333333,46.333333333333336,0.0,1947.0,0.0,0.0,1.0,0.0
05_stackmath_numerical,10,Medium-N-End,0.2628213957759412,0.47570922428911383,0.27422930604748785,2.0,0.0011223344556677817,0.47570922428911383,17.90909090909091,0.5454545454545454,2.5501674811045327,,,0.4600830078125,0.2609329223632812,0.67,0.7390670776367188,0.47570922428911383,1483.0,67.0,0.0,1403.0,0.0,0.0,1.0,0.0
05_stackmath_numerical,10,Medium-N-Mid,0.3517370662898522,0.5914374468001452,0.16462896015681938,2.0,0.006142506142506137,0.5914374468001452,19.545454545454547,0.18181818181818182,2.498302638530731,,,0.391082763671875,0.2532575353980064,0.67,0.7467424646019936,0.5914374468001452,1615.125,54.125,0.0,1548.0,0.0,0.0,1.0,0.0
05_stackmath_numerical,10,Medium-P-Beg,0.8514790463160029,0.4753611497581005,0.19554539663235312,2.0,0.00204918032786885,0.4753611497581005,18.5,5.625,2.33544127146403,,,0.3607584635416667,0.1851297815640767,0.67,0.8148702184359232,0.4753611497581005,1403.6666666666667,83.66666666666667,0.0,1307.0,0.0,0.0,1.0,0.0
05_stackmath_numerical,10,Medium-P-End,0.8254260835782575,0.4721816082795461,0.22599039446865532,2.0,0.0,0.4721816082795461,16.5,5.166666666666667,2.4807888984680178,,,0.400341796875,0.2405459582805633,0.67,0.7594540417194366,0.4721816082795461,1341.3,53.3,0.0,1275.0,0.0,0.0,1.0,0.0
05_stackmath_numerical,10,Medium-P-Mid,0.8494984547616127,0.4410308069652981,0.21426575373943793,2.0,0.0,0.4410308069652981,15.555555555555555,4.333333333333333,2.2982190608978272,,,0.393701171875,0.2387139797210693,0.67,0.7612860202789307,0.4410308069652981,1324.4,48.4,0.0,1263.0,0.0,0.0,1.0,0.0
05_stackmath_numerical,10,Medium-T-Beg,0.6618381618381618,0.44482444799863374,0.2429070929070929,2.0,0.0,0.44482444799863374,12.384615384615385,2.769230769230769,2.6077261765797934,,,0.4278157552083333,0.2113035122553507,0.67,0.7886964877446493,0.44482444799863374,1404.0,46.0,0.0,1345.0,0.0,0.0,1.0,0.0
05_stackmath_numerical,10,Medium-T-End,0.6974251811713111,0.36276378234227497,0.17164029039416032,2.0,0.0,0.36276378234227497,13.933333333333334,3.8666666666666667,2.3952954797183765,,,0.42361270680147056,0.3162319046609542,0.67,0.6837680953390458,0.36276378234227497,1163.4117647058824,57.411764705882355,0.0,1093.0,0.0,0.0,1.0,0.0
05_stackmath_numerical,10,Medium-T-Mid,0.6346656017779012,0.4764584018425508,0.3165601777901243,2.0,0.0,0.4764584018425508,19.09090909090909,4.545454545454546,2.3709341287612915,,,0.3887532552083333,0.1642743051052093,0.67,0.8357256948947906,0.4764584018425508,1338.0,82.0,0.0,1243.0,0.0,0.0,1.0,0.0
05_stackmath_numerical,11,High-P-Mid,0.9001801575330988,0.3944225816263093,0.2939031738051346,2.0,0.0020964360587001998,0.3944225816263093,22.444444444444443,8.555555555555555,2.7238223212105885,,,0.43533761160714285,0.3454574814864567,1.0,0.6545425185135433,0.3944225816263093,2048.0,8.0,0.0,2027.0,0.0,0.0,1.0,0.0
05_stackmath_numerical,11,High-T-Mid,0.7202750665483585,0.4214316180774143,0.2389825495415557,2.0,0.0035996616216033427,0.4214316180774143,32.0,6.571428571428571,2.7143765926361083,,,0.456005859375,0.4406155586242676,1.0,0.5593844413757324,0.4214316180774143,1956.2,81.2,0.0,1862.0,0.0,0.0,1.0,0.0
05_stackmath_numerical,11,Low-N-Beg,0.20816371737424366,0.21445044742098873,0.1473193264546648,2.0,0.0011901469658659857,0.21445044742098873,15.428571428571429,0.21428571428571427,2.4047674792153493,,,0.4112548828125,0.4053583251578467,0.33,0.5946416748421532,0.21445044742098873,668.0714285714286,68.07142857142857,0.0,587.0,0.0,0.0,1.0,0.0
05_stackmath_numerical,11,Low-N-End,0.19908960320725025,0.35605691058131367,0.21047031399972574,2.0,0.002605165532255638,0.35605691058131367,16.076923076923077,0.7692307692307693,2.291955828666687,,,0.397308349609375,0.4526471644639969,0.33,0.5473528355360031,0.35605691058131367,717.25,47.25,0.0,657.0,0.0,0.0,1.0,0.0
05_stackmath_numerical,11,Low-N-Mid,0.2278198653198653,0.3735549058765173,0.18748196248196244,2.0,0.0020882468553459085,0.3735549058765173,17.583333333333332,0.3333333333333333,2.3852648735046387,,,0.405517578125,0.4168149121105671,0.33,0.5831850878894329,0.3735549058765173,680.75,54.75,0.0,613.0,0.0,0.0,1.0,0.0
05_stackmath_numerical,11,Low-P-Beg,0.7577629134150874,0.3729689419269562,0.13835005574136003,2.0,0.00351280871299278,0.3729689419269562,46.6,6.8,2.511254847049713,,,0.42852783203125,0.2647445350885391,0.33,0.7352554649114609,0.3729689419269562,949.75,240.75,0.0,696.0,0.0,0.0,1.0,0.0
05_stackmath_numerical,11,Low-P-End,0.8495319738740791,0.39474085718393326,0.10571124781651095,2.0,0.0068431526869437995,0.39474085718393326,40.166666666666664,8.5,2.6998105525970457,,,0.412841796875,0.2822906732559204,0.33,0.7177093267440796,0.39474085718393326,876.0,195.0,0.0,668.0,0.0,0.0,1.0,0.0
05_stackmath_numerical,11,Low-P-Mid,0.7535303493378027,0.38596138783863615,0.20921160734825328,2.0,0.0048757295157000145,0.38596138783863615,33.857142857142854,7.571428571428571,2.5021620988845825,,,0.464813232421875,0.3539522290229797,0.33,0.6460477709770203,0.38596138783863615,768.375,120.375,0.0,635.0,0.0,0.0,1.0,0.0
05_stackmath_numerical,11,Low-T-Beg,0.6611806012727671,0.46001310433660236,0.11010485540639815,2.0,0.004948536515789786,0.46001310433660236,25.142857142857142,5.285714285714286,2.365484674771627,,,0.447265625,0.3155089616775512,0.33,0.6844910383224487,0.46001310433660236,683.8333333333334,56.833333333333336,0.0,614.0,0.0,0.0,1.0,0.0
05_stackmath_numerical,11,Low-T-End,0.74430102061681,0.36466482987529353,0.11994233836339098,2.0,0.0044583546244251265,0.36466482987529353,13.842105263157896,3.789473684210526,2.420598030090332,,,0.4290771484375,0.3846902623772621,0.33,0.6153097376227379,0.36466482987529353,797.5,247.5,0.0,537.0,0.0,0.0,1.0,0.0
05_stackmath_numerical,11,Low-T-Mid,0.6585185185185185,0.4284102976322174,0.21866666666666665,2.0,0.0038098693759071,0.4284102976322174,25.8,4.6,2.3526248931884766,,,0.4451904296875,0.2786880731582641,0.33,0.7213119268417358,0.4284102976322174,709.5,109.5,0.0,587.0,0.0,0.0,1.0,0.0
05_stackmath_numerical,11,Medium-N-Beg,0.34664965959240296,0.4002290318409602,0.268109811725525,2.0,0.0012254901960784166,0.4002290318409602,39.0,1.5,2.534081757068634,,,0.419464111328125,0.3354189917445183,0.67,0.6645810082554817,0.4002290318409602,1719.375,83.375,0.0,1623.0,0.0,0.0,1.0,0.0
05_stackmath_numerical,11,Medium-N-End,0.39023593466424683,0.46901832818984984,0.20020283975659225,2.0,0.0017543859649122799,0.46901832818984984,43.8,2.2,2.6108223597208657,,,0.4191487630208333,0.2776449720064798,0.67,0.7223550279935201,0.46901832818984984,1756.6666666666667,148.66666666666666,0.0,1595.0,0.0,0.0,1.0,0.0
05_stackmath_numerical,11,Medium-N-Mid,0.33356956663408277,0.42754730582237244,0.2996470077115238,2.0,0.00839266502735362,0.42754730582237244,43.8,0.8,2.606513466153826,,,0.39351981026785715,0.3102120671953473,0.67,0.6897879328046527,0.42754730582237244,1841.7142857142858,105.71428571428571,0.0,1723.0,0.0,0.0,1.0,0.0
05_stackmath_numerical,11,Medium-P-Beg,0.7635343822843823,0.4032980166375637,0.1936667499167499,2.0,0.005779672319195827,0.4032980166375637,20.454545454545453,5.363636363636363,2.6462241649627685,,,0.4435546875,0.4107016026973724,0.67,0.5892983973026276,0.4032980166375637,1720.2,99.2,0.0,1608.0,0.0,0.0,1.0,0.0
05_stackmath_numerical,11,Medium-P-End,0.8456378915202444,0.38527061045169825,0.2968016297428062,2.0,0.0015748031496062801,0.38527061045169825,46.2,9.0,2.628033185005188,,,0.4286865234375,0.4803784802556038,0.67,0.5196215197443962,0.38527061045169825,1726.6,85.6,0.0,1628.0,0.0,0.0,1.0,0.0
05_stackmath_numerical,11,Medium-P-Mid,0.5729614864418786,0.44044392307599384,0.27883336545101245,2.0,0.004317387287462534,0.44044392307599384,33.0,6.333333333333333,2.041099031766256,,,0.3660481770833333,0.3374387174844742,0.67,0.6625612825155258,0.44044392307599384,334.8333333333333,74.83333333333333,0.0,247.0,0.0,0.0,1.0,0.0
05_stackmath_numerical,11,Medium-T-Beg,0.7511372717036332,0.30911639598863466,0.2384066638929339,2.0,0.0025091490807091286,0.30911639598863466,31.0,6.714285714285714,2.6574509143829346,,,0.4089762369791667,0.2689184546470642,0.67,0.7310815453529358,0.30911639598863466,1558.8333333333333,132.83333333333334,0.0,1413.0,0.0,0.0,1.0,0.0
05_stackmath_numerical,11,Medium-T-End,0.674635241301908,0.400816152493159,0.1216610549943883,2.0,0.0037038956850277446,0.400816152493159,20.11111111111111,4.0,2.3560969829559326,,,0.42431640625,0.5679025053977966,0.67,0.43209749460220337,0.400816152493159,1187.0,119.0,0.0,1055.0,0.0,0.0,1.0,0.0
05_stackmath_numerical,11,Medium-T-Mid,0.7744652748685007,0.4525875349839528,0.11946946422752874,2.0,0.004365367337065433,0.4525875349839528,37.333333333333336,9.166666666666666,2.6375173727671304,,,0.4596354166666667,0.3441759546597799,0.67,0.6558240453402201,0.4525875349839528,1560.6666666666667,74.66666666666667,0.0,1473.0,0.0,0.0,1.0,0.0
05_stackmath_numerical,12,High-P-Mid,0.895688832717838,0.23929663747549054,0.5130104241109934,2.0,0.0058721350992372995,0.23929663747549054,25.571428571428573,8.571428571428571,2.769124780382429,,,0.466796875,0.6599670286689486,1.0,0.3400329713310514,0.23929663747549054,1234.5714285714287,49.57142857142857,0.0,1172.0,0.0,0.0,1.0,0.0
05_stackmath_numerical,12,High-T-Beg,0.762588742393509,0.15100051090121264,0.5414366608712451,2.0,0.009237034894929616,0.15100051090121264,35.333333333333336,9.833333333333334,2.676229953765869,,,0.4242757161458333,0.5770202130079269,1.0,0.42297978699207306,0.15100051090121264,1987.25,40.25,0.0,1934.0,0.0,0.0,1.0,0.0
05_stackmath_numerical,12,High-T-End,0.9336898395721925,0.3376596361398697,0.5624750733137829,2.0,0.02979902979902978,0.3376596361398697,32.4,11.6,2.8577328750065396,,,0.4124232700892857,0.5758737248501608,1.0,0.4241262751498392,0.3376596361398697,1751.5714285714287,65.57142857142857,0.0,1673.0,0.0,0.0,1.0,0.0
05_stackmath_numerical,12,High-T-Mid,0.7010924885924885,0.3232059985399246,0.5596764946764946,2.0,0.0031877063754127202,0.3232059985399246,41.4,11.4,2.7276375670182076,,,0.42587119654605265,0.5119015030366809,1.0,0.48809849696331903,0.3232059985399246,1715.3157894736842,48.31578947368421,0.0,1654.0,0.0,0.0,1.0,0.0
05_stackmath_numerical,12,Low-N-Beg,0.24145021645021641,0.3638955106337865,0.1689544252044252,2.0,0.0269722975735788,0.3638955106337865,39.166666666666664,1.0,2.590100955963135,,,0.398486328125,0.4283234477043152,0.33,0.5716765522956848,0.3638955106337865,808.0,193.0,0.0,602.0,0.0,0.0,1.0,0.0
05_stackmath_numerical,12,Low-N-End,0.2072744993797625,0.35505063831806183,0.2904616338826865,2.0,0.04306186715483748,0.35505063831806183,36.166666666666664,0.3333333333333333,2.6047524213790894,,,0.42083740234375,0.4674298614263534,0.33,0.5325701385736465,0.35505063831806183,966.0,242.0,0.0,711.0,0.0,0.0,1.0,0.0
05_stackmath_numerical,12,Low-N-Mid,0.21203703703703702,0.3192300230264663,0.1907407407407407,2.0,0.04053277993402326,0.3192300230264663,42.8,1.6,2.5058099826176963,,,0.4004313151041667,0.4217685063680013,0.33,0.5782314936319987,0.3192300230264663,764.3333333333334,163.33333333333334,0.0,588.0,0.0,0.0,1.0,0.0
05_stackmath_numerical,12,Low-P-Beg,0.6535492285492285,0.3610977493226528,0.1851412476412476,2.0,0.021891357632220075,0.3610977493226528,27.75,6.375,2.423283168247768,,,0.38235909598214285,0.4006868175097874,0.33,0.5993131824902126,0.3610977493226528,901.7142857142857,137.71428571428572,0.0,751.0,0.0,0.0,1.0,0.0
05_stackmath_numerical,12,Low-P-End,0.7834354575163399,0.4745366672674815,0.2289828431372549,2.0,0.04190965588622859,0.4745366672674815,34.666666666666664,6.833333333333333,2.4813504219055176,,,0.395068359375,0.4340730011463165,0.33,0.5659269988536835,0.4745366672674815,778.8,95.8,0.0,670.0,0.0,0.0,1.0,0.0
05_stackmath_numerical,12,Low-P-Mid,0.8147058823529412,0.3237054049968719,0.25130718954248366,2.0,0.021207371106337258,0.3237054049968719,37.6,7.6,2.6379119555155435,,,0.4090169270833333,0.5494796335697174,0.33,0.4505203664302826,0.3237054049968719,1053.3333333333333,309.3333333333333,0.0,731.0,0.0,0.0,1.0,0.0
05_stackmath_numerical,12,Low-T-Beg,0.5986111111111111,0.34140952676534647,0.2432449494949495,2.0,0.04073485809260793,0.34140952676534647,23.5,5.2,2.7429239749908447,,,0.42236328125,0.2521073222160339,0.33,0.7478926777839661,0.34140952676534647,1069.0,495.0,0.0,561.0,0.0,0.0,1.0,0.0
05_stackmath_numerical,12,Low-T-End,0.6820580863924517,0.44057745805808474,0.09562140645731976,2.0,0.05203165784243299,0.44057745805808474,31.571428571428573,7.285714285714286,2.398486773173014,,,0.3837076822916667,0.24297883113225302,0.33,0.757021168867747,0.44057745805808474,710.3333333333334,146.33333333333334,0.0,551.0,0.0,0.0,1.0,0.0
05_stackmath_numerical,12,Low-T-Mid,0.6453802733214498,0.34513870875040686,0.2043738033934112,2.0,0.02620771691467363,0.34513870875040686,23.0,5.333333333333333,2.376570403575897,,,0.408203125,0.4044640809297561,0.33,0.5955359190702438,0.34513870875040686,690.75,93.75,0.0,584.0,0.0,0.0,1.0,0.0
05_stackmath_numerical,12,Medium-N-Beg,0.33154061624649855,0.3538018465042114,0.2525626007978949,2.0,0.0216474863718958,0.3538018465042114,31.8,1.0,2.6361833413441977,,,0.408447265625,0.4062248667081197,0.67,0.5937751332918803,0.3538018465042114,1720.0,92.0,0.0,1615.0,0.0,0.0,1.0,0.0
05_stackmath_numerical,12,Medium-N-End,0.26206896551724135,0.4523331642150879,0.22452107279693484,2.0,0.0420424814191912,0.4523331642150879,34.2,1.2,2.6763970255851746,,,0.4361572265625,0.3806161545217037,0.67,0.6193838454782963,0.4523331642150879,1685.0,44.0,0.0,1628.0,0.0,0.0,1.0,0.0
05_stackmath_numerical,12,Medium-N-Mid,0.3749595141700405,0.44093877673149107,0.41556005398110657,2.0,0.03817659092596138,0.44093877673149107,43.6,1.8,2.7482289373874664,,,0.404266357421875,0.3088675439357757,0.67,0.6911324560642242,0.44093877673149107,1716.125,117.125,0.0,1586.0,0.0,0.0,1.0,0.0
05_stackmath_numerical,12,Medium-P-Beg,0.8861030944364278,0.3493656466404597,0.1751803751803752,2.0,0.04239717555068134,0.3493656466404597,25.0,7.666666666666667,2.7450962066650395,,,0.4571533203125,0.3930384963750839,0.67,0.6069615036249161,0.3493656466404597,1924.5,95.5,0.0,1816.0,0.0,0.0,1.0,0.0
05_stackmath_numerical,12,Medium-P-End,0.7384902597402597,0.46782139539718626,0.23271645021645018,2.0,0.046784604737445126,0.46782139539718626,46.2,11.0,2.6674901843070984,,,0.44085693359375,0.2831460982561111,0.67,0.7168539017438889,0.46782139539718626,2038.25,63.25,0.0,1962.0,0.0,0.0,1.0,0.0
05_stackmath_numerical,12,Medium-P-Mid,0.788257369565419,0.37781739234924316,0.34956355563940694,2.0,0.030936190957338773,0.37781739234924316,26.5,7.75,2.6833692959376743,,,0.45567103794642855,0.5099078416824341,0.67,0.4900921583175659,0.37781739234924316,1654.857142857143,58.857142857142854,0.0,1583.0,0.0,0.0,1.0,0.0
05_stackmath_numerical,12,Medium-T-Beg,0.7458996756597376,0.3238160486022631,0.14022187822497417,2.0,0.0353738686137541,0.3238160486022631,35.0,5.333333333333333,2.682118368148804,,,0.423193359375,0.5835952311754227,0.67,0.41640476882457733,0.3238160486022631,1550.6,199.6,0.0,1338.0,0.0,0.0,1.0,0.0
05_stackmath_numerical,12,Medium-T-End,0.7703784401072754,0.36310807615518564,0.3264200670093699,2.0,0.016504417362576202,0.36310807615518564,24.833333333333332,7.833333333333333,2.7528362614767894,,,0.4330357142857143,0.5790462749344962,0.67,0.4209537250655038,0.36310807615518564,1579.142857142857,42.142857142857146,0.0,1524.0,0.0,0.0,1.0,0.0
05_stackmath_numerical,12,Medium-T-Mid,0.8257575757575758,0.3604309111833572,0.2526737967914438,2.0,0.030408249158249134,0.3604309111833572,16.333333333333332,6.0,2.5266053676605225,,,0.4228515625,0.4378812909126282,0.67,0.5621187090873718,0.3604309111833572,1552.0,86.0,0.0,1453.0,0.0,0.0,1.0,0.0
05_stackmath_numerical,13,High-P-Beg,0.9146931499872677,0.2152865688715662,0.7034839853006594,2.0,0.005870841487279843,0.2152865688715662,17.857142857142858,7.285714285714286,2.5595741868019104,,,0.41619873046875,0.5697189681231976,1.0,0.43028103187680244,0.2152865688715662,1497.75,54.75,0.0,1430.0,0.0,0.0,1.0,0.0
05_stackmath_numerical,13,High-P-End,0.8427833427833428,0.3577096778899431,0.6427128614628614,2.0,0.0,0.3577096778899431,31.75,8.75,2.6277732849121094,,,0.4224853515625,0.4901157692074775,1.0,0.5098842307925224,0.3577096778899431,1597.25,46.25,0.0,1538.0,0.0,0.0,1.0,0.0
05_stackmath_numerical,13,High-T-Beg,0.7496299592139415,0.38067757040262223,0.624955135335558,2.0,0.012501356483993458,0.38067757040262223,38.2,8.2,2.504441738128662,,,0.418487548828125,0.6539390496909618,1.0,0.3460609503090381,0.38067757040262223,1811.375,71.375,0.0,1727.0,0.0,0.0,1.0,0.0
05_stackmath_numerical,13,High-T-Mid,0.7210627579048631,0.44452619055906933,0.496472874104453,2.0,0.02961667116918255,0.44452619055906933,33.833333333333336,7.0,2.4390002489089966,,,0.4078125,0.3240114331245423,1.0,0.6759885668754577,0.44452619055906933,1676.0,96.0,0.0,1567.0,0.0,0.0,1.0,0.0
05_stackmath_numerical,13,Low-N-Beg,0.244047619047619,0.6087725460529327,0.41547619047619044,2.0,0.0,0.6087725460529327,27.0,0.0,2.252887010574341,,,0.3902587890625,0.6373302340507507,0.33,0.36266976594924927,0.6087725460529327,647.5,42.5,0.0,592.0,0.0,0.0,1.0,0.0
05_stackmath_numerical,13,Low-N-End,0.28500237128016165,0.5298669971525669,0.4203530356264022,2.0,0.007371794871794863,0.5298669971525669,24.75,0.375,2.331387758255005,,,0.447052001953125,0.5200247801840305,0.33,0.47997521981596947,0.5298669971525669,784.125,69.125,0.0,702.0,0.0,0.0,1.0,0.0
05_stackmath_numerical,13,Low-N-Mid,0.23871275783040485,0.42623129487037653,0.5294626941685765,2.0,0.0013568521031207545,0.42623129487037653,17.818181818181817,0.6363636363636364,2.359656731287638,,,0.393310546875,0.6094614143172901,0.33,0.39053858568271,0.42623129487037653,732.5,63.5,0.0,656.0,0.0,0.0,1.0,0.0
05_stackmath_numerical,13,Low-P-Beg,0.7429925147316452,0.41450671502389014,0.4405498487020226,2.0,0.029513883038214,0.41450671502389014,25.25,5.5,2.100773877567715,,,0.2839626736111111,0.5125128262572818,0.33,0.48748717374271816,0.41450671502389014,387.55555555555554,74.55555555555556,0.0,300.0,0.0,0.0,1.0,0.0
05_stackmath_numerical,13,Low-P-End,0.9046648550724637,0.49826962128281593,0.548434835890878,2.0,0.013869283681745849,0.49826962128281593,26.375,6.375,2.2861837318965366,,,0.3190220424107143,0.5954489495073046,0.33,0.4045510504926954,0.49826962128281593,772.8571428571429,63.857142857142854,0.0,696.0,0.0,0.0,1.0,0.0
05_stackmath_numerical,13,Low-P-Mid,0.44891774891774894,0.27849605493247503,0.7437229437229437,2.0,0.0409266642503322,0.27849605493247503,48.25,7.0,2.2423922538757326,,,0.33251953125,0.6143731571733951,0.33,0.38562684282660487,0.27849605493247503,919.8,182.8,0.0,724.0,0.0,0.0,1.0,0.0
05_stackmath_numerical,13,Low-T-Beg,0.6412672305764411,0.6953324377536774,0.37475720551378444,2.0,0.03543743078626797,0.6953324377536774,33.75,6.75,2.1363445818424225,,,0.3837890625,0.5730721652507782,0.33,0.42692783474922175,0.6953324377536774,638.75,62.75,0.0,563.0,0.0,0.0,1.0,0.0
05_stackmath_numerical,13,Low-T-End,0.7407839694991398,0.4149487084812588,0.5082121300516553,2.0,0.0,0.4149487084812588,22.77777777777778,5.333333333333333,2.38673374387953,,,0.4196506076388889,0.6886260658502579,0.33,0.31137393414974207,0.4149487084812588,574.8888888888889,63.888888888888886,0.0,498.0,0.0,0.0,1.0,0.0
05_stackmath_numerical,13,Low-T-Mid,0.6984048104887888,0.4871828784234822,0.4421239289176595,2.0,0.009615384615384612,0.4871828784234822,25.75,5.125,2.3059478600819907,,,0.4121365017361111,0.6244660723540518,0.33,0.3755339276459482,0.4871828784234822,601.3333333333334,67.33333333333333,0.0,521.0,0.0,0.0,1.0,0.0
05_stackmath_numerical,13,Medium-N-Beg,0.39800383311219223,0.5028582125902176,0.5178239716939407,2.0,0.024096385542168662,0.5028582125902176,27.2,1.2,2.6721140146255493,,,0.45220947265625,0.728997353464365,0.67,0.27100264653563494,0.5028582125902176,2002.5,59.5,0.0,1930.0,0.0,0.0,1.0,0.0
05_stackmath_numerical,13,Medium-N-End,0.2513888888888889,0.4600134640932083,0.46714285714285714,2.0,0.06847303235800882,0.4600134640932083,53.5,1.0,2.532967669623239,,,0.44126674107142855,0.4351722725800105,0.67,0.5648277274199894,0.4600134640932083,1858.5714285714287,72.57142857142857,0.0,1773.0,0.0,0.0,1.0,0.0
05_stackmath_numerical,13,Medium-N-Mid,0.30110837438423643,0.5050466284155846,0.46443965517241376,2.0,0.03777693696331382,0.5050466284155846,49.25,0.25,2.6213269233703613,,,0.3853352864583333,0.521537219484647,0.67,0.4784627805153529,0.5050466284155846,1930.0,155.0,0.0,1762.0,0.0,0.0,1.0,0.0
05_stackmath_numerical,13,Medium-P-Beg,0.9791666666666667,0.3904867209494114,0.4564393939393939,2.0,0.0,0.3904867209494114,25.0,9.0,2.6063750982284546,,,0.4501953125,0.5224263817071915,0.67,0.4775736182928085,0.3904867209494114,1403.5,45.5,0.0,1345.0,0.0,0.0,1.0,0.0
05_stackmath_numerical,13,Medium-P-End,0.866433122956785,0.35627187149865286,0.5966154069051979,2.0,0.012137486573576786,0.35627187149865286,25.714285714285715,10.142857142857142,2.700345958982195,,,0.43178013392857145,0.510137289762497,0.6700000000000002,0.48986271023750305,0.35627187149865286,1336.7142857142858,42.714285714285715,0.0,1281.0,0.0,0.0,1.0,0.0
05_stackmath_numerical,13,Medium-P-Mid,0.801040626040626,0.49295430779457095,0.4678737928737928,2.0,0.009195402298850559,0.49295430779457095,39.0,8.6,2.35196607763117,,,0.3604403409090909,0.5527701432054692,0.67,0.4472298567945307,0.49295430779457095,1430.2727272727273,86.27272727272727,0.0,1331.0,0.0,0.0,1.0,0.0
05_stackmath_numerical,13,Medium-T-Beg,0.5137512014100035,0.39606842771172523,0.3833835634017122,2.0,0.021115877379464302,0.39606842771172523,22.9,4.5,2.508386091752486,,,0.42176402698863635,0.4915202016180212,0.67,0.5084797983819788,0.39606842771172523,1242.3636363636363,85.36363636363636,0.0,1144.0,0.0,0.0,1.0,0.0
05_stackmath_numerical,13,Medium-T-End,0.6362312030075188,0.5191158503293991,0.5112155388471178,2.0,0.03380647130647127,0.5191158503293991,52.25,7.75,2.4040457606315613,,,0.4080810546875,0.537826269865036,0.67,0.462173730134964,0.5191158503293991,1092.25,120.25,0.0,959.0,0.0,0.0,1.0,0.0
05_stackmath_numerical,13,Medium-T-Mid,0.6562219567460851,0.33843602364261943,0.627139419841163,2.0,0.00684931506849315,0.33843602364261943,34.0,8.333333333333334,2.4853487809499106,,,0.4154052734375,0.6558681974808376,0.67,0.3441318025191625,0.33843602364261943,1390.6666666666667,67.66666666666667,0.0,1310.0,0.0,0.0,1.0,0.0
05_stackmath_numerical,14,High-P-Beg,0.8464126071884692,0.48673851415514946,0.18524391078270389,2.0,0.0141496716115548,0.48673851415514946,16.916666666666668,5.666666666666667,2.953813672065735,,,0.47796630859375,0.1696367263793945,1.0,0.8303632736206055,0.48673851415514946,2045.0,31.0,0.0,2001.0,0.0,0.0,1.0,0.0
05_stackmath_numerical,14,High-T-Beg,0.7777688977688978,0.543523195385933,0.23395937395937394,2.0,0.00499884468487078,0.543523195385933,19.8,7.6,2.8123361468315125,,,0.49517822265625,0.3934998624026775,1.0,0.6065001375973225,0.543523195385933,1914.25,40.25,0.0,1861.0,0.0,0.0,1.0,0.0
05_stackmath_numerical,14,High-T-Mid,0.6719699457630492,0.5533748358488083,0.234322535701846,2.0,0.02132243068568263,0.5533748358488083,22.4,6.2,2.7816130413728604,,,0.4475528492647059,0.3464391222771477,1.0,0.6535608777228523,0.5533748358488083,1863.2941176470588,55.294117647058826,0.0,1795.0,0.0,0.0,1.0,0.0
05_stackmath_numerical,14,Low-N-Beg,0.12816017316017314,0.5455597966909409,0.22704906204906203,2.0,0.02308860328701428,0.5455597966909409,22.9,0.0,2.5163534283637996,,,0.36773681640625,0.2891533821821213,0.33,0.7108466178178787,0.5455597966909409,907.5,248.5,0.0,646.0,0.0,0.0,1.0,0.0
05_stackmath_numerical,14,Low-N-End,0.12122161464266726,0.4042276206115882,0.19115718589402797,2.0,0.020010321690354868,0.4042276206115882,12.833333333333334,0.6111111111111112,2.237860918045044,,,0.4019012451171875,0.346697986125946,0.33,0.653302013874054,0.4042276206115882,551.625,38.625,0.0,500.0,0.0,0.0,1.0,0.0
05_stackmath_numerical,14,Low-N-Mid,0.18118538400851994,0.4518879399849818,0.24676475075845522,2.0,0.00921614235371604,0.4518879399849818,16.153846153846153,0.6153846153846154,2.24183611869812,,,0.335888671875,0.2333671927452087,0.33,0.7666328072547912,0.4518879399849818,788.8,79.8,0.0,696.0,0.0,0.0,1.0,0.0
05_stackmath_numerical,14,Low-P-Beg,0.5319128787878789,0.39260877948254347,0.2003517316017316,2.0,0.024973200536321145,0.39260877948254347,13.9375,4.8125,2.3532001055203953,,,0.41272911658653844,0.3720749226900247,0.33,0.6279250773099753,0.39260877948254347,768.4615384615385,52.46153846153846,0.0,703.0,0.0,0.0,1.0,0.0
05_stackmath_numerical,14,Low-P-End,0.6958548175528445,0.4733826100294079,0.2882555261893954,2.0,0.013025746780290635,0.4733826100294079,15.0,4.571428571428571,2.5472370386123657,,,0.4458685980902778,0.319542783829901,0.33,0.680457216170099,0.4733826100294079,762.5,50.5,0.0,699.0,0.0,0.0,1.0,0.0
05_stackmath_numerical,14,Low-P-Mid,0.7110661755398597,0.4816885611249341,0.218669147616516,2.0,0.018224612232952866,0.4816885611249341,23.555555555555557,5.555555555555555,2.4440881411234536,,,0.435791015625,0.1898841261863708,0.33,0.8101158738136292,0.4816885611249341,726.3333333333334,153.33333333333334,0.0,560.0,0.0,0.0,1.0,0.0
05_stackmath_numerical,14,Low-T-Beg,0.37731435231435234,0.491855651140213,0.3167082917082917,2.0,0.003908529676538139,0.491855651140213,15.692307692307692,2.8461538461538463,1.8123077665056502,,,0.27975027901785715,0.3677266708442143,0.33,0.6322733291557857,0.491855651140213,250.5,44.5,0.0,193.0,0.0,0.0,1.0,0.0
05_stackmath_numerical,14,Low-T-End,0.4803838893416898,0.4242857791483402,0.24981708402424513,2.0,0.00671397795086088,0.4242857791483402,24.0,5.8,2.0666310462084683,,,0.3169611150568182,0.36841425570574676,0.33,0.6315857442942533,0.4242857791483402,665.5454545454545,86.54545454545455,0.0,566.0,0.0,0.0,1.0,0.0
05_stackmath_numerical,14,Low-T-Mid,0.4294372294372294,0.43938299765189487,0.31335377585377583,2.0,0.002800589053844,0.43938299765189487,13.25,3.0,2.267492532730103,,,0.4246303013392857,0.3478565216064453,0.33,0.6521434783935547,0.43938299765189487,564.8571428571429,46.857142857142854,0.0,505.0,0.0,0.0,1.0,0.0
05_stackmath_numerical,14,Medium-N-Beg,0.17818827997399422,0.5071390079600471,0.24378795807367232,2.0,0.01591876985914358,0.5071390079600471,17.071428571428573,0.5714285714285714,2.64151132106781,,,0.3991455078125,0.48787546157836903,0.67,0.5121245384216309,0.5071390079600471,1744.7,52.7,0.0,1679.0,0.0,0.0,1.0,0.0
05_stackmath_numerical,14,Medium-N-End,0.31771814786520663,0.4863036721944809,0.25550780918427973,2.0,0.010539338163014,0.4863036721944809,18.25,1.5833333333333333,2.562876419587569,,,0.40638316761363635,0.3232081559571352,0.67,0.6767918440428647,0.4863036721944809,1748.2727272727273,88.27272727272727,0.0,1647.0,0.0,0.0,1.0,0.0
05_stackmath_numerical,14,Medium-N-Mid,0.18454078601137425,0.35034288991900053,0.29756599609540785,2.0,0.007276567863082041,0.35034288991900053,12.588235294117647,0.4117647058823529,2.702946249643962,,,0.4444661458333333,0.3931776662667592,0.67,0.6068223337332408,0.35034288991900053,1918.0,65.0,0.0,1840.0,0.0,0.0,1.0,0.0
05_stackmath_numerical,14,Medium-P-Beg,0.650082205376323,0.3688474059104919,0.38346072228425165,2.0,0.003493773818851207,0.3688474059104919,14.466666666666667,5.0,2.404727506637573,,,0.419873046875,0.2802747666835785,0.67,0.7197252333164215,0.3688474059104919,1778.0,177.0,0.0,1588.0,0.0,0.0,1.0,0.0
05_stackmath_numerical,14,Medium-P-End,0.8279156667087701,0.5038395551117983,0.22281640773020084,2.0,0.007863490406169227,0.5038395551117983,19.545454545454547,6.909090909090909,2.7203445775168285,,,0.4636928013392857,0.2078497494970049,0.67,0.792150250502995,0.5038395551117983,1612.4285714285713,101.42857142857143,0.0,1498.0,0.0,0.0,1.0,0.0
05_stackmath_numerical,14,Medium-P-Mid,0.8573136189207619,0.4552567015801157,0.20008215990358846,2.0,0.01242001985896945,0.4552567015801157,15.642857142857142,6.214285714285714,2.640420254539041,,,0.44424977022058826,0.3179256705676808,0.67,0.6820743294323192,0.4552567015801157,1640.4117647058824,56.411764705882355,0.0,1571.0,0.0,0.0,1.0,0.0
05_stackmath_numerical,14,Medium-T-Beg,0.5641023937699129,0.35412654223350376,0.2997769493933176,2.0,0.02884998107407057,0.35412654223350376,15.461538461538462,4.923076923076923,2.4914581298828127,,,0.458349609375,0.1925315260887146,0.67,0.8074684739112854,0.35412654223350376,1399.6,55.6,0.0,1331.0,0.0,0.0,1.0,0.0
05_stackmath_numerical,14,Medium-T-End,0.702008547008547,0.3877692900598049,0.27761446886446883,2.0,0.013173555149354529,0.3877692900598049,19.6,7.4,2.670570820569992,,,0.462646484375,0.3829075656831264,0.67,0.6170924343168736,0.3877692900598049,1424.0,120.0,0.0,1291.0,0.0,0.0,1.0,0.0
05_stackmath_numerical,14,Medium-T-Mid,0.7703819811465002,0.40769892558455467,0.24272759152523218,2.0,0.004436158031742831,0.40769892558455467,14.0625,3.75,2.849719762802124,,,0.43363813920454547,0.5383522061800414,0.67,0.4616477938199585,0.40769892558455467,1574.3636363636363,90.36363636363636,4.0,1459.0,8.578169389204545,1.0,1.0,1.0
05_stackmath_numerical,15,High-N-Beg,0.20474643874643872,0.1616260968148708,0.6030940170940171,2.0,0.0,0.1616260968148708,40.6,1.0,2.074578529312497,,,0.3817778087797619,0.5716055837415513,1.0,0.42839441625844865,0.1616260968148708,381.4761904761905,27.476190476190474,0.0,341.0,0.0,0.0,1.0,0.0
05_stackmath_numerical,15,High-T-End,0.7298852581110645,0.28191897273063654,0.6101917795466183,2.0,0.0,0.28191897273063654,47.5,10.25,2.5649419264359907,,,0.3840110085227273,0.5440016429532658,1.0,0.4559983570467342,0.28191897273063654,1978.8181818181818,68.81818181818181,0.0,1897.0,0.0,0.0,1.0,0.0
05_stackmath_numerical,15,High-T-Mid,0.7714394682358069,0.294336328903834,0.4333115397188623,2.0,0.0181940700808625,0.294336328903834,49.0,11.333333333333334,2.3844891786575317,,,0.3834228515625,0.4177145883440971,1.0,0.5822854116559029,0.294336328903834,1347.25,79.25,0.0,1255.0,0.0,0.0,1.0,0.0
05_stackmath_numerical,15,Low-N-Beg,0.06246153846153846,0.17160520702600476,0.536,2.0,0.00966072455434156,0.17160520702600476,47.6,0.2,2.3663623332977295,,,0.4125162760416667,0.5296725531419118,0.33,0.4703274468580882,0.17160520702600476,958.6666666666666,330.6666666666667,0.0,615.0,0.0,0.0,1.0,0.0
05_stackmath_numerical,15,Low-N-End,0.18472254514454,0.48443931341171265,0.52308700818931,2.0,0.009559884559884546,0.48443931341171265,19.181818181818183,0.5454545454545454,2.368884007136027,,,0.413134765625,0.4891173799832662,0.33,0.5108826200167338,0.48443931341171265,704.8666666666667,60.86666666666667,0.0,631.0,0.0,0.0,1.0,0.0
05_stackmath_numerical,15,Low-N-Mid,0.2509422750424448,0.24352062046527861,0.6038653084323713,2.0,0.01725925925925924,0.24352062046527861,33.8,1.0,2.311833722250802,,,0.375732421875,0.46668472034590586,0.33,0.5333152796540942,0.24352062046527861,670.8571428571429,91.85714285714286,0.0,566.0,0.0,0.0,1.0,0.0
05_stackmath_numerical,15,Low-P-Beg,0.7598808598808598,0.46747024522887337,0.45434195434195435,2.0,0.005393112410656266,0.46747024522887337,22.0,6.222222222222222,2.1908671110868454,,,0.391693115234375,0.5291388845071197,0.33,0.47086111549288034,0.46747024522887337,742.625,46.625,0.0,683.0,0.0,0.0,1.0,0.0
05_stackmath_numerical,15,Low-P-End,0.7355354862710207,0.5003408417105675,0.4529056356450929,2.0,0.0088221624053348,0.5003408417105675,30.857142857142858,9.142857142857142,2.2140228152275085,,,0.353485107421875,0.4607036337256431,0.33,0.5392963662743568,0.5003408417105675,654.625,55.625,0.0,586.0,0.0,0.0,1.0,0.0
05_stackmath_numerical,15,Low-P-Mid,0.8265217391304348,0.402001957098643,0.494927536231884,2.0,0.0121212121212121,0.402001957098643,63.666666666666664,11.333333333333334,2.0969166538932105,,,0.3872736150568182,0.3973544565114107,0.33,0.6026455434885892,0.402001957098643,861.2727272727273,67.27272727272727,0.0,781.0,0.0,0.0,1.0,0.0
05_stackmath_numerical,15,Low-T-Beg,0.5716239316239317,0.2658289670944214,0.6657264957264958,2.0,0.0,0.2658289670944214,52.0,9.5,2.2620434761047363,,,0.3723551432291667,0.5522199037174385,0.33,0.4477800962825616,0.2658289670944214,592.1666666666666,34.166666666666664,0.0,545.0,0.0,0.0,1.0,0.0
05_stackmath_numerical,15,Low-T-End,0.6148901098901098,0.3731014609336853,0.581007326007326,2.0,0.0,0.3731014609336853,35.0,7.4,2.3816490173339844,,,0.43154296875,0.4922017186880112,0.33,0.5077982813119888,0.3731014609336853,650.7,91.7,0.0,546.0,0.0,0.0,1.0,0.0
05_stackmath_numerical,15,Low-T-Mid,0.44630981763334704,0.24128025211393828,0.7786061977238448,2.0,0.0,0.24128025211393828,48.25,5.0,2.4098707139492035,,,0.354949951171875,0.6001699306070805,0.33,0.39983006939291954,0.24128025211393828,712.5,115.5,0.0,584.0,0.0,0.0,1.0,0.0
05_stackmath_numerical,15,Medium-N-Beg,0.2351566625594085,0.5110980421304703,0.5872143988734378,2.0,0.0,0.5110980421304703,49.5,0.75,2.654688278834025,,,0.439697265625,0.46623651186625165,0.67,0.5337634881337484,0.5110980421304703,1937.1666666666667,78.16666666666667,0.0,1846.0,0.0,0.0,1.0,0.0
05_stackmath_numerical,15,Medium-N-End,0.1734155649448003,0.2697160542011261,0.6834480487029212,2.0,0.0,0.2697160542011261,52.0,0.0,2.718614651606633,,,0.4262507512019231,0.5443567587779119,0.67,0.45564324122208816,0.2697160542011261,1906.8461538461538,27.846153846153847,0.0,1866.0,0.0,0.0,1.0,0.0
05_stackmath_numerical,15,Medium-N-Mid,0.24095180817148776,0.3423861314853032,0.4661832256225849,2.0,0.00497512437810945,0.3423861314853032,33.833333333333336,1.5,2.6243865887324014,,,0.4278564453125,0.4203183650970459,0.67,0.5796816349029541,0.3423861314853032,1838.3333333333333,125.33333333333333,0.0,1700.0,0.0,0.0,1.0,0.0
05_stackmath_numerical,15,Medium-P-Beg,0.7496107214815751,0.2934483012982777,0.5707086343309253,2.0,0.005545779341971943,0.2934483012982777,27.857142857142858,7.142857142857143,2.4809799194335938,,,0.41615513392857145,0.4772703828556197,0.6700000000000002,0.5227296171443803,0.2934483012982777,1186.5714285714287,78.57142857142857,0.0,1095.0,0.0,0.0,1.0,0.0
05_stackmath_numerical,15,Medium-P-End,0.8891239763362526,0.37539973258972165,0.48460306388695135,2.0,0.01120107962213224,0.37539973258972165,43.2,11.2,2.4662101566791534,,,0.395477294921875,0.4270363003015518,0.67,0.5729636996984482,0.37539973258972165,1667.125,99.125,0.0,1555.0,0.0,0.0,1.0,0.0
05_stackmath_numerical,15,Medium-P-Mid,0.7670634920634921,0.22386464050837926,0.4726757369614512,2.0,0.014700854700854684,0.22386464050837926,28.857142857142858,7.428571428571429,2.4851619799931846,,,0.4184163411458333,0.4737391682962577,0.67,0.5262608317037424,0.22386464050837926,1711.3333333333333,77.33333333333333,0.0,1621.0,0.0,0.0,1.0,0.0
05_stackmath_numerical,15,Medium-T-Beg,0.7249816849816849,0.3520879834890366,0.5800732600732601,2.0,0.015392015392015379,0.3520879834890366,35.2,9.6,2.6683637857437135,,,0.4350341796875,0.4732462763786316,0.67,0.5267537236213684,0.3520879834890366,1252.6,89.6,0.0,1150.0,0.0,0.0,1.0,0.0
05_stackmath_numerical,15,Medium-T-End,0.6647916666666667,0.31937423348426813,0.5691666666666667,2.0,0.030451078425270874,0.31937423348426813,46.5,9.5,2.424235999584198,,,0.38580322265625,0.4003750905394554,0.67,0.5996249094605446,0.31937423348426813,1463.25,146.25,0.0,1304.0,0.0,0.0,1.0,0.0
05_stackmath_numerical,15,Medium-T-Mid,0.5435061315496097,0.2439478263258934,0.7093088071348941,2.0,0.0,0.2439478263258934,51.5,7.75,2.4172028170691595,,,0.4234483506944444,0.4838888347148895,0.67,0.5161111652851105,0.2439478263258934,1453.888888888889,41.888888888888886,0.0,1399.0,0.0,0.0,1.0,0.0
05_stackmath_numerical,16,High-T-Mid,0.7265821653318077,0.42577075585722923,0.3017013491609459,2.0,0.005539710399297925,0.42577075585722923,26.75,8.375,2.6625550207884414,,,0.427978515625,0.48021261199660925,1.0,0.5197873880033907,0.42577075585722923,1726.7826086956522,40.78260869565217,0.0,1673.0,0.0,0.0,1.0,0.0
05_stackmath_numerical,16,Low-N-Beg,0.22800453514739227,0.4478806746857507,0.16511715797430082,2.0,0.02673587185923677,0.4478806746857507,21.857142857142858,0.14285714285714285,2.3963093757629395,,,0.446533203125,0.3844171663125356,0.33,0.6155828336874644,0.4478806746857507,662.8333333333334,45.833333333333336,0.0,604.0,0.0,0.0,1.0,0.0
05_stackmath_numerical,16,Low-N-End,0.2542666245791246,0.5024152286350727,0.19938446969696969,2.0,0.013337488129154773,0.5024152286350727,27.5,0.125,2.3466502825419107,,,0.384765625,0.3409264882405599,0.33,0.6590735117594401,0.5024152286350727,720.6666666666666,70.66666666666667,0.0,637.0,0.0,0.0,1.0,0.0
05_stackmath_numerical,16,Low-N-Mid,0.15839232662762073,0.5159831941127777,0.20247064482358595,2.0,0.0405345219144908,0.5159831941127777,34.0,0.0,2.343161702156067,,,0.4163818359375,0.3432479798793793,0.33,0.6567520201206207,0.5159831941127777,700.0,75.0,0.0,612.0,0.0,0.0,1.0,0.0
05_stackmath_numerical,16,Low-P-Beg,0.6597142857142857,0.4327329009771347,0.25558982683982684,2.0,0.01682374761066634,0.4327329009771347,45.2,8.4,2.3477413470928488,,,0.3843524639423077,0.4703555107116699,0.33,0.5296444892883301,0.4327329009771347,627.6923076923077,33.69230769230769,0.0,581.0,0.0,0.0,1.0,0.0
05_stackmath_numerical,16,Low-P-End,0.7547676282051282,0.4051160141825676,0.32051282051282054,2.0,0.011153729990939274,0.4051160141825676,15.5,4.375,2.3232859883989607,,,0.39634486607142855,0.6221615118639809,0.33,0.377838488136019,0.4051160141825676,624.4285714285714,25.428571428571427,0.0,586.0,0.0,0.0,1.0,0.0
05_stackmath_numerical,16,Low-P-Mid,0.7795918367346938,0.4705040582588741,0.2018707482993197,2.0,0.015463727407438113,0.4705040582588741,25.0,5.142857142857143,2.233642578125,,,0.3814290364583333,0.49376125385363895,0.33,0.506238746146361,0.4705040582588741,659.0,28.0,0.0,618.0,0.0,0.0,1.0,0.0
05_stackmath_numerical,16,Low-T-Beg,0.475032679738562,0.41839569807052607,0.38633986928104574,2.0,0.00857463524130188,0.41839569807052607,46.0,7.2,2.1579010827200755,,,0.3784877232142857,0.3700859418937138,0.33,0.6299140581062862,0.41839569807052607,586.7142857142857,83.71428571428571,0.0,490.0,0.0,0.0,1.0,0.0
05_stackmath_numerical,16,Low-T-End,0.5512731481481482,0.44723742951949436,0.23715277777777774,2.0,0.01708579221124022,0.44723742951949436,39.333333333333336,4.166666666666667,2.2197804318534002,,,0.3421495225694444,0.4481687876913283,0.33,0.5518312123086717,0.44723742951949436,512.3333333333334,29.333333333333332,0.0,470.0,0.0,0.0,1.0,0.0
05_stackmath_numerical,16,Low-T-Mid,0.35714285714285715,0.3288910750831876,0.32142857142857145,2.0,0.0068495959968828,0.3288910750831876,52.42857142857143,2.857142857142857,2.474570631980896,,,0.4028727213541667,0.46361614763736714,0.33,0.5363838523626328,0.3288910750831876,643.5,165.5,0.0,465.0,0.0,0.0,1.0,0.0
05_stackmath_numerical,16,Medium-N-Beg,0.2317300604452307,0.3736465490822281,0.2630657526168362,2.0,0.017811794546217515,0.3736465490822281,29.571428571428573,0.0,2.7638949594999613,,,0.4502210115131579,0.4446783222650227,0.67,0.5553216777349773,0.3736465490822281,1898.1052631578948,28.105263157894736,0.0,1857.0,0.0,0.0,1.0,0.0
05_stackmath_numerical,16,Medium-N-End,0.36984456462010634,0.443692609667778,0.2645309798560572,2.0,0.014346214810349813,0.443692609667778,23.875,0.25,2.795202612876892,,,0.44024658203125,0.5041217853625615,0.67,0.4958782146374385,0.443692609667778,1751.4166666666667,27.416666666666668,0.0,1711.0,0.0,0.0,1.0,0.0
05_stackmath_numerical,16,Medium-N-Mid,0.35366479925303457,0.4188929796218872,0.2202054154995331,2.0,0.009953316633245118,0.4188929796218872,34.666666666666664,1.3333333333333333,2.595615863800049,,,0.40777587890625,0.3435705155134201,0.67,0.6564294844865799,0.4188929796218872,1819.5,172.5,0.0,1634.0,0.0,0.0,1.0,0.0
05_stackmath_numerical,16,Medium-P-Beg,0.8328703703703704,0.4592606797814369,0.3175925925925926,2.0,0.00268817204301075,0.4592606797814369,37.0,12.5,2.2466891833714078,,,0.29642159598214285,0.4957758103098187,0.67,0.5042241896901812,0.4592606797814369,1503.2857142857142,32.285714285714285,0.0,1458.0,0.0,0.0,1.0,0.0
05_stackmath_numerical,16,Medium-P-End,0.9754140786749483,0.3514610699244907,0.4917184265010352,2.0,0.0038095238095237995,0.3514610699244907,22.857142857142858,10.142857142857142,2.677629550298055,,,0.4047580295138889,0.6632512691948149,0.67,0.3367487308051851,0.3514610699244907,1549.111111111111,26.11111111111111,0.0,1510.0,0.0,0.0,1.0,0.0
05_stackmath_numerical,16,Medium-P-Mid,0.6569318181818182,0.42825589204827946,0.2795075757575758,2.0,0.014112268626397917,0.42825589204827946,38.5,6.0,2.515524080821446,,,0.38234747023809523,0.5071080823739369,0.67,0.49289191762606305,0.42825589204827946,1686.095238095238,21.095238095238095,0.0,1652.0,0.0,0.0,1.0,0.0
05_stackmath_numerical,16,Medium-T-Beg,0.4722222222222222,0.3177245810627937,0.519047619047619,2.0,0.01287150675466824,0.3177245810627937,50.4,5.8,2.356866240501404,,,0.30914306640625,0.3780008256435394,0.67,0.6219991743564606,0.3177245810627937,1618.0,238.0,0.0,1367.0,0.0,0.0,1.0,0.0
05_stackmath_numerical,16,Medium-T-End,0.6517686261107314,0.459158331155777,0.28528382644923994,2.0,0.02064501368111687,0.459158331155777,34.42857142857143,7.285714285714286,2.4364696502685548,,,0.3828125,0.3712204992771148,0.67,0.6287795007228851,0.459158331155777,1586.8,179.8,0.0,1394.0,0.0,0.0,1.0,0.0
05_stackmath_numerical,16,Medium-T-Mid,0.7118073316283036,0.46469746530056,0.2769181585677749,2.0,0.019411067978226886,0.46469746530056,37.833333333333336,7.0,2.487388794238751,,,0.38968599759615385,0.4050265137965863,0.67,0.5949734862034137,0.46469746530056,1192.3846153846155,32.38461538461539,0.0,1147.0,0.0,0.0,1.0,0.0
05_stackmath_numerical,17,High-P-End,0.7267650999793857,0.4841726039137159,0.36231447124304267,2.0,0.08828400427274018,0.4841726039137159,29.0,7.285714285714286,2.265586813290914,,,0.402099609375,0.6247576897342999,1.0,0.37524231026570004,0.4841726039137159,816.0,61.0,0.0,742.0,0.0,0.0,1.0,0.0
05_stackmath_numerical,17,High-T-Beg,0.8328089244851258,0.46996140480041504,0.2547196796338672,2.0,0.086492255361892,0.46996140480041504,49.25,7.75,2.4167778491973877,,,0.40179443359375,0.2615640759468078,1.0,0.7384359240531921,0.46996140480041504,1715.0,102.0,0.0,1600.0,0.0,0.0,1.0,0.0
05_stackmath_numerical,17,High-T-End,0.8157142857142857,0.46501313894987106,0.28,2.0,0.16333181932308669,0.46501313894987106,52.0,11.0,2.3508406281471252,,,0.37579345703125,0.2299551665782928,1.0,0.7700448334217072,0.46501313894987106,1614.5,162.5,0.0,1439.0,0.0,0.0,1.0,0.0
05_stackmath_numerical,17,High-T-Mid,0.727081541646759,0.6020550429821014,0.41871476349737213,2.0,0.08937469064510803,0.6020550429821014,56.25,13.25,2.4721427985600064,,,0.39149693080357145,0.3238196287836347,1.0,0.6761803712163653,0.6020550429821014,1972.4285714285713,78.42857142857143,0.0,1881.0,0.0,0.0,1.0,0.0
05_stackmath_numerical,17,Low-N-Beg,0.21435185185185182,0.5086477249860764,0.40185185185185185,2.0,0.05882631519749418,0.5086477249860764,32.25,0.5,2.293610781431198,,,0.34588623046875,0.3804777190089226,0.33,0.6195222809910774,0.5086477249860764,658.0,31.0,0.0,614.0,0.0,0.0,1.0,0.0
05_stackmath_numerical,17,Low-N-End,0.1894040205634408,0.44412291795015335,0.5622237799774031,2.0,0.03631554470410417,0.44412291795015335,39.833333333333336,1.0,2.32073352071974,,,0.3914116753472222,0.2471505039268069,0.33,0.7528494960731931,0.44412291795015335,683.2222222222222,105.22222222222223,0.0,565.0,0.0,0.0,1.0,0.0
05_stackmath_numerical,17,Low-N-Mid,0.18667277167277166,0.49338793754577637,0.40932844932844936,2.0,0.0331426565741192,0.49338793754577637,39.833333333333336,0.6666666666666666,2.377627662249974,,,0.38413783482142855,0.3351472222379276,0.33,0.6648527777620724,0.49338793754577637,640.0714285714286,27.071428571428573,0.0,600.0,0.0,0.0,1.0,0.0
05_stackmath_numerical,17,Low-P-Beg,0.7653457653457654,0.5981051723162333,0.3768453768453768,2.0,0.04570895522388057,0.5981051723162333,43.666666666666664,10.333333333333334,2.1278115113576255,,,0.3514811197916667,0.3314616481463114,0.33,0.6685383518536886,0.5981051723162333,618.0,80.0,0.0,525.0,0.0,0.0,1.0,0.0
05_stackmath_numerical,17,Low-P-End,0.8107866413421969,0.4472796387142605,0.529264278447285,2.0,0.02460606981810811,0.4472796387142605,22.11111111111111,8.555555555555555,2.1028139193852744,,,0.3279893663194444,0.495907704035441,0.33,0.504092295964559,0.4472796387142605,641.1111111111111,76.11111111111111,0.0,552.0,0.0,0.0,1.0,0.0
05_stackmath_numerical,17,Low-P-Mid,0.6567379459620839,0.4364304095506668,0.5250416728865005,2.0,0.05250459567532737,0.4364304095506668,32.333333333333336,6.666666666666667,2.0669034481048585,,,0.32626953125,0.2851901292800903,0.33,0.7148098707199096,0.4364304095506668,402.2,73.2,0.0,316.0,0.0,0.0,1.0,0.0
05_stackmath_numerical,17,Low-T-Beg,0.42193627450980387,0.3961765795946121,0.5058823529411764,2.0,0.04070681853643312,0.3961765795946121,54.2,6.4,2.266104221343994,,,0.32080078125,0.4007468521595001,0.33,0.5992531478404999,0.3961765795946121,986.5,493.5,0.0,480.0,0.0,0.0,1.0,0.0
05_stackmath_numerical,17,Low-T-End,0.5370586228221697,0.30196440858500345,0.5836702706160833,2.0,0.014088556641748129,0.30196440858500345,34.714285714285715,6.0,2.2783064842224126,,,0.37078857421875,0.6281245648860931,0.33,0.37187543511390686,0.30196440858500345,790.75,248.75,0.0,529.0,0.0,0.0,1.0,0.0
05_stackmath_numerical,17,Low-T-Mid,0.5402597402597402,0.0607110645089831,0.5021645021645021,2.0,0.0,0.0607110645089831,43.142857142857146,2.4285714285714284,2.2472384770711265,,,0.4009602864583333,0.8538240417838097,0.33,0.14617595821619028,0.0607110645089831,870.6666666666666,331.6666666666667,0.0,526.0,0.0,0.0,1.0,0.0
05_stackmath_numerical,17,Medium-N-Beg,0.125,0.20369812070081633,0.6166666666666667,2.0,0.0232646834477498,0.20369812070081633,45.333333333333336,0.3333333333333333,2.6016178131103516,,,0.406689453125,0.4923058331012726,0.67,0.5076941668987274,0.20369812070081633,1749.8,96.8,0.0,1640.0,0.0,0.0,1.0,0.0
05_stackmath_numerical,17,Medium-N-End,0.17248677248677247,0.31378075480461115,0.4801587301587301,2.0,0.017097090552468112,0.31378075480461115,24.444444444444443,0.0,2.440468444824219,,,0.373212890625,0.356478922367096,0.67,0.643521077632904,0.31378075480461115,1668.76,33.76,0.0,1622.0,0.0,0.0,1.0,0.0
05_stackmath_numerical,17,Medium-N-Mid,0.29798913788683606,0.6240530262390772,0.4119879694048492,2.0,0.06473275511297681,0.6240530262390772,34.666666666666664,1.0,2.727449417114258,,,0.4398193359375,0.4880914017558098,0.67,0.5119085982441902,0.6240530262390772,2046.8333333333333,19.833333333333332,0.0,2014.0,0.0,0.0,1.0,0.0
05_stackmath_numerical,17,Medium-P-Beg,0.592473532564996,0.27853389978408816,0.6402288260519968,2.0,0.02222222222222222,0.27853389978408816,46.2,8.2,2.4526028633117676,,,0.39432198660714285,0.5556051688534873,0.67,0.44439483114651274,0.27853389978408816,1580.0,87.0,0.0,1480.0,0.0,0.0,1.0,0.0
05_stackmath_numerical,17,Medium-P-End,0.7067620650953984,0.2891770172864198,0.5763502202227693,2.0,0.014921760666441509,0.2891770172864198,17.166666666666668,4.833333333333333,2.248046806880406,,,0.3583984375,0.5626042994803616,0.67,0.4373957005196384,0.2891770172864198,1481.0,34.0,0.0,1434.0,0.0,0.0,1.0,0.0
05_stackmath_numerical,17,Medium-P-Mid,0.8347826086956522,0.49633973836898804,0.13043478260869565,2.0,0.11059714045416315,0.49633973836898804,39.0,8.5,2.360119581222534,,,0.386474609375,0.2539427280426025,0.67,0.7460572719573975,0.49633973836898804,1530.0,158.0,0.0,1359.0,0.0,0.0,1.0,0.0
05_stackmath_numerical,17,Medium-T-Beg,0.48398989898989897,0.3395594172179699,0.6416810966810967,2.0,0.02430555555555555,0.3395594172179699,41.5,6.0,2.3065338730812073,,,0.38037109375,0.5997002888470888,0.67,0.4002997111529112,0.3395594172179699,1309.5,247.5,0.0,1049.0,0.0,0.0,1.0,0.0
05_stackmath_numerical,17,Medium-T-End,0.6034878863826232,0.24417744266490138,0.6280075187969925,2.0,0.014492753623188403,0.24417744266490138,40.666666666666664,6.666666666666667,2.3728007475535073,,,0.375244140625,0.5986575881640117,0.67,0.40134241183598834,0.24417744266490138,1628.6666666666667,289.6666666666667,0.0,1326.0,0.0,0.0,1.0,0.0
05_stackmath_numerical,17,Medium-T-Mid,0.13548387096774192,0.169588203728199,0.5096774193548387,2.0,0.02222222222222222,0.169588203728199,61.6,2.8,2.690011739730835,,,0.408203125,0.476235568523407,0.67,0.523764431476593,0.169588203728199,2048.0,677.0,0.0,1358.0,0.0,0.0,1.0,0.0
05_stackmath_numerical,18,High-P-Beg,0.9705882352941176,0.19357067346572876,0.338235294117647,2.0,0.0,0.19357067346572876,48.666666666666664,5.166666666666667,2.9006860852241516,,,0.43157958984375,0.7195614203810692,1.0,0.28043857961893076,0.19357067346572876,1482.5,249.5,0.0,1220.0,0.0,0.0,1.0,0.0
05_stackmath_numerical,18,High-P-End,0.8917481264255458,0.18375165557319464,0.38004235907461714,2.0,0.0,0.18375165557319464,18.90909090909091,3.909090909090909,2.688788334528605,,,0.4000922309027778,0.6042904290888045,1.0,0.39570957091119546,0.18375165557319464,1775.6666666666667,45.666666666666664,0.0,1717.0,0.0,0.0,1.0,0.0
05_stackmath_numerical,18,High-P-Mid,0.9784313725490197,0.21814368541042006,0.6208333333333333,2.0,0.0,0.21814368541042006,22.833333333333332,10.0,2.79396120707194,,,0.4413248697916667,0.6569600688914459,1.0,0.3430399311085542,0.21814368541042006,1744.1666666666667,32.166666666666664,0.0,1699.0,0.0,0.0,1.0,0.0
05_stackmath_numerical,18,High-T-Beg,0.7051923909660482,0.26428755621115363,0.4813140231938186,2.0,0.0036764705882352915,0.26428755621115363,16.333333333333332,4.333333333333333,2.747151823604808,,,0.43994140625,0.493057312334285,1.0,0.5069426876657149,0.26428755621115363,1846.5882352941176,48.588235294117645,0.0,1785.0,0.0,0.0,1.0,0.0
05_stackmath_numerical,18,High-T-End,0.6677978883861238,0.3742461144924164,0.5636877828054299,2.0,0.00516666666666666,0.3742461144924164,38.6,9.2,2.6164184979030063,,,0.43062918526785715,0.4457881157951695,1.0,0.5542118842048305,0.3742461144924164,1744.5714285714287,138.57142857142858,0.0,1593.0,0.0,0.0,1.0,0.0
05_stackmath_numerical,18,High-T-Mid,0.5495582848524024,0.19508617702457637,0.4416421269362446,2.0,0.0,0.19508617702457637,9.222222222222221,3.111111111111111,2.63791515145983,,,0.40189034598214285,0.6080336113061224,1.0,0.39196638869387757,0.19508617702457637,1418.9285714285713,56.92857142857143,0.0,1349.0,0.0,0.0,1.0,0.0
05_stackmath_numerical,18,Low-N-Beg,0.14543215405284368,0.16702060997486112,0.38331840573219883,2.0,0.0015503875968992198,0.16702060997486112,43.6,0.2,2.438274598121643,,,0.408154296875,0.5458262294530869,0.33,0.45417377054691316,0.16702060997486112,689.4,29.4,0.0,647.0,0.0,0.0,1.0,0.0
05_stackmath_numerical,18,Low-N-End,0.34330484330484334,0.25522311528523756,0.37606837606837606,2.0,0.004700602725366866,0.25522311528523756,33.333333333333336,0.6666666666666666,2.423863410949707,,,0.4215087890625,0.5248750597238541,0.33,0.47512494027614594,0.25522311528523756,628.0,30.0,0.0,585.0,0.0,0.0,1.0,0.0
05_stackmath_numerical,18,Low-N-Mid,0.2528490028490028,0.25522311528523756,0.37606837606837606,2.0,0.004700602725366866,0.25522311528523756,33.333333333333336,1.0,2.4979376792907715,,,0.3973388671875,0.5248750597238541,0.33,0.47512494027614594,0.25522311528523756,717.0,30.0,0.0,674.0,0.0,0.0,1.0,0.0
05_stackmath_numerical,18,Low-P-Beg,0.7891268214544077,0.20802235975861547,0.46953262254986394,2.0,0.001937984496124025,0.20802235975861547,41.75,9.25,2.3277677189220083,,,0.4114657315340909,0.5460797927596353,0.33,0.45392020724036475,0.20802235975861547,584.8181818181819,28.818181818181817,0.0,543.0,0.0,0.0,1.0,0.0
05_stackmath_numerical,18,Low-P-End,0.7625080515297906,0.25542353987693783,0.47826892109500807,2.0,0.0,0.25542353987693783,39.2,9.2,2.189022660255432,,,0.3271891276041667,0.4816823775569597,0.33,0.5183176224430402,0.25542353987693783,615.0,66.0,0.0,536.0,0.0,0.0,1.0,0.0
05_stackmath_numerical,18,Low-P-Mid,0.3543055744854845,0.18930989503860474,0.4518277225023852,2.0,0.00155038759689922,0.18930989503860474,44.4,3.0,1.7202063500881195,,,0.16802978515625,0.5390415663520496,0.33,0.46095843364795047,0.18930989503860474,127.08333333333333,76.08333333333333,0.0,38.0,0.0,0.0,1.0,0.0
05_stackmath_numerical,18,Low-T-Beg,0.5204183099066302,0.25332964360713955,0.498756193750632,2.0,0.00155038759689922,0.25332964360713955,41.8,6.0,2.349629561106364,,,0.4026285807291667,0.5882858379433553,0.33,0.41171416205664474,0.25332964360713955,467.0833333333333,32.083333333333336,0.0,422.0,0.0,0.0,1.0,0.0
05_stackmath_numerical,18,Low-T-End,0.2,0.2088277399539947,0.04615384615384614,2.0,0.0,0.2088277399539947,54.4,2.4,2.9905123710632324,,,0.3984375,0.4579024910926819,0.33,0.5420975089073181,0.2088277399539947,1499.0,998.0,0.0,488.0,0.0,0.0,1.0,0.0
05_stackmath_numerical,18,Low-T-Mid,0.3935928421158084,0.25526840363939596,0.554937030594464,2.0,0.0,0.25526840363939596,17.083333333333332,2.5,2.4932759205500283,,,0.431610107421875,0.6670609920596082,0.33,0.3329390079403917,0.25526840363939596,545.2916666666666,40.291666666666664,0.0,492.0,0.0,0.0,1.0,0.0
05_stackmath_numerical,18,Medium-N-Beg,0.3005050505050505,0.2243030766646067,0.5395622895622896,2.0,0.0022988505747126332,0.2243030766646067,41.333333333333336,1.3333333333333333,2.732752720514933,,,0.4456380208333333,0.4441947837670644,0.67,0.5558052162329356,0.2243030766646067,1841.0,84.0,0.0,1744.0,0.0,0.0,1.0,0.0
05_stackmath_numerical,18,Medium-N-End,0.34035127785127783,0.29377342164516446,0.42872015372015365,2.0,0.0015625,0.29377342164516446,41.8,1.2,2.6911892890930176,,,0.44869559151785715,0.5283039850848061,0.67,0.4716960149151938,0.29377342164516446,1541.4285714285713,52.42857142857143,0.0,1476.0,0.0,0.0,1.0,0.0
05_stackmath_numerical,18,Medium-N-Mid,0.31786786786786786,0.25696567694346106,0.37822822822822816,2.0,0.0026041666666666665,0.25696567694346106,39.666666666666664,1.0,2.7132935523986816,,,0.4302978515625,0.519547201693058,0.67,0.480452798306942,0.25696567694346106,1919.25,54.25,0.0,1852.0,0.0,0.0,1.0,0.0
05_stackmath_numerical,18,Medium-P-Beg,0.7680302705789963,0.23655258715152738,0.4927552096967389,2.0,0.0,0.23655258715152738,39.2,9.0,2.424112343788147,,,0.4117919921875,0.5306888908147812,0.67,0.4693111091852188,0.23655258715152738,1105.1,36.1,0.0,1056.0,0.0,0.0,1.0,0.0
05_stackmath_numerical,18,Medium-P-End,0.7546296296296297,0.2544645468393961,0.39814814814814814,2.0,0.0026041666666666665,0.2544645468393961,40.0,10.0,2.389278014500936,,,0.4017740885416667,0.5871079328159492,0.67,0.41289206718405086,0.2544645468393961,1030.1666666666667,35.166666666666664,0.0,982.0,0.0,0.0,1.0,0.0
05_stackmath_numerical,18,Medium-P-Mid,0.947101224134717,0.22574741494926537,0.4543762192087551,2.0,0.0,0.22574741494926537,16.636363636363637,7.363636363636363,2.525427156024509,,,0.3656412760416667,0.6753295339230034,0.6699999999999999,0.32467046607699657,0.22574741494926537,1184.5555555555557,33.55555555555556,0.0,1138.0,0.0,0.0,1.0,0.0
05_stackmath_numerical,18,Medium-T-Beg,0.5128619528619528,0.20994840363661446,0.4686644219977553,2.0,0.0,0.20994840363661446,16.266666666666666,3.2,2.7116197517939975,,,0.42665318080357145,0.4563990405627659,0.67,0.5436009594372341,0.20994840363661446,1487.142857142857,139.14285714285714,0.0,1335.0,0.0,0.0,1.0,0.0
05_stackmath_numerical,18,Medium-T-End,0.7870645866001903,0.16806137697263193,0.4385851828769785,2.0,0.0,0.16806137697263193,19.181818181818183,6.090909090909091,2.6559285057915583,,,0.4198133680555556,0.4583739654885398,0.6699999999999999,0.5416260345114602,0.16806137697263193,1221.111111111111,107.11111111111111,0.0,1101.0,0.0,0.0,1.0,0.0
05_stackmath_numerical,18,Medium-T-Mid,0.7449071761571762,0.1833337961385647,0.6067848817848818,2.0,0.0,0.1833337961385647,32.5,7.5,2.6123119592666626,,,0.4420369466145833,0.5383860444029172,0.67,0.4616139555970828,0.1833337961385647,1368.0,72.0,0.0,1283.0,0.0,0.0,1.0,0.0
05_stackmath_numerical,19,High-P-Beg,0.6918713450292399,0.30813848972320557,0.37284182678919514,2.0,0.00479616306954435,0.30813848972320557,35.5,7.833333333333333,2.442417860031128,,,0.384521484375,0.5226189262337155,1.0,0.4773810737662845,0.30813848972320557,1756.6666666666667,67.66666666666667,0.0,1676.0,0.0,0.0,1.0,0.0
05_stackmath_numerical,19,High-T-Beg,0.7603856047334309,0.2874058761766978,0.4019082366908454,2.0,0.004582273310908628,0.2874058761766978,35.857142857142854,7.142857142857143,2.761226488993718,,,0.4058180588942308,0.4725229607071154,1.0,0.5274770392928846,0.2874058761766978,1998.5384615384614,62.53846153846154,0.0,1923.0,0.0,0.0,1.0,0.0
05_stackmath_numerical,19,High-T-Mid,0.716035003897704,0.3091400980949402,0.3831408957175547,2.0,0.00854089383501144,0.3091400980949402,49.2,10.2,2.5437492529551187,,,0.4265950520833333,0.4054105381170908,1.0,0.5945894618829092,0.3091400980949402,2020.0,84.0,0.0,1923.0,0.0,0.0,1.0,0.0
05_stackmath_numerical,19,Low-N-Beg,0.189704293152569,0.1222626819896201,0.552376104100242,2.0,0.0,0.1222626819896201,33.833333333333336,0.16666666666666666,2.5788447856903076,,,0.3692626953125,0.5509424805641174,0.33,0.44905751943588257,0.1222626819896201,1092.0,481.0,0.0,598.0,0.0,0.0,1.0,0.0
05_stackmath_numerical,19,Low-N-End,0.18522119892434735,0.12665677629411218,0.5498888650912639,2.0,0.0,0.12665677629411218,29.142857142857142,0.2857142857142857,2.4401491483052573,,,0.36376953125,0.6009748776753743,0.33,0.39902512232462567,0.12665677629411218,935.6666666666666,324.6666666666667,0.0,598.0,0.0,0.0,1.0,0.0
05_stackmath_numerical,19,Low-N-Mid,0.17299099368064885,0.12458568625152108,0.5629206917876869,2.0,0.0,0.12458568625152108,29.142857142857142,0.5714285714285714,2.3466015656789145,,,0.3602701822916667,0.6075946390628815,0.33,0.39240536093711853,0.12458568625152108,939.6666666666666,324.6666666666667,0.0,602.0,0.0,0.0,1.0,0.0
05_stackmath_numerical,19,Low-P-Beg,0.5127751759465314,0.14436178375035524,0.5470392636633046,2.0,0.0,0.14436178375035524,32.285714285714285,4.428571428571429,2.277455449104309,,,0.284423828125,0.2950231730937958,0.33,0.7049768269062042,0.14436178375035524,841.75,244.75,0.0,584.0,0.0,0.0,1.0,0.0
05_stackmath_numerical,19,Low-P-End,0.5044563279857398,0.11878422900502171,0.49775061539767423,2.0,0.0,0.11878422900502171,34.0,3.2857142857142856,2.3870383898417153,,,0.295654296875,0.3063257237275442,0.33,0.6936742762724558,0.11878422900502171,951.0,331.0,0.0,607.0,0.0,0.0,1.0,0.0
05_stackmath_numerical,19,Low-P-Mid,0.5264303024646643,0.13910574173288684,0.5742885270409814,2.0,0.0,0.13910574173288684,26.428571428571427,3.2857142857142856,2.1980518102645874,,,0.383819580078125,0.5206718351691961,0.33,0.47932816483080387,0.13910574173288684,672.625,113.625,0.0,546.0,0.0,0.0,1.0,0.0
05_stackmath_numerical,19,Low-T-Beg,0.4665068201193521,0.1484553109621629,0.5071469167377095,2.0,0.0,0.1484553109621629,32.125,3.25,2.567232847213745,,,0.348876953125,0.4224655032157898,0.33,0.5775344967842102,0.1484553109621629,914.3333333333334,330.3333333333333,0.0,571.0,0.0,0.0,1.0,0.0
05_stackmath_numerical,19,Low-T-End,0.6452264239028945,0.2335425019264221,0.25128384687208216,2.0,0.0,0.2335425019264221,34.5,5.166666666666667,2.412304937839508,,,0.4078369140625,0.2957034558057785,0.33,0.7042965441942215,0.2335425019264221,798.5,247.5,0.0,538.0,0.0,0.0,1.0,0.0
05_stackmath_numerical,19,Low-T-Mid,0.5942674523544089,0.15507925525307653,0.552149386845039,2.0,0.0,0.15507925525307653,19.9,4.8,2.2759329795837404,,,0.3983642578125,0.5323790110647678,0.33,0.4676209889352322,0.15507925525307653,686.3,85.3,0.0,588.0,0.0,0.0,1.0,0.0
05_stackmath_numerical,19,Medium-N-Beg,0.31599923646811967,0.19035364552918405,0.46368452929407744,2.0,0.0,0.19035364552918405,23.11111111111111,1.5555555555555556,2.611758748690287,,,0.4543863932291667,0.39220211406548827,0.67,0.6077978859345118,0.19035364552918405,1862.5,88.5,0.0,1761.0,0.0,0.0,1.0,0.0
05_stackmath_numerical,19,Medium-N-End,0.20877430360188978,0.1222626819896201,0.552376104100242,2.0,0.0,0.1222626819896201,33.833333333333336,0.3333333333333333,2.561168909072876,,,0.3975830078125,0.5509424805641174,0.67,0.44905751943588257,0.1222626819896201,1894.5,208.5,0.0,1673.0,0.0,0.0,1.0,0.0
05_stackmath_numerical,19,Medium-N-Mid,0.36275618321072867,0.13318690386685453,0.4830563376017921,2.0,0.002392715979672491,0.13318690386685453,18.90909090909091,1.3636363636363635,2.7170045926020694,,,0.45264610877403844,0.7093174482982318,0.67,0.29068255170176804,0.13318690386685453,1835.5384615384614,36.53846153846154,0.0,1786.0,0.0,0.0,1.0,0.0
05_stackmath_numerical,19,Medium-P-Beg,0.5824549846288977,0.10324542767678697,0.5293368467281511,2.0,0.0,0.10324542767678697,31.5,4.666666666666667,2.506789326667786,,,0.3876953125,0.5613090991973877,0.67,0.4386909008026123,0.10324542767678697,1644.0,460.0,0.0,1171.0,0.0,0.0,1.0,0.0
05_stackmath_numerical,19,Medium-P-End,0.5167074471422298,0.14290571146245515,0.5786569107221281,2.0,0.0,0.14290571146245515,30.0,4.714285714285714,2.3078638911247253,,,0.3914794921875,0.2766737788915634,0.67,0.7233262211084366,0.14290571146245515,1381.25,126.25,0.0,1242.0,0.0,0.0,1.0,0.0
05_stackmath_numerical,19,Medium-P-Mid,0.5881381290988069,0.2064811852760613,0.5668704652480228,2.0,0.0,0.2064811852760613,34.333333333333336,6.833333333333333,2.298193120956421,,,0.32490234375,0.2349362134933471,0.67,0.7650637865066529,0.2064811852760613,1263.2,192.2,0.0,1058.0,0.0,0.0,1.0,0.0
05_stackmath_numerical,19,Medium-T-Beg,0.5165613017275421,0.11749599807496582,0.4963389835512597,2.0,0.0,0.11749599807496582,34.142857142857146,3.5714285714285716,2.5661613941192627,,,0.3782552083333333,0.2989224791526794,0.67,0.7010775208473206,0.11749599807496582,1584.3333333333333,290.3333333333333,0.0,1281.0,0.0,0.0,1.0,0.0
05_stackmath_numerical,19,Medium-T-End,0.48322807383823096,0.15134099804397141,0.5289275130341992,2.0,0.0,0.15134099804397141,31.571428571428573,3.857142857142857,2.489941954612732,,,0.3890380859375,0.3378761559724808,0.67,0.6621238440275192,0.15134099804397141,1437.25,241.25,0.0,1183.0,0.0,0.0,1.0,0.0
05_stackmath_numerical,19,Medium-T-Mid,0.417605447976292,0.12252457918865338,0.48623797345024966,2.0,0.0,0.12252457918865338,33.57142857142857,3.4285714285714284,2.5388198693593345,,,0.3701171875,0.3093758225440979,0.67,0.6906241774559021,0.12252457918865338,1518.6666666666667,322.6666666666667,0.0,1183.0,0.0,0.0,1.0,0.0
06_policy_compliance,0,High-P-End,0.9210647307924984,0.34382135868072505,0.723579806022286,2.0,0.00357142857142856,0.34382135868072505,28.0,11.8,2.8056867122650146,,,0.4275653545673077,0.3945508828529944,1.0,0.6054491171470056,0.34382135868072505,2024.6923076923076,52.69230769230769,0.0,1959.0,0.0,0.0,1.0,0.0
06_policy_compliance,0,Low-N-Beg,0.38181818181818183,0.4141081124544143,0.4818181818181818,2.0,0.0121951219512195,0.4141081124544143,13.5,0.0,2.3077889680862427,,,0.4149169921875,0.5002594441175461,0.33,0.4997405558824539,0.4141081124544143,675.5,14.5,0.0,648.0,0.0,0.0,1.0,0.0
06_policy_compliance,0,Low-N-End,0.2245989304812834,0.27798527479171753,0.446524064171123,2.0,0.0,0.27798527479171753,14.0,0.5,2.1345189809799194,,,0.3582763671875,0.4946257323026657,0.33,0.5053742676973343,0.27798527479171753,621.0,17.0,0.0,591.0,0.0,0.0,1.0,0.0
06_policy_compliance,0,Low-N-Mid,0.1717171717171717,0.2131379942099253,0.5434343434343434,2.0,0.0,0.2131379942099253,13.666666666666666,0.0,2.4119832515716553,,,0.42333984375,0.5436977942784627,0.33,0.4563022057215373,0.2131379942099253,749.3333333333334,15.333333333333334,0.0,721.0,0.0,0.0,1.0,0.0
06_policy_compliance,0,Low-P-Beg,0.7324383219120061,0.31159989833831786,0.6743636480478585,2.0,0.0,0.31159989833831786,15.4,6.2,2.331155300140381,,,0.38955078125,0.4861528933048248,0.33,0.5138471066951752,0.31159989833831786,506.8,20.8,0.0,473.0,0.0,0.0,1.0,0.0
06_policy_compliance,0,Low-P-End,0.9253246753246753,0.39030990430286955,0.6039217361585782,2.0,0.009740259740259728,0.39030990430286955,18.0,6.571428571428571,2.314106055668422,,,0.36928013392857145,0.4487928790705544,0.33,0.5512071209294456,0.39030990430286955,483.0,22.0,0.0,448.0,0.0,0.0,1.0,0.0
06_policy_compliance,0,Low-P-Mid,0.7302504684857626,0.3875647224485874,0.6378996412084648,2.0,0.0,0.3875647224485874,17.25,6.0,2.2293974331447055,,,0.359130859375,0.4662926495075226,0.33,0.5337073504924774,0.3875647224485874,529.8571428571429,23.857142857142858,0.0,493.0,0.0,0.0,1.0,0.0
06_policy_compliance,0,Low-T-Beg,0.6655579042037516,0.4443554324763162,0.6413584423383858,2.0,0.0034013605442176856,0.4443554324763162,18.285714285714285,4.428571428571429,2.305110420499529,,,0.37765066964285715,0.460677662066051,0.33,0.539322337933949,0.4443554324763162,509.0,22.0,0.0,474.0,0.0,0.0,1.0,0.0
06_policy_compliance,0,Low-T-End,0.6419321419321419,0.3975876271724701,0.5528360528360527,2.0,0.0,0.3975876271724701,15.333333333333334,3.6666666666666665,2.3569441636403403,,,0.4149576822916667,0.5173686742782593,0.33,0.4826313257217407,0.3975876271724701,501.0,18.0,0.0,470.0,0.0,0.0,1.0,0.0
06_policy_compliance,0,Low-T-Mid,0.8416361416361415,0.26959415078163146,0.6700854700854701,2.0,0.0,0.26959415078163146,18.8,5.2,2.336031198501587,,,0.365625,0.4818176865577698,0.33,0.5181823134422302,0.26959415078163146,538.4,21.4,0.0,504.0,0.0,0.0,1.0,0.0
06_policy_compliance,0,Medium-N-Beg,0.27998472116119166,0.18276959409316373,0.5819964349376114,2.0,0.0,0.18276959409316373,15.0,0.3333333333333333,2.554866154988607,,,0.4169108072916667,0.4960789382457733,0.67,0.5039210617542267,0.18276959409316373,1980.0,18.0,0.0,1949.0,0.0,0.0,1.0,0.0
06_policy_compliance,0,Medium-N-End,0.40533216783216786,0.38071063160896296,0.6238199300699301,2.0,0.010638297872340425,0.38071063160896296,23.5,0.5,2.5878043174743652,,,0.466796875,0.4784995168447494,0.67,0.5215004831552505,0.38071063160896296,2007.5,28.5,0.0,1966.0,0.0,0.0,1.0,0.0
06_policy_compliance,0,Medium-N-Mid,0.5576923076923077,0.25157812237739563,0.6586538461538461,2.0,0.0,0.25157812237739563,24.5,3.0,2.5456063747406006,,,0.406005859375,0.4641213417053222,0.67,0.5358786582946777,0.25157812237739563,1961.0,28.0,0.0,1920.0,0.0,0.0,1.0,0.0
06_policy_compliance,0,Medium-P-Beg,0.556036556036556,0.23128797858953476,0.5868205868205868,2.0,0.0,0.23128797858953476,18.0,3.0,2.5523927211761475,,,0.4170735677083333,0.5408263206481934,0.67,0.45917367935180664,0.23128797858953476,1420.3333333333333,25.333333333333332,0.0,1382.0,0.0,0.0,1.0,0.0
06_policy_compliance,0,Medium-P-End,0.8163287005392269,0.2887809664011001,0.6449153185995291,2.0,0.0,0.2887809664011001,17.6,6.6,2.5356822967529298,,,0.379541015625,0.4729951083660125,0.67,0.5270048916339874,0.2887809664011001,1375.6,22.6,0.0,1340.0,0.0,0.0,1.0,0.0
06_policy_compliance,0,Medium-P-Mid,0.7830404889228418,0.4053914348284403,0.5040319157966217,2.0,0.0,0.4053914348284403,18.666666666666668,4.666666666666667,2.5011117458343506,,,0.3902994791666667,0.5243688523769379,0.67,0.47563114762306213,0.4053914348284403,1398.3333333333333,20.333333333333332,0.0,1365.0,0.0,0.0,1.0,0.0
06_policy_compliance,0,Medium-T-Beg,0.7579590548340549,0.4387611150741577,0.5209686147186147,2.0,0.004901960784313725,0.4387611150741577,19.0,4.75,2.5480858087539673,,,0.37786865234375,0.4856056943535805,0.67,0.5143943056464195,0.4387611150741577,1452.0,21.0,0.0,1418.0,0.0,0.0,1.0,0.0
06_policy_compliance,0,Medium-T-End,0.7878787878787878,0.3401207327842712,0.44545454545454544,2.0,0.0,0.3401207327842712,26.666666666666668,6.666666666666667,2.6316897869110107,,,0.3827311197916667,0.4557261765003203,0.67,0.5442738234996796,0.3401207327842712,1574.6666666666667,33.666666666666664,0.0,1528.0,0.0,0.0,1.0,0.0
06_policy_compliance,0,Medium-T-Mid,0.7738816738816738,0.37838785350322723,0.7174963924963925,2.0,0.0,0.37838785350322723,14.5,4.0,2.5312830805778503,,,0.3814697265625,0.4694872573018074,0.67,0.5305127426981926,0.37838785350322723,1623.5,18.5,0.0,1592.0,0.0,0.0,1.0,0.0
06_policy_compliance,1,High-P-Beg,0.9682336182336182,0.32320775389671325,0.6880521817363924,2.0,0.0,0.32320775389671325,28.8,9.4,2.6827133655548097,,,0.4111328125,0.4744764328002929,1.0,0.525523567199707,0.32320775389671325,2045.4,31.4,0.0,2001.0,0.0,0.0,1.0,0.0
06_policy_compliance,1,Low-N-Beg,0.21978021978021975,0.2561704516410827,0.43956043956043955,2.0,0.0,0.2561704516410827,14.0,0.0,2.3241915702819824,,,0.40966796875,0.5335258096456528,0.33,0.46647419035434723,0.2561704516410827,703.0,15.0,0.0,675.0,0.0,0.0,1.0,0.0
06_policy_compliance,1,Low-N-End,0.32030932030932024,0.15942417954405147,0.5541310541310541,2.0,0.0,0.15942417954405147,20.333333333333332,1.3333333333333333,2.5278824965159097,,,0.4496256510416667,0.49597235520680744,0.33,0.5040276447931925,0.15942417954405147,738.0,23.0,0.0,702.0,0.0,0.0,1.0,0.0
06_policy_compliance,1,Low-N-Mid,0.2019230769230769,0.2707815021276474,0.483974358974359,2.0,0.0,0.2707815021276474,19.0,0.0,2.2841893434524536,,,0.3648681640625,0.5517723858356476,0.33,0.4482276141643524,0.2707815021276474,719.0,21.0,0.0,685.0,0.0,0.0,1.0,0.0
06_policy_compliance,1,Low-P-Beg,0.9066085693536673,0.302938237786293,0.6058097312999274,2.0,0.0,0.302938237786293,21.0,7.333333333333333,2.4384705225626626,,,0.4259440104166667,0.6205350557963054,0.33,0.3794649442036946,0.302938237786293,579.3333333333334,25.333333333333332,0.0,541.0,0.0,0.0,1.0,0.0
06_policy_compliance,1,Low-P-End,0.8655092592592593,0.2767101898789406,0.7273148148148147,2.0,0.0,0.2767101898789406,22.0,6.25,2.1442269682884216,,,0.33258056640625,0.5663939788937569,0.33,0.43360602110624313,0.2767101898789406,475.75,27.75,0.0,435.0,0.0,0.0,1.0,0.0
06_policy_compliance,1,Low-P-Mid,0.8482905982905983,0.2478926926851272,0.7542735042735043,2.0,0.0,0.2478926926851272,26.0,4.0,2.38586163520813,,,0.410888671875,0.4832047671079635,0.33,0.5167952328920364,0.2478926926851272,544.0,29.0,0.0,502.0,0.0,0.0,1.0,0.0
06_policy_compliance,1,Low-T-Beg,0.7166666666666667,0.30569905042648315,0.65,2.0,0.0,0.30569905042648315,26.0,6.0,2.437218189239502,,,0.357421875,0.6228564977645874,0.33,0.37714350223541254,0.30569905042648315,539.5,32.5,0.0,494.0,0.0,0.0,1.0,0.0
06_policy_compliance,1,Low-T-End,0.6792084726867336,0.2849652369817097,0.5219481605351171,2.0,0.0,0.2849652369817097,21.333333333333332,4.666666666666667,2.193431774775187,,,0.324951171875,0.5116819739341736,0.33,0.4883180260658264,0.2849652369817097,543.6666666666666,24.666666666666668,0.0,506.0,0.0,0.0,1.0,0.0
06_policy_compliance,1,Low-T-Mid,0.7865818392134182,0.34316009283065796,0.6726431463273568,2.0,0.0,0.34316009283065796,29.0,10.0,2.3761934439341226,,,0.3670247395833333,0.5853749414285023,0.33,0.4146250585714976,0.34316009283065796,558.3333333333334,37.333333333333336,0.0,508.0,0.0,0.0,1.0,0.0
06_policy_compliance,1,Medium-N-Beg,0.40934065934065933,0.2561704516410827,0.43956043956043955,2.0,0.0,0.2561704516410827,14.0,1.5,2.810454487800598,,,0.42919921875,0.5335258096456528,0.67,0.46647419035434723,0.2561704516410827,1996.0,15.0,0.0,1968.0,0.0,0.0,1.0,0.0
06_policy_compliance,1,Medium-N-End,0.2495421245421245,0.16181057443221408,0.5847069597069596,2.0,0.0,0.16181057443221408,15.0,0.3333333333333333,2.723153829574585,,,0.4274088541666667,0.555426428715388,0.67,0.444573571284612,0.16181057443221408,1954.6666666666667,17.666666666666668,0.0,1924.0,0.0,0.0,1.0,0.0
06_policy_compliance,1,Medium-N-Mid,0.26923076923076916,0.26912879943847656,0.46153846153846156,2.0,0.0,0.26912879943847656,13.5,0.0,2.657345056533814,,,0.4207763671875,0.6175766736268997,0.67,0.3824233263731003,0.26912879943847656,1741.5,15.5,0.0,1713.0,0.0,0.0,1.0,0.0
06_policy_compliance,1,Medium-P-Beg,0.9888888888888888,0.2592299789190292,0.6414141414141414,2.0,0.0,0.2592299789190292,23.6,8.4,2.6456464290618897,,,0.406982421875,0.4643751680850982,0.67,0.5356248319149017,0.2592299789190292,1423.0,29.0,0.0,1381.0,0.0,0.0,1.0,0.0
06_policy_compliance,1,Medium-P-End,0.9717813051146383,0.23626776039600367,0.6631393298059964,2.0,0.0,0.23626776039600367,22.0,7.666666666666667,2.5404787063598633,,,0.3954264322916667,0.5017397105693817,0.67,0.4982602894306183,0.23626776039600367,1462.0,27.0,0.0,1422.0,0.0,0.0,1.0,0.0
06_policy_compliance,1,Medium-P-Mid,0.8903926482873852,0.25720634063084913,0.5834586466165413,2.0,0.0,0.25720634063084913,16.666666666666668,5.333333333333333,2.441190799077352,,,0.3894856770833333,0.5402304232120514,0.67,0.4597695767879486,0.25720634063084913,1429.0,20.0,0.0,1396.0,0.0,0.0,1.0,0.0
06_policy_compliance,1,Medium-T-Beg,0.6625000000000001,0.6095123291015625,0.4037698412698412,2.0,0.15873015873015872,0.6095123291015625,21.333333333333332,5.0,2.472268978754679,,,0.38232421875,0.4235181311766306,0.67,0.5764818688233694,0.6095123291015625,1375.0,25.0,0.0,1337.0,0.0,0.0,1.0,0.0
06_policy_compliance,1,Medium-T-End,0.8527777777777777,0.3976132273674011,0.6145833333333334,2.0,0.0,0.3976132273674011,25.666666666666668,8.333333333333334,2.741161902745565,,,0.4173177083333333,0.5260662535826366,0.67,0.47393374641736347,0.3976132273674011,1516.6666666666667,32.666666666666664,0.0,1471.0,0.0,0.0,1.0,0.0
06_policy_compliance,1,Medium-T-Mid,0.9282302664655605,0.2573957964777946,0.6855123815908128,2.0,0.0,0.2573957964777946,20.333333333333332,6.333333333333333,2.630373001098633,,,0.3996175130208333,0.5799588238199551,0.67,0.4200411761800448,0.2573957964777946,1435.0,26.0,0.0,1396.0,0.0,0.0,1.0,0.0
06_policy_compliance,2,High-T-End,0.9212614870509608,0.5826704849799474,0.4582846003898636,2.0,0.012437810945273617,0.5826704849799474,21.666666666666668,6.5,2.6393419901529946,,,0.3916829427083333,0.3967765867710113,1.0,0.6032234132289886,0.5826704849799474,2048.0,13.0,0.0,2022.0,0.0,0.0,1.0,0.0
06_policy_compliance,2,Low-N-Beg,0.289402900161414,0.6932769417762756,0.16270507528247463,2.0,0.01782392385896602,0.6932769417762756,18.2,0.2,2.3942894458770754,,,0.418310546875,0.2472465753555297,0.33,0.7527534246444703,0.6932769417762756,693.8,22.8,0.0,658.0,0.0,0.0,1.0,0.0
06_policy_compliance,2,Low-N-End,0.2179487179487179,0.653105616569519,0.3709935897435897,2.0,0.0,0.653105616569519,18.5,0.25,2.399757981300354,,,0.42669677734375,0.3385561108589172,0.33,0.6614438891410828,0.653105616569519,684.5,23.5,0.0,648.0,0.0,0.0,1.0,0.0
06_policy_compliance,2,Low-N-Mid,0.2900849150849151,0.6906393021345139,0.22514985014985012,2.0,0.0,0.6906393021345139,17.75,0.25,2.33915913105011,,,0.39666748046875,0.2793005555868149,0.33,0.7206994444131851,0.6906393021345139,689.0,21.0,0.0,655.0,0.0,0.0,1.0,0.0
06_policy_compliance,2,Low-P-Beg,0.9933333333333333,0.5415639678637186,0.5496825396825397,2.0,0.0,0.5415639678637186,27.166666666666668,10.333333333333334,2.5111703191484724,,,0.38047572544642855,0.4255171375615256,0.33,0.5744828624384744,0.5415639678637186,485.0,32.0,0.0,440.0,0.0,0.0,1.0,0.0
06_policy_compliance,2,Low-P-End,1.0,0.4097227305173874,0.5828017989492448,2.0,0.0,0.4097227305173874,19.375,7.125,2.442801978853014,,,0.397705078125,0.403894712527593,0.33,0.596105287472407,0.4097227305173874,470.6666666666667,24.666666666666668,0.0,433.0,0.0,0.0,1.0,0.0
06_policy_compliance,2,Low-P-Mid,0.9807749186631174,0.5050601320607322,0.5961046567576479,2.0,0.0,0.5050601320607322,22.0,8.428571428571429,2.4422057271003723,,,0.401092529296875,0.3926087766885757,0.33,0.6073912233114243,0.5050601320607322,480.25,27.25,0.0,440.0,0.0,0.0,1.0,0.0
06_policy_compliance,2,Low-T-Beg,0.6371527777777778,0.6143370717763901,0.1704861111111111,2.0,0.0223880597014925,0.6143370717763901,20.0,3.0,2.3578760027885437,,,0.41845703125,0.2889167219400406,0.33,0.7110832780599594,0.6143370717763901,562.25,24.25,0.0,525.0,0.0,0.0,1.0,0.0
06_policy_compliance,2,Low-T-End,0.723049752180187,0.5874299824237823,0.41019449149883935,2.0,0.0,0.5874299824237823,22.2,4.2,2.4022729873657225,,,0.4328125,0.3118248343467712,0.33,0.6881751656532288,0.5874299824237823,565.0,25.0,0.0,527.0,0.0,0.0,1.0,0.0
06_policy_compliance,2,Low-T-Mid,0.5854700854700855,0.5768252089619637,0.31196581196581197,2.0,0.0072463768115942,0.5768252089619637,17.5,2.25,2.3937833309173584,,,0.385009765625,0.2888053208589554,0.33,0.7111946791410446,0.5768252089619637,524.25,20.25,0.0,491.0,0.0,0.0,1.0,0.0
06_policy_compliance,2,Medium-N-Beg,0.4029304029304029,0.7083857655525208,0.18269230769230765,2.0,0.040526533996683226,0.7083857655525208,22.25,0.5,2.619877874851227,,,0.40179443359375,0.2744829952716827,0.67,0.7255170047283173,0.7083857655525208,1918.75,27.75,0.0,1878.0,0.0,0.0,1.0,0.0
06_policy_compliance,2,Medium-N-End,0.30676282051282056,0.6522741764783859,0.38766025641025637,2.0,0.0,0.6522741764783859,22.25,0.75,2.5423208475112915,,,0.4447021484375,0.2741265296936035,0.67,0.7258734703063965,0.6522741764783859,1743.75,27.75,0.0,1703.0,0.0,0.0,1.0,0.0
06_policy_compliance,2,Medium-N-Mid,0.31356837606837606,0.653105616569519,0.3709935897435897,2.0,0.0,0.653105616569519,18.5,0.5,2.5859237909317017,,,0.40875244140625,0.3385561108589172,0.67,0.6614438891410828,0.653105616569519,1938.5,23.5,0.0,1902.0,0.0,0.0,1.0,0.0
06_policy_compliance,2,Medium-P-Beg,1.0,0.44525352120399475,0.6018061422773651,2.0,0.0,0.44525352120399475,22.714285714285715,8.857142857142858,2.783943474292755,,,0.40496826171875,0.3152698278427124,0.67,0.6847301721572876,0.44525352120399475,1334.125,29.125,0.0,1292.0,0.0,0.0,1.0,0.0
06_policy_compliance,2,Medium-P-End,0.9361801562730355,0.5171504497528077,0.43689370485036116,2.0,0.0,0.5171504497528077,23.4,6.0,2.647131061553955,,,0.417138671875,0.3333277702331543,0.67,0.6666722297668457,0.5171504497528077,1293.0,28.0,0.0,1252.0,0.0,0.0,1.0,0.0
06_policy_compliance,2,Medium-P-Mid,0.8965073529411764,0.5802385360002518,0.4779411764705882,2.0,0.0,0.5802385360002518,19.5,6.5,2.5143247842788696,,,0.378662109375,0.3232344835996628,0.67,0.6767655164003372,0.5802385360002518,1341.0,24.0,0.0,1304.0,0.0,0.0,1.0,0.0
06_policy_compliance,2,Medium-T-Beg,0.738707077522867,0.6106637567281723,0.21021704903283844,2.0,0.022071105823539265,0.6106637567281723,19.333333333333332,4.5,2.5423167943954468,,,0.3931477864583333,0.3264235258102417,0.67,0.6735764741897583,0.6106637567281723,1174.0,25.0,0.0,1136.0,0.0,0.0,1.0,0.0
06_policy_compliance,2,Medium-T-End,0.9395933014354068,0.6341110318899155,0.38488601182099635,2.0,0.0,0.6341110318899155,23.25,7.25,2.608722150325775,,,0.41217041015625,0.3217905610799789,0.67,0.6782094389200211,0.6341110318899155,1445.25,28.25,0.0,1404.0,0.0,0.0,1.0,0.0
06_policy_compliance,2,Medium-T-Mid,0.9265456182472989,0.5159579600606646,0.5204964617425918,2.0,0.0,0.5159579600606646,21.142857142857142,8.0,2.7085698332105363,,,0.41015625,0.4329744960580554,0.6700000000000002,0.5670255039419446,0.5159579600606646,1434.2857142857142,27.285714285714285,0.0,1394.0,0.0,0.0,1.0,0.0
06_policy_compliance,3,High-T-Beg,0.8234041500264386,0.5190305369240897,0.5546932222361152,2.0,0.0,0.5190305369240897,22.285714285714285,6.285714285714286,2.635069097791399,,,0.38514927455357145,0.43596237046377995,1.0,0.56403762953622,0.5190305369240897,2015.0,25.0,0.0,1977.0,0.0,0.0,1.0,0.0
06_policy_compliance,3,Low-N-Beg,0.2802519118308592,0.3617923803627491,0.4034469185784975,2.0,0.01142857142857142,0.3617923803627491,21.2,0.6,2.293748140335083,,,0.4025390625,0.35705348253250124,0.33,0.6429465174674988,0.3617923803627491,656.0,26.0,0.0,617.0,0.0,0.0,1.0,0.0
06_policy_compliance,3,Low-N-End,0.28352772305094287,0.4152703046798706,0.5707779341401633,2.0,0.0,0.4152703046798706,29.2,2.4,2.2852930625279746,,,0.3697102864583333,0.5835659330089886,0.33,0.4164340669910113,0.4152703046798706,718.5,30.5,0.0,675.0,0.0,0.0,1.0,0.0
06_policy_compliance,3,Low-N-Mid,0.285932239057239,0.42225045959154767,0.6197916666666666,2.0,0.0,0.42225045959154767,26.5,0.3333333333333333,2.2622265475136896,,,0.42075892857142855,0.4565808985914502,0.33,0.5434191014085498,0.42225045959154767,640.2857142857143,38.285714285714285,0.0,589.0,0.0,0.0,1.0,0.0
06_policy_compliance,3,Low-P-Beg,0.6439706715515406,0.39824405924550127,0.6428527369810598,2.0,0.005357142857142856,0.39824405924550127,21.285714285714285,6.0,2.1374448935190835,,,0.3430311414930556,0.4838844305939145,0.33,0.5161155694060855,0.39824405924550127,558.1111111111111,29.11111111111111,0.0,516.0,0.0,0.0,1.0,0.0
06_policy_compliance,3,Low-P-End,0.7622400960604229,0.4585167368253072,0.5677436799941338,2.0,0.0064935064935064835,0.4585167368253072,25.5,6.0,2.121860252486335,,,0.3521999782986111,0.47415846917364335,0.33,0.5258415308263567,0.4585167368253072,494.8888888888889,28.88888888888889,0.0,453.0,0.0,0.0,1.0,0.0
06_policy_compliance,3,Low-P-Mid,0.9410326308381792,0.39948225021362305,0.7047153816154411,2.0,0.0,0.39948225021362305,22.285714285714285,8.714285714285714,2.2235084176063538,,,0.3453369140625,0.5479880546530087,0.33,0.45201194534699124,0.39948225021362305,520.25,28.25,0.0,479.0,0.0,0.0,1.0,0.0
06_policy_compliance,3,Low-T-Beg,0.4476638440924155,0.5473874381610325,0.35030987530987534,2.0,0.007827788649706457,0.5473874381610325,22.0,3.7142857142857144,2.2709504067897797,,,0.357452392578125,0.4791987426578998,0.33,0.5208012573421001,0.5473874381610325,580.125,23.125,0.0,544.0,0.0,0.0,1.0,0.0
06_policy_compliance,3,Low-T-End,0.4884161022268439,0.43743004543440683,0.5370260813355443,2.0,0.0,0.43743004543440683,23.571428571428573,2.2857142857142856,2.3425119817256927,,,0.414520263671875,0.5046935304999352,0.33,0.49530646950006485,0.43743004543440683,654.5,32.5,0.0,609.0,0.0,0.0,1.0,0.0
06_policy_compliance,3,Low-T-Mid,0.44355555555555554,0.5750547409057617,0.41944444444444445,2.0,0.00789473684210526,0.5750547409057617,27.4,4.2,2.325258731842041,,,0.398046875,0.3321608006954193,0.33,0.6678391993045807,0.5750547409057617,565.8,29.8,0.0,523.0,0.0,0.0,1.0,0.0
06_policy_compliance,3,Medium-N-Beg,0.35193078841842695,0.5680644412835439,0.36860219127908805,2.0,0.030701754385964904,0.5680644412835439,26.0,1.6666666666666667,2.5851821899414062,,,0.4038899739583333,0.4382889668146769,0.67,0.5617110331853231,0.5680644412835439,1977.0,28.0,0.0,1936.0,0.0,0.0,1.0,0.0
06_policy_compliance,3,Medium-N-End,0.46878751500600235,0.27052898208300274,0.5930372148859544,2.0,0.0,0.27052898208300274,28.666666666666668,5.666666666666667,2.7175358136494956,,,0.4151204427083333,0.4752265016237894,0.67,0.5247734983762106,0.27052898208300274,1735.6666666666667,38.666666666666664,0.0,1684.0,0.0,0.0,1.0,0.0
06_policy_compliance,3,Medium-N-Mid,0.5087059930809931,0.2604583588739236,0.635845288970289,2.0,0.010416666666666666,0.2604583588739236,28.0,2.1666666666666665,2.746779203414917,,,0.4564208984375,0.5105095058679581,0.67,0.48949049413204193,0.2604583588739236,1981.4,26.4,0.0,1942.0,0.0,0.0,1.0,0.0
06_policy_compliance,3,Medium-P-Beg,0.5753345782757547,0.2804633064195513,0.7385541058528675,2.0,0.0037499999999999994,0.2804633064195513,15.6,4.0,2.4570721785227456,,,0.3758409288194444,0.4883887751234902,0.67,0.5116112248765098,0.2804633064195513,1362.5555555555557,29.555555555555557,0.0,1320.0,0.0,0.0,1.0,0.0
06_policy_compliance,3,Medium-P-End,0.9273576097105509,0.43647144238154095,0.6242763772175537,2.0,0.0,0.43647144238154095,26.5,10.0,2.727236350377401,,,0.427734375,0.4676448106765747,0.67,0.5323551893234253,0.43647144238154095,1386.0,32.0,0.0,1341.0,0.0,0.0,1.0,0.0
06_policy_compliance,3,Medium-P-Mid,0.9106839179209446,0.4423764050006866,0.6409934245277864,2.0,0.0,0.4423764050006866,30.8,10.6,2.5602761847632274,,,0.36240931919642855,0.4985498934984207,0.67,0.5014501065015793,0.4423764050006866,1438.2857142857142,32.285714285714285,0.0,1393.0,0.0,0.0,1.0,0.0
06_policy_compliance,3,Medium-T-Beg,0.6784218298924181,0.40705443546175957,0.6032694253282489,2.0,0.0,0.40705443546175957,32.2,7.8,2.425932836532593,,,0.393359375,0.44628826975822444,0.67,0.5537117302417756,0.40705443546175957,1421.6,36.6,0.0,1372.0,0.0,0.0,1.0,0.0
06_policy_compliance,3,Medium-T-End,0.6925604731525784,0.5313740596175194,0.4111318779904306,2.0,0.0,0.5313740596175194,18.75,5.5,2.4877312183380127,,,0.396087646484375,0.3717496022582054,0.67,0.6282503977417946,0.5313740596175194,1497.5,21.5,0.0,1463.0,0.0,0.0,1.0,0.0
06_policy_compliance,3,Medium-T-Mid,0.7353872053872055,0.5165533075730006,0.38208754208754203,2.0,0.0111111111111111,0.5165533075730006,19.166666666666668,6.5,2.4640146096547446,,,0.3918863932291667,0.3515561620394388,0.67,0.6484438379605612,0.5165533075730006,1513.6666666666667,22.666666666666668,0.0,1478.0,0.0,0.0,1.0,0.0
06_policy_compliance,4,Low-N-Beg,0.2400337151817835,0.5125714540481567,0.4509123333367848,2.0,0.005376344086021499,0.5125714540481567,22.666666666666668,0.16666666666666666,2.0400341351826987,,,0.3505859375,0.3425260086854299,0.33,0.6574739913145701,0.5125714540481567,747.0,28.0,0.0,706.0,0.0,0.0,1.0,0.0
06_policy_compliance,4,Low-N-End,0.1909340659340659,0.5799394398927689,0.3918269230769231,2.0,0.0053763440860215,0.5799394398927689,31.0,0.0,2.0867510735988617,,,0.3995361328125,0.3067150264978409,0.33,0.6932849735021591,0.5799394398927689,729.0,36.0,0.0,680.0,0.0,0.0,1.0,0.0
06_policy_compliance,4,Low-N-Mid,0.37230576441102753,0.49925361275672914,0.45267335004177106,2.0,0.00227272727272726,0.49925361275672914,16.8,0.2,2.118419861793518,,,0.360595703125,0.3627229332923889,0.33,0.6372770667076111,0.49925361275672914,688.6,20.6,0.0,655.0,0.0,0.0,1.0,0.0
06_policy_compliance,4,Low-P-Beg,0.9301470588235293,0.3185293218120932,0.784557753491889,2.0,0.0,0.3185293218120932,19.625,8.5,2.4081350803375243,,,0.3845703125,0.4585340321063994,0.33,0.5414659678936005,0.3185293218120932,584.1,27.1,0.0,544.0,0.0,0.0,1.0,0.0
06_policy_compliance,4,Low-P-End,0.9280024509803921,0.41950468719005585,0.6061177760577916,2.0,0.0,0.41950468719005585,18.25,8.0,2.4073798656463623,,,0.42913818359375,0.458921805024147,0.33,0.541078194975853,0.41950468719005585,537.0,24.0,0.0,500.0,0.0,0.0,1.0,0.0
06_policy_compliance,4,Low-P-Mid,0.9861111111111112,0.38009329792112106,0.5879636818495514,2.0,0.0012376237623762374,0.38009329792112106,19.375,7.0,2.417050063610077,,,0.381072998046875,0.4205107279121876,0.33,0.5794892720878124,0.38009329792112106,514.0,28.0,0.0,473.0,0.0,0.0,1.0,0.0
06_policy_compliance,4,Low-T-Beg,0.643806485911749,0.5299546718597412,0.452046783625731,2.0,0.021505376344086016,0.5299546718597412,22.5,6.0,2.257449150085449,,,0.3912760416666667,0.324595699707667,0.33,0.675404300292333,0.5299546718597412,543.6666666666666,29.666666666666668,0.0,501.0,0.0,0.0,1.0,0.0
06_policy_compliance,4,Low-T-End,0.7718118826477959,0.49044302105903625,0.6308491817779743,2.0,0.0,0.49044302105903625,21.6,5.6,2.3484774589538575,,,0.418408203125,0.3602570295333862,0.33,0.6397429704666138,0.49044302105903625,523.0,29.0,0.0,481.0,0.0,0.0,1.0,0.0
06_policy_compliance,4,Low-T-Mid,0.5889348370927318,0.48397123217582705,0.46152255639097745,2.0,0.0,0.48397123217582705,21.2,4.4,2.1043400287628176,,,0.362939453125,0.3399129390716553,0.33,0.6600870609283447,0.48397123217582705,538.2,26.2,0.0,499.0,0.0,0.0,1.0,0.0
06_policy_compliance,4,Medium-N-Beg,0.3317700817700817,0.5023112495740255,0.5026201868307132,2.0,0.013565891472868217,0.5023112495740255,23.833333333333332,0.8333333333333334,2.416986664136251,,,0.4315185546875,0.3264789481957754,0.67,0.6735210518042246,0.5023112495740255,1811.3333333333333,29.333333333333332,0.0,1769.0,0.0,0.0,1.0,0.0
06_policy_compliance,4,Medium-N-End,0.381922944616443,0.4257492542266846,0.5367303061575508,2.0,0.0,0.4257492542266846,17.4,0.4,2.398861646652222,,,0.397314453125,0.40306861400604244,0.67,0.5969313859939576,0.4257492542266846,1862.4,21.4,0.0,1828.0,0.0,0.0,1.0,0.0
06_policy_compliance,4,Medium-N-Mid,0.34662636984618406,0.45943377912044525,0.49680573983979553,2.0,0.0,0.45943377912044525,16.5,0.25,2.39518404006958,,,0.414306640625,0.4363270848989486,0.67,0.5636729151010513,0.45943377912044525,2020.0,20.0,0.0,1987.0,0.0,0.0,1.0,0.0
06_policy_compliance,4,Medium-P-Beg,0.5218518518518519,0.2899297269682089,0.7058669108669109,2.0,0.0007092198581560266,0.2899297269682089,9.0,2.933333333333333,2.68763534228007,,,0.4255642361111111,0.5121484365728166,0.67,0.4878515634271834,0.2899297269682089,1434.2222222222222,20.22222222222222,0.0,1401.0,0.0,0.0,1.0,0.0
06_policy_compliance,4,Medium-P-End,0.926060606060606,0.31377459565798443,0.712368125701459,2.0,0.0,0.31377459565798443,28.0,11.0,2.673100153605143,,,0.403076171875,0.3450737396876017,0.67,0.6549262603123983,0.31377459565798443,1447.0,42.0,0.0,1392.0,0.0,0.0,1.0,0.0
06_policy_compliance,4,Medium-P-Mid,0.6940080971659919,0.47527753114700316,0.6178137651821862,2.0,0.0,0.47527753114700316,18.0,5.2,2.4821324348449707,,,0.407373046875,0.4123830258846283,0.67,0.5876169741153717,0.47527753114700316,1333.4,23.4,0.0,1297.0,0.0,0.0,1.0,0.0
06_policy_compliance,4,Medium-T-Beg,0.696969696969697,0.6059346199035645,0.6666666666666666,2.0,0.0,0.6059346199035645,54.0,15.0,2.35429310798645,,,0.41162109375,0.3222323656082153,0.67,0.6777676343917847,0.6059346199035645,1507.0,72.0,0.0,1422.0,0.0,0.0,1.0,0.0
06_policy_compliance,4,Medium-T-End,0.9296124927703876,0.3497198075056076,0.6958359268133705,2.0,0.0,0.3497198075056076,16.714285714285715,7.0,2.4914986065455844,,,0.39229910714285715,0.4377243561404091,0.6700000000000002,0.5622756438595908,0.3497198075056076,1356.7142857142858,21.714285714285715,0.0,1322.0,0.0,0.0,1.0,0.0
06_policy_compliance,4,Medium-T-Mid,0.7354576280272874,0.5580746531486511,0.5336720812727005,2.0,0.0015698587127158427,0.5580746531486511,20.714285714285715,6.714285714285714,2.369794570482694,,,0.38285006009615385,0.3450719118118286,0.67,0.6549280881881714,0.5580746531486511,1473.5384615384614,29.53846153846154,0.0,1431.0,0.0,0.0,1.0,0.0
06_policy_compliance,5,High-P-Beg,0.9818181818181819,0.13721627891063684,0.7260810564184874,2.0,0.0,0.13721627891063684,26.4,8.8,2.6470752716064454,,,0.392578125,0.622418436408043,1.0,0.37758156359195705,0.13721627891063684,1903.8,33.8,0.0,1857.0,0.0,0.0,1.0,0.0
06_policy_compliance,5,Low-N-Beg,0.24621553884711778,0.2435699750979741,0.5709273182957393,2.0,0.0,0.2435699750979741,20.666666666666668,0.0,2.2780242760976157,,,0.40625,0.3263054291407267,0.33,0.6736945708592733,0.2435699750979741,728.0,24.0,0.0,691.0,0.0,0.0,1.0,0.0
06_policy_compliance,5,Low-N-End,0.3080341227400051,0.19796392172574995,0.6321492233256939,2.0,0.0,0.19796392172574995,17.2,0.2,2.269199514389038,,,0.36767578125,0.47148756384849544,0.33,0.5285124361515046,0.19796392172574995,717.8,22.8,0.0,682.0,0.0,0.0,1.0,0.0
06_policy_compliance,5,Low-N-Mid,0.2138588781907747,0.22320312261581415,0.632025302283923,2.0,0.0,0.22320312261581415,21.0,0.5,2.21379154920578,,,0.3919677734375,0.4642970636487007,0.33,0.5357029363512993,0.22320312261581415,745.25,27.25,0.0,705.0,0.0,0.0,1.0,0.0
06_policy_compliance,5,Low-P-Beg,0.948203842940685,0.20658837382992104,0.767425967467394,2.0,0.0,0.20658837382992104,24.166666666666668,7.666666666666667,2.351414748600551,,,0.36000279017857145,0.5722644031047821,0.33,0.4277355968952179,0.20658837382992104,499.85714285714283,33.857142857142854,0.0,453.0,0.0,0.0,1.0,0.0
06_policy_compliance,5,Low-P-End,0.8839798850574713,0.18042160198092458,0.7111555829228243,2.0,0.0,0.18042160198092458,24.75,7.75,2.2752039432525635,,,0.32489013671875,0.6366641521453857,0.33,0.36333584785461426,0.18042160198092458,566.75,32.75,0.0,521.0,0.0,0.0,1.0,0.0
06_policy_compliance,5,Low-P-Mid,0.8523616343088959,0.271805132428805,0.6316687594578061,2.0,0.0,0.271805132428805,31.333333333333332,7.0,2.4076689084370932,,,0.3815104166666667,0.4481376310189565,0.33,0.5518623689810435,0.271805132428805,484.6666666666667,37.666666666666664,0.0,434.0,0.0,0.0,1.0,0.0
06_policy_compliance,5,Low-T-Beg,0.6858141858141859,0.19029103592038152,0.7504995004995005,2.0,0.0,0.19029103592038152,12.5,4.25,2.2230138182640076,,,0.35748291015625,0.6018482036888599,0.33,0.39815179631114006,0.19029103592038152,535.75,17.75,0.0,505.0,0.0,0.0,1.0,0.0
06_policy_compliance,5,Low-T-End,0.693312324929972,0.19772328063845632,0.7005252100840336,2.0,0.0,0.19772328063845632,17.5,5.5,2.2292503714561462,,,0.35089111328125,0.599733479321003,0.33,0.40026652067899704,0.19772328063845632,547.25,23.25,0.0,511.0,0.0,0.0,1.0,0.0
06_policy_compliance,5,Low-T-Mid,0.7675839659535312,0.26829267044862104,0.7138232305804769,2.0,0.0,0.26829267044862104,23.833333333333332,6.833333333333333,2.200173258781433,,,0.3349365234375,0.5024202629923821,0.33,0.49757973700761793,0.26829267044862104,572.8,33.8,0.0,526.0,0.0,0.0,1.0,0.0
06_policy_compliance,5,Medium-N-Beg,0.3668534080298786,0.20022317270437873,0.6252100840336134,2.0,0.0,0.20022317270437873,15.333333333333334,0.0,2.514376640319824,,,0.4232584635416667,0.46407438317934674,0.67,0.5359256168206533,0.20022317270437873,2020.0,19.0,0.0,1988.0,0.0,0.0,1.0,0.0
06_policy_compliance,5,Medium-N-Mid,0.41369047619047616,0.1586248781532049,0.6723544973544973,2.0,0.0,0.1586248781532049,19.333333333333332,0.3333333333333333,2.501038591066996,,,0.4048258463541667,0.4404440373182297,0.67,0.5595559626817703,0.1586248781532049,1676.5,24.5,0.0,1639.0,0.0,0.0,1.0,0.0
06_policy_compliance,5,Medium-P-Beg,0.9738095238095238,0.1480651465909821,0.7333333333333334,2.0,0.0,0.1480651465909821,21.571428571428573,6.428571428571429,2.793481945991516,,,0.400665283203125,0.5650878064334393,0.67,0.43491219356656075,0.1480651465909821,1356.0,32.0,0.0,1311.0,0.0,0.0,1.0,0.0
06_policy_compliance,5,Medium-P-End,0.9696428571428571,0.157773757353425,0.68919048121641,2.0,0.0,0.157773757353425,18.5,5.625,2.697994500398636,,,0.39312744140625,0.5397062618285418,0.67,0.46029373817145824,0.157773757353425,1343.5,26.5,0.0,1304.0,0.0,0.0,1.0,0.0
06_policy_compliance,5,Medium-P-Mid,0.9485844017094017,0.17194470437243575,0.731903677462888,2.0,0.0,0.17194470437243575,18.5,5.5,2.638603091239929,,,0.372998046875,0.5969000786542893,0.67,0.40309992134571077,0.17194470437243575,1487.1,26.1,0.0,1448.0,0.0,0.0,1.0,0.0
06_policy_compliance,5,Medium-T-Beg,0.6453520553520553,0.2512309667136934,0.6752299552299552,2.0,0.012698412698412688,0.2512309667136934,16.444444444444443,4.333333333333333,2.470465087890625,,,0.37763671875,0.6687753342092038,0.67,0.33122466579079624,0.2512309667136934,1365.1,19.1,0.0,1333.0,0.0,0.0,1.0,0.0
06_policy_compliance,5,Medium-T-End,0.7797916666666667,0.2413620315492153,0.769375,2.0,0.0,0.2413620315492153,21.25,5.5,2.4802445769309998,,,0.37469482421875,0.5505435615777969,0.67,0.44945643842220306,0.2413620315492153,1503.5,27.5,0.0,1463.0,0.0,0.0,1.0,0.0
06_policy_compliance,5,Medium-T-Mid,0.7482142857142857,0.19693274050951,0.7092261904761905,2.0,0.0,0.19693274050951,16.0,5.5,2.476026713848114,,,0.37701416015625,0.5679207444190979,0.67,0.4320792555809021,0.19693274050951,1431.5,20.5,0.0,1398.0,0.0,0.0,1.0,0.0
06_policy_compliance,6,Low-N-Beg,0.26745261984392416,0.4418446496129036,0.570273132664437,2.0,0.05555555555555556,0.4418446496129036,23.5,0.5,2.1724406719207763,,,0.3036865234375,0.5116348326206207,0.33,0.4883651673793793,0.4418446496129036,729.6,23.6,0.0,693.0,0.0,0.0,1.0,0.0
06_policy_compliance,6,Low-N-End,0.3585378151260504,0.5095015704631806,0.5778375350140056,2.0,0.0457680250783699,0.5095015704631806,22.2,1.0,2.2935721397399904,,,0.3525390625,0.3926932334899902,0.33,0.6073067665100098,0.5095015704631806,724.0,28.0,0.0,683.0,0.0,0.0,1.0,0.0
06_policy_compliance,6,Low-N-Mid,0.36092849179805697,0.5123911321163177,0.6037935977066411,2.0,0.04444444444444444,0.5123911321163177,24.2,0.2,2.365349769592285,,,0.4326171875,0.4910537004470825,0.33,0.5089462995529175,0.5123911321163177,675.3333333333334,23.333333333333332,0.0,639.0,0.0,0.0,1.0,0.0
06_policy_compliance,6,Low-P-Beg,0.7123900065076536,0.46326978504657745,0.602583255524432,2.0,0.05172413793103449,0.46326978504657745,26.166666666666668,4.666666666666667,2.2040720780690513,,,0.3929443359375,0.3419942955176035,0.33,0.6580057044823965,0.46326978504657745,546.8333333333334,31.833333333333332,0.0,502.0,0.0,0.0,1.0,0.0
06_policy_compliance,6,Low-P-End,0.6134816490698844,0.3305825452719416,0.6487288460919293,2.0,0.04,0.3305825452719416,22.714285714285715,4.0,2.1805976799556186,,,0.36561802455357145,0.39499139360019137,0.33,0.6050086063998086,0.3305825452719416,499.2857142857143,29.285714285714285,0.0,457.0,0.0,0.0,1.0,0.0
06_policy_compliance,6,Low-P-Mid,0.9232804232804233,0.35987712442874903,0.7184409779237365,2.0,0.0,0.35987712442874903,24.333333333333332,9.5,2.352358136858259,,,0.37942940848214285,0.5145540109702519,0.33,0.4854459890297481,0.35987712442874903,540.0,36.0,0.0,491.0,0.0,0.0,1.0,0.0
06_policy_compliance,6,Low-T-Beg,0.7055137844611529,0.36213555186986923,0.5700710108604845,2.0,0.011904761904761899,0.36213555186986923,19.333333333333332,5.666666666666667,2.367288248879569,,,0.3745814732142857,0.5806266282285963,0.33,0.4193733717714037,0.36213555186986923,581.7142857142857,23.714285714285715,0.0,545.0,0.0,0.0,1.0,0.0
06_policy_compliance,6,Low-T-End,0.49323877876509453,0.4524090538422267,0.7131635907951697,2.0,0.0,0.4524090538422267,24.5,4.666666666666667,2.226156791051229,,,0.3906656901041667,0.5091441075007122,0.33,0.4908558924992879,0.4524090538422267,572.3333333333334,29.333333333333332,0.0,530.0,0.0,0.0,1.0,0.0
06_policy_compliance,6,Low-T-Mid,0.8735797827903091,0.3815704807639122,0.6874188676820256,2.0,0.0,0.3815704807639122,17.5,6.25,2.4054006229747427,,,0.4205655184659091,0.5396190556612881,0.33,0.46038094433871185,0.3815704807639122,609.0909090909091,32.09090909090909,0.0,564.0,0.0,0.0,1.0,0.0
06_policy_compliance,6,Medium-N-Beg,0.4974390826564739,0.25595118371503695,0.5993318999840739,2.0,0.031746031746031744,0.25595118371503695,22.714285714285715,3.4285714285714284,2.716816234588623,,,0.41551513671875,0.4741327464580536,0.67,0.5258672535419464,0.25595118371503695,2002.5,31.5,0.0,1958.0,0.0,0.0,1.0,0.0
06_policy_compliance,6,Medium-N-End,0.4053113553113553,0.4437713424364726,0.6894993894993895,2.0,0.0,0.4437713424364726,25.666666666666668,0.0,2.551691770553589,,,0.4204915364583333,0.49288387099901837,0.67,0.5071161290009817,0.4437713424364726,1802.0,28.0,0.0,1761.0,0.0,0.0,1.0,0.0
06_policy_compliance,6,Medium-N-Mid,0.3341982976765585,0.38048549368977547,0.6777064642282034,2.0,0.0,0.38048549368977547,26.75,1.0,2.5085996985435486,,,0.41192626953125,0.4343758672475815,0.67,0.5656241327524185,0.38048549368977547,2037.0,31.0,0.0,1993.0,0.0,0.0,1.0,0.0
06_policy_compliance,6,Medium-P-Beg,0.7744962191040623,0.47625644505023956,0.6553812382243754,2.0,0.05172413793103448,0.47625644505023956,25.666666666666668,6.0,2.511965274810791,,,0.36628861860795453,0.5716971172527834,0.67,0.4283028827472167,0.47625644505023956,1390.0,29.0,0.0,1348.0,0.0,0.0,1.0,0.0
06_policy_compliance,6,Medium-P-End,0.8167383256993057,0.4440319885810216,0.6094208775696979,2.0,0.049999999999999996,0.4440319885810216,24.666666666666668,6.166666666666667,2.4649587074915567,,,0.399658203125,0.3898177742958069,0.67,0.6101822257041931,0.4440319885810216,1364.0,33.0,0.0,1318.0,0.0,0.0,1.0,0.0
06_policy_compliance,6,Medium-P-Mid,0.754891304347826,0.39706784486770624,0.6961352657004831,2.0,0.0,0.39706784486770624,22.5,5.0,2.435869872570038,,,0.37469482421875,0.439662367105484,0.67,0.560337632894516,0.39706784486770624,1555.75,26.75,0.0,1516.0,0.0,0.0,1.0,0.0
06_policy_compliance,6,Medium-T-Beg,0.841687552213868,0.30613087117671967,0.6883398973624537,2.0,0.0,0.30613087117671967,19.714285714285715,6.714285714285714,2.711212305795579,,,0.39993722098214285,0.5525918617135003,0.67,0.4474081382864997,0.30613087117671967,1506.142857142857,31.142857142857142,0.0,1462.0,0.0,0.0,1.0,0.0
06_policy_compliance,6,Medium-T-End,0.7218253968253968,0.4892367571592331,0.6306657848324515,2.0,0.0,0.4892367571592331,25.333333333333332,7.166666666666667,2.4780306816101074,,,0.41353934151785715,0.4595154992171696,0.67,0.5404845007828304,0.4892367571592331,1132.7142857142858,31.714285714285715,0.0,1088.0,0.0,0.0,1.0,0.0
06_policy_compliance,6,Medium-T-Mid,0.7542483660130719,0.448415195941925,0.575326797385621,2.0,0.0,0.448415195941925,17.0,4.8,2.5781264305114746,,,0.414306640625,0.5568969488143921,0.67,0.44310305118560783,0.448415195941925,1561.8,20.8,0.0,1528.0,0.0,0.0,1.0,0.0
06_policy_compliance,7,Low-N-Beg,0.21963507625272327,0.4293769970536232,0.3539624183006536,2.0,0.0471698113207547,0.4293769970536232,27.75,0.25,2.2308557271957397,,,0.3294921875,0.5128234446048736,0.33,0.48717655539512633,0.4293769970536232,766.0,27.0,0.0,726.0,0.0,0.0,1.0,0.0
06_policy_compliance,7,Low-N-End,0.2879881154499151,0.6319242219130198,0.22898981324278436,2.0,0.11347517730496454,0.6319242219130198,23.0,0.6666666666666666,2.4319831132888794,,,0.37384033203125,0.5411781370639801,0.33,0.45882186293601984,0.6319242219130198,710.25,20.25,0.0,677.0,0.0,0.0,1.0,0.0
06_policy_compliance,7,Low-N-Mid,0.26259689922480617,0.6184549232323965,0.22267441860465112,2.0,0.19999999999999998,0.6184549232323965,32.0,0.0,2.2555933594703674,,,0.331298828125,0.43382678180933,0.33,0.56617321819067,0.6184549232323965,705.25,27.25,0.0,665.0,0.0,0.0,1.0,0.0
06_policy_compliance,7,Low-P-Beg,0.7971038990308768,0.4555147389570872,0.5481744421906694,2.0,0.005952380952380934,0.4555147389570872,26.333333333333332,7.333333333333333,2.4093615214029946,,,0.414306640625,0.3912938237190246,0.33,0.6087061762809753,0.4555147389570872,543.3333333333334,30.333333333333332,0.0,500.0,0.0,0.0,1.0,0.0
06_policy_compliance,7,Low-P-End,0.9584627329192547,0.31848701089620585,0.6975284679089027,2.0,0.0,0.31848701089620585,27.25,8.5,2.5587905645370483,,,0.40765380859375,0.4823782742023468,0.33,0.5176217257976532,0.31848701089620585,566.25,32.25,0.0,521.0,0.0,0.0,1.0,0.0
06_policy_compliance,7,Low-P-Mid,0.9443777511004401,0.2948324190718786,0.6810406213767558,2.0,0.0,0.2948324190718786,19.428571428571427,6.571428571428571,2.5509990453720093,,,0.41058349609375,0.4994958229362964,0.33,0.5005041770637035,0.2948324190718786,505.875,29.875,0.0,463.0,0.0,0.0,1.0,0.0
06_policy_compliance,7,Low-T-Beg,0.6270834772916384,0.4412954151630401,0.6321054943129631,2.0,0.017843071034560384,0.4412954151630401,20.857142857142858,5.714285714285714,2.366077947616577,,,0.380615234375,0.4563678234815598,0.33,0.5436321765184402,0.4412954151630401,529.9,27.9,0.0,489.0,0.0,0.0,1.0,0.0
06_policy_compliance,7,Low-T-End,0.6659799875104893,0.4805252502361933,0.6343277645510389,2.0,0.0,0.4805252502361933,25.666666666666668,5.833333333333333,2.307691013813019,,,0.3657470703125,0.4582766562700271,0.33,0.5417233437299729,0.4805252502361933,561.4,33.4,0.0,515.0,0.0,0.0,1.0,0.0
06_policy_compliance,7,Low-T-Mid,0.5356272605937248,0.5020473102728525,0.6237468310379223,2.0,0.013071895424836602,0.5020473102728525,25.333333333333332,4.666666666666667,2.3207058565957204,,,0.3629673549107143,0.551874007497515,0.33,0.448125992502485,0.5020473102728525,550.5714285714286,28.571428571428573,0.0,509.0,0.0,0.0,1.0,0.0
06_policy_compliance,7,Medium-N-Beg,0.2557603686635944,0.5745092630386353,0.2523041474654377,2.0,0.03773584905660375,0.5745092630386353,27.0,0.0,2.6707593202590942,,,0.4359130859375,0.3346139192581177,0.67,0.6653860807418823,0.5745092630386353,1818.5,31.5,0.0,1774.0,0.0,0.0,1.0,0.0
06_policy_compliance,7,Medium-N-End,0.8352272727272727,-0.011478747664527424,0.8018634663019689,2.0,0.0,-0.011478747664527424,14.090909090909092,5.181818181818182,3.091421267565559,,,0.46546128216911764,0.6576978012042887,0.67,0.3423021987957113,-0.011478747664527424,2026.5882352941176,29.58823529411765,0.0,1984.0,0.0,0.0,1.0,0.0
06_policy_compliance,7,Medium-N-Mid,0.5596802045405869,0.16567959659732878,0.6312759171009733,2.0,0.00555555555555555,0.16567959659732878,18.875,2.5,2.7566821257273357,,,0.43234049479166664,0.5431845804055532,0.67,0.4568154195944468,0.16567959659732878,1643.8,29.8,0.0,1601.0,0.0,0.0,1.0,0.0
06_policy_compliance,7,Medium-P-Beg,0.944947209653092,0.29204904225965334,0.7144842947539026,2.0,0.0,0.29204904225965334,25.0,7.833333333333333,2.6718754371007285,,,0.3753255208333333,0.4911061276992162,0.67,0.5088938723007838,0.29204904225965334,1275.3333333333333,31.333333333333332,0.0,1231.0,0.0,0.0,1.0,0.0
06_policy_compliance,7,Medium-P-End,0.9670716112531969,0.3805070053786039,0.7213690168443079,2.0,0.0,0.3805070053786039,19.875,7.75,2.704422261979845,,,0.3922526041666667,0.4673444198237525,0.67,0.5326555801762475,0.3805070053786039,1359.6666666666667,26.666666666666668,0.0,1320.0,0.0,0.0,1.0,0.0
06_policy_compliance,7,Medium-P-Mid,0.9920634920634921,0.2740891534421179,0.6650062656641604,2.0,0.0,0.2740891534421179,17.77777777777778,6.888888888888889,2.7090639803144665,,,0.4201931423611111,0.4537798398070864,0.67,0.5462201601929135,0.2740891534421179,1386.4444444444443,26.444444444444443,0.0,1347.0,0.0,0.0,1.0,0.0
06_policy_compliance,7,Medium-T-Beg,0.7708641032170443,0.43300623695055646,0.5838627875392581,2.0,0.03144654088050313,0.43300623695055646,24.833333333333332,7.0,2.5878044499291315,,,0.3838704427083333,0.5889089107513428,0.67,0.4110910892486572,0.43300623695055646,1410.2222222222222,31.22222222222222,0.0,1366.0,0.0,0.0,1.0,0.0
06_policy_compliance,7,Medium-T-End,0.800228126677402,0.45293088754018146,0.5629227053140097,2.0,0.006172839506172833,0.45293088754018146,22.166666666666668,6.833333333333333,2.658682001961602,,,0.4019639756944444,0.7159322649240494,0.67,0.28406773507595057,0.45293088754018146,1448.7777777777778,18.77777777777778,0.0,1417.0,0.0,0.0,1.0,0.0
06_policy_compliance,7,Medium-T-Mid,0.7695075757575758,0.3583074416965246,0.6444444444444445,2.0,0.002777777777777775,0.3583074416965246,18.25,6.0,2.570493119103568,,,0.3704833984375,0.5675008052161762,0.67,0.4324991947838238,0.3583074416965246,1436.7142857142858,24.714285714285715,0.0,1399.0,0.0,0.0,1.0,0.0
06_policy_compliance,8,High-P-End,0.8548917972292585,0.5148793111244837,0.7155421784838888,2.0,0.0,0.5148793111244837,24.166666666666668,6.166666666666667,2.6465749740600586,,,0.420654296875,0.4365970364638737,1.0,0.5634029635361263,0.5148793111244837,2046.5714285714287,24.571428571428573,0.0,2009.0,0.0,0.0,1.0,0.0
06_policy_compliance,8,Low-N-Beg,0.18500797448165865,0.5672856569290161,0.539872408293461,2.0,0.0,0.5672856569290161,28.5,0.0,2.209112048149109,,,0.3812255859375,0.3679873645305633,0.33,0.6320126354694366,0.5672856569290161,691.0,33.0,0.0,645.0,0.0,0.0,1.0,0.0
06_policy_compliance,8,Low-N-End,0.18424308176630153,0.32003640532493594,0.6054868763847092,2.0,0.0,0.32003640532493594,23.4,0.0,2.4441954135894775,,,0.419482421875,0.4064190506935119,0.33,0.5935809493064881,0.32003640532493594,778.0,28.0,0.0,737.0,0.0,0.0,1.0,0.0
06_policy_compliance,8,Low-N-Mid,0.2579365079365079,0.2845537159591913,0.6071428571428572,2.0,0.0,0.2845537159591913,13.0,0.0,2.481515645980835,,,0.4635416666666667,0.5847390492757161,0.33,0.4152609507242839,0.2845537159591913,736.0,17.0,0.0,706.0,0.0,0.0,1.0,0.0
06_policy_compliance,8,Low-P-Beg,0.695085804999598,0.5196880574027697,0.5833309889344372,2.0,0.04545454545454545,0.5196880574027697,27.5,5.333333333333333,2.4029310771397183,,,0.3736049107142857,0.4627114364079067,0.33,0.5372885635920933,0.5196880574027697,545.0,31.0,0.0,501.0,0.0,0.0,1.0,0.0
06_policy_compliance,8,Low-P-End,0.6469585230928243,0.5411197741826376,0.7108933405439758,2.0,0.0,0.5411197741826376,24.0,4.666666666666667,2.383059024810791,,,0.4125569661458333,0.4786417583624521,0.33,0.5213582416375478,0.5411197741826376,549.0,30.0,0.0,506.0,0.0,0.0,1.0,0.0
06_policy_compliance,8,Low-P-Mid,0.7723429951690821,0.44241374731063837,0.6384057971014493,2.0,0.0,0.44241374731063837,21.25,7.0,2.26171213388443,,,0.35174560546875,0.5437089130282402,0.33,0.4562910869717598,0.44241374731063837,579.25,28.25,0.0,538.0,0.0,0.0,1.0,0.0
06_policy_compliance,8,Low-T-Beg,0.6551378446115288,0.5725385944048563,0.47393483709273176,2.0,0.09677419354838711,0.5725385944048563,26.666666666666668,6.333333333333333,2.300647020339966,,,0.380126953125,0.3837500214576721,0.33,0.6162499785423279,0.5725385944048563,549.6666666666666,32.666666666666664,0.0,504.0,0.0,0.0,1.0,0.0
06_policy_compliance,8,Low-T-End,0.7197446741854637,0.35668625682592386,0.676546835839599,2.0,0.0,0.35668625682592386,19.125,5.0,2.4439680576324463,,,0.4302029079861111,0.4383534755971696,0.33,0.5616465244028304,0.35668625682592386,531.6666666666666,26.666666666666668,0.0,492.0,0.0,0.0,1.0,0.0
06_policy_compliance,8,Low-T-Mid,0.5652333476636883,0.529903599194118,0.5645130797994575,2.0,0.03968253968253969,0.529903599194118,22.285714285714285,3.4285714285714284,2.3666945099830627,,,0.40716552734375,0.5349484421312809,0.33,0.4650515578687191,0.529903599194118,581.0,26.0,0.0,542.0,0.0,0.0,1.0,0.0
06_policy_compliance,8,Medium-N-Beg,0.404647983595352,0.3323117718100548,0.5431761221234904,2.0,0.0,0.3323117718100548,19.0,0.6666666666666666,2.498504400253296,,,0.4192708333333333,0.4794855018456777,0.67,0.5205144981543223,0.3323117718100548,1915.6666666666667,23.666666666666668,0.0,1879.0,0.0,0.0,1.0,0.0
06_policy_compliance,8,Medium-N-End,0.3853114478114478,0.36032899220784503,0.5662878787878788,2.0,0.0,0.36032899220784503,19.333333333333332,0.6666666666666666,2.4974774519602456,,,0.40185546875,0.4453020195166269,0.67,0.554697980483373,0.36032899220784503,1992.6666666666667,23.666666666666668,0.0,1956.0,0.0,0.0,1.0,0.0
06_policy_compliance,8,Medium-N-Mid,0.30797720797720796,0.5128519038359324,0.594017094017094,2.0,0.0,0.5128519038359324,26.0,0.6666666666666666,2.4759275913238525,,,0.4076334635416667,0.414290577173233,0.67,0.585709422826767,0.5128519038359324,1891.0,31.0,0.0,1847.0,0.0,0.0,1.0,0.0
06_policy_compliance,8,Medium-P-Beg,0.7016785517341254,0.5093586657728467,0.5313671530605169,2.0,0.019305019305019298,0.5093586657728467,22.714285714285715,5.571428571428571,2.538682202498118,,,0.3753662109375,0.5288819670677185,0.67,0.4711180329322815,0.5093586657728467,1486.75,29.75,0.0,1444.0,0.0,0.0,1.0,0.0
06_policy_compliance,8,Medium-P-End,1.0,0.3989238999783993,0.6373693184367568,2.0,0.0,0.3989238999783993,18.25,7.875,2.74295711517334,,,0.426055908203125,0.4916654676198959,0.67,0.5083345323801041,0.3989238999783993,1320.125,27.125,0.0,1280.0,0.0,0.0,1.0,0.0
06_policy_compliance,8,Medium-P-Mid,0.9135359361135759,0.42901141941547394,0.7344402932797833,2.0,0.0,0.42901141941547394,20.571428571428573,6.857142857142857,2.560996479458279,,,0.3733995225694444,0.4817491703563266,0.67,0.5182508296436734,0.42901141941547394,1321.7777777777778,27.77777777777778,0.0,1281.0,0.0,0.0,1.0,0.0
06_policy_compliance,8,Medium-T-Beg,0.7189390331031198,0.5556456297636032,0.4726363419861872,2.0,0.0,0.5556456297636032,18.75,5.25,2.51945161819458,,,0.3927001953125,0.4599781408905983,0.67,0.5400218591094017,0.5556456297636032,1461.0,23.0,0.0,1425.0,0.0,0.0,1.0,0.0
06_policy_compliance,8,Medium-T-End,0.8075076804915515,0.5970801562070847,0.5989263312852022,2.0,0.0,0.5970801562070847,25.25,6.0,2.5535385608673096,,,0.41107177734375,0.4274786487221718,0.67,0.5725213512778282,0.5970801562070847,1427.0,31.0,0.0,1383.0,0.0,0.0,1.0,0.0
06_policy_compliance,8,Medium-T-Mid,0.736574074074074,0.5476654370625814,0.5322222222222223,2.0,0.0,0.5476654370625814,24.0,5.666666666666667,2.657677253087362,,,0.4068196614583333,0.4801843265692392,0.67,0.5198156734307607,0.5476654370625814,1442.0,29.0,0.0,1400.0,0.0,0.0,1.0,0.0
06_policy_compliance,9,Low-N-Beg,0.4506656133086339,0.06954657216556372,0.7775408256361279,2.0,0.011904761904761899,0.06954657216556372,13.166666666666666,3.1666666666666665,2.537863744629754,,,0.3931613498263889,0.5356776281777356,0.33,0.46432237182226443,0.06954657216556372,679.7777777777778,40.77777777777778,0.0,626.0,0.0,0.0,1.0,0.0
06_policy_compliance,9,Low-N-End,0.21065791847041848,0.04375454892093936,0.731256764069264,2.0,0.0,0.04375454892093936,6.666666666666667,0.125,2.339929450641979,,,0.3530051491477273,0.7302941679954529,0.33,0.2697058320045471,0.04375454892093936,770.6363636363636,12.636363636363637,0.0,745.0,0.0,0.0,1.0,0.0
06_policy_compliance,9,Low-N-Mid,0.21990743555960945,0.05361793488264081,0.7813222526266004,2.0,0.0,0.05361793488264081,16.7,0.5,2.3609049320220947,,,0.406494140625,0.5508258839448292,0.33,0.44917411605517066,0.05361793488264081,693.6666666666666,32.666666666666664,0.0,648.0,0.0,0.0,1.0,0.0
06_policy_compliance,9,Low-P-Beg,0.9627504848093082,0.1904696236763681,0.6477788123796527,2.0,0.0,0.1904696236763681,22.142857142857142,7.571428571428571,2.2627741495768228,,,0.3123101128472222,0.5032484928766887,0.33,0.49675150712331134,0.1904696236763681,522.6666666666666,30.666666666666668,0.0,479.0,0.0,0.0,1.0,0.0
06_policy_compliance,9,Low-P-End,0.8607026143790849,0.10198423281932867,0.6628329467987912,2.0,0.0,0.10198423281932867,20.833333333333332,6.833333333333333,2.316605885823568,,,0.3778483072916667,0.463134671250979,0.33,0.5368653287490209,0.10198423281932867,471.6666666666667,26.666666666666668,0.0,432.0,0.0,0.0,1.0,0.0
06_policy_compliance,9,Low-P-Mid,0.7078707240471946,0.30978124774992466,0.5641886299974536,2.0,0.021130952380952375,0.30978124774992466,18.25,4.625,2.4091580510139465,,,0.40252685546875,0.5152519680559635,0.33,0.4847480319440365,0.30978124774992466,532.375,24.375,0.0,495.0,0.0,0.0,1.0,0.0
06_policy_compliance,9,Low-T-Beg,0.8045546737213404,0.2192409134780367,0.6580753968253968,2.0,0.0,0.2192409134780367,21.5,5.166666666666667,2.0338144501050315,,,0.2691853841145833,0.524072324236234,0.33,0.475927675763766,0.2192409134780367,541.0,30.0,0.0,498.0,0.0,0.0,1.0,0.0
06_policy_compliance,9,Low-T-End,0.9511278195488722,0.11835212539881465,0.7352824997275799,2.0,0.0,0.11835212539881465,23.25,9.25,2.284662127494812,,,0.3284912109375,0.4437298253178596,0.33,0.5562701746821404,0.11835212539881465,608.5,33.5,0.0,562.0,0.0,0.0,1.0,0.0
06_policy_compliance,9,Low-T-Mid,0.4909687601075161,0.09199330312284554,0.7684996821360457,2.0,0.0,0.09199330312284554,13.545454545454545,2.272727272727273,2.2962409257888794,,,0.38812255859375,0.5113819912075996,0.33,0.48861800879240036,0.09199330312284554,553.625,28.625,0.0,512.0,0.0,0.0,1.0,0.0
06_policy_compliance,9,Medium-N-Beg,0.266172111938241,0.14172575697302817,0.7390913633857182,2.0,0.00294117647058823,0.14172575697302817,16.0,3.1,2.7368562698364256,,,0.410107421875,0.484761255979538,0.67,0.515238744020462,0.14172575697302817,1958.7,40.7,0.0,1905.0,0.0,0.0,1.0,0.0
06_policy_compliance,9,Medium-N-End,0.5832025117739403,-0.012930363549717822,0.8798541070212896,2.0,0.0,-0.012930363549717822,10.642857142857142,2.857142857142857,3.0970152616500854,,,0.4635772705078125,0.5736096892505884,0.67,0.4263903107494116,-0.012930363549717822,1981.0,33.0,0.0,1935.0,0.0,0.0,1.0,0.0
06_policy_compliance,9,Medium-N-Mid,0.8791666666666665,-0.005947045050561425,0.8132343426501035,2.0,0.0,-0.005947045050561425,18.125,7.375,3.061335867101496,,,0.4424826882102273,0.5453138486905531,0.67,0.45468615130944684,-0.005947045050561425,1979.7727272727273,42.77272727272727,0.0,1924.0,0.0,0.0,1.0,0.0
06_policy_compliance,9,Medium-P-Beg,0.6094280515236398,0.08367235104863838,0.799713256514727,2.0,0.0,0.08367235104863838,13.25,3.9166666666666665,2.4525907906618984,,,0.3987482244318182,0.5513040755282749,0.67,0.4486959244717251,0.08367235104863838,1529.6363636363637,23.636363636363637,0.0,1493.0,0.0,0.0,1.0,0.0
06_policy_compliance,9,Medium-P-End,0.9712820512820513,0.03753034584224222,0.7269326030007144,2.0,0.0,0.03753034584224222,22.2,8.0,2.6573911190032957,,,0.402001953125,0.4925940036773681,0.67,0.5074059963226318,0.03753034584224222,1366.4,29.4,0.0,1324.0,0.0,0.0,1.0,0.0
06_policy_compliance,9,Medium-P-Mid,0.8855590062111801,0.08914375770837063,0.6144755003450656,2.0,0.0,0.08914375770837063,20.25,5.25,2.5457600355148315,,,0.41754150390625,0.5027708560228348,0.67,0.4972291439771652,0.08914375770837063,1474.5,25.5,0.0,1436.0,0.0,0.0,1.0,0.0
06_policy_compliance,9,Medium-T-Beg,0.6005367018602312,0.11853014994412658,0.6654688285570638,2.0,0.0,0.11853014994412658,15.1,3.0,2.4032749831676483,,,0.390411376953125,0.5660988353192806,0.67,0.4339011646807194,0.11853014994412658,1455.25,23.25,0.0,1419.0,0.0,0.0,1.0,0.0
06_policy_compliance,9,Medium-T-End,0.5045209176788125,0.027024722156616336,0.8066576698155645,2.0,0.0,0.027024722156616336,11.846153846153847,3.076923076923077,2.416230261325836,,,0.39385986328125,0.5199147202074528,0.67,0.4800852797925472,0.027024722156616336,1318.25,30.25,0.0,1275.0,0.0,0.0,1.0,0.0
06_policy_compliance,9,Medium-T-Mid,0.49301948051948047,0.07488500730444986,0.7896058802308802,2.0,0.0,0.07488500730444986,12.583333333333334,3.4166666666666665,2.4595411907542837,,,0.38813920454545453,0.5308398387648843,0.67,0.4691601612351157,0.07488500730444986,1420.7272727272727,33.72727272727273,0.0,1374.0,0.0,0.0,1.0,0.0
06_policy_compliance,10,Low-N-Beg,0.32299679487179483,0.4843075685203075,0.7059294871794872,2.0,0.0119047619047619,0.4843075685203075,22.5,0.5,2.3911944031715393,,,0.3944091796875,0.5009750723838806,0.33,0.4990249276161194,0.4843075685203075,764.5,29.5,0.0,722.0,0.0,0.0,1.0,0.0
06_policy_compliance,10,Low-N-End,0.2698554784232533,0.128461734081308,0.8275372467827711,2.0,0.0,0.128461734081308,20.0,0.0,2.2724485397338867,,,0.4073893229166667,0.5519449363152187,0.33,0.4480550636847814,0.128461734081308,695.0,27.0,0.0,655.0,0.0,0.0,1.0,0.0
06_policy_compliance,10,Low-N-Mid,0.2965400073072707,0.13898339346051214,0.7927645840945075,2.0,0.0,0.13898339346051214,20.8,0.2,2.1818164825439452,,,0.33798828125,0.5395838916301727,0.33,0.46041610836982727,0.13898339346051214,731.2,27.2,0.0,691.0,0.0,0.0,1.0,0.0
06_policy_compliance,10,Low-P-Beg,0.9480519480519481,0.2601114905306271,0.8015176830966304,2.0,0.0,0.2601114905306271,21.285714285714285,7.428571428571429,2.2041475772857666,,,0.319732666015625,0.5744917802512646,0.33,0.42550821974873543,0.2601114905306271,470.5,28.5,0.0,429.0,0.0,0.0,1.0,0.0
06_policy_compliance,10,Low-P-End,0.9179999999999999,0.19909059107303612,0.7874526854219949,2.0,0.0,0.19909059107303612,20.0,6.4,2.209734010696411,,,0.369873046875,0.6018176883459091,0.33,0.3981823116540908,0.19909059107303612,523.8,26.8,0.0,484.0,0.0,0.0,1.0,0.0
06_policy_compliance,10,Low-P-Mid,0.9484375,0.19313850300386542,0.8153846153846154,2.0,0.0,0.19313850300386542,19.125,6.25,2.3353899002075194,,,0.3522705078125,0.6031763140112162,0.33,0.3968236859887838,0.19313850300386542,508.4,25.4,0.0,470.0,0.0,0.0,1.0,0.0
06_policy_compliance,10,Low-T-Beg,0.6924182139699381,0.19503822922706598,0.7750410509031198,2.0,0.0,0.19503822922706598,25.25,8.0,2.310908794403076,,,0.35797119140625,0.6101991198956966,0.33,0.38980088010430336,0.19503822922706598,580.75,33.75,0.0,534.0,0.0,0.0,1.0,0.0
06_policy_compliance,10,Low-T-End,0.589804931910195,0.18750983476638788,0.6720647773279352,2.0,0.0,0.18750983476638788,19.25,4.25,2.249459385871887,,,0.38897705078125,0.5064828880131245,0.33,0.49351711198687553,0.18750983476638788,536.25,25.25,0.0,498.0,0.0,0.0,1.0,0.0
06_policy_compliance,10,Low-T-Mid,0.5548798466755123,0.24512717872858047,0.7575095827804806,2.0,0.0,0.24512717872858047,17.666666666666668,3.3333333333333335,2.226075847943624,,,0.3363037109375,0.5292963186899822,0.33,0.4707036813100179,0.24512717872858047,566.6666666666666,22.666666666666668,0.0,531.0,0.0,0.0,1.0,0.0
06_policy_compliance,10,Medium-N-Beg,0.24450549450549447,0.13852755725383756,0.7249084249084249,2.0,0.0,0.13852755725383756,21.666666666666668,0.0,2.568117380142212,,,0.44140625,0.4432147939999898,0.67,0.5567852060000101,0.13852755725383756,1809.0,29.0,0.0,1767.0,0.0,0.0,1.0,0.0
06_policy_compliance,10,Medium-N-Mid,0.4484126984126984,0.07327681593596937,0.7103174603174602,2.0,0.0,0.07327681593596937,17.0,0.3333333333333333,2.5847442150115967,,,0.43212890625,0.48376665512720746,0.67,0.5162333448727926,0.07327681593596937,1809.3333333333333,20.333333333333332,0.0,1776.0,0.0,0.0,1.0,0.0
06_policy_compliance,10,Medium-P-Beg,0.950419527078566,0.1725557222962379,0.8235596402072374,2.0,0.0,0.1725557222962379,21.0,6.833333333333333,2.7532836198806763,,,0.4133707682291667,0.5998591979344685,0.67,0.40014080206553143,0.1725557222962379,1413.3333333333333,26.333333333333332,0.0,1374.0,0.0,0.0,1.0,0.0
06_policy_compliance,10,Medium-P-End,0.8758041958041959,0.17134761959314343,0.7786013986013987,2.0,0.0,0.17134761959314343,20.4,5.8,2.534005308151245,,,0.394384765625,0.6540231138467789,0.67,0.34597688615322114,0.17134761959314343,1474.4,26.4,0.0,1435.0,0.0,0.0,1.0,0.0
06_policy_compliance,10,Medium-P-Mid,0.8787114845938375,0.1499518871307373,0.8664799253034546,2.0,0.0,0.1499518871307373,22.2,7.0,2.4749990940093993,,,0.34267578125,0.6566223904490471,0.67,0.34337760955095287,0.1499518871307373,1287.8,28.8,0.0,1246.0,0.0,0.0,1.0,0.0
06_policy_compliance,10,Medium-T-Beg,0.8055860805860806,0.16314340382814402,0.8475274725274725,2.0,0.0,0.16314340382814402,19.25,7.25,2.406073570251465,,,0.36199951171875,0.5977734997868538,0.67,0.4022265002131462,0.16314340382814402,1411.5,25.5,0.0,1373.0,0.0,0.0,1.0,0.0
06_policy_compliance,10,Medium-T-End,0.7055643917486023,0.21126340031623836,0.7376373626373627,2.0,0.0,0.21126340031623836,18.6,7.0,2.4930826663970946,,,0.38388671875,0.5594901263713836,0.67,0.44050987362861627,0.21126340031623836,1340.4,24.4,0.0,1303.0,0.0,0.0,1.0,0.0
06_policy_compliance,10,Medium-T-Mid,0.7599635339085467,0.21064084023237226,0.8000811333451998,2.0,0.0,0.21064084023237226,20.333333333333332,7.166666666666667,2.538759430249532,,,0.392822265625,0.5875313207507133,0.67,0.41246867924928665,0.21064084023237226,1507.3333333333333,27.333333333333332,0.0,1467.0,0.0,0.0,1.0,0.0
06_policy_compliance,11,Low-N-Beg,0.8199404761904762,0.2021949373717819,0.6733147804576376,2.0,0.020532099479467884,0.2021949373717819,22.285714285714285,7.0,2.855324463410811,,,0.45878462357954547,0.47178572145375336,0.33,0.5282142785462466,0.2021949373717819,706.9090909090909,33.90909090909091,0.0,660.0,0.0,0.0,1.0,0.0
06_policy_compliance,11,Low-N-End,0.3640768588137009,0.496767391761144,0.5979949874686716,2.0,0.053763440860215034,0.496767391761144,29.666666666666668,0.3333333333333333,2.3118321895599365,,,0.3860677083333333,0.3006400863329569,0.33,0.6993599136670431,0.496767391761144,692.0,34.0,0.0,645.0,0.0,0.0,1.0,0.0
06_policy_compliance,11,Low-N-Mid,0.2868131868131868,0.5000791450341543,0.5712454212454213,2.0,0.0128205128205128,0.5000791450341543,22.0,1.0,2.316795508066813,,,0.4098307291666667,0.4993777970472972,0.33,0.5006222029527029,0.5000791450341543,717.6666666666666,25.666666666666668,0.0,679.0,0.0,0.0,1.0,0.0
06_policy_compliance,11,Low-P-Beg,0.9937888198757765,0.2191788383892604,0.7417423791565668,2.0,0.0,0.2191788383892604,21.0,10.142857142857142,2.4862940652029857,,,0.39059012276785715,0.4964879325457981,0.33,0.5035120674542019,0.2191788383892604,570.7142857142857,29.714285714285715,0.0,528.0,0.0,0.0,1.0,0.0
06_policy_compliance,11,Low-P-End,0.7955592105263157,0.25630649458616966,0.7728792862838916,2.0,0.006944444444444438,0.25630649458616966,18.25,6.25,2.3372665303094045,,,0.39111328125,0.5310811836804663,0.33,0.46891881631953375,0.25630649458616966,523.2857142857143,25.285714285714285,0.0,485.0,0.0,0.0,1.0,0.0
06_policy_compliance,11,Low-P-Mid,0.9258169934640522,0.28984869188732565,0.6540358334475982,2.0,0.0,0.28984869188732565,17.333333333333332,6.222222222222222,2.3721771240234375,,,0.3720703125,0.5027324027485318,0.33,0.49726759725146824,0.28984869188732565,547.6666666666666,24.666666666666668,0.0,510.0,0.0,0.0,1.0,0.0
06_policy_compliance,11,Low-T-Beg,0.8193935693935693,0.3834672371546427,0.6090964590964592,2.0,0.0462962962962963,0.3834672371546427,18.833333333333332,5.166666666666667,2.5356993277867637,,,0.41748046875,0.5614923511942227,0.33,0.4385076488057772,0.3834672371546427,559.8333333333334,26.833333333333332,0.0,520.0,0.0,0.0,1.0,0.0
06_policy_compliance,11,Low-T-End,0.8016666666666667,0.36355235874652864,0.6604761904761905,2.0,0.0,0.36355235874652864,20.6,5.4,2.168602228164673,,,0.363525390625,0.5274351954460144,0.33,0.4725648045539856,0.36355235874652864,544.6,26.6,0.0,505.0,0.0,0.0,1.0,0.0
06_policy_compliance,11,Low-T-Mid,0.6780898357253037,0.47594196030071806,0.6112584091380407,2.0,0.017142857142857144,0.47594196030071806,20.285714285714285,5.142857142857143,2.388267331653171,,,0.3798285590277778,0.480463402138816,0.33,0.519536597861184,0.47594196030071806,555.2222222222222,28.22222222222222,0.0,514.0,0.0,0.0,1.0,0.0
06_policy_compliance,11,Medium-N-Beg,0.34668047595679174,0.28496114583685994,0.6638953882374935,2.0,0.0048076923076923,0.28496114583685994,18.625,1.125,2.6121813191307917,,,0.4039171006944444,0.617540364464124,0.67,0.382459635535876,0.28496114583685994,2024.6666666666667,22.666666666666668,0.0,1989.0,0.0,0.0,1.0,0.0
06_policy_compliance,11,Medium-N-End,0.3431359195089172,0.1932632997632026,0.7521475790926592,2.0,0.0,0.1932632997632026,21.0,1.0,2.3668408393859863,,,0.43365478515625,0.5283652171492577,0.67,0.47163478285074234,0.1932632997632026,1863.25,29.25,0.0,1821.0,0.0,0.0,1.0,0.0
06_policy_compliance,11,Medium-N-Mid,0.8994733377221856,0.10022885033062524,0.7913160859877449,2.0,0.0,0.10022885033062524,21.857142857142858,8.714285714285714,3.0486152512686595,,,0.46494838169642855,0.5712447272879737,0.6700000000000002,0.42875527271202635,0.10022885033062524,1960.2857142857142,39.285714285714285,0.0,1908.0,0.0,0.0,1.0,0.0
06_policy_compliance,11,Medium-P-Beg,0.7400092622861502,0.3533305320888757,0.6189918410155825,2.0,0.027173913043478246,0.3533305320888757,20.25,6.125,2.363138663141351,,,0.3287482010690789,0.5437840654661781,0.67,0.4562159345338219,0.3533305320888757,1336.4736842105262,24.473684210526315,0.0,1299.0,0.0,0.0,1.0,0.0
06_policy_compliance,11,Medium-P-End,0.963635174893756,0.21801375448703764,0.7250116507782411,2.0,0.0,0.21801375448703764,27.6,8.8,2.6493781089782713,,,0.41298828125,0.4871479451656342,0.67,0.5128520548343658,0.21801375448703764,1467.4,37.4,0.0,1417.0,0.0,0.0,1.0,0.0
06_policy_compliance,11,Medium-P-Mid,1.0,0.25586992927959984,0.7541666666666667,2.0,0.0,0.25586992927959984,18.285714285714285,6.714285714285714,2.5964867046901157,,,0.40677315848214285,0.5580528974533081,0.6700000000000002,0.4419471025466919,0.25586992927959984,1372.4285714285713,24.428571428571427,0.0,1335.0,0.0,0.0,1.0,0.0
06_policy_compliance,11,Medium-T-Beg,0.94365323190208,0.3255932416234697,0.7340916294833346,2.0,0.0,0.3255932416234697,18.857142857142858,7.857142857142857,2.676668961842855,,,0.3927951388888889,0.6354764520570084,0.67,0.36452354794299163,0.3255932416234697,1540.5555555555557,31.555555555555557,0.0,1496.0,0.0,0.0,1.0,0.0
06_policy_compliance,11,Medium-T-End,0.8706616541353384,0.2869820430874824,0.6867518796992482,2.0,0.0125,0.2869820430874824,27.4,10.0,2.573734426498413,,,0.41142578125,0.5584262311458588,0.67,0.4415737688541412,0.2869820430874824,1612.8,37.8,0.0,1562.0,0.0,0.0,1.0,0.0
06_policy_compliance,11,Medium-T-Mid,0.9773443223443223,0.23620295311723433,0.7590724751439036,2.0,0.0,0.23620295311723433,20.571428571428573,8.0,2.6885269971994252,,,0.43924654447115385,0.5589900142871417,0.67,0.4410099857128583,0.23620295311723433,1398.3846153846155,30.384615384615383,0.0,1355.0,0.0,0.0,1.0,0.0
06_policy_compliance,12,Low-N-Beg,0.36666666666666664,0.15006003528833387,0.5453703703703704,2.0,0.0,0.15006003528833387,19.666666666666668,1.6666666666666667,2.43862517674764,,,0.4485677083333333,0.6191164056460063,0.33,0.3808835943539937,0.15006003528833387,681.6666666666666,25.666666666666668,0.0,643.0,0.0,0.0,1.0,0.0
06_policy_compliance,12,Low-N-End,0.31,0.15415114909410477,0.605,2.0,0.0,0.15415114909410477,24.5,0.5,2.274596095085144,,,0.3697509765625,0.604653611779213,0.33,0.395346388220787,0.15415114909410477,713.0,29.0,0.0,671.0,0.0,0.0,1.0,0.0
06_policy_compliance,12,Low-N-Mid,0.5152046783625731,0.1032705238709847,0.579093567251462,2.0,0.0,0.1032705238709847,23.666666666666668,1.6666666666666667,2.3167499701182046,,,0.3780110677083333,0.5969938238461812,0.33,0.4030061761538188,0.1032705238709847,649.3333333333334,32.333333333333336,0.0,604.0,0.0,0.0,1.0,0.0
06_policy_compliance,12,Low-P-Beg,0.6833333333333333,0.40893548230330146,0.4107142857142857,2.0,0.024390243902439,0.40893548230330146,29.0,6.0,2.2783965269724527,,,0.3655598958333333,0.4377699494361877,0.33,0.5622300505638123,0.40893548230330146,526.3333333333334,34.333333333333336,0.0,479.0,0.0,0.0,1.0,0.0
06_policy_compliance,12,Low-P-End,0.885425101214575,0.22452435890833536,0.5147773279352227,2.0,0.0,0.22452435890833536,23.0,7.666666666666667,2.293682734171549,,,0.3939615885416667,0.5239120125770569,0.33,0.4760879874229431,0.22452435890833536,562.3333333333334,28.333333333333332,0.0,521.0,0.0,0.0,1.0,0.0
06_policy_compliance,12,Low-P-Mid,0.8793135011441647,0.2238698489964008,0.5660183066361556,2.0,0.0,0.2238698489964008,24.25,8.5,2.373739242553711,,,0.41412353515625,0.502845399081707,0.33,0.497154600918293,0.2238698489964008,524.0,30.0,0.0,481.0,0.0,0.0,1.0,0.0
06_policy_compliance,12,Low-T-Beg,0.7414750644727761,0.2960883751511574,0.5596406475125011,2.0,0.044117647058823525,0.2960883751511574,21.428571428571427,4.857142857142857,2.4494291808870106,,,0.3902723524305556,0.5814210093683667,0.33,0.41857899063163334,0.2960883751511574,532.5555555555555,30.555555555555557,0.0,489.0,0.0,0.0,1.0,0.0
06_policy_compliance,12,Low-T-End,0.5285714285714286,0.11505298316478725,0.5476190476190476,2.0,0.0,0.11505298316478725,19.0,3.5,2.2951420545578003,,,0.3968505859375,0.5607150942087173,0.33,0.43928490579128265,0.11505298316478725,530.0,22.0,0.0,495.0,0.0,0.0,1.0,0.0
06_policy_compliance,12,Low-T-Mid,0.6428571428571428,0.1153004840016365,0.5238095238095237,2.0,0.0,0.1153004840016365,19.0,5.5,2.189228653907776,,,0.3631591796875,0.5628053098917007,0.33,0.43719469010829926,0.1153004840016365,556.5,22.5,0.0,521.0,0.0,0.0,1.0,0.0
06_policy_compliance,12,Medium-N-Beg,0.40058479532163743,0.19003607332706446,0.4727095516569201,2.0,0.0,0.19003607332706446,19.0,0.3333333333333333,2.6498734951019287,,,0.4427897135416667,0.5102853874365489,0.67,0.4897146125634511,0.19003607332706446,1835.6666666666667,23.666666666666668,0.0,1799.0,0.0,0.0,1.0,0.0
06_policy_compliance,12,Medium-N-End,0.3,0.09693628177046769,0.5125,2.0,0.0,0.09693628177046769,19.0,1.0,2.6208561658859253,,,0.4161376953125,0.5324437767267227,0.67,0.4675562232732773,0.09693628177046769,1944.0,22.0,0.0,1909.0,0.0,0.0,1.0,0.0
06_policy_compliance,12,Medium-N-Mid,0.4605263157894737,0.15419123321771622,0.5637651821862348,2.0,0.0,0.15419123321771622,25.5,0.5,2.5894317626953125,,,0.4178466796875,0.5478099286556244,0.67,0.4521900713443756,0.15419123321771622,1812.0,29.0,0.0,1770.0,0.0,0.0,1.0,0.0
06_policy_compliance,12,Medium-P-Beg,0.9520515095670375,0.1440844940287726,0.6345976383864582,2.0,0.0,0.1440844940287726,20.857142857142858,8.714285714285714,2.597762107849121,,,0.39358956473214285,0.6143453759806496,0.6700000000000002,0.3856546240193503,0.1440844940287726,1504.4285714285713,26.428571428571427,0.0,1465.0,0.0,0.0,1.0,0.0
06_policy_compliance,12,Medium-P-End,0.977249200075287,0.16851869132369754,0.6260853880419098,2.0,0.0,0.16851869132369754,18.75,7.0,2.683160596423679,,,0.39306640625,0.6399162924951978,0.67,0.3600837075048023,0.16851869132369754,1299.6666666666667,26.666666666666668,0.0,1260.0,0.0,0.0,1.0,0.0
06_policy_compliance,12,Medium-P-Mid,0.9903846153846154,0.19963268563151357,0.6142815517815517,2.0,0.0,0.19963268563151357,19.375,7.375,2.719772736231486,,,0.3828667534722222,0.6095967027876112,0.67,0.39040329721238876,0.19963268563151357,1410.3333333333333,27.333333333333332,0.0,1370.0,0.0,0.0,1.0,0.0
06_policy_compliance,12,Medium-T-Beg,0.6898385565052232,0.644858181476593,0.21813865147198477,2.0,0.17405582922824298,0.644858181476593,24.333333333333332,5.333333333333333,2.298819144566854,,,0.3783365885416667,0.3939363360404968,0.67,0.6060636639595032,0.644858181476593,1410.3333333333333,29.333333333333332,0.0,1368.0,0.0,0.0,1.0,0.0
06_policy_compliance,12,Medium-T-End,0.7636580086580087,0.30989937111735344,0.5406709956709956,2.0,0.0,0.30989937111735344,22.25,6.25,2.3960350751876835,,,0.41455078125,0.5615660026669502,0.67,0.4384339973330498,0.30989937111735344,1343.0,28.0,0.0,1302.0,0.0,0.0,1.0,0.0
06_policy_compliance,12,Medium-T-Mid,0.8538706695885696,0.2659775639573733,0.6573018824125718,2.0,0.0,0.2659775639573733,24.5,7.833333333333333,2.486808697382609,,,0.3966471354166667,0.5573519584205415,0.67,0.4426480415794585,0.2659775639573733,1404.6666666666667,30.666666666666668,0.0,1361.0,0.0,0.0,1.0,0.0
06_policy_compliance,13,Low-N-Beg,0.23983872725291486,0.29925212760766345,0.5997602702408193,2.0,0.0,0.29925212760766345,19.333333333333332,0.6666666666666666,2.3270187377929688,,,0.411376953125,0.5850932598114014,0.33,0.41490674018859863,0.29925212760766345,773.6666666666666,21.666666666666668,0.0,739.0,0.0,0.0,1.0,0.0
06_policy_compliance,13,Low-N-End,0.1894047619047619,0.20216806828975675,0.6877380952380951,2.0,0.0,0.20216806828975675,19.0,0.0,2.2441518306732178,,,0.38232421875,0.5704959332942963,0.33,0.42950406670570374,0.20216806828975675,748.4,25.4,0.0,710.0,0.0,0.0,1.0,0.0
06_policy_compliance,13,Low-N-Mid,0.2650326797385621,0.16994557778040564,0.4464052287581699,2.0,0.0,0.16994557778040564,14.666666666666666,0.3333333333333333,2.275759776433309,,,0.352294921875,0.5694775482018788,0.33,0.43052245179812115,0.16994557778040564,700.3333333333334,17.333333333333332,0.0,670.0,0.0,0.0,1.0,0.0
06_policy_compliance,13,Low-P-Beg,0.8292219519386702,0.25001098055924686,0.6762356697064792,2.0,0.011595547309833015,0.25001098055924686,20.428571428571427,5.428571428571429,2.2154664312090193,,,0.36819893973214285,0.5948954352310726,0.33,0.4051045647689274,0.25001098055924686,548.1428571428571,26.142857142857142,0.0,509.0,0.0,0.0,1.0,0.0
06_policy_compliance,13,Low-P-End,0.8903635901347572,0.1339969094842672,0.6751266404584483,2.0,0.0,0.1339969094842672,21.2,5.6,2.309415674209595,,,0.401220703125,0.5232111632823944,0.33,0.4767888367176056,0.1339969094842672,546.8,25.8,0.0,508.0,0.0,0.0,1.0,0.0
06_policy_compliance,13,Low-P-Mid,0.7109914938862307,0.21536234890421227,0.6609206096048201,2.0,0.0,0.21536234890421227,23.0,3.6666666666666665,2.0976293484369912,,,0.3134358723958333,0.6540440519650776,0.33,0.3459559480349223,0.21536234890421227,514.5,28.5,0.0,473.0,0.0,0.0,1.0,0.0
06_policy_compliance,13,Low-T-Beg,0.8968253968253967,0.1474907238568578,0.6548596450074282,2.0,0.0,0.1474907238568578,20.857142857142858,7.142857142857143,2.393522228513445,,,0.3501499720982143,0.4756385535001755,0.33,0.5243614464998245,0.1474907238568578,556.5,33.5,0.0,510.0,0.0,0.0,1.0,0.0
06_policy_compliance,13,Low-T-End,0.8082754841066861,0.10612518686269008,0.7726254575056568,2.0,0.0,0.10612518686269008,20.0,5.428571428571429,2.276161453940652,,,0.3600408380681818,0.5192324410785328,0.33,0.48076755892146716,0.10612518686269008,602.0,31.0,0.0,558.0,0.0,0.0,1.0,0.0
06_policy_compliance,13,Low-T-Mid,0.6623075027112294,0.2480448633432388,0.664726412304052,2.0,0.005714285714285714,0.2480448633432388,21.142857142857142,6.714285714285714,2.346959114074707,,,0.3680419921875,0.4601239692419767,0.33,0.5398760307580233,0.2480448633432388,583.5,31.5,0.0,539.0,0.0,0.0,1.0,0.0
06_policy_compliance,13,Medium-N-Beg,0.43162393162393164,0.22629065314928687,0.6158119658119658,2.0,0.0,0.22629065314928687,20.666666666666668,1.3333333333333333,2.5135370095570884,,,0.3671875,0.5527747968832653,0.67,0.4472252031167348,0.22629065314928687,1907.6666666666667,23.666666666666668,0.0,1871.0,0.0,0.0,1.0,0.0
06_policy_compliance,13,Medium-N-End,0.3405555555555555,0.10454838226238887,0.7466666666666667,2.0,0.0,0.10454838226238887,41.666666666666664,3.0,2.767148435115814,,,0.456298828125,0.8323424514383078,0.67,0.1676575485616922,0.10454838226238887,2032.5,26.5,0.0,1993.0,0.0,0.0,1.0,0.0
06_policy_compliance,13,Medium-P-Beg,0.9048214285714286,0.06032038235571234,0.7277835073423309,2.0,0.0,0.06032038235571234,19.25,6.0,2.59564528465271,,,0.385888671875,0.5846891790628433,0.67,0.41531082093715666,0.06032038235571234,1398.6,23.6,0.0,1362.0,0.0,0.0,1.0,0.0
06_policy_compliance,13,Medium-P-End,0.8077793946687625,0.2142322113116582,0.6697848102302125,2.0,0.0,0.2142322113116582,26.5,6.166666666666667,2.559766983985901,,,0.36146240234375,0.6203799709677696,0.67,0.37962002903223035,0.2142322113116582,1423.9,28.9,0.0,1382.0,0.0,0.0,1.0,0.0
06_policy_compliance,13,Medium-P-Mid,0.8684643285231713,0.12542814402175795,0.7569968936047551,2.0,0.0,0.12542814402175795,20.571428571428573,5.285714285714286,2.6024919509887696,,,0.370556640625,0.6963149048388004,0.67,0.3036850951611995,0.12542814402175795,1433.4,28.4,0.0,1392.0,0.0,0.0,1.0,0.0
06_policy_compliance,13,Medium-T-Beg,0.7487356053532525,0.17524775407380525,0.7315814727450435,2.0,0.0,0.17524775407380525,16.22222222222222,5.222222222222222,2.4946437799013577,,,0.36478365384615385,0.493829554090133,0.67,0.5061704459098669,0.17524775407380525,1400.4615384615386,23.46153846153846,0.0,1364.0,0.0,0.0,1.0,0.0
06_policy_compliance,13,Medium-T-End,0.6929026987138942,0.21594505757093427,0.6201902804132406,2.0,0.0,0.21594505757093427,24.166666666666668,5.333333333333333,2.478737552960714,,,0.3656005859375,0.4954136957724889,0.67,0.504586304227511,0.21594505757093427,1688.6666666666667,29.666666666666668,0.0,1646.0,0.0,0.0,1.0,0.0
06_policy_compliance,13,Medium-T-Mid,0.8423952914499132,0.1566419134448681,0.6492997198879552,2.0,0.0,0.1566419134448681,20.571428571428573,5.857142857142857,2.5084766944249473,,,0.3700290256076389,0.5202964088983006,0.67,0.4797035911016994,0.1566419134448681,1443.9444444444443,29.944444444444443,0.0,1401.0,0.0,0.0,1.0,0.0
06_policy_compliance,14,Low-N-Beg,0.23493734335839594,0.415983239809672,0.3702756892230576,2.0,0.0163934426229508,0.415983239809672,22.0,0.0,2.4145747820536294,,,0.4192708333333333,0.4211274683475494,0.33,0.5788725316524506,0.415983239809672,644.6666666666666,25.666666666666668,0.0,606.0,0.0,0.0,1.0,0.0
06_policy_compliance,14,Low-N-End,0.3562881562881562,0.21682686420778435,0.587985347985348,2.0,0.0,0.21682686420778435,21.333333333333332,2.0,2.3656978607177734,,,0.4037272135416667,0.5784286161263783,0.33,0.42157138387362164,0.21682686420778435,628.6666666666666,26.666666666666668,0.0,589.0,0.0,0.0,1.0,0.0
06_policy_compliance,14,Low-N-Mid,0.21590909090909088,0.2974509000778198,0.4727272727272727,2.0,0.0,0.2974509000778198,23.5,0.0,2.309946060180664,,,0.4427490234375,0.4472631216049194,0.33,0.5527368783950806,0.2974509000778198,741.5,27.5,0.0,701.0,0.0,0.0,1.0,0.0
06_policy_compliance,14,Low-P-Beg,0.6276455026455027,0.4475199778874715,0.30886243386243384,2.0,0.022598870056497165,0.4475199778874715,20.666666666666668,3.6666666666666665,2.2952780723571777,,,0.37158203125,0.3984184463818868,0.33,0.6015815536181132,0.4475199778874715,532.6666666666666,23.666666666666668,0.0,496.0,0.0,0.0,1.0,0.0
06_policy_compliance,14,Low-P-End,0.9777777777777779,0.3283312122027079,0.6360280353489182,2.0,0.0,0.3283312122027079,23.5,7.666666666666667,2.609251090458461,,,0.42208426339285715,0.5602908389908927,0.33,0.43970916100910734,0.3283312122027079,548.4285714285714,33.42857142857143,0.0,502.0,0.0,0.0,1.0,0.0
06_policy_compliance,14,Low-P-Mid,0.8659968102073365,0.38017176985740664,0.5456746304801224,2.0,0.0,0.38017176985740664,23.2,8.4,2.4943397521972654,,,0.415380859375,0.5103436350822449,0.33,0.4896563649177551,0.38017176985740664,542.2,28.2,0.0,501.0,0.0,0.0,1.0,0.0
06_policy_compliance,14,Low-T-Beg,0.5878787878787879,0.28535162905851996,0.5424242424242425,2.0,0.0,0.28535162905851996,24.0,5.666666666666667,2.3393046061197915,,,0.3621419270833333,0.4868939022223154,0.33,0.5131060977776846,0.28535162905851996,572.6666666666666,29.666666666666668,0.0,530.0,0.0,0.0,1.0,0.0
06_policy_compliance,14,Low-T-End,0.5788461538461538,0.3016202747821808,0.40694444444444444,2.0,0.0,0.3016202747821808,16.333333333333332,3.0,2.2685503164927163,,,0.361572265625,0.5084733366966248,0.33,0.49152666330337524,0.3016202747821808,569.0,20.0,0.0,536.0,0.0,0.0,1.0,0.0
06_policy_compliance,14,Low-T-Mid,0.669854073622456,0.3627163525670767,0.6192049678262914,2.0,0.0081967213114754,0.3627163525670767,19.0,5.625,2.3382362885908647,,,0.37132679332386365,0.5599779256365516,0.33,0.4400220743634484,0.3627163525670767,560.4545454545455,24.454545454545453,0.0,523.0,0.0,0.0,1.0,0.0
06_policy_compliance,14,Medium-N-Beg,0.34047619047619043,0.305577740073204,0.4392857142857143,2.0,0.0,0.305577740073204,21.5,1.0,2.699705123901367,,,0.4375,0.5172756016254425,0.67,0.4827243983745575,0.305577740073204,1858.0,25.0,0.0,1820.0,0.0,0.0,1.0,0.0
06_policy_compliance,14,Medium-N-End,0.303030303030303,0.1944273846844832,0.4978354978354978,2.0,0.0,0.1944273846844832,18.333333333333332,0.3333333333333333,2.587635358174642,,,0.4217122395833333,0.4976843595504761,0.67,0.5023156404495239,0.1944273846844832,1877.3333333333333,22.333333333333332,0.0,1842.0,0.0,0.0,1.0,0.0
06_policy_compliance,14,Medium-N-Mid,0.4040472599296129,0.21916039567440748,0.4406862745098039,2.0,0.0,0.21916039567440748,16.5,1.25,2.7231943011283875,,,0.43084716796875,0.4733536317944526,0.67,0.5266463682055473,0.21916039567440748,1869.5,19.5,0.0,1837.0,0.0,0.0,1.0,0.0
06_policy_compliance,14,Medium-P-Beg,0.8766268592677345,0.3734947592020035,0.5296052631578947,2.0,0.0,0.3734947592020035,25.75,9.25,2.5920982360839844,,,0.37506103515625,0.478252075612545,0.67,0.521747924387455,0.3734947592020035,1455.75,32.75,0.0,1410.0,0.0,0.0,1.0,0.0
06_policy_compliance,14,Medium-P-End,0.96875,0.24014885793440038,0.6127654054916986,2.0,0.0,0.24014885793440038,19.25,7.0,2.8488825692070856,,,0.4405653211805556,0.5759640451934602,0.67,0.42403595480653977,0.24014885793440038,1532.111111111111,28.11111111111111,0.0,1491.0,0.0,0.0,1.0,0.0
06_policy_compliance,14,Medium-P-Mid,0.9739733950260268,0.26663330410208014,0.676483140055865,2.0,0.0,0.26663330410208014,20.857142857142858,7.571428571428571,2.826540803909302,,,0.4196533203125,0.5508143469691277,0.67,0.4491856530308723,0.26663330410208014,1481.7,28.7,0.0,1440.0,0.0,0.0,1.0,0.0
06_policy_compliance,14,Medium-T-Beg,0.7722832722832723,0.286244735121727,0.3888888888888889,2.0,0.0,0.286244735121727,13.0,5.0,2.6453560988108316,,,0.3958333333333333,0.5052407284577687,0.67,0.49475927154223126,0.286244735121727,1396.0,16.0,0.0,1367.0,0.0,0.0,1.0,0.0
06_policy_compliance,14,Medium-T-End,0.670995670995671,0.2714841316143672,0.4285714285714286,2.0,0.0,0.2714841316143672,13.333333333333334,4.0,2.6023964881896973,,,0.3819173177083333,0.5388611952463787,0.67,0.4611388047536214,0.2714841316143672,1481.6666666666667,17.666666666666668,0.0,1451.0,0.0,0.0,1.0,0.0
06_policy_compliance,14,Medium-T-Mid,0.7670329670329671,0.2851274112860362,0.39999999999999997,2.0,0.0,0.2851274112860362,18.666666666666668,4.0,2.539503812789917,,,0.369384765625,0.4809148013591765,0.67,0.5190851986408234,0.2851274112860362,1469.3333333333333,22.333333333333332,0.0,1434.0,0.0,0.0,1.0,0.0
06_policy_compliance,15,Low-N-Beg,0.25427350427350426,0.1597242951393127,0.5192307692307692,2.0,0.0,0.1597242951393127,17.0,0.5,2.4460800886154175,,,0.408935546875,0.5064641684293747,0.33,0.4935358315706253,0.1597242951393127,733.5,19.5,0.0,701.0,0.0,0.0,1.0,0.0
06_policy_compliance,15,Low-N-End,0.3021786492374728,0.15258694688479102,0.596078431372549,2.0,0.0,0.15258694688479102,16.333333333333332,0.3333333333333333,2.279651959737142,,,0.3313802083333333,0.5457496841748555,0.33,0.45425031582514447,0.15258694688479102,684.0,19.0,0.0,652.0,0.0,0.0,1.0,0.0
06_policy_compliance,15,Low-N-Mid,0.29444444444444445,0.15693891048431394,0.5904761904761905,2.0,0.0,0.15693891048431394,21.333333333333332,0.0,2.275117794672648,,,0.383056640625,0.5062344968318939,0.33,0.4937655031681061,0.15693891048431394,744.3333333333334,24.333333333333332,0.0,707.0,0.0,0.0,1.0,0.0
06_policy_compliance,15,Low-P-Beg,0.8629232394712271,0.18665239587426186,0.5842486117253919,2.0,0.0,0.18665239587426186,19.25,5.0,2.302773118019104,,,0.4024658203125,0.4984028041362762,0.33,0.5015971958637238,0.18665239587426186,519.0,23.0,0.0,483.0,0.0,0.0,1.0,0.0
06_policy_compliance,15,Low-P-End,0.8699425695077869,0.18407055437564845,0.6418322579192144,2.0,0.0,0.18407055437564845,23.4,6.2,2.2544973850250245,,,0.3607421875,0.5657615423202514,0.33,0.43423845767974856,0.18407055437564845,506.2,29.2,0.0,464.0,0.0,0.0,1.0,0.0
06_policy_compliance,15,Low-P-Mid,0.958843537414966,0.181539882506643,0.6304971219256934,2.0,0.0,0.181539882506643,22.0,7.571428571428571,2.4050512611865997,,,0.39764404296875,0.5324959754943848,0.33,0.46750402450561523,0.181539882506643,530.0,29.0,0.0,488.0,0.0,0.0,1.0,0.0
06_policy_compliance,15,Low-T-Beg,0.6339869281045751,0.19103394448757166,0.5441176470588236,2.0,0.0,0.19103394448757166,19.0,6.0,2.1281150579452515,,,0.376953125,0.4815788567066192,0.33,0.5184211432933807,0.19103394448757166,532.5,21.5,0.0,498.0,0.0,0.0,1.0,0.0
06_policy_compliance,15,Low-T-End,0.6527777777777778,0.1910675764083862,0.5625,2.0,0.0,0.1910675764083862,18.5,4.5,2.1997536420822144,,,0.3597412109375,0.4966514855623245,0.33,0.5033485144376755,0.1910675764083862,490.5,21.5,0.0,456.0,0.0,0.0,1.0,0.0
06_policy_compliance,15,Low-T-Mid,0.6130030959752322,0.18559172749519343,0.5309597523219813,2.0,0.0,0.18559172749519343,21.5,4.5,2.2886329889297485,,,0.4049072265625,0.504128634929657,0.33,0.495871365070343,0.18559172749519343,515.0,24.0,0.0,478.0,0.0,0.0,1.0,0.0
06_policy_compliance,15,Medium-N-Beg,0.2797435897435897,0.18621670703093207,0.5637820512820513,2.0,0.0,0.18621670703093207,24.333333333333332,0.0,2.612649440765381,,,0.4095052083333333,0.5064315795898438,0.67,0.49356842041015625,0.18621670703093207,2048.0,13.0,0.0,2022.0,0.0,0.0,1.0,0.0
06_policy_compliance,15,Medium-N-Mid,0.475,0.19307609274983406,0.5610164141414141,2.0,0.0,0.19307609274983406,20.25,1.5,2.4667407870292664,,,0.4102783203125,0.6137537658214569,0.67,0.3862462341785431,0.19307609274983406,1643.0,25.0,0.0,1605.0,0.0,0.0,1.0,0.0
06_policy_compliance,15,Medium-P-Beg,0.9416666666666668,0.2051353126764297,0.64375,2.0,0.0,0.2051353126764297,25.0,8.6,2.692893218994141,,,0.398681640625,0.5630642533302307,0.67,0.4369357466697693,0.2051353126764297,1422.2,34.2,0.0,1375.0,0.0,0.0,1.0,0.0
06_policy_compliance,15,Medium-P-End,0.8686274509803922,0.1711343191564083,0.6014705882352942,2.0,0.0,0.1711343191564083,25.5,7.25,2.526004135608673,,,0.366943359375,0.4784568101167679,0.67,0.5215431898832321,0.1711343191564083,1340.75,28.75,0.0,1299.0,0.0,0.0,1.0,0.0
06_policy_compliance,15,Medium-P-Mid,0.9307385602591659,0.2157319635152816,0.6093355761143818,2.0,0.0,0.2157319635152816,34.0,10.333333333333334,2.633934656778971,,,0.4051106770833333,0.5054012636343639,0.67,0.49459873636563617,0.2157319635152816,1478.6666666666667,42.666666666666664,0.0,1423.0,0.0,0.0,1.0,0.0
06_policy_compliance,15,Medium-T-Beg,0.5347222222222222,0.19425075501203531,0.53125,2.0,0.0,0.19425075501203531,18.5,4.5,2.4557448625564575,,,0.36669921875,0.4764428436756134,0.67,0.5235571563243866,0.19425075501203531,1451.5,21.5,0.0,1417.0,0.0,0.0,1.0,0.0
06_policy_compliance,15,Medium-T-End,0.781986531986532,0.16912236064672467,0.5328282828282828,2.0,0.0,0.16912236064672467,17.666666666666668,6.333333333333333,2.5580296516418457,,,0.3844401041666667,0.6055628756682079,0.67,0.3944371243317922,0.16912236064672467,1395.6666666666667,21.666666666666668,0.0,1361.0,0.0,0.0,1.0,0.0
06_policy_compliance,15,Medium-T-Mid,0.8276704545454545,0.245955616235733,0.5373295454545455,2.0,0.0,0.245955616235733,21.0,6.25,2.572972357273102,,,0.40545654296875,0.4954185560345649,0.67,0.504581443965435,0.245955616235733,1459.75,23.75,0.0,1423.0,0.0,0.0,1.0,0.0
06_policy_compliance,16,Low-N-Beg,0.35462962962962963,-0.018828931575020167,0.7296296296296297,2.0,0.0,-0.018828931575020167,25.0,0.3333333333333333,2.258671601613363,,,0.34423828125,0.6300021111965179,0.33,0.36999788880348206,-0.018828931575020167,728.3333333333334,31.333333333333332,0.0,684.0,0.0,0.0,1.0,0.0
06_policy_compliance,16,Low-N-End,0.277485380116959,-0.049257069205244336,0.704093567251462,2.0,0.0,-0.049257069205244336,26.0,0.0,2.3859147230784097,,,0.3788248697916667,0.6819643477598827,0.33,0.3180356522401174,-0.049257069205244336,704.6666666666666,30.666666666666668,0.0,661.0,0.0,0.0,1.0,0.0
06_policy_compliance,16,Low-N-Mid,0.29478021978021973,0.04843689315021035,0.676510989010989,2.0,0.0,0.04843689315021035,21.75,0.0,2.4197598695755005,,,0.39093017578125,0.6442829445004463,0.33,0.3557170554995536,0.04843689315021035,769.0,26.0,0.0,730.0,0.0,0.0,1.0,0.0
06_policy_compliance,16,Low-P-Beg,0.9833333333333333,0.007827391227086384,0.8110569985569985,2.0,0.0,0.007827391227086384,24.333333333333332,10.5,2.5606238501412526,,,0.39857700892857145,0.6156792768410274,0.33,0.3843207231589726,0.007827391227086384,533.4285714285714,36.42857142857143,0.0,484.0,0.0,0.0,1.0,0.0
06_policy_compliance,16,Low-P-End,1.0,-0.010293674189597351,0.8674189814814816,2.0,0.0,-0.010293674189597351,21.5,6.5,2.593687057495117,,,0.4071451822916667,0.6533274352550507,0.33,0.34667256474494934,-0.010293674189597351,479.3333333333333,37.333333333333336,0.0,429.0,0.0,0.0,1.0,0.0
06_policy_compliance,16,Low-P-Mid,0.9907407407407408,0.006880478933453552,0.8023924545663677,2.0,0.0,0.006880478933453552,25.666666666666668,9.666666666666666,2.426863431930542,,,0.39076450892857145,0.6541086552398545,0.33,0.34589134476014544,0.006880478933453552,525.2857142857143,35.285714285714285,0.0,477.0,0.0,0.0,1.0,0.0
06_policy_compliance,16,Low-T-Beg,0.8626984126984127,0.05083764654894668,0.7574074074074074,2.0,0.0,0.05083764654894668,23.0,9.166666666666666,2.451530933380127,,,0.3930392795138889,0.746284467478593,0.33,0.2537155325214068,0.05083764654894668,538.2222222222222,36.22222222222222,0.0,489.0,0.0,0.0,1.0,0.0
06_policy_compliance,16,Low-T-End,0.8463622291021672,0.036316728394012884,0.7743983119563614,2.0,0.0,0.036316728394012884,18.25,6.625,2.302019794782003,,,0.3634033203125,0.7153116880605618,0.33,0.28468831193943817,0.036316728394012884,556.4166666666666,28.416666666666668,0.0,515.0,0.0,0.0,1.0,0.0
06_policy_compliance,16,Low-T-Mid,0.8973625730994153,0.05808955058455464,0.7601091617933723,2.0,0.0,0.05808955058455464,29.2,12.2,2.2691391468048097,,,0.348095703125,0.7375470072031021,0.33,0.2624529927968978,0.05808955058455464,608.0,41.0,0.0,554.0,0.0,0.0,1.0,0.0
06_policy_compliance,16,Medium-N-Beg,0.3229548229548229,0.03286427135268847,0.6227106227106227,2.0,0.0,0.03286427135268847,26.0,0.3333333333333333,2.505437135696411,,,0.36572265625,0.57377024491628,0.67,0.42622975508371985,0.03286427135268847,1703.3333333333333,28.333333333333332,0.0,1662.0,0.0,0.0,1.0,0.0
06_policy_compliance,16,Medium-N-End,0.3939799331103679,0.051920043304562555,0.6684364548494983,2.0,0.0,0.051920043304562555,22.25,1.25,2.735093653202057,,,0.423583984375,0.6019274368882179,0.67,0.3980725631117821,0.051920043304562555,1953.0,27.0,0.0,1913.0,0.0,0.0,1.0,0.0
06_policy_compliance,16,Medium-N-Mid,0.4267816742081448,0.04698870237916705,0.6308352187028657,2.0,0.0,0.04698870237916705,23.5,1.25,2.743478238582611,,,0.43231201171875,0.5593257024884224,0.67,0.4406742975115776,0.04698870237916705,1842.0,28.0,0.0,1801.0,0.0,0.0,1.0,0.0
06_policy_compliance,16,Medium-P-Beg,1.0,-0.013004899690193817,0.7426737531837239,2.0,0.0,-0.013004899690193817,22.142857142857142,7.428571428571429,2.756230890750885,,,0.418060302734375,0.6613521408289671,0.67,0.3386478591710329,-0.013004899690193817,1390.75,28.75,0.0,1349.0,0.0,0.0,1.0,0.0
06_policy_compliance,16,Medium-P-End,1.0,0.052716340869665125,0.7551948051948052,2.0,0.0,0.052716340869665125,24.5,10.25,2.67189222574234,,,0.38983154296875,0.6003951355814934,0.67,0.3996048644185066,0.052716340869665125,1262.5,29.5,0.0,1220.0,0.0,0.0,1.0,0.0
06_policy_compliance,16,Medium-P-Mid,0.9935064935064936,0.04376004050884928,0.8181090960696223,2.0,0.0,0.04376004050884928,21.428571428571427,9.285714285714286,2.678562045097351,,,0.4112548828125,0.6292497832328081,0.67,0.3707502167671919,0.04376004050884928,1342.625,28.625,0.0,1301.0,0.0,0.0,1.0,0.0
06_policy_compliance,16,Medium-T-Beg,0.9748366013071895,-0.010552559979259966,0.7611742603643711,2.0,0.0,-0.010552559979259966,23.833333333333332,9.5,2.489271640777588,,,0.36163330078125,0.7245514406822622,0.67,0.27544855931773776,-0.010552559979259966,1601.625,33.625,0.0,1555.0,0.0,0.0,1.0,0.0
06_policy_compliance,16,Medium-T-End,0.9680357142857143,0.03816958405077454,0.766765010351967,2.0,0.0,0.03816958405077454,28.4,11.2,2.708516788482666,,,0.416015625,0.7709329798817635,0.67,0.22906702011823651,0.03816958405077454,1612.6,39.6,0.0,1560.0,0.0,0.0,1.0,0.0
06_policy_compliance,16,Medium-T-Mid,0.955592105263158,0.03671866003423922,0.7651072124756335,2.0,0.0,0.03671866003423922,25.5,9.0,2.658140480518341,,,0.426513671875,0.803083885461092,0.67,0.19691611453890798,0.03671866003423922,1577.5,36.5,0.0,1528.0,0.0,0.0,1.0,0.0
06_policy_compliance,17,Low-N-Beg,0.24553376906318083,0.11871262143055593,0.6638344226579521,2.0,0.0,0.11871262143055593,16.333333333333332,0.0,2.371384779612223,,,0.367431640625,0.5364082952340443,0.33,0.4635917047659556,0.11871262143055593,682.0,19.0,0.0,650.0,0.0,0.0,1.0,0.0
06_policy_compliance,17,Low-N-End,0.25832227627893256,0.11925536319613451,0.6996609169983783,2.0,0.0,0.11925536319613451,22.0,0.0,2.1700297832489013,,,0.3525390625,0.5349789083003997,0.33,0.46502109169960015,0.11925536319613451,795.6,28.6,0.0,754.0,0.0,0.0,1.0,0.0
06_policy_compliance,17,Low-N-Mid,0.22188704541645715,0.10004351288080213,0.6715267303502599,2.0,0.0,0.10004351288080213,17.333333333333332,0.6666666666666666,2.213926315307617,,,0.3822428385416667,0.5082770586013794,0.33,0.4917229413986206,0.10004351288080213,699.0,22.0,0.0,664.0,0.0,0.0,1.0,0.0
06_policy_compliance,17,Low-P-Beg,0.9734848484848484,0.1488483510911464,0.725667735042735,2.0,0.0,0.1488483510911464,19.375,6.625,2.4913376331329347,,,0.410546875,0.6088521093130111,0.33,0.39114789068698885,0.1488483510911464,539.9,26.9,0.0,500.0,0.0,0.0,1.0,0.0
06_policy_compliance,17,Low-P-End,0.9210526315789473,0.1391656175255775,0.6291162397973543,2.0,0.0,0.1391656175255775,22.0,5.25,2.118945002555847,,,0.33154296875,0.4922276884317398,0.33,0.5077723115682602,0.1391656175255775,539.25,26.25,0.0,500.0,0.0,0.0,1.0,0.0
06_policy_compliance,17,Low-P-Mid,0.8225316350316351,0.25756547706467764,0.5860318253175396,2.0,0.044444444444444446,0.25756547706467764,22.0,5.0,2.162464290857315,,,0.337615966796875,0.5086461827158928,0.33,0.4913538172841072,0.25756547706467764,490.5,24.5,0.0,453.0,0.0,0.0,1.0,0.0
06_policy_compliance,17,Low-T-Beg,0.6743421052631579,0.08429139852523801,0.5542763157894737,2.0,0.0,0.08429139852523801,18.5,5.5,2.230855941772461,,,0.40869140625,0.4666101336479187,0.33,0.5333898663520813,0.08429139852523801,525.5,21.5,0.0,491.0,0.0,0.0,1.0,0.0
06_policy_compliance,17,Low-T-End,0.6013071895424837,0.08298969268798825,0.5457516339869282,2.0,0.0,0.08298969268798825,19.0,3.5,2.244362235069275,,,0.40673828125,0.4589348137378692,0.33,0.5410651862621307,0.08298969268798825,517.0,22.0,0.0,482.0,0.0,0.0,1.0,0.0
06_policy_compliance,17,Low-T-Mid,0.7587719298245614,0.10404511168599125,0.5160818713450293,2.0,0.0,0.10404511168599125,21.5,5.0,2.301358461380005,,,0.3846435546875,0.4526591897010803,0.33,0.5473408102989197,0.10404511168599125,505.0,24.0,0.0,468.0,0.0,0.0,1.0,0.0
06_policy_compliance,17,Medium-N-Beg,0.35279880302763594,0.6340378969907761,0.21624713958810066,2.0,0.0801874823601623,0.6340378969907761,20.5,1.0,2.5209885239601135,,,0.42230224609375,0.35154989361763,0.67,0.64845010638237,0.6340378969907761,1852.75,26.75,0.0,1813.0,0.0,0.0,1.0,0.0
06_policy_compliance,17,Medium-P-Beg,0.9690893901420218,0.13006023503839964,0.7085598977046345,2.0,0.0,0.13006023503839964,21.857142857142858,7.0,2.6014906300438776,,,0.3996039496527778,0.5198126071029239,0.67,0.48018739289707607,0.13006023503839964,1422.111111111111,29.11111111111111,0.0,1380.0,0.0,0.0,1.0,0.0
06_policy_compliance,17,Medium-P-End,0.9501633986928104,0.1314713098108768,0.7489723082215342,2.0,0.0,0.1314713098108768,18.5,6.5,2.714590811729431,,,0.406640625,0.5656851589679718,0.67,0.4343148410320282,0.1314713098108768,1411.2,26.2,0.0,1372.0,0.0,0.0,1.0,0.0
06_policy_compliance,17,Medium-P-Mid,0.98125,0.12694961391389364,0.7076666083099906,2.0,0.0,0.12694961391389364,19.25,7.375,2.712648332118988,,,0.4134521484375,0.5357296876609325,0.67,0.46427031233906746,0.12694961391389364,1343.625,25.625,0.0,1305.0,0.0,0.0,1.0,0.0
06_policy_compliance,17,Medium-T-Beg,0.791951566951567,0.44618722299734753,0.5961792836792836,2.0,0.028932871515751267,0.44618722299734753,24.666666666666668,6.833333333333333,2.560380770609929,,,0.3991135817307692,0.41143073256199175,0.67,0.5885692674380082,0.44618722299734753,1334.6153846153845,33.61538461538461,0.0,1288.0,0.0,0.0,1.0,0.0
06_policy_compliance,17,Medium-T-End,0.961304347826087,0.20113130062818524,0.7771128161409492,2.0,0.0,0.20113130062818524,19.2,7.8,2.626477766036987,,,0.40400390625,0.4469152092933655,0.67,0.5530847907066345,0.20113130062818524,1649.2,27.2,0.0,1609.0,0.0,0.0,1.0,0.0
06_policy_compliance,17,Medium-T-Mid,0.832418414918415,0.19019061774015422,0.5927738927738928,2.0,0.0,0.19019061774015422,15.4,5.6,2.558737564086914,,,0.385791015625,0.5242490530014038,0.67,0.4757509469985962,0.19019061774015422,1363.6,18.6,0.0,1332.0,0.0,0.0,1.0,0.0
06_policy_compliance,18,High-P-Mid,0.9010242195795735,0.32534688115119936,0.6479494371327402,2.0,0.0,0.32534688115119936,30.4,7.6,2.473139762878418,,,0.3626953125,0.4875384956598282,1.0,0.5124615043401718,0.32534688115119936,2044.4,32.4,0.0,1999.0,0.0,0.0,1.0,0.0
06_policy_compliance,18,Low-N-Beg,0.2409090909090909,0.2150328159332275,0.5227272727272727,2.0,0.0,0.2150328159332275,22.5,0.0,2.269512414932251,,,0.3804931640625,0.7382832989096642,0.33,0.2617167010903358,0.2150328159332275,773.0,26.0,0.0,734.0,0.0,0.0,1.0,0.0
06_policy_compliance,18,Low-N-End,0.2869281045751634,0.19264655311902362,0.6215686274509804,2.0,0.0,0.19264655311902362,18.666666666666668,0.6666666666666666,2.3846112887064614,,,0.4125162760416667,0.6098831444978714,0.33,0.39011685550212855,0.19264655311902362,729.0,22.0,0.0,694.0,0.0,0.0,1.0,0.0
06_policy_compliance,18,Low-N-Mid,0.21666666666666665,0.16194930672645566,0.55,2.0,0.0,0.16194930672645566,19.0,0.0,2.3921356201171875,,,0.3966064453125,0.66385368257761,0.33,0.33614631742239,0.16194930672645566,749.5,22.5,0.0,714.0,0.0,0.0,1.0,0.0
06_policy_compliance,18,Low-P-Beg,0.9555555555555555,0.35321076586842537,0.7499608425094695,2.0,0.0,0.35321076586842537,19.625,8.125,2.4300288558006287,,,0.392913818359375,0.5939949247986078,0.33,0.4060050752013921,0.35321076586842537,549.125,27.125,0.0,509.0,0.0,0.0,1.0,0.0
06_policy_compliance,18,Low-P-End,0.7570299432368398,0.48069289326667786,0.5508805370874336,2.0,0.08648648648648648,0.48069289326667786,27.0,6.2,2.0038649320602415,,,0.273876953125,0.5244195938110352,0.33,0.47558040618896485,0.48069289326667786,518.0,33.0,0.0,472.0,0.0,0.0,1.0,0.0
06_policy_compliance,18,Low-P-Mid,0.9467927631578947,0.2854291899129748,0.6670317097090552,2.0,0.0,0.2854291899129748,19.125,7.0,2.341018557548523,,,0.37274169921875,0.552835263311863,0.33,0.44716473668813705,0.2854291899129748,474.625,28.625,0.0,433.0,0.0,0.0,1.0,0.0
06_policy_compliance,18,Low-T-Beg,0.7261104441776711,0.5404814396585736,0.4411497932506335,2.0,0.03896103896103896,0.5404814396585736,22.285714285714285,5.571428571428571,1.9571174681186676,,,0.31121826171875,0.4248867016285658,0.33,0.5751132983714342,0.5404814396585736,486.5,29.5,0.0,444.0,0.0,0.0,1.0,0.0
06_policy_compliance,18,Low-T-End,0.6571428571428571,0.209596112370491,0.5119047619047619,2.0,0.0,0.209596112370491,22.0,3.5,2.313674211502075,,,0.42578125,0.7084035500884056,0.33,0.29159644991159434,0.209596112370491,554.0,26.0,0.0,515.0,0.0,0.0,1.0,0.0
06_policy_compliance,18,Low-T-Mid,0.5619164332399627,0.24521232644716895,0.6390639589169002,2.0,0.0,0.24521232644716895,19.333333333333332,3.6666666666666665,2.20030943552653,,,0.368896484375,0.5827631851037343,0.33,0.41723681489626563,0.24521232644716895,552.3333333333334,22.333333333333332,0.0,517.0,0.0,0.0,1.0,0.0
06_policy_compliance,18,Medium-N-Beg,0.39166666666666666,0.1828547567129135,0.5357142857142857,2.0,0.0,0.1828547567129135,22.0,0.5,2.6476787328720093,,,0.4234619140625,0.7371419444680214,0.67,0.26285805553197855,0.1828547567129135,1832.0,26.0,0.0,1793.0,0.0,0.0,1.0,0.0
06_policy_compliance,18,Medium-N-End,0.4626934984520124,0.1942686835924784,0.6630546955624355,2.0,0.0,0.1942686835924784,20.0,0.6666666666666666,2.410758892695109,,,0.41162109375,0.5721196979284286,0.67,0.42788030207157135,0.1942686835924784,2025.3333333333333,24.333333333333332,0.0,1988.0,0.0,0.0,1.0,0.0
06_policy_compliance,18,Medium-N-Mid,0.238095238095238,0.7375061511993408,0.1666666666666666,2.0,0.5128205128205128,0.7375061511993408,50.0,0.0,2.6896047592163086,,,0.412109375,0.1065897345542907,0.67,0.8934102654457092,0.7375061511993408,2048.0,12.0,0.0,2023.0,0.0,0.0,1.0,0.0
06_policy_compliance,18,Medium-P-Beg,0.9697966507177033,0.37140168622136116,0.7367763632566263,2.0,0.0,0.37140168622136116,19.375,6.75,2.6208507364446465,,,0.3708274147727273,0.627958972345699,0.67,0.372041027654301,0.37140168622136116,1475.6363636363637,26.636363636363637,0.0,1436.0,0.0,0.0,1.0,0.0
06_policy_compliance,18,Medium-P-End,0.8406473700591347,0.3377343664566676,0.679946052495072,2.0,0.0,0.3377343664566676,24.666666666666668,4.666666666666667,2.3427441120147705,,,0.3748372395833333,0.6321149965127308,0.67,0.36788500348726905,0.3377343664566676,1280.0,29.0,0.0,1238.0,0.0,0.0,1.0,0.0
06_policy_compliance,18,Medium-P-Mid,0.9586744639376219,0.30409453146987486,0.7085225194100323,2.0,0.0,0.30409453146987486,17.333333333333332,5.222222222222222,2.613517847928134,,,0.3825017755681818,0.5433626581322063,0.6699999999999999,0.4566373418677937,0.30409453146987486,1300.2727272727273,22.272727272727273,0.0,1265.0,0.0,0.0,1.0,0.0
06_policy_compliance,18,Medium-T-Beg,0.7677650157488867,0.3459935262799263,0.614152275442598,2.0,0.0,0.3459935262799263,27.25,7.0,2.378107249736786,,,0.4046630859375,0.4561690576374531,0.67,0.5438309423625469,0.3459935262799263,1552.75,33.75,0.0,1506.0,0.0,0.0,1.0,0.0
06_policy_compliance,18,Medium-T-End,0.8756132756132756,0.46971839666366577,0.656998556998557,2.0,0.0,0.46971839666366577,20.714285714285715,7.142857142857143,2.5194119453430175,,,0.4019287109375,0.3594081819057464,0.67,0.6405918180942536,0.46971839666366577,1286.3,28.3,0.0,1245.0,0.0,0.0,1.0,0.0
06_policy_compliance,18,Medium-T-Mid,0.7812878787878788,0.4396593302488327,0.5446853146853147,2.0,0.08717948717948719,0.4396593302488327,25.2,7.8,2.5800382614135744,,,0.392333984375,0.6134810104966164,0.67,0.3865189895033836,0.4396593302488327,1458.6,30.6,0.0,1415.0,0.0,0.0,1.0,0.0
06_policy_compliance,19,Low-N-Beg,0.3066142629300524,0.17196880429983136,0.7115607199817727,2.0,0.005,0.17196880429983136,17.8,1.0,2.330570030212402,,,0.38095703125,0.4917768478393555,0.33,0.5082231521606445,0.17196880429983136,690.8,23.8,0.0,654.0,0.0,0.0,1.0,0.0
06_policy_compliance,19,Low-N-End,0.3836627140974967,0.18394557138284043,0.6935441370223978,2.0,0.0,0.18394557138284043,17.666666666666668,0.0,2.1441214084625244,,,0.3184407552083333,0.6146646042664845,0.33,0.3853353957335154,0.18394557138284043,697.6666666666666,20.666666666666668,0.0,664.0,0.0,0.0,1.0,0.0
06_policy_compliance,19,Low-N-Mid,0.33191155249978777,0.12101575200046812,0.714147780324251,2.0,0.015444015444015443,0.12101575200046812,17.428571428571427,0.2857142857142857,2.289295514424642,,,0.3648274739583333,0.5674480001131694,0.33,0.43255199988683063,0.12101575200046812,709.6666666666666,20.666666666666668,0.0,676.0,0.0,0.0,1.0,0.0
06_policy_compliance,19,Low-P-Beg,0.5876322751322751,0.36522451788187027,0.6028439153439153,2.0,0.041396103896103875,0.36522451788187027,25.75,6.25,2.203384757041931,,,0.38201904296875,0.4524776935577392,0.33,0.5475223064422607,0.36522451788187027,572.5,30.5,0.0,529.0,0.0,0.0,1.0,0.0
06_policy_compliance,19,Low-P-End,0.8229494175471186,0.25562908748785657,0.813343008630365,2.0,0.0,0.25562908748785657,24.666666666666668,7.333333333333333,2.3833833932876587,,,0.3900553385416667,0.5651010423898697,0.33,0.4348989576101303,0.25562908748785657,557.3333333333334,34.333333333333336,0.0,510.0,0.0,0.0,1.0,0.0
06_policy_compliance,19,Low-P-Mid,0.6530910609857978,0.2764927711751725,0.7279866332497912,2.0,0.026143790849673196,0.2764927711751725,17.333333333333332,3.3333333333333335,2.3268483195986067,,,0.3739711216517857,0.5539823791810444,0.33,0.4460176208189556,0.2764927711751725,524.2142857142857,21.214285714285715,0.0,490.0,0.0,0.0,1.0,0.0
06_policy_compliance,19,Low-T-Beg,0.6309351252462707,0.4014867339283228,0.6507780145551043,2.0,0.03173858661663538,0.4014867339283228,20.25,5.375,2.170194673538208,,,0.3498046875,0.4133458614349365,0.33,0.5866541385650634,0.4014867339283228,576.3,27.3,0.0,536.0,0.0,0.0,1.0,0.0
06_policy_compliance,19,Low-T-End,0.7526455026455027,0.19971031943957007,0.6865079365079365,2.0,0.0,0.19971031943957007,23.333333333333332,6.333333333333333,2.383145332336426,,,0.3702799479166667,0.6124540269374847,0.33,0.38754597306251526,0.19971031943957007,506.0,30.0,0.0,463.0,0.0,0.0,1.0,0.0
06_policy_compliance,19,Low-T-Mid,0.7148148148148148,0.14784522851308185,0.7037037037037037,2.0,0.0,0.14784522851308185,24.0,8.0,2.318716367085775,,,0.3848470052083333,0.6095302104949951,0.33,0.3904697895050049,0.14784522851308185,543.6666666666666,31.666666666666668,0.0,499.0,0.0,0.0,1.0,0.0
06_policy_compliance,19,Medium-N-Beg,0.40430035650623886,0.14583880702654517,0.7385249554367201,2.0,0.0,0.14583880702654517,15.333333333333334,0.0,2.6358303229014077,,,0.4536946614583333,0.5611665745576222,0.67,0.4388334254423777,0.14583880702654517,1829.3333333333333,18.333333333333332,0.0,1798.0,0.0,0.0,1.0,0.0
06_policy_compliance,19,Medium-N-End,0.3377922077922078,0.033878106623888,0.8285281385281386,2.0,0.0,0.033878106623888,17.4,0.8,2.4751689434051514,,,0.4216796875,0.6286064743995666,0.67,0.37139352560043337,0.033878106623888,1886.8,21.8,0.0,1852.0,0.0,0.0,1.0,0.0
06_policy_compliance,19,Medium-N-Mid,0.3082998689906584,0.046898498665541424,0.8505486016176805,2.0,0.0,0.046898498665541424,18.0,0.0,2.5583150386810303,,,0.407867431640625,0.6058499813079834,0.67,0.39415001869201655,0.046898498665541424,2004.5,22.5,0.0,1969.0,0.0,0.0,1.0,0.0
06_policy_compliance,19,Medium-P-Beg,0.8880429292929293,0.24989447742700574,0.7877990306794654,2.0,0.016447368421052624,0.24989447742700574,20.875,5.625,2.4638213217258453,,,0.357330322265625,0.4931280799210071,0.67,0.5068719200789928,0.24989447742700574,1435.5,23.5,0.0,1399.0,0.0,0.0,1.0,0.0
06_policy_compliance,19,Medium-P-End,0.8715059708093763,0.2088131487369537,0.7446225858764558,2.0,0.0,0.2088131487369537,21.8,5.6,2.560440921783447,,,0.399951171875,0.558672970533371,0.67,0.44132702946662905,0.2088131487369537,1371.0,28.0,0.0,1330.0,0.0,0.0,1.0,0.0
06_policy_compliance,19,Medium-P-Mid,0.8533611981887844,0.22213353734049532,0.7955673538000021,2.0,0.0023148148148148112,0.22213353734049532,16.444444444444443,6.111111111111111,2.571186971664429,,,0.370654296875,0.5304378062486649,0.67,0.4695621937513351,0.22213353734049532,1487.1,24.1,0.0,1450.0,0.0,0.0,1.0,0.0
06_policy_compliance,19,Medium-T-Beg,0.8910714285714285,0.15666103409603235,0.8099736633783948,2.0,0.0,0.15666103409603235,18.25,7.5,2.7335008707913486,,,0.42284046519886365,0.4947794079780578,0.67,0.5052205920219421,0.15666103409603235,1461.5454545454545,29.545454545454547,0.0,1419.0,0.0,0.0,1.0,0.0
06_policy_compliance,19,Medium-T-End,0.7565647770272383,0.22100837901234624,0.701615335129267,2.0,0.0,0.22100837901234624,23.5,6.5,2.5076971848805747,,,0.3582763671875,0.6170066396395366,0.67,0.38299336036046344,0.22100837901234624,1350.0,30.0,0.0,1307.0,0.0,0.0,1.0,0.0
06_policy_compliance,19,Medium-T-Mid,0.9410714285714287,0.19684531646115436,0.7762301743439851,2.0,0.0,0.19684531646115436,20.0,8.428571428571429,2.6538641676306725,,,0.40515899658203125,0.5806574705056846,0.67,0.4193425294943154,0.19684531646115436,1479.28125,27.28125,0.0,1439.0,0.0,0.0,1.0,0.0
07_expert_legal_med,0,Low-N-Beg,0.20833333333333331,0.37565907090902334,0.5297619047619047,2.0,0.08108108108108104,0.37565907090902334,22.0,0.0,2.2482961416244507,,,0.3553466796875,0.4131576120853424,0.33,0.5868423879146576,0.37565907090902334,765.5,30.5,0.0,722.0,0.0,0.0,1.0,0.0
07_expert_legal_med,0,Low-N-End,0.26916857360793284,0.8207962910334269,0.150602593440122,2.0,0.2463235294117647,0.8207962910334269,25.666666666666668,1.0,2.3567471504211426,,,0.422607421875,0.2228156328201294,0.33,0.7771843671798706,0.8207962910334269,673.3333333333334,37.333333333333336,0.0,623.0,0.0,0.0,1.0,0.0
07_expert_legal_med,0,Low-N-Mid,0.30357142857142855,0.3731037043035031,0.5297619047619047,2.0,0.08108108108108104,0.3731037043035031,22.0,0.0,2.2499380111694336,,,0.3992919921875,0.4083566665649414,0.33,0.5916433334350586,0.3731037043035031,669.5,30.5,0.0,626.0,0.0,0.0,1.0,0.0
07_expert_legal_med,0,Low-P-Beg,0.9519400352733687,0.5767325510581335,0.6871257560995413,2.0,0.027777777777777766,0.5767325510581335,24.0,9.5,2.5733615159988403,,,0.3926595052083333,0.4251804202795028,0.33,0.5748195797204971,0.5767325510581335,609.3333333333334,38.333333333333336,0.0,558.0,0.0,0.0,1.0,0.0
07_expert_legal_med,0,Low-P-End,0.9629629629629629,0.5425464481115341,0.6974858272221356,2.0,0.021052631578947358,0.5425464481115341,24.4,10.6,2.4451217651367188,,,0.363623046875,0.3388604640960693,0.33,0.6611395359039307,0.5425464481115341,653.8,38.8,0.0,602.0,0.0,0.0,1.0,0.0
07_expert_legal_med,0,Low-P-Mid,0.9217687074829931,0.4871758297085762,0.7051814058956917,2.0,0.023809523809523798,0.4871758297085762,20.571428571428573,9.428571428571429,2.4816503524780273,,,0.3948025173611111,0.3682781921492682,0.33,0.6317218078507317,0.4871758297085762,656.5555555555555,36.55555555555556,0.0,607.0,0.0,0.0,1.0,0.0
07_expert_legal_med,0,Low-T-Beg,0.5961477956780614,0.5263097350086484,0.5610249140995378,2.0,0.060194077631052396,0.5263097350086484,20.857142857142858,4.857142857142857,2.3607311248779297,,,0.3841044108072917,0.3759087882936001,0.33,0.6240912117063999,0.5263097350086484,663.0,31.0,0.0,619.0,0.0,0.0,1.0,0.0
07_expert_legal_med,0,Low-T-End,0.6678321678321678,0.648590087890625,0.4458041958041957,2.0,0.0833333333333333,0.648590087890625,26.0,8.5,2.285733222961426,,,0.345458984375,0.3705288171768188,0.33,0.6294711828231812,0.648590087890625,633.5,39.5,0.0,581.0,0.0,0.0,1.0,0.0
07_expert_legal_med,0,Low-T-Mid,0.8848684210526315,0.6235270897547404,0.5752383343201422,2.0,0.035353535353535345,0.6235270897547404,22.833333333333332,10.333333333333334,2.6049533685048423,,,0.4136555989583333,0.3621761153141657,0.33,0.6378238846858343,0.6235270897547404,684.8333333333334,40.833333333333336,0.0,631.0,0.0,0.0,1.0,0.0
07_expert_legal_med,0,Medium-N-Beg,0.39951641925326137,0.5057409380873045,0.41053756185335133,2.0,0.069377990430622,0.5057409380873045,20.666666666666668,0.6666666666666666,2.532721837361654,,,0.406005859375,0.4156746764977773,0.67,0.5843253235022227,0.5057409380873045,1840.0,30.0,0.0,1797.0,0.0,0.0,1.0,0.0
07_expert_legal_med,0,Medium-N-End,0.5854512256114087,0.21663183563699323,0.6789523418356371,2.0,0.027027027027027015,0.21663183563699323,26.0,3.8333333333333335,2.578184723854065,,,0.3953857421875,0.405859163403511,0.67,0.594140836596489,0.21663183563699323,1804.6,46.6,0.0,1745.0,0.0,0.0,1.0,0.0
07_expert_legal_med,0,Medium-N-Mid,0.40807301251380196,0.3305505160242319,0.5342289289657711,2.0,0.05259740259740257,0.3305505160242319,18.75,1.0,2.584268033504486,,,0.4283447265625,0.458705686032772,0.67,0.5412943139672279,0.3305505160242319,1716.75,29.75,0.0,1674.0,0.0,0.0,1.0,0.0
07_expert_legal_med,0,Medium-P-Beg,0.9655996177735309,0.5995189036641803,0.6529399273644797,2.0,0.035767991407089146,0.5995189036641803,19.714285714285715,9.142857142857142,2.6650381982326508,,,0.410400390625,0.3580425307154655,0.67,0.6419574692845345,0.5995189036641803,1583.875,35.875,0.0,1535.0,0.0,0.0,1.0,0.0
07_expert_legal_med,0,Medium-P-End,0.9753086419753086,0.5390202030539513,0.6818647401980735,2.0,0.017094017094017082,0.5390202030539513,23.333333333333332,11.166666666666666,2.7006611824035645,,,0.41908482142857145,0.3907924762793949,0.67,0.609207523720605,0.5390202030539513,1608.5714285714287,34.57142857142857,0.0,1561.0,0.0,0.0,1.0,0.0
07_expert_legal_med,0,Medium-P-Mid,0.9807692307692307,0.5771162112553915,0.6457037114931852,2.0,0.02171052631578947,0.5771162112553915,24.5,11.166666666666666,2.7780282497406006,,,0.4254150390625,0.3881769677003225,0.67,0.6118230322996775,0.5771162112553915,1695.6666666666667,37.666666666666664,0.0,1645.0,0.0,0.0,1.0,0.0
07_expert_legal_med,0,Medium-T-Beg,0.8066290045766591,0.619077205657959,0.45591390160183065,2.0,0.0522113022113022,0.619077205657959,20.75,7.0,2.62490177154541,,,0.39703369140625,0.4288616105914116,0.67,0.5711383894085884,0.619077205657959,1902.75,32.75,0.0,1857.0,0.0,0.0,1.0,0.0
07_expert_legal_med,0,Medium-T-End,0.7621388888888889,0.5412487685680389,0.7109814814814814,2.0,0.03643243243243242,0.5412487685680389,27.6,9.4,2.630135202407837,,,0.424609375,0.3423271656036377,0.67,0.6576728343963623,0.5412487685680389,1761.4,47.4,0.0,1701.0,0.0,0.0,1.0,0.0
07_expert_legal_med,0,Medium-T-Mid,0.7563241436925648,0.5536839485168457,0.6093099415204678,2.0,0.036363636363636355,0.5536839485168457,20.6,7.0,2.550939989089966,,,0.395166015625,0.4068118691444397,0.67,0.5931881308555603,0.5536839485168457,1845.2,30.2,0.0,1802.0,0.0,0.0,1.0,0.0
07_expert_legal_med,1,Low-N-Beg,0.24266254578754576,0.39752958714962006,0.48387133699633694,2.0,0.08333333333333333,0.39752958714962006,23.25,0.25,2.375271201133728,,,0.40576171875,0.404202438890934,0.33,0.595797561109066,0.39752958714962006,679.0,29.0,0.0,637.0,0.0,0.0,1.0,0.0
07_expert_legal_med,1,Low-N-End,0.377862129700365,0.47645027935504913,0.582911024911532,2.0,0.022321428571428565,0.47645027935504913,25.333333333333332,1.6666666666666667,2.3071223497390747,,,0.4059651692708333,0.4417534333964189,0.33,0.5582465666035811,0.47645027935504913,755.1666666666666,32.166666666666664,0.0,710.0,0.0,0.0,1.0,0.0
07_expert_legal_med,1,Low-N-Mid,0.36873677700745366,0.43548950606158804,0.544159460700814,2.0,0.06035714285714286,0.43548950606158804,22.857142857142858,1.1428571428571428,2.2086868502876977,,,0.3557794744318182,0.41935591941530065,0.33,0.5806440805846994,0.43548950606158804,677.4545454545455,34.45454545454545,0.0,630.0,0.0,0.0,1.0,0.0
07_expert_legal_med,1,Low-P-Beg,0.9000333000333001,0.443671960915838,0.6551981631813564,2.0,0.008928571428571428,0.443671960915838,21.142857142857142,8.714285714285714,2.4626966238021852,,,0.383154296875,0.355559480190277,0.33,0.644440519809723,0.443671960915838,589.8,39.8,0.0,537.0,0.0,0.0,1.0,0.0
07_expert_legal_med,1,Low-P-End,0.7962079387108746,0.4629035932677133,0.6878382568998561,2.0,0.007936507936507927,0.4629035932677133,21.0,4.857142857142857,2.197880208492279,,,0.311865234375,0.4393901452422142,0.33,0.5606098547577858,0.4629035932677133,580.9,26.9,0.0,541.0,0.0,0.0,1.0,0.0
07_expert_legal_med,1,Low-P-Mid,0.6970270250665347,0.44723445709262577,0.653920307480586,2.0,0.008928571428571428,0.44723445709262577,22.571428571428573,5.285714285714286,2.419449201651982,,,0.37056187220982145,0.3870942390390804,0.33,0.6129057609609195,0.44723445709262577,633.4285714285714,37.42857142857143,0.0,583.0,0.0,0.0,1.0,0.0
07_expert_legal_med,1,Low-T-Beg,0.8154097914967481,0.5431242457457951,0.608102766798419,2.0,0.017586580086580088,0.5431242457457951,21.0,6.285714285714286,2.5017051696777344,,,0.43157958984375,0.465925931930542,0.33,0.534074068069458,0.5431242457457951,644.125,31.125,0.0,600.0,0.0,0.0,1.0,0.0
07_expert_legal_med,1,Low-T-End,0.6236690166717341,0.411329542286694,0.6382718278098714,2.0,0.0078125,0.411329542286694,19.625,4.75,2.3893538581000433,,,0.4038357204861111,0.4153212971157498,0.33,0.5846787028842502,0.411329542286694,662.2222222222222,34.22222222222222,0.0,615.0,0.0,0.0,1.0,0.0
07_expert_legal_med,1,Low-T-Mid,0.7207302347303273,0.4819615042457978,0.5766334880693532,2.0,0.010416666666666666,0.4819615042457978,25.0,8.0,2.448859998158046,,,0.36561802455357145,0.3781485908797809,0.33,0.6218514091202191,0.4819615042457978,611.2142857142857,44.214285714285715,0.0,554.0,0.0,0.0,1.0,0.0
07_expert_legal_med,1,Medium-N-End,0.31706064403432827,0.44334602728486056,0.5920891243259664,2.0,0.0078125,0.44334602728486056,19.375,0.5,2.7059415120344896,,,0.4058180588942308,0.4634042978286743,0.67,0.5365957021713257,0.44334602728486056,2048.0,3.0,0.0,2032.0,0.0,0.0,1.0,0.0
07_expert_legal_med,1,Medium-N-Mid,0.5209961816094233,0.3011295919617017,0.668549115797266,2.0,0.010416666666666666,0.3011295919617017,26.833333333333332,2.1666666666666665,2.441582591910111,,,0.38019120065789475,0.46628738469199127,0.67,0.5337126153080087,0.3011295919617017,2039.3684210526317,31.36842105263158,0.0,1995.0,0.0,0.0,1.0,0.0
07_expert_legal_med,1,Medium-P-Beg,0.6652701465201466,0.5491045502324899,0.5801625457875458,2.0,0.026190476190476184,0.5491045502324899,25.666666666666668,7.5,2.5070742103788586,,,0.3493516710069444,0.4356887820694182,0.67,0.5643112179305818,0.5491045502324899,1578.0,37.0,0.0,1528.0,0.0,0.0,1.0,0.0
07_expert_legal_med,1,Medium-P-End,0.6452514919011083,0.5163111686706543,0.5687297527706735,2.0,0.0196078431372549,0.5163111686706543,24.666666666666668,5.0,2.4352928002675376,,,0.345703125,0.4193852742513021,0.67,0.5806147257486979,0.5163111686706543,1580.0,32.0,0.0,1535.0,0.0,0.0,1.0,0.0
07_expert_legal_med,1,Medium-P-Mid,0.8299630924630925,0.5418410673737526,0.6296522921522921,2.0,0.020634920634920614,0.5418410673737526,24.833333333333332,8.166666666666666,2.471233640398298,,,0.34981863839285715,0.4263474643230438,0.67,0.5736525356769562,0.5418410673737526,1551.7142857142858,36.714285714285715,0.0,1502.0,0.0,0.0,1.0,0.0
07_expert_legal_med,1,Medium-T-Beg,0.9296328671328672,0.47247164696455,0.7008741258741259,2.0,0.009523809523809516,0.47247164696455,23.166666666666668,8.333333333333334,2.6092903878953724,,,0.37628173828125,0.4033922925591469,0.67,0.5966077074408531,0.47247164696455,1527.7777777777778,32.77777777777778,0.0,1482.0,0.0,0.0,1.0,0.0
07_expert_legal_med,1,Medium-T-End,0.7732872200263504,0.4519680244848132,0.6678292587712877,2.0,0.00925925925925925,0.4519680244848132,25.0,8.166666666666666,2.579365516963758,,,0.3903872841282895,0.4358244216755816,0.67,0.5641755783244183,0.4519680244848132,1680.3684210526317,33.36842105263158,0.0,1634.0,0.0,0.0,1.0,0.0
07_expert_legal_med,1,Medium-T-Mid,0.6887576083064805,0.39388711218323025,0.7098803732019123,2.0,0.007722007722007714,0.39388711218323025,21.0,5.714285714285714,2.5323910489678383,,,0.37969970703125,0.4055837197229266,0.67,0.5944162802770734,0.39388711218323025,1444.375,34.375,0.0,1397.0,0.0,0.0,1.0,0.0
07_expert_legal_med,2,High-T-End,0.9871794871794872,0.46242604218423367,0.4949183857078594,2.0,0.0288135743398901,0.46242604218423367,26.0,11.0,2.8964733362197874,,,0.44449462890625,0.4019265592098235,1.0,0.5980734407901764,0.46242604218423367,2039.1,38.1,0.0,1988.0,0.0,0.0,1.0,0.0
07_expert_legal_med,2,Low-N-Beg,0.3114134312892076,0.5325301757880619,0.538685744896925,2.0,0.038569456768214515,0.5325301757880619,21.571428571428573,0.5714285714285714,2.2578804152352467,,,0.3949497767857143,0.4221958603177752,0.33,0.5778041396822248,0.5325301757880619,678.4285714285714,38.42857142857143,0.0,627.0,0.0,0.0,1.0,0.0
07_expert_legal_med,2,Low-N-End,0.19945697577276522,0.45755555232365924,0.5165413533834585,2.0,0.024314765694076,0.45755555232365924,22.333333333333332,0.0,2.26680326461792,,,0.4073893229166667,0.3541658719380697,0.33,0.6458341280619303,0.45755555232365924,691.3333333333334,38.333333333333336,0.0,640.0,0.0,0.0,1.0,0.0
07_expert_legal_med,2,Low-N-Mid,0.22552973342447022,0.4009379521012306,0.6008259284575074,2.0,0.017879948914431648,0.4009379521012306,21.75,0.0,2.2348283529281616,,,0.37982177734375,0.3193263411521911,0.33,0.6806736588478088,0.4009379521012306,726.0,38.0,0.0,675.0,0.0,0.0,1.0,0.0
07_expert_legal_med,2,Low-P-Beg,0.9656113102349662,0.431257242957751,0.6173738491812495,2.0,0.0173611111111111,0.431257242957751,22.666666666666668,9.666666666666666,2.6692489110506497,,,0.4409930889423077,0.3809109972073481,0.33,0.6190890027926519,0.431257242957751,649.0769230769231,42.07692307692308,0.0,594.0,0.0,0.0,1.0,0.0
07_expert_legal_med,2,Low-P-End,0.961574074074074,0.414131548255682,0.6423076923076924,2.0,0.018543956043956027,0.414131548255682,23.5,10.25,2.577130675315857,,,0.4173583984375,0.3889782428741455,0.33,0.6110217571258545,0.414131548255682,628.25,40.25,0.0,575.0,0.0,0.0,1.0,0.0
07_expert_legal_med,2,Low-P-Mid,0.9609022556390978,0.3909029483795166,0.7121920964026228,2.0,0.01334816462736372,0.3909029483795166,23.4,10.2,2.6422369956970213,,,0.42763671875,0.349209189414978,0.33,0.650790810585022,0.3909029483795166,692.0,38.0,0.0,641.0,0.0,0.0,1.0,0.0
07_expert_legal_med,2,Low-T-Beg,0.9629629629629629,0.5149677097797394,0.7083111819953926,2.0,0.020517676767676764,0.5149677097797394,28.666666666666668,11.333333333333334,2.6496380964914956,,,0.4554850260416667,0.3102433482805887,0.33,0.6897566517194113,0.5149677097797394,682.0,49.0,0.0,620.0,0.0,0.0,1.0,0.0
07_expert_legal_med,2,Low-T-End,0.8131623931623931,0.42364594340324396,0.6497863247863248,2.0,0.023434343434343433,0.42364594340324396,27.333333333333332,9.666666666666666,2.6246577898661294,,,0.4564615885416667,0.5176064372062683,0.33,0.4823935627937317,0.42364594340324396,650.3333333333334,46.333333333333336,0.0,591.0,0.0,0.0,1.0,0.0
07_expert_legal_med,2,Low-T-Mid,0.9207619047619048,0.458544921875,0.6887619047619047,2.0,0.026296082949308738,0.458544921875,25.6,10.4,2.6892022132873534,,,0.47548828125,0.4284047663211823,0.33,0.5715952336788177,0.458544921875,641.4,44.4,0.0,584.0,0.0,0.0,1.0,0.0
07_expert_legal_med,2,Medium-N-Beg,0.3222569729646244,0.4332017813410078,0.6247692059279852,2.0,0.02397372742200326,0.4332017813410078,21.714285714285715,0.42857142857142855,2.39993092417717,,,0.42279052734375,0.4209362082183361,0.67,0.5790637917816639,0.4332017813410078,1953.875,41.875,0.0,1899.0,0.0,0.0,1.0,0.0
07_expert_legal_med,2,Medium-N-End,0.2915584415584415,0.42213064432144165,0.640909090909091,2.0,0.023456790123456764,0.42213064432144165,25.666666666666668,0.6666666666666666,2.4194103876749673,,,0.4161783854166667,0.3443737626075744,0.67,0.6556262373924255,0.42213064432144165,2047.0,40.0,0.0,1994.0,0.0,0.0,1.0,0.0
07_expert_legal_med,2,Medium-N-Mid,0.3083632376395534,0.40678758919239044,0.6734948165869219,2.0,0.023015873015873,0.40678758919239044,28.333333333333332,0.3333333333333333,2.4252397219340005,,,0.402587890625,0.3710471789042154,0.67,0.6289528210957845,0.40678758919239044,1918.0,46.0,0.0,1859.0,0.0,0.0,1.0,0.0
07_expert_legal_med,2,Medium-P-Beg,0.9894736842105263,0.35850901007652275,0.6725117140677781,2.0,0.009523809523809521,0.35850901007652275,18.4,7.2,2.8400957584381104,,,0.44541015625,0.4288464188575744,0.67,0.5711535811424255,0.35850901007652275,1657.4,26.4,0.0,1618.0,0.0,0.0,1.0,0.0
07_expert_legal_med,2,Medium-P-End,0.9684705882352941,0.37552947402000425,0.6165044563279857,2.0,0.016,0.37552947402000425,24.2,10.4,2.694557237625122,,,0.40791015625,0.3541288852691651,0.67,0.6458711147308349,0.37552947402000425,1658.4,37.4,0.0,1608.0,0.0,0.0,1.0,0.0
07_expert_legal_med,2,Medium-P-Mid,0.9753401360544217,0.4178167240960257,0.7091404105501851,2.0,0.016296296296296284,0.4178167240960257,19.0,9.857142857142858,2.9071032660348073,,,0.42703683035714285,0.3507896746907916,0.6700000000000002,0.6492103253092084,0.4178167240960257,1815.2857142857142,35.285714285714285,0.0,1767.0,0.0,0.0,1.0,0.0
07_expert_legal_med,2,Medium-T-Beg,0.9782986111111112,0.4327992647886276,0.7374360380116959,2.0,0.017812500000000002,0.4327992647886276,28.0,11.25,2.9307143092155457,,,0.45257568359375,0.4730547070503235,0.67,0.5269452929496765,0.4327992647886276,1627.5,42.5,0.0,1572.0,0.0,0.0,1.0,0.0
07_expert_legal_med,2,Medium-T-End,0.9852941176470588,0.3051944747567177,0.7842595378359231,2.0,0.00675675675675675,0.3051944747567177,26.75,10.75,2.8342119455337524,,,0.41363525390625,0.4207513779401779,0.67,0.5792486220598221,0.3051944747567177,1615.75,47.75,0.0,1555.0,0.0,0.0,1.0,0.0
07_expert_legal_med,2,Medium-T-Mid,0.9495738636363636,0.4448714181780815,0.6163194444444444,2.0,0.016954022988505724,0.4448714181780815,27.0,10.25,2.7607847452163696,,,0.4495849609375,0.409785121679306,0.67,0.590214878320694,0.4448714181780815,1679.75,43.75,0.0,1623.0,0.0,0.0,1.0,0.0
07_expert_legal_med,3,Low-N-Beg,0.3120126552191769,0.3722778335213661,0.4589349358371097,2.0,0.0,0.3722778335213661,27.833333333333332,0.6666666666666666,2.28718478339059,,,0.36844308035714285,0.4476127454212734,0.33,0.5523872545787266,0.3722778335213661,707.7142857142857,39.714285714285715,0.0,655.0,0.0,0.0,1.0,0.0
07_expert_legal_med,3,Low-N-End,0.4447571398790911,0.19145470360914865,0.5939128622055452,2.0,0.0,0.19145470360914865,29.0,3.3333333333333335,2.332760810852051,,,0.40625,0.453829268614451,0.33,0.546170731385549,0.19145470360914865,683.0,41.0,0.0,629.0,0.0,0.0,1.0,0.0
07_expert_legal_med,3,Low-N-Mid,0.24856711915535445,0.45845842361450195,0.3288084464555052,2.0,0.0,0.45845842361450195,23.0,0.0,2.216364860534668,,,0.3829752604166667,0.5245548288027446,0.33,0.47544517119725543,0.45845842361450195,674.6666666666666,31.666666666666668,0.0,630.0,0.0,0.0,1.0,0.0
07_expert_legal_med,3,Low-P-Beg,0.8980885780885781,0.4168649435043335,0.46696192696192695,2.0,0.02,0.4168649435043335,25.0,9.2,2.4571797370910646,,,0.372607421875,0.3456743359565735,0.33,0.6543256640434265,0.4168649435043335,680.0,39.0,0.0,628.0,0.0,0.0,1.0,0.0
07_expert_legal_med,3,Low-P-End,0.9425824175824176,0.4144177734851837,0.6600105269983566,2.0,0.0,0.4144177734851837,21.142857142857142,9.571428571428571,2.640041083097458,,,0.39630126953125,0.5040786601603031,0.33,0.4959213398396969,0.4144177734851837,601.875,35.875,0.0,553.0,0.0,0.0,1.0,0.0
07_expert_legal_med,3,Low-P-Mid,0.9533333333333334,0.44258018831412,0.5362068965517242,2.0,0.0,0.44258018831412,23.0,10.166666666666666,2.600244331359863,,,0.38388671875,0.4207909941673279,0.33,0.5792090058326721,0.44258018831412,655.4,43.4,0.0,599.0,0.0,0.0,1.0,0.0
07_expert_legal_med,3,Low-T-Beg,0.46691745036572624,0.4753784437974294,0.32710553814002086,2.0,0.09375,0.4753784437974294,32.666666666666664,5.666666666666667,2.4056676228841147,,,0.4340006510416667,0.4051312804222107,0.33,0.5948687195777893,0.4753784437974294,726.6666666666666,42.666666666666664,0.0,671.0,0.0,0.0,1.0,0.0
07_expert_legal_med,3,Low-T-End,0.9657142857142857,0.3622988632747105,0.5792589268601881,2.0,0.0,0.3622988632747105,21.285714285714285,10.571428571428571,2.61568636364407,,,0.4343804253472222,0.5392312407493591,0.33,0.46076875925064087,0.3622988632747105,655.7777777777778,38.77777777777778,0.0,604.0,0.0,0.0,1.0,0.0
07_expert_legal_med,3,Low-T-Mid,0.9405982905982906,0.35869880318641656,0.5048383500557414,2.0,0.0,0.35869880318641656,29.8,12.8,2.6348555386066437,,,0.39434814453125,0.5355578735470772,0.33,0.4644421264529228,0.35869880318641656,747.125,52.125,0.0,682.0,0.0,0.0,1.0,0.0
07_expert_legal_med,3,Medium-N-Beg,0.36552161289003393,0.28837201595306394,0.6023064654643602,2.0,0.0,0.28837201595306394,26.0,0.8,2.506982755661011,,,0.39228515625,0.4874945163726807,0.67,0.5125054836273193,0.28837201595306394,1786.0,33.0,0.0,1740.0,0.0,0.0,1.0,0.0
07_expert_legal_med,3,Medium-N-End,0.46380952380952384,0.17946479221185047,0.5533333333333333,2.0,0.0,0.17946479221185047,20.333333333333332,0.6666666666666666,2.4735732078552246,,,0.3805338541666667,0.49871530135472614,0.67,0.5012846986452738,0.17946479221185047,1789.3333333333333,27.333333333333332,0.0,1749.0,0.0,0.0,1.0,0.0
07_expert_legal_med,3,Medium-N-Mid,0.368814687678785,0.4501209259033203,0.3602017995527123,2.0,0.02,0.4501209259033203,33.8,1.0,2.5186259150505066,,,0.383544921875,0.5026782136410475,0.67,0.4973217863589525,0.4501209259033203,1975.75,59.75,0.0,1903.0,0.0,0.0,1.0,0.0
07_expert_legal_med,3,Medium-P-Beg,0.9771428571428572,0.33830737216132023,0.5500866545448588,2.0,0.0,0.33830737216132023,21.142857142857142,9.571428571428571,2.800201998816596,,,0.3936903211805556,0.4783142109711965,0.67,0.5216857890288035,0.33830737216132023,1679.2222222222222,36.22222222222222,0.0,1630.0,0.0,0.0,1.0,0.0
07_expert_legal_med,3,Medium-P-End,0.9743589743589742,0.3921191443999608,0.5957394457394457,2.0,0.0,0.3921191443999608,24.0,12.0,2.6982143947056363,,,0.38187081473214285,0.45568894488470885,0.67,0.5443110551152911,0.3921191443999608,1593.4285714285713,43.42857142857143,0.0,1537.0,0.0,0.0,1.0,0.0
07_expert_legal_med,3,Medium-P-Mid,0.9373469387755102,0.42067890507834294,0.6264017185821698,2.0,0.0,0.42067890507834294,21.428571428571427,9.857142857142858,2.853712558746338,,,0.3947509765625,0.4533264547586441,0.67,0.5466735452413559,0.42067890507834294,1732.8,33.8,0.0,1686.0,0.0,0.0,1.0,0.0
07_expert_legal_med,3,Medium-T-Beg,0.5389705147426286,0.4182947228352229,0.3192003998000999,2.0,0.09375,0.4182947228352229,27.666666666666668,5.0,2.569498062133789,,,0.3704427083333333,0.4380528628826141,0.67,0.5619471371173859,0.4182947228352229,1688.0,38.0,0.0,1637.0,0.0,0.0,1.0,0.0
07_expert_legal_med,3,Medium-T-End,0.9015656565656565,0.45386968553066254,0.4694444444444445,2.0,0.0,0.45386968553066254,25.5,11.5,2.734136780103048,,,0.3951009114583333,0.4891869326432546,0.67,0.5108130673567454,0.45386968553066254,1764.5,41.5,0.0,1710.0,0.0,0.0,1.0,0.0
07_expert_legal_med,3,Medium-T-Mid,0.7576715502188249,0.4172978525360425,0.4599273945148446,2.0,0.12114197530864197,0.4172978525360425,25.0,7.333333333333333,2.8306716680526733,,,0.4084228515625,0.4704586088657378,0.67,0.5295413911342621,0.4172978525360425,1683.8,36.8,18.0,1608.0,12.476171875,1.0,1.0,1.0
07_expert_legal_med,4,Low-N-Beg,0.3210227272727273,0.7116000354290009,0.524810606060606,2.0,0.0,0.7116000354290009,25.0,0.5,2.1597854495048523,,,0.41021728515625,0.3140013962984085,0.33,0.6859986037015915,0.7116000354290009,686.75,38.75,0.0,635.0,0.0,0.0,1.0,0.0
07_expert_legal_med,4,Low-N-End,0.29372294372294366,0.7014777362346649,0.5246753246753246,2.0,0.0,0.7014777362346649,23.25,0.0,2.0835498571395874,,,0.4169921875,0.3445179760456085,0.33,0.6554820239543915,0.7014777362346649,641.25,34.25,0.0,594.0,0.0,0.0,1.0,0.0
07_expert_legal_med,4,Low-N-Mid,0.22309782608695647,0.7065093368291855,0.4993659420289855,2.0,0.0,0.7065093368291855,26.25,0.0,2.1201491951942444,,,0.42498779296875,0.2917327731847763,0.33,0.7082672268152237,0.7065093368291855,812.75,39.75,0.0,760.0,0.0,0.0,1.0,0.0
07_expert_legal_med,4,Low-P-Beg,0.9640688259109311,0.7163470387458801,0.6736290025763709,2.0,0.008333333333333325,0.7163470387458801,24.5,11.5,2.486856997013092,,,0.37408447265625,0.3470979481935501,0.33,0.6529020518064499,0.7163470387458801,642.75,38.75,0.0,591.0,0.0,0.0,1.0,0.0
07_expert_legal_med,4,Low-P-End,0.9389705882352941,0.6371262311935425,0.6489470668650236,2.0,0.0,0.6371262311935425,19.6,8.0,2.3643213748931884,,,0.3572265625,0.368259072303772,0.33,0.631740927696228,0.6371262311935425,589.4,31.4,0.0,545.0,0.0,0.0,1.0,0.0
07_expert_legal_med,4,Low-P-Mid,0.9828947368421053,0.520949217180411,0.6263993316624895,2.0,0.0,0.520949217180411,23.5,10.833333333333334,2.6048392227717807,,,0.3919154575892857,0.39112016558647145,0.33,0.6088798344135284,0.520949217180411,570.4285714285714,36.42857142857143,0.0,521.0,0.0,0.0,1.0,0.0
07_expert_legal_med,4,Low-T-Beg,0.8271164021164021,0.6845882296562195,0.6125132275132276,2.0,0.0,0.6845882296562195,25.0,7.8,2.4608031272888184,,,0.42548828125,0.3377792716026306,0.33,0.6622207283973693,0.6845882296562195,655.4,39.4,0.0,603.0,0.0,0.0,1.0,0.0
07_expert_legal_med,4,Low-T-End,0.7568977591036415,0.743279789175306,0.5578781512605042,2.0,0.0,0.743279789175306,19.857142857142858,7.0,2.4066073298454285,,,0.378936767578125,0.413610115647316,0.33,0.586389884352684,0.743279789175306,653.0,33.0,0.0,607.0,0.0,0.0,1.0,0.0
07_expert_legal_med,4,Low-T-Mid,0.9251721897335932,0.44137776518861455,0.6826705653021443,2.0,0.0,0.44137776518861455,22.5,9.0,2.712993553706578,,,0.4300013950892857,0.3478119458471026,0.33,0.6521880541528974,0.44137776518861455,695.5714285714286,38.57142857142857,0.0,644.0,0.0,0.0,1.0,0.0
07_expert_legal_med,4,Medium-N-Beg,0.36907051282051284,0.728169322013855,0.5317307692307692,2.0,0.0,0.728169322013855,26.0,0.5,2.425374150276184,,,0.4541015625,0.3064152151346206,0.67,0.6935847848653793,0.728169322013855,1835.25,39.25,0.0,1783.0,0.0,0.0,1.0,0.0
07_expert_legal_med,4,Medium-N-End,0.3926079476709014,0.5603840295225382,0.6568954174228675,2.0,0.0,0.5603840295225382,20.25,0.5,2.363474816083908,,,0.420166015625,0.3669020943343639,0.67,0.6330979056656361,0.5603840295225382,2048.0,23.0,0.0,2012.0,0.0,0.0,1.0,0.0
07_expert_legal_med,4,Medium-N-Mid,0.3855566534914361,0.6972157508134842,0.5325098814229249,2.0,0.0,0.6972157508134842,24.5,0.5,2.4526206851005554,,,0.4434814453125,0.2975124716758728,0.67,0.7024875283241272,0.6972157508134842,2013.5,37.5,0.0,1963.0,0.0,0.0,1.0,0.0
07_expert_legal_med,4,Medium-P-Beg,0.9234006734006734,0.6210337380568186,0.66053517632465,2.0,0.0,0.6210337380568186,21.833333333333332,8.833333333333334,2.8444547255833945,,,0.4065755208333333,0.3649462958176931,0.67,0.6350537041823069,0.6210337380568186,1756.8333333333333,32.833333333333336,0.0,1711.0,0.0,0.0,1.0,0.0
07_expert_legal_med,4,Medium-P-End,0.9696186166774401,0.6217623651027679,0.6075533513614009,2.0,0.0,0.6217623651027679,20.571428571428573,9.285714285714286,2.755816830529107,,,0.399658203125,0.3690951996379428,0.67,0.6309048003620572,0.6217623651027679,1677.111111111111,32.111111111111114,0.0,1632.0,0.0,0.0,1.0,0.0
07_expert_legal_med,4,Medium-P-Mid,0.9831349206349206,0.5184137863772256,0.6835152592505533,2.0,0.0,0.5184137863772256,20.428571428571427,9.142857142857142,2.7427741050720216,,,0.3882568359375,0.4403192430734635,0.67,0.5596807569265365,0.5184137863772256,1672.8,31.8,0.0,1628.0,0.0,0.0,1.0,0.0
07_expert_legal_med,4,Medium-T-Beg,0.9416666666666667,0.41527433320879936,0.7536609299516909,2.0,0.0,0.41527433320879936,17.875,6.75,2.8354426324367523,,,0.402984619140625,0.3886734768748283,0.67,0.6113265231251717,0.41527433320879936,1516.5,34.5,0.0,1469.0,0.0,0.0,1.0,0.0
07_expert_legal_med,4,Medium-T-End,0.9770114942528735,0.5680737445751826,0.6585784539212324,2.0,0.04861111111111111,0.5680737445751826,24.166666666666668,10.0,2.8009825836528432,,,0.40565074573863635,0.4072220704772256,0.67,0.5927779295227744,0.5680737445751826,1557.7272727272727,39.72727272727273,0.0,1505.0,0.0,0.0,1.0,0.0
07_expert_legal_med,4,Medium-T-Mid,0.9363247863247862,0.5097364553560814,0.7316983016983017,2.0,0.0,0.5097364553560814,22.833333333333332,9.666666666666666,2.8071104685465493,,,0.4192708333333333,0.398364653189977,0.67,0.601635346810023,0.5097364553560814,1611.8333333333333,41.833333333333336,0.0,1557.0,0.0,0.0,1.0,0.0
07_expert_legal_med,5,Low-N-Beg,0.3496164654059391,0.30825469004256384,0.5513005999848105,2.0,0.0223959713755632,0.30825469004256384,21.428571428571427,2.2857142857142856,2.2457373440265656,,,0.381256103515625,0.3704331219196319,0.33,0.629566878080368,0.30825469004256384,662.0,30.0,0.0,619.0,0.0,0.0,1.0,0.0
07_expert_legal_med,5,Low-N-End,0.21284988038277508,0.4792036982253194,0.47922996411483254,2.0,0.02732426303854874,0.4792036982253194,18.875,0.0,2.1248492002487183,,,0.37310791015625,0.3672818318009376,0.33,0.6327181681990623,0.4792036982253194,700.625,28.625,0.0,659.0,0.0,0.0,1.0,0.0
07_expert_legal_med,5,Low-N-Mid,0.22343767916523333,0.46368858259585166,0.4593638917555326,2.0,0.04159889503966158,0.46368858259585166,17.11111111111111,0.2222222222222222,2.0785733461380005,,,0.29825439453125,0.4005967825651169,0.33,0.5994032174348831,0.46368858259585166,647.0,28.0,0.0,606.0,0.0,0.0,1.0,0.0
07_expert_legal_med,5,Low-P-Beg,0.7173753860518567,0.3793223490938544,0.4519268476621418,2.0,0.012820512820512811,0.3793223490938544,18.875,6.5,2.351556917031606,,,0.3568013509114583,0.4937901323040326,0.33,0.5062098676959673,0.3793223490938544,572.1666666666666,28.166666666666668,0.0,531.0,0.0,0.0,1.0,0.0
07_expert_legal_med,5,Low-P-End,0.7823319581190646,0.5044681777556738,0.5194854172240478,2.0,0.0,0.5044681777556738,24.5,8.0,2.373292326927185,,,0.3626708984375,0.337351123491923,0.33,0.662648876508077,0.5044681777556738,605.0,36.0,0.0,556.0,0.0,0.0,1.0,0.0
07_expert_legal_med,5,Low-P-Mid,0.964795008912656,0.6287156641483307,0.5992300716139726,2.0,0.0,0.6287156641483307,24.166666666666668,10.333333333333334,2.4432412683963776,,,0.3663330078125,0.350188136100769,0.33,0.649811863899231,0.6287156641483307,580.25,34.25,0.0,533.0,0.0,0.0,1.0,0.0
07_expert_legal_med,5,Low-T-Beg,0.6113545993109888,0.5361432837588447,0.5395652226407804,2.0,0.006349206349206342,0.5361432837588447,21.857142857142858,5.714285714285714,2.2552841305732727,,,0.352264404296875,0.4706812463700771,0.33,0.5293187536299229,0.5361432837588447,610.75,26.75,0.0,571.0,0.0,0.0,1.0,0.0
07_expert_legal_med,5,Low-T-End,0.6597504456327985,0.3667010357603431,0.6304038547237076,2.0,0.0,0.3667010357603431,18.625,4.5,2.367427717555653,,,0.3884055397727273,0.4134980331767689,0.33,0.5865019668232311,0.3667010357603431,639.5454545454545,33.54545454545455,0.0,593.0,0.0,0.0,1.0,0.0
07_expert_legal_med,5,Low-T-Mid,0.8957115009746588,0.3631774319542779,0.5699575736727439,2.0,0.0,0.3631774319542779,16.77777777777778,6.111111111111111,2.4864109662862925,,,0.3873760516826923,0.4488987171879182,0.33,0.5511012828120818,0.3631774319542779,615.0769230769231,29.076923076923077,0.0,573.0,0.0,0.0,1.0,0.0
07_expert_legal_med,5,Medium-N-Beg,0.35142274444102584,0.497061631642282,0.37663855731079615,2.0,0.10689102564102564,0.497061631642282,18.25,0.875,2.503251701593399,,,0.397430419921875,0.414076317101717,0.67,0.585923682898283,0.497061631642282,1968.0,24.0,0.0,1931.0,0.0,0.0,1.0,0.0
07_expert_legal_med,5,Medium-N-End,0.37565380697733636,0.26645401753485204,0.6177992105933282,2.0,0.0,0.26645401753485204,15.4,1.9,2.511185816356114,,,0.38602120535714285,0.4663358543600354,0.67,0.5336641456399646,0.26645401753485204,1676.2857142857142,25.285714285714285,0.0,1638.0,0.0,0.0,1.0,0.0
07_expert_legal_med,5,Medium-N-Mid,0.34012195521483446,0.5690419053037962,0.5065887076077994,2.0,0.004728132387706844,0.5690419053037962,18.0,0.3333333333333333,2.442395011583964,,,0.43084716796875,0.3857732787728309,0.67,0.614226721227169,0.5690419053037962,2027.0,28.0,0.0,1986.0,0.0,0.0,1.0,0.0
07_expert_legal_med,5,Medium-P-Beg,0.8238666426166426,0.5526073823372523,0.529800986050986,2.0,0.003546099290780133,0.5526073823372523,25.333333333333332,8.5,2.732130659951104,,,0.4061957465277778,0.3760116133424971,0.67,0.6239883866575029,0.5526073823372523,1380.7777777777778,37.77777777777778,0.0,1330.0,0.0,0.0,1.0,0.0
07_expert_legal_med,5,Medium-P-End,0.9224206349206349,0.4887726604938507,0.5423457912179717,2.0,0.0,0.4887726604938507,20.714285714285715,10.0,2.663779762056139,,,0.4094780815972222,0.3600088093015883,0.67,0.6399911906984117,0.4887726604938507,1562.2222222222222,31.22222222222222,0.0,1518.0,0.0,0.0,1.0,0.0
07_expert_legal_med,5,Medium-P-Mid,0.8822642543859649,0.48412951081991196,0.5555098684210527,2.0,0.0,0.48412951081991196,25.5,10.75,2.5841527581214905,,,0.36663818359375,0.3803056925535202,0.67,0.6196943074464798,0.48412951081991196,1512.75,35.75,0.0,1464.0,0.0,0.0,1.0,0.0
07_expert_legal_med,5,Medium-T-Beg,0.9067669172932331,0.3560476750135422,0.5903884711779448,2.0,0.0,0.3560476750135422,20.714285714285715,8.571428571428571,2.6549525627723107,,,0.41004356971153844,0.4029712677001953,0.67,0.5970287322998047,0.3560476750135422,1504.923076923077,30.923076923076923,0.0,1461.0,0.0,0.0,1.0,0.0
07_expert_legal_med,5,Medium-T-End,0.9106678333765448,0.48105043172836304,0.6009268861809697,2.0,0.005703211517164986,0.48105043172836304,21.857142857142858,7.714285714285714,2.6770222837274726,,,0.4030539772727273,0.4077144075523723,0.67,0.5922855924476277,0.48105043172836304,1692.2727272727273,31.272727272727273,0.0,1648.0,0.0,0.0,1.0,0.0
07_expert_legal_med,5,Medium-T-Mid,0.8950396825396826,0.36426423241694766,0.5830116642616643,2.0,0.0,0.36426423241694766,23.666666666666668,9.166666666666666,2.652193069458008,,,0.40590122767857145,0.3499899762017386,0.67,0.6500100237982613,0.36426423241694766,1533.142857142857,40.142857142857146,0.0,1480.0,0.0,0.0,1.0,0.0
07_expert_legal_med,6,Low-N-Beg,0.2283653846153846,0.5840535461902618,0.454326923076923,2.0,0.0121951219512195,0.5840535461902618,24.5,0.0,2.176139712333679,,,0.3818359375,0.3043449521064758,0.33,0.6956550478935242,0.5840535461902618,659.0,36.0,0.0,610.0,0.0,0.0,1.0,0.0
07_expert_legal_med,6,Low-N-End,0.17830687830687827,0.6701157987117767,0.1476190476190476,2.0,0.14962406015037594,0.6701157987117767,23.666666666666668,0.0,2.600034475326538,,,0.3881022135416667,0.24067974090576166,0.33,0.7593202590942383,0.6701157987117767,733.6666666666666,35.666666666666664,11.0,666.0,14.549479166666666,1.0,1.0,1.0
07_expert_legal_med,6,Low-N-Mid,0.33559577677224733,0.5287752052148184,0.5098039215686274,2.0,0.007936507936507933,0.5287752052148184,19.0,0.0,2.295462131500244,,,0.418212890625,0.3125665386517843,0.33,0.6874334613482157,0.5287752052148184,684.0,29.0,0.0,642.0,0.0,0.0,1.0,0.0
07_expert_legal_med,6,Low-P-Beg,0.6547389003910743,0.5759050746758779,0.5434293765815505,2.0,0.0072463768115942,0.5759050746758779,24.333333333333332,6.5,2.350424919809614,,,0.36328125,0.3959114806992667,0.33,0.6040885193007333,0.5759050746758779,634.5714285714286,35.57142857142857,0.0,586.0,0.0,0.0,1.0,0.0
07_expert_legal_med,6,Low-P-End,0.6962859362859364,0.604680227736632,0.5605633255633256,2.0,0.035606744956338456,0.604680227736632,24.5,7.666666666666667,2.4893674169267928,,,0.4142368861607143,0.3683575860091618,0.33,0.6316424139908382,0.604680227736632,651.1428571428571,37.142857142857146,0.0,601.0,0.0,0.0,1.0,0.0
07_expert_legal_med,6,Low-P-Mid,0.805671657148737,0.47804730633894604,0.66262839405454,2.0,0.0,0.47804730633894604,23.666666666666668,8.166666666666666,2.554123640060425,,,0.40087890625,0.3652292456891801,0.33,0.6347707543108199,0.47804730633894604,702.5555555555555,41.55555555555556,0.0,648.0,0.0,0.0,1.0,0.0
07_expert_legal_med,6,Low-T-Beg,0.5343434343434343,0.630579799413681,0.39621212121212124,2.0,0.0695578231292517,0.630579799413681,28.333333333333332,7.0,2.307276725769043,,,0.403076171875,0.2431874672571817,0.33,0.7568125327428182,0.630579799413681,715.0,43.0,0.0,659.0,0.0,0.0,1.0,0.0
07_expert_legal_med,6,Low-T-End,0.5324074074074074,0.6542023420333862,0.48274410774410775,2.0,0.0075757575757575656,0.6542023420333862,23.666666666666668,5.666666666666667,2.3674229780832925,,,0.386962890625,0.2817861636479696,0.33,0.7182138363520304,0.6542023420333862,699.3333333333334,35.333333333333336,0.0,651.0,0.0,0.0,1.0,0.0
07_expert_legal_med,6,Low-T-Mid,0.6116540230504577,0.6023584107557932,0.49505652572290937,2.0,0.03221153846153845,0.6023584107557932,25.666666666666668,6.5,2.687990387280782,,,0.4020894368489583,0.3394329845905304,0.33,0.6605670154094696,0.6023584107557932,724.3333333333334,37.333333333333336,54.0,612.0,60.934407552083336,1.0,1.0,1.0
07_expert_legal_med,6,Medium-N-Beg,0.2965367965367965,0.4928381194670995,0.5681818181818181,2.0,0.0074074074074074,0.4928381194670995,24.0,0.3333333333333333,2.565483887990316,,,0.385498046875,0.347432941198349,0.67,0.652567058801651,0.4928381194670995,2042.6666666666667,27.666666666666668,0.0,2002.0,0.0,0.0,1.0,0.0
07_expert_legal_med,6,Medium-N-End,0.29583333333333334,0.6772800385951996,0.39583333333333337,2.0,0.0111111111111111,0.6772800385951996,25.5,0.0,2.5013188123703003,,,0.425048828125,0.2812132239341736,0.67,0.7187867760658264,0.6772800385951996,1995.0,40.0,0.0,1942.0,0.0,0.0,1.0,0.0
07_expert_legal_med,6,Medium-N-Mid,0.462962962962963,0.49576401710510254,0.5324074074074074,2.0,0.008130081300813,0.49576401710510254,25.333333333333332,2.6666666666666665,2.6386725107828775,,,0.442138671875,0.3434965411822001,0.67,0.6565034588177999,0.49576401710510254,1859.3333333333333,37.333333333333336,0.0,1809.0,0.0,0.0,1.0,0.0
07_expert_legal_med,6,Medium-P-Beg,0.9126984126984127,0.4997954269250234,0.7217261904761906,2.0,0.0,0.4997954269250234,22.5,8.5,2.732677698135376,,,0.401458740234375,0.3781787790358066,0.67,0.6218212209641933,0.4997954269250234,1702.0,38.0,0.0,1651.0,0.0,0.0,1.0,0.0
07_expert_legal_med,6,Medium-P-End,0.9795918367346939,0.41607901453971863,0.7153374845214738,2.0,0.0,0.41607901453971863,18.714285714285715,8.142857142857142,2.8131383061408997,,,0.399444580078125,0.3969488367438316,0.67,0.6030511632561684,0.41607901453971863,1688.375,36.375,0.0,1639.0,0.0,0.0,1.0,0.0
07_expert_legal_med,6,Medium-P-Mid,0.8677800105549467,0.5341093093156815,0.6668320951569033,2.0,0.0,0.5341093093156815,23.333333333333332,9.166666666666666,2.6484214578356062,,,0.3784877232142857,0.3228587423052106,0.67,0.6771412576947894,0.5341093093156815,1740.0,40.0,0.0,1687.0,0.0,0.0,1.0,0.0
07_expert_legal_med,6,Medium-T-Beg,0.5809281139356328,0.531873883413417,0.6226142737796874,2.0,0.0058966565349544,0.531873883413417,20.571428571428573,6.857142857142857,2.638443946838379,,,0.4034016927083333,0.3801781932512919,0.67,0.6198218067487081,0.531873883413417,1837.6666666666667,31.666666666666668,0.0,1793.0,0.0,0.0,1.0,0.0
07_expert_legal_med,6,Medium-T-End,0.6092370481425954,0.5606435512502989,0.4291887395648015,2.0,0.0347596043248217,0.5606435512502989,25.333333333333332,5.166666666666667,2.4124982357025146,,,0.4162190755208333,0.2917872369289398,0.67,0.7082127630710602,0.5606435512502989,1562.3333333333333,37.333333333333336,0.0,1512.0,0.0,0.0,1.0,0.0
07_expert_legal_med,6,Medium-T-Mid,0.7388888888888889,0.5607417424519857,0.43472222222222223,2.0,0.008130081300813,0.5607417424519857,22.666666666666668,8.0,2.5566283067067466,,,0.3968912760416667,0.2902335127194723,0.67,0.7097664872805277,0.5607417424519857,1667.3333333333333,35.333333333333336,0.0,1619.0,0.0,0.0,1.0,0.0
07_expert_legal_med,7,Low-N-Beg,0.3037037037037037,0.42977237701416016,0.5018518518518519,2.0,0.0,0.42977237701416016,19.666666666666668,0.3333333333333333,2.3817740281422934,,,0.4021809895833333,0.3305909832318624,0.33,0.6694090167681376,0.42977237701416016,653.3333333333334,25.333333333333332,0.0,615.0,0.0,0.0,1.0,0.0
07_expert_legal_med,7,Low-N-End,0.2928571428571428,0.6138998568058014,0.39166666666666666,2.0,0.0,0.6138998568058014,22.5,0.0,2.120494246482849,,,0.3765869140625,0.2538623809814453,0.33,0.7461376190185547,0.6138998568058014,613.5,31.5,0.0,569.0,0.0,0.0,1.0,0.0
07_expert_legal_med,7,Low-N-Mid,0.30016835016835014,0.5498056610425314,0.4042087542087542,2.0,0.015151515151515131,0.5498056610425314,20.666666666666668,0.0,2.3341152667999268,,,0.4276529947916667,0.3236304322878519,0.33,0.6763695677121481,0.5498056610425314,750.3333333333334,29.333333333333332,0.0,708.0,0.0,0.0,1.0,0.0
07_expert_legal_med,7,Low-P-Beg,0.6611213348055452,0.5941679428021113,0.48797233468286094,2.0,0.015113824815317332,0.5941679428021113,24.833333333333332,5.833333333333333,2.245041012763977,,,0.3789876302083333,0.3401589741309484,0.33,0.6598410258690516,0.5941679428021113,608.5,38.5,0.0,557.0,0.0,0.0,1.0,0.0
07_expert_legal_med,7,Low-P-End,0.7958754208754208,0.5761098464330038,0.6139169472502806,2.0,0.0,0.5761098464330038,32.0,8.333333333333334,2.3434528509775796,,,0.3561197916666667,0.3638130823771158,0.33,0.6361869176228842,0.5761098464330038,567.6666666666666,41.666666666666664,0.0,513.0,0.0,0.0,1.0,0.0
07_expert_legal_med,7,Low-P-Mid,0.6798273657289002,0.5949304848909378,0.5756302521008403,2.0,0.0,0.5949304848909378,28.25,8.5,2.189880609512329,,,0.37091064453125,0.3607736825942993,0.33,0.6392263174057007,0.5949304848909378,562.25,38.25,0.0,511.0,0.0,0.0,1.0,0.0
07_expert_legal_med,7,Low-T-Beg,0.6792361338127928,0.564605573458331,0.5498645682529304,2.0,0.0,0.564605573458331,19.571428571428573,5.857142857142857,2.2406604630606517,,,0.38514927455357145,0.3443259767123631,0.33,0.6556740232876369,0.564605573458331,570.8571428571429,30.857142857142858,0.0,527.0,0.0,0.0,1.0,0.0
07_expert_legal_med,7,Low-T-End,0.5341709666322669,0.5083815430601438,0.5028162128549125,2.0,0.0167721303667415,0.5083815430601438,23.333333333333332,5.166666666666667,2.258213520050049,,,0.3539225260416667,0.4307610094547272,0.33,0.5692389905452728,0.5083815430601438,548.3333333333334,35.333333333333336,0.0,500.0,0.0,0.0,1.0,0.0
07_expert_legal_med,7,Low-T-Mid,0.8462373091529103,0.3944108361999194,0.6730683709583966,2.0,0.0,0.3944108361999194,22.833333333333332,8.166666666666666,2.411848987851824,,,0.39198521205357145,0.361582372869764,0.33,0.638417627130236,0.3944108361999194,606.8571428571429,34.857142857142854,0.0,559.0,0.0,0.0,1.0,0.0
07_expert_legal_med,7,Medium-N-Beg,0.33034188034188033,0.546766459941864,0.4391737891737892,2.0,0.014084507042253499,0.546766459941864,25.333333333333332,0.6666666666666666,2.4874391555786133,,,0.4231770833333333,0.279368539651235,0.67,0.720631460348765,0.546766459941864,1854.6666666666667,33.666666666666664,0.0,1808.0,0.0,0.0,1.0,0.0
07_expert_legal_med,7,Medium-N-End,0.395,0.649979293346405,0.42500000000000004,2.0,0.0072463768115942,0.649979293346405,25.0,0.5,2.4244203567504883,,,0.38720703125,0.2461525797843933,0.67,0.7538474202156067,0.649979293346405,1912.0,34.0,0.0,1865.0,0.0,0.0,1.0,0.0
07_expert_legal_med,7,Medium-N-Mid,0.4416060985797828,0.4742218901713689,0.5334753550543024,2.0,0.012254901960784301,0.4742218901713689,24.5,2.3333333333333335,2.654463827610016,,,0.4187418619791667,0.3821020573377609,0.67,0.6178979426622391,0.4742218901713689,1902.4166666666667,35.416666666666664,0.0,1854.0,0.0,0.0,1.0,0.0
07_expert_legal_med,7,Medium-P-Beg,0.804510031437324,0.5861102640628815,0.49987959509333274,2.0,0.022321428571428572,0.5861102640628815,19.142857142857142,5.857142857142857,2.4388443742479597,,,0.35609654017857145,0.41130518061774113,0.6700000000000002,0.5886948193822589,0.5861102640628815,1520.0,33.0,0.0,1474.0,0.0,0.0,1.0,0.0
07_expert_legal_med,7,Medium-P-End,0.848747567844342,0.6454497456550599,0.5350244068953746,2.0,0.0,0.6454497456550599,26.4,8.4,2.4077921867370606,,,0.376513671875,0.35132297277450564,0.67,0.6486770272254944,0.6454497456550599,1366.4,37.4,0.0,1316.0,0.0,0.0,1.0,0.0
07_expert_legal_med,7,Medium-P-Mid,0.8741341991341991,0.5398598810036978,0.6129028379028378,2.0,0.0,0.5398598810036978,23.333333333333332,8.833333333333334,2.5305941786084856,,,0.36314174107142855,0.3790146367890494,0.67,0.6209853632109505,0.5398598810036978,1402.2857142857142,37.285714285714285,0.0,1352.0,0.0,0.0,1.0,0.0
07_expert_legal_med,7,Medium-T-Beg,0.8293512043512044,0.5377525339523951,0.6341977466977466,2.0,0.0,0.5377525339523951,23.166666666666668,7.833333333333333,2.4723239595239814,,,0.3817471590909091,0.3244839364832098,0.67,0.6755160635167902,0.5377525339523951,1422.1818181818182,37.18181818181818,0.0,1372.0,0.0,0.0,1.0,0.0
07_expert_legal_med,7,Medium-T-End,0.726040027605245,0.6184661507606506,0.5456383712905452,2.0,0.0,0.6184661507606506,26.0,8.4,2.5832064628601072,,,0.3833984375,0.3428502678871155,0.67,0.6571497321128845,0.6184661507606506,1444.6,35.6,0.0,1396.0,0.0,0.0,1.0,0.0
07_expert_legal_med,7,Medium-T-Mid,0.7385129490392648,0.5377013385295868,0.6010860484544696,2.0,0.0,0.5377013385295868,21.75,8.0,2.4688706398010254,,,0.369873046875,0.364010602235794,0.67,0.6359893977642059,0.5377013385295868,1571.75,31.75,0.0,1527.0,0.0,0.0,1.0,0.0
07_expert_legal_med,8,Low-N-Beg,0.2599234099234099,0.5264667928218841,0.6041125541125542,2.0,0.0214729370008873,0.5264667928218841,26.0,0.4,2.226786184310913,,,0.360107421875,0.4030996143817902,0.33,0.5969003856182098,0.5264667928218841,649.2,35.2,0.0,601.0,0.0,0.0,1.0,0.0
07_expert_legal_med,8,Low-N-End,0.29355511273922225,0.6351840980350971,0.5227866661538757,2.0,0.032281698564593286,0.6351840980350971,19.625,0.375,2.216753900051117,,,0.410919189453125,0.4110196977853775,0.33,0.5889803022146225,0.6351840980350971,781.125,30.125,0.0,738.0,0.0,0.0,1.0,0.0
07_expert_legal_med,8,Low-N-Mid,0.3302135429070413,0.6739959716796875,0.5521790902595857,2.0,0.018959681433549022,0.6739959716796875,20.6,0.8,2.079593873023987,,,0.311181640625,0.36509730815887453,0.33,0.6349026918411255,0.6739959716796875,751.4,33.4,0.0,705.0,0.0,0.0,1.0,0.0
07_expert_legal_med,8,Low-P-Beg,1.0,0.4482059233954975,0.668816359623813,2.0,0.003246753246753243,0.4482059233954975,21.857142857142858,9.857142857142858,2.431764453649521,,,0.363494873046875,0.4352145977318287,0.33,0.5647854022681713,0.4482059233954975,612.25,34.25,0.0,565.0,0.0,0.0,1.0,0.0
07_expert_legal_med,8,Low-P-End,0.9466666666666667,0.54654101729393,0.6453571428571429,2.0,0.012244897959183659,0.54654101729393,32.2,12.6,2.3670960664749146,,,0.3284098307291667,0.3453461031119028,0.33,0.6546538968880972,0.54654101729393,605.8333333333334,50.833333333333336,0.0,542.0,0.0,0.0,1.0,0.0
07_expert_legal_med,8,Low-P-Mid,0.8267857142857142,0.6526719182729721,0.49694940476190474,2.0,0.015306122448979574,0.6526719182729721,29.0,8.25,2.1873567700386047,,,0.3380126953125,0.3890583515167236,0.33,0.6109416484832764,0.6526719182729721,641.5,40.5,0.0,588.0,0.0,0.0,1.0,0.0
07_expert_legal_med,8,Low-T-Beg,0.8854603782764703,0.5975012282530466,0.5270131040922116,2.0,0.03840651833459973,0.5975012282530466,25.5,10.166666666666666,2.4019847214221954,,,0.406951904296875,0.2866205349564552,0.33,0.7133794650435448,0.5975012282530466,630.625,41.625,0.0,576.0,0.0,0.0,1.0,0.0
07_expert_legal_med,8,Low-T-End,0.9332222222222222,0.5930732131004334,0.6430522875816993,2.0,0.00434782608695652,0.5930732131004334,28.8,12.4,2.5411787271499633,,,0.389990234375,0.2800049811601639,0.33,0.7199950188398361,0.5930732131004334,728.3,47.3,44.0,616.0,49.859375,1.0,1.0,1.0
07_expert_legal_med,8,Low-T-Mid,0.9008799161672725,0.5810831785202026,0.5752148213642466,2.0,0.010583136327817166,0.5810831785202026,23.833333333333332,11.0,2.404859092500475,,,0.3908420138888889,0.2979430357615152,0.33,0.7020569642384847,0.5810831785202026,672.5555555555555,44.55555555555556,0.0,615.0,0.0,0.0,1.0,0.0
07_expert_legal_med,8,Medium-N-Beg,0.30823863636363635,0.558991014957428,0.6448863636363636,2.0,0.01,0.558991014957428,32.0,1.0,2.3661054372787476,,,0.4039306640625,0.5410866141319275,0.67,0.4589133858680725,0.558991014957428,1888.5,40.5,0.0,1835.0,0.0,0.0,1.0,0.0
07_expert_legal_med,8,Medium-N-End,0.37533416875522135,0.7421239495277405,0.3835421888053467,2.0,0.04605451936872308,0.7421239495277405,18.8,0.8,2.4465704441070555,,,0.420068359375,0.3041802287101746,0.67,0.6958197712898254,0.7421239495277405,1735.0,28.0,0.0,1694.0,0.0,0.0,1.0,0.0
07_expert_legal_med,8,Medium-N-Mid,0.3415218360071301,0.7762388437986374,0.24190433749257276,2.0,0.0639705882352941,0.7762388437986374,18.75,0.5,2.403445065021515,,,0.423828125,0.2333021759986877,0.67,0.7666978240013123,0.7762388437986374,1775.25,28.25,0.0,1734.0,0.0,0.0,1.0,0.0
07_expert_legal_med,8,Medium-P-Beg,0.8919191919191919,0.6763249635696411,0.39595959595959596,2.0,0.03627450980392157,0.6763249635696411,27.0,8.0,2.2191052436828613,,,0.318359375,0.3209293882052103,0.67,0.6790706117947897,0.6763249635696411,1646.3333333333333,39.333333333333336,0.0,1594.0,0.0,0.0,1.0,0.0
07_expert_legal_med,8,Medium-P-End,0.9446640316205533,0.6613257825374603,0.6098312623248684,2.0,0.0296563192904656,0.6613257825374603,22.75,9.5,2.293246030807495,,,0.32440185546875,0.3667037412524223,0.67,0.6332962587475777,0.6613257825374603,1591.0,35.0,0.0,1543.0,0.0,0.0,1.0,0.0
07_expert_legal_med,8,Medium-P-Mid,0.9760544217687075,0.6096890696457454,0.5696179572307392,2.0,0.00987712051541837,0.6096890696457454,20.571428571428573,9.428571428571429,2.48014691897801,,,0.35693359375,0.3799525967666081,0.6700000000000002,0.6200474032333919,0.6096890696457454,1611.5714285714287,32.57142857142857,0.0,1566.0,0.0,0.0,1.0,0.0
07_expert_legal_med,8,Medium-T-Beg,0.8693765664160401,0.6357329587141672,0.46944174372713393,2.0,0.06494353204879517,0.6357329587141672,26.333333333333332,11.333333333333334,2.624994707107544,,,0.4125,0.3635712713003158,0.67,0.6364287286996841,0.6357329587141672,1696.0,43.0,0.0,1640.0,0.0,0.0,1.0,0.0
07_expert_legal_med,8,Medium-T-End,0.9761904761904762,0.5693045755227407,0.6327639751552795,2.0,0.010593434343434334,0.5693045755227407,24.166666666666668,12.0,2.7339633107185364,,,0.401275634765625,0.3933876641094684,0.67,0.6066123358905315,0.5693045755227407,1768.375,41.375,0.0,1714.0,0.0,0.0,1.0,0.0
07_expert_legal_med,8,Medium-T-Mid,0.8812067562067563,0.6556390970945358,0.4745624745624746,2.0,0.005208333333333325,0.6556390970945358,26.0,10.75,2.6091681718826294,,,0.4320068359375,0.3946206867694855,0.67,0.6053793132305145,0.6556390970945358,1728.75,37.75,0.0,1678.0,0.0,0.0,1.0,0.0
07_expert_legal_med,9,Low-N-Beg,0.5030701754385966,0.4436182553569476,0.6857456140350877,2.0,0.0,0.4436182553569476,19.0,1.6666666666666667,2.3191515604654946,,,0.4042154947916667,0.48812614878018695,0.33,0.511873851219813,0.4436182553569476,635.0,28.0,0.0,594.0,0.0,0.0,1.0,0.0
07_expert_legal_med,9,Low-N-End,0.3766233766233766,0.23847020914157227,0.8484848484848485,2.0,0.0,0.23847020914157227,18.0,0.0,2.3167340755462646,,,0.4016927083333333,0.581884115934372,0.33,0.41811588406562805,0.23847020914157227,706.0,22.0,0.0,671.0,0.0,0.0,1.0,0.0
07_expert_legal_med,9,Low-N-Mid,0.3825396825396825,0.4100871707002322,0.7238095238095238,2.0,0.0,0.4100871707002322,19.0,2.3333333333333335,2.264719804128011,,,0.3935546875,0.6104880074659984,0.33,0.3895119925340016,0.4100871707002322,668.0,29.0,0.0,626.0,0.0,0.0,1.0,0.0
07_expert_legal_med,9,Low-P-Beg,0.626984126984127,0.5370588339865208,0.8115906084656085,2.0,0.0,0.5370588339865208,22.0,4.25,2.372197210788727,,,0.38006591796875,0.5037675648927689,0.33,0.49623243510723114,0.5370588339865208,577.75,28.75,0.0,536.0,0.0,0.0,1.0,0.0
07_expert_legal_med,9,Low-P-End,0.8933608485332624,0.5160798788070678,0.8334398437846714,2.0,0.0,0.5160798788070678,28.8,10.2,2.433160662651062,,,0.3411865234375,0.5561732910573483,0.33,0.44382670894265175,0.5160798788070678,610.375,35.375,0.0,562.0,0.0,0.0,1.0,0.0
07_expert_legal_med,9,Low-P-Mid,0.8104859426287998,0.5796655799661364,0.7263954162968942,2.0,0.0857142857142857,0.5796655799661364,21.714285714285715,7.428571428571429,2.3309195836385093,,,0.3385823567708333,0.4977040820651583,0.33,0.5022959179348416,0.5796655799661364,599.1111111111111,28.11111111111111,0.0,558.0,0.0,0.0,1.0,0.0
07_expert_legal_med,9,Low-T-Beg,0.6554256010396361,0.4854959671696027,0.7275503573749188,2.0,0.0,0.4854959671696027,23.666666666666668,6.333333333333333,2.407778263092041,,,0.36669921875,0.4266430536905924,0.33,0.5733569463094076,0.4854959671696027,681.6666666666666,35.666666666666664,0.0,633.0,0.0,0.0,1.0,0.0
07_expert_legal_med,9,Low-T-End,0.7957407407407407,0.3066831231117248,0.822277452891488,2.0,0.0,0.3066831231117248,22.833333333333332,7.333333333333333,2.5906317234039307,,,0.415679931640625,0.4715279936790466,0.33,0.5284720063209534,0.3066831231117248,716.25,39.25,0.0,664.0,0.0,0.0,1.0,0.0
07_expert_legal_med,9,Low-T-Mid,0.5933296108047503,0.5690904174532209,0.6624844968678342,2.0,0.09523809523809523,0.5690904174532209,20.714285714285715,4.714285714285714,2.55490585735866,,,0.39822823660714285,0.351228083883013,0.33,0.6487719161169869,0.5690904174532209,715.0,34.0,0.0,668.0,0.0,0.0,1.0,0.0
07_expert_legal_med,9,Medium-N-Beg,0.5751848266150326,0.23165246332064265,0.8221685589391539,2.0,0.0,0.23165246332064265,25.5,5.5,2.7763168811798096,,,0.45703125,0.5666805431246758,0.67,0.43331945687532425,0.23165246332064265,1769.0,36.0,0.0,1720.0,0.0,0.0,1.0,0.0
07_expert_legal_med,9,Medium-N-End,0.5431372549019609,0.3038636234899362,0.7861556743909685,2.0,0.0,0.3038636234899362,19.333333333333332,0.3333333333333333,2.521599610646566,,,0.4159342447916667,0.5198974410692851,0.67,0.4801025589307149,0.3038636234899362,1625.3333333333333,23.333333333333332,0.0,1589.0,0.0,0.0,1.0,0.0
07_expert_legal_med,9,Medium-N-Mid,0.46343779677113006,0.41932329535484314,0.7573599240265907,2.0,0.0,0.41932329535484314,21.0,0.6666666666666666,2.623938957850138,,,0.435791015625,0.4557872811953226,0.67,0.5442127188046774,0.41932329535484314,1856.3333333333333,25.333333333333332,0.0,1818.0,0.0,0.0,1.0,0.0
07_expert_legal_med,9,Medium-P-Beg,0.7361007331994582,0.42951616644859314,0.8023698609878734,2.0,0.0,0.42951616644859314,21.857142857142858,5.0,2.514900028705597,,,0.353424072265625,0.5005347467958927,0.67,0.4994652532041073,0.42951616644859314,1752.125,33.125,0.0,1706.0,0.0,0.0,1.0,0.0
07_expert_legal_med,9,Medium-P-End,0.6633597162457732,0.4161117027203242,0.805112162533452,2.0,0.0,0.4161117027203242,26.666666666666668,4.833333333333333,2.4722447792689004,,,0.3732503255208333,0.5625294496615727,0.67,0.43747055033842724,0.4161117027203242,1566.5,33.5,0.0,1520.0,0.0,0.0,1.0,0.0
07_expert_legal_med,9,Medium-P-Mid,0.951984126984127,0.466776958356301,0.7852264704847202,2.0,0.0,0.466776958356301,24.333333333333332,9.0,2.75236177444458,,,0.3723551432291667,0.5942609583338101,0.67,0.4057390416661898,0.466776958356301,1496.5,38.5,0.0,1445.0,0.0,0.0,1.0,0.0
07_expert_legal_med,9,Medium-T-Beg,0.8595303506017792,0.43073106450693943,0.7076733729929219,2.0,0.12244897959183673,0.43073106450693943,19.857142857142858,8.0,2.759334087371826,,,0.3874969482421875,0.539973258972168,0.67,0.46002674102783203,0.43073106450693943,1902.5,33.5,0.0,1856.0,0.0,0.0,1.0,0.0
07_expert_legal_med,9,Medium-T-End,0.7660493408587783,0.4132664889097214,0.7754396601583534,2.0,0.0,0.4132664889097214,27.8,7.0,2.6248807509740195,,,0.3985188802083333,0.4843060821294784,0.67,0.5156939178705215,0.4132664889097214,1724.0,52.0,0.0,1659.0,0.0,0.0,1.0,0.0
07_expert_legal_med,9,Medium-T-Mid,0.6765724471606824,0.3827463901705212,0.7059743089154854,2.0,0.0,0.3827463901705212,15.0,3.7777777777777777,2.5245310730404324,,,0.3677842881944444,0.5440144505765703,0.67,0.4559855494234297,0.3827463901705212,1709.3333333333333,19.333333333333332,0.0,1677.0,0.0,0.0,1.0,0.0
07_expert_legal_med,10,Low-N-Beg,0.20276292335115864,0.6464769790569941,0.6180184194890077,2.0,0.05676328502415457,0.6464769790569941,23.333333333333332,0.0,2.127647082010905,,,0.34326171875,0.4435608287652334,0.33,0.5564391712347666,0.6464769790569941,687.6666666666666,31.666666666666668,0.0,643.0,0.0,0.0,1.0,0.0
07_expert_legal_med,10,Low-N-End,0.2984593837535014,0.5286447582766414,0.6561391223155929,2.0,0.044976708074534154,0.5286447582766414,19.125,0.375,2.196069457314231,,,0.3465909090909091,0.4026402749798514,0.33,0.5973597250201486,0.5286447582766414,707.7272727272727,31.727272727272727,0.0,663.0,0.0,0.0,1.0,0.0
07_expert_legal_med,10,Low-N-Mid,0.29077380952380955,0.6906049437820911,0.5519345238095238,2.0,0.11874176548089588,0.6906049437820911,20.5,0.75,2.112222909927368,,,0.3074462890625,0.49067173302173617,0.33,0.5093282669782638,0.6906049437820911,752.0,23.0,0.0,716.0,0.0,0.0,1.0,0.0
07_expert_legal_med,10,Low-P-Beg,0.9171311780007433,0.5696578820546468,0.6980289235724019,2.0,0.019636015325670483,0.5696578820546468,25.0,9.833333333333334,2.5349813997745514,,,0.345550537109375,0.3966196104884147,0.33,0.6033803895115852,0.5696578820546468,622.5,38.5,0.0,571.0,0.0,0.0,1.0,0.0
07_expert_legal_med,10,Low-P-End,0.9234848484848485,0.7531548261642456,0.6202914830249295,2.0,0.02499999999999998,0.7531548261642456,26.4,11.2,2.508340263366699,,,0.3986328125,0.3761273920536041,0.33,0.6238726079463959,0.7531548261642456,551.6,38.6,0.0,500.0,0.0,0.0,1.0,0.0
07_expert_legal_med,10,Low-P-Mid,0.9631093544137023,0.5853613515694936,0.693365168065318,2.0,0.05237154150197627,0.5853613515694936,25.666666666666668,9.833333333333334,2.426229864358902,,,0.35760498046875,0.3909758813679218,0.33,0.6090241186320782,0.5853613515694936,606.375,33.375,0.0,560.0,0.0,0.0,1.0,0.0
07_expert_legal_med,10,Low-T-Beg,0.6845238095238095,0.8163124720255533,0.5654761904761905,2.0,0.0714141414141414,0.8163124720255533,23.666666666666668,6.333333333333333,2.3470850785573325,,,0.3377278645833333,0.3127895593643188,0.33,0.6872104406356812,0.8163124720255533,620.0,35.0,0.0,572.0,0.0,0.0,1.0,0.0
07_expert_legal_med,10,Low-T-End,0.7597791665774122,0.5208885284761587,0.7479464776613899,2.0,0.03133239831697053,0.5208885284761587,24.666666666666668,7.833333333333333,2.4069759368896486,,,0.380908203125,0.4776054039597511,0.33,0.5223945960402488,0.5208885284761587,583.7,34.7,0.0,536.0,0.0,0.0,1.0,0.0
07_expert_legal_med,10,Low-T-Mid,0.5893148719235676,0.5480585561266967,0.6980095473884294,2.0,0.09537776064091852,0.5480585561266967,21.571428571428573,7.142857142857143,2.498188918287104,,,0.4035977450284091,0.4633810479532588,0.33,0.5366189520467411,0.5480585561266967,639.7272727272727,35.72727272727273,0.0,591.0,0.0,0.0,1.0,0.0
07_expert_legal_med,10,Medium-N-Beg,0.32386363636363635,0.889441192150116,0.4564393939393939,2.0,0.08514492753623185,0.889441192150116,25.5,1.0,2.4445823431015015,,,0.40869140625,0.302485316991806,0.67,0.697514683008194,0.889441192150116,1947.5,37.5,0.0,1897.0,0.0,0.0,1.0,0.0
07_expert_legal_med,10,Medium-N-End,0.41055555555555556,0.3591784397140146,0.7505555555555555,2.0,0.027777777777777766,0.3591784397140146,21.666666666666668,0.6666666666666666,2.4729352792104087,,,0.4190266927083333,0.4419151047865549,0.67,0.5580848952134451,0.3591784397140146,1901.0,28.0,0.0,1860.0,0.0,0.0,1.0,0.0
07_expert_legal_med,10,Medium-N-Mid,0.31534488795518206,0.6640424132347107,0.589057150638033,2.0,0.0598151848151848,0.6640424132347107,24.25,0.75,2.576101243495941,,,0.439697265625,0.3990576341748237,0.67,0.6009423658251762,0.6640424132347107,1866.75,33.75,0.0,1820.0,0.0,0.0,1.0,0.0
07_expert_legal_med,10,Medium-P-Beg,0.9375,0.743252232670784,0.6536458333333334,2.0,0.03807471264367815,0.743252232670784,27.5,10.0,2.6881368160247803,,,0.37884521484375,0.3169506937265396,0.67,0.6830493062734604,0.743252232670784,1618.5,40.5,0.0,1565.0,0.0,0.0,1.0,0.0
07_expert_legal_med,10,Medium-P-End,0.8485858585858586,0.7948814034461975,0.5913804713804713,2.0,0.06022915892481108,0.7948814034461975,26.75,9.0,2.74631404876709,,,0.3975830078125,0.343331441283226,0.67,0.656668558716774,0.7948814034461975,1691.5,38.5,0.0,1640.0,0.0,0.0,1.0,0.0
07_expert_legal_med,10,Medium-P-Mid,0.8443381331312366,0.8791904747486115,0.5115139888846785,2.0,0.07057873161321435,0.8791904747486115,27.0,10.0,2.5140438079833984,,,0.3653564453125,0.3556894361972809,0.67,0.6443105638027191,0.8791904747486115,1506.5,39.5,0.0,1454.0,0.0,0.0,1.0,0.0
07_expert_legal_med,10,Medium-T-Beg,0.8314492753623188,0.7013802230358124,0.5802898550724638,2.0,0.05364583333333332,0.7013802230358124,25.0,9.0,2.786065101623535,,,0.42755126953125,0.3587548434734344,0.67,0.6412451565265656,0.7013802230358124,1515.0,39.0,0.0,1463.0,0.0,0.0,1.0,0.0
07_expert_legal_med,10,Medium-T-End,0.7682371209353307,0.4467269091733864,0.8054943945541603,2.0,0.011904761904761899,0.4467269091733864,20.714285714285715,7.714285714285714,2.71972616819235,,,0.38638070913461536,0.5379311407987888,0.67,0.4620688592012112,0.4467269091733864,1667.4615384615386,30.46153846153846,0.0,1624.0,0.0,0.0,1.0,0.0
07_expert_legal_med,10,Medium-T-Mid,0.7425049730036942,0.7467575073242188,0.6242185279909065,2.0,0.043333333333333335,0.7467575073242188,23.333333333333332,6.333333333333333,2.6206844647725425,,,0.3941243489583333,0.47217384974161786,0.67,0.5278261502583822,0.7467575073242188,1609.3333333333333,34.333333333333336,0.0,1562.0,0.0,0.0,1.0,0.0
07_expert_legal_med,11,Low-N-Beg,0.4444444444444444,0.2791588107744853,0.7171717171717171,2.0,0.0,0.2791588107744853,28.0,2.0,2.3788159688313804,,,0.422119140625,0.4016630053520202,0.33,0.5983369946479797,0.2791588107744853,707.0,39.0,0.0,655.0,0.0,0.0,1.0,0.0
07_expert_legal_med,11,Low-N-End,0.28925120772946855,0.5348837077617645,0.5289855072463768,2.0,0.0,0.5348837077617645,32.5,1.0,2.1841293573379517,,,0.3447265625,0.3441497683525085,0.33,0.6558502316474915,0.5348837077617645,705.5,47.5,0.0,645.0,0.0,0.0,1.0,0.0
07_expert_legal_med,11,Low-N-Mid,0.2516105481094039,0.5322341924267155,0.5153239075950746,2.0,0.047619047619047616,0.5322341924267155,23.428571428571427,0.0,2.166458777018956,,,0.39212472098214285,0.3544463174683707,0.33,0.6455536825316293,0.5322341924267155,701.5714285714286,34.57142857142857,0.0,654.0,0.0,0.0,1.0,0.0
07_expert_legal_med,11,Low-P-Beg,0.946384479717813,0.5046341915925344,0.6760581393914727,2.0,0.0,0.5046341915925344,23.833333333333332,12.666666666666666,2.4080480337142944,,,0.3663330078125,0.48390428721904744,0.33,0.5160957127809525,0.5046341915925344,671.6666666666666,38.666666666666664,0.0,620.0,0.0,0.0,1.0,0.0
07_expert_legal_med,11,Low-P-End,0.700812386538193,0.6483383417129517,0.5274801005446167,2.0,0.06451612903225806,0.6483383417129517,27.2,8.0,2.2385154167811074,,,0.3421834309895833,0.4293735101819038,0.33,0.5706264898180962,0.6483383417129517,599.6666666666666,32.666666666666664,0.0,554.0,0.0,0.0,1.0,0.0
07_expert_legal_med,11,Low-P-Mid,0.9711538461538461,0.44102453121117186,0.7333699633699633,2.0,0.0,0.44102453121117186,21.285714285714285,9.571428571428571,2.4655248522758484,,,0.374176025390625,0.3909773975610733,0.33,0.6090226024389267,0.44102453121117186,611.375,36.375,0.0,562.0,0.0,0.0,1.0,0.0
07_expert_legal_med,11,Low-T-Beg,0.7639554819520864,0.5947374522686004,0.5684649032424923,2.0,0.16666666666666669,0.5947374522686004,29.8,9.4,2.501008450984955,,,0.392669677734375,0.3395675234496593,0.33,0.6604324765503407,0.5947374522686004,658.0,43.0,0.0,602.0,0.0,0.0,1.0,0.0
07_expert_legal_med,11,Low-T-End,0.7315991943549488,0.5574850936730703,0.6605295856814399,2.0,0.0,0.5574850936730703,24.833333333333332,8.333333333333334,2.2738690773646035,,,0.3846435546875,0.3892000615596771,0.33,0.6107999384403229,0.5574850936730703,674.0,36.0,0.0,625.0,0.0,0.0,1.0,0.0
07_expert_legal_med,11,Low-T-Mid,0.7627272950960853,0.5078100661436716,0.7021480770650329,2.0,0.0,0.5078100661436716,25.333333333333332,9.0,2.469745318094889,,,0.4169108072916667,0.3707613050937652,0.33,0.6292386949062347,0.5078100661436716,667.3333333333334,37.333333333333336,0.0,617.0,0.0,0.0,1.0,0.0
07_expert_legal_med,11,Medium-N-Beg,0.396031746031746,0.34000263611475634,0.5761904761904763,2.0,0.0,0.34000263611475634,19.0,0.0,2.4534172217051187,,,0.416259765625,0.4027744233608246,0.67,0.5972255766391754,0.34000263611475634,1877.3333333333333,28.333333333333332,0.0,1836.0,0.0,0.0,1.0,0.0
07_expert_legal_med,11,Medium-N-End,0.3638591800356506,0.6390419999758402,0.5350935828877005,2.0,0.0,0.6390419999758402,30.666666666666668,1.6666666666666667,2.427842140197754,,,0.4066569010416667,0.3276287913322449,0.67,0.6723712086677551,0.6390419999758402,1924.3333333333333,40.333333333333336,0.0,1871.0,0.0,0.0,1.0,0.0
07_expert_legal_med,11,Medium-N-Mid,0.3748987854251012,0.3354726235071818,0.542914979757085,2.0,0.0,0.3354726235071818,18.0,0.0,2.4049972693125405,,,0.419921875,0.4018662969271341,0.67,0.5981337030728658,0.3354726235071818,1929.3333333333333,22.333333333333332,0.0,1894.0,0.0,0.0,1.0,0.0
07_expert_legal_med,11,Medium-P-Beg,0.9680555555555556,0.5059992770353953,0.6695707070707071,2.0,0.0,0.5059992770353953,23.833333333333332,12.333333333333334,2.6703647242652044,,,0.3780653211805556,0.4308816459443834,0.67,0.5691183540556166,0.5059992770353953,1585.5555555555557,35.55555555555556,0.0,1537.0,0.0,0.0,1.0,0.0
07_expert_legal_med,11,Medium-P-End,0.9476190476190477,0.44924628734588623,0.6739563694450913,2.0,0.0,0.44924628734588623,21.428571428571427,9.0,2.760159594672067,,,0.41259765625,0.40523552043097355,0.6700000000000002,0.5947644795690264,0.44924628734588623,1621.5714285714287,35.57142857142857,0.0,1573.0,0.0,0.0,1.0,0.0
07_expert_legal_med,11,Medium-P-Mid,0.9636904761904762,0.3759671747684479,0.7385854341736695,2.0,0.0,0.3759671747684479,20.0,9.428571428571429,2.7676228417290583,,,0.3887532552083333,0.3936296635203891,0.67,0.6063703364796109,0.3759671747684479,1661.888888888889,31.88888888888889,0.0,1617.0,0.0,0.0,1.0,0.0
07_expert_legal_med,11,Medium-T-Beg,0.8384130616396062,0.5418484168393272,0.6804602084922451,2.0,0.0,0.5418484168393272,21.571428571428573,8.285714285714286,2.6333604653676352,,,0.412567138671875,0.4285818474988142,0.67,0.5714181525011858,0.5418484168393272,1650.6666666666667,31.666666666666668,0.0,1606.0,0.0,0.0,1.0,0.0
07_expert_legal_med,11,Medium-T-End,0.9521892492906986,0.48355711189409095,0.6642841806609923,2.0,0.0,0.48355711189409095,23.833333333333332,9.5,2.5270230770111084,,,0.4116482204861111,0.3967210186852349,0.67,0.6032789813147651,0.48355711189409095,1597.6666666666667,42.666666666666664,0.0,1542.0,0.0,0.0,1.0,0.0
07_expert_legal_med,11,Medium-T-Mid,0.8190420495683653,0.5091007202863693,0.6724060150375939,2.0,0.0,0.5091007202863693,25.5,8.5,2.5982267260551453,,,0.38812255859375,0.4859217554330826,0.67,0.5140782445669174,0.5091007202863693,1867.5,40.5,0.0,1814.0,0.0,0.0,1.0,0.0
07_expert_legal_med,12,Low-N-Beg,0.2369816174164,0.7427279055118561,0.42290921638747725,2.0,0.025915750915750876,0.7427279055118561,24.0,0.0,2.2648807168006897,,,0.4193115234375,0.3460777401924133,0.33,0.6539222598075867,0.7427279055118561,744.75,34.75,0.0,697.0,0.0,0.0,1.0,0.0
07_expert_legal_med,12,Low-N-End,0.21317039532181958,0.6651369234813111,0.6154885868753934,2.0,0.0069686411149825715,0.6651369234813111,23.428571428571427,0.14285714285714285,2.197365072038439,,,0.3910047743055556,0.3564284046490987,0.33,0.6435715953509012,0.6651369234813111,658.7777777777778,36.77777777777778,0.0,609.0,0.0,0.0,1.0,0.0
07_expert_legal_med,12,Low-N-Mid,0.3358516483516483,0.5309148468077183,0.631753663003663,2.0,0.022817460317460302,0.5309148468077183,28.666666666666668,1.0,2.2133034070332847,,,0.3805338541666667,0.372458795706431,0.33,0.627541204293569,0.5309148468077183,683.0,37.0,0.0,633.0,0.0,0.0,1.0,0.0
07_expert_legal_med,12,Low-P-Beg,0.7686988236650906,0.7290241301059723,0.4638747933725445,2.0,0.05101903751956772,0.7290241301059723,28.2,5.6,2.3108507792154946,,,0.3779093424479167,0.4182103648781776,0.33,0.5817896351218224,0.7290241301059723,645.5,34.5,0.0,598.0,0.0,0.0,1.0,0.0
07_expert_legal_med,12,Low-P-End,0.8860891523935002,0.5622490917642912,0.6508759959846917,2.0,0.0117532697066101,0.5622490917642912,24.833333333333332,8.166666666666666,2.4363429148991904,,,0.384765625,0.3195394277572632,0.33,0.6804605722427368,0.5622490917642912,611.1666666666666,40.166666666666664,0.0,558.0,0.0,0.0,1.0,0.0
07_expert_legal_med,12,Low-P-Mid,0.8606579562510766,0.6610691150029501,0.5528899387318226,2.0,0.017094017094017065,0.6610691150029501,26.666666666666668,9.0,2.154146750768026,,,0.2783203125,0.3379536072413126,0.33,0.6620463927586874,0.6610691150029501,596.6666666666666,40.666666666666664,0.0,543.0,0.0,0.0,1.0,0.0
07_expert_legal_med,12,Low-T-Beg,0.9009589947089948,0.49036086599032086,0.6565806878306878,2.0,0.0087719298245614,0.49036086599032086,24.5,8.333333333333334,2.7485342919826508,,,0.435333251953125,0.3884138837456703,0.33,0.6115861162543297,0.49036086599032086,648.125,39.125,0.0,596.0,0.0,0.0,1.0,0.0
07_expert_legal_med,12,Low-T-End,0.5858408748114631,0.5308266282081604,0.5146472264119323,2.0,0.025015634771732298,0.5308266282081604,26.0,4.5,2.4033679962158203,,,0.388916015625,0.3877913653850555,0.33,0.6122086346149445,0.5308266282081604,652.0,34.0,0.0,605.0,0.0,0.0,1.0,0.0
07_expert_legal_med,12,Low-T-Mid,0.8419990723562152,0.6571759709290096,0.434925788497217,2.0,0.06350307164767091,0.6571759709290096,21.571428571428573,7.428571428571429,2.5404081874423556,,,0.4183213975694444,0.2697015802065531,0.33,0.7302984197934469,0.6571759709290096,648.5555555555555,42.55555555555556,0.0,593.0,0.0,0.0,1.0,0.0
07_expert_legal_med,12,Medium-N-Beg,0.39945285682711085,0.6126329166193804,0.5366400988736879,2.0,0.012296747967479668,0.6126329166193804,25.166666666666668,0.5,2.456144412358602,,,0.3998209635416667,0.3965508540471395,0.67,0.6034491459528605,0.6126329166193804,1876.3333333333333,35.333333333333336,0.0,1828.0,0.0,0.0,1.0,0.0
07_expert_legal_med,12,Medium-N-End,0.4014588100686498,0.75797538459301,0.4070979078130107,2.0,0.020656370656370625,0.75797538459301,23.25,0.75,2.4357991814613342,,,0.38555908203125,0.309919610619545,0.67,0.690080389380455,0.75797538459301,1931.0,33.0,0.0,1885.0,0.0,0.0,1.0,0.0
07_expert_legal_med,12,Medium-N-Mid,0.4043803418803419,0.64755579829216,0.4905555555555555,2.0,0.03175545571245185,0.64755579829216,25.0,1.25,2.557096242904663,,,0.4267578125,0.350493460893631,0.67,0.649506539106369,0.64755579829216,1960.25,33.25,0.0,1914.0,0.0,0.0,1.0,0.0
07_expert_legal_med,12,Medium-P-Beg,0.7444392230576441,0.6158712804317474,0.5834899749373433,2.0,0.0119047619047619,0.6158712804317474,25.25,6.25,2.5136364698410034,,,0.40338134765625,0.3749453723430633,0.67,0.6250546276569366,0.6158712804317474,1572.0,35.0,0.0,1524.0,0.0,0.0,1.0,0.0
07_expert_legal_med,12,Medium-P-End,0.9795031055900622,0.5670662309442248,0.5736759586777854,2.0,0.0071428571428571435,0.5670662309442248,21.857142857142858,7.857142857142857,2.6419034685407365,,,0.3897181919642857,0.3024602362087795,0.6700000000000002,0.6975397637912205,0.5670662309442248,1477.7142857142858,37.714285714285715,0.0,1427.0,0.0,0.0,1.0,0.0
07_expert_legal_med,12,Medium-P-Mid,0.9635093167701864,0.5205452208008085,0.7023145101602114,2.0,0.0071428571428571435,0.5205452208008085,20.428571428571427,8.142857142857142,2.659182906150818,,,0.3902587890625,0.3338463902473449,0.67,0.666153609752655,0.5205452208008085,1560.5,36.5,0.0,1511.0,0.0,0.0,1.0,0.0
07_expert_legal_med,12,Medium-T-Beg,0.8759894511618651,0.5415211737155914,0.5509469074986317,2.0,0.01444788441692466,0.5415211737155914,32.4,11.6,2.921645835042,,,0.42730712890625,0.358687961474061,0.67,0.641312038525939,0.5415211737155914,1792.0625,51.0625,0.0,1728.0,0.0,0.0,1.0,0.0
07_expert_legal_med,12,Medium-T-End,0.8752624860350765,0.5827993899583817,0.5575491165444054,2.0,0.01353383458646615,0.5827993899583817,25.5,8.833333333333334,2.851598529254689,,,0.39704446231617646,0.37232529503457684,0.67,0.6276747049654231,0.5827993899583817,1790.4705882352941,39.470588235294116,47.0,1683.0,26.224178538602942,1.0,1.0,1.0
07_expert_legal_med,12,Medium-T-Mid,0.6558197295039401,0.6470217704772949,0.45509268667163405,2.0,0.04183535762483128,0.6470217704772949,26.2,5.4,2.5066021919250487,,,0.376220703125,0.3507990717887879,0.67,0.6492009282112121,0.6470217704772949,1643.4,35.4,0.0,1595.0,0.0,0.0,1.0,0.0
07_expert_legal_med,13,Low-N-Beg,0.22569930069930066,0.49312394962180406,0.7171328671328672,2.0,0.0,0.49312394962180406,21.75,0.5,2.2255780696868896,,,0.41839599609375,0.4009979143738746,0.33,0.5990020856261253,0.49312394962180406,677.25,36.25,0.0,628.0,0.0,0.0,1.0,0.0
07_expert_legal_med,13,Low-N-End,0.2635228301110654,0.4912840255536139,0.6604442616207322,2.0,0.0,0.4912840255536139,22.0,0.8,2.2713125705718995,,,0.41171875,0.4250723421573639,0.33,0.5749276578426361,0.4912840255536139,715.4,31.4,0.0,671.0,0.0,0.0,1.0,0.0
07_expert_legal_med,13,Low-N-Mid,0.2747202797202797,0.7241885364055634,0.5625524475524476,2.0,0.0,0.7241885364055634,26.25,1.25,2.2346484661102295,,,0.4163818359375,0.372711569070816,0.33,0.627288430929184,0.7241885364055634,706.25,38.25,0.0,655.0,0.0,0.0,1.0,0.0
07_expert_legal_med,13,Low-P-Beg,0.9184981684981686,0.765579879283905,0.6314102564102564,2.0,0.0,0.765579879283905,25.75,12.25,2.5201492309570312,,,0.3876953125,0.3318826854228973,0.33,0.6681173145771027,0.765579879283905,688.0,43.0,0.0,632.0,0.0,0.0,1.0,0.0
07_expert_legal_med,13,Low-P-End,0.9532967032967032,0.625085004738399,0.7254864183435612,2.0,0.0,0.625085004738399,19.0,9.714285714285714,2.6090580940246584,,,0.39912109375,0.3765226304531097,0.33,0.6234773695468903,0.625085004738399,722.2,35.2,0.0,674.0,0.0,0.0,1.0,0.0
07_expert_legal_med,13,Low-P-Mid,0.7449874686716792,0.5331404730677605,0.7174864352046438,2.0,0.0,0.5331404730677605,19.142857142857142,7.0,2.472340404987335,,,0.39788818359375,0.4143011923879385,0.33,0.5856988076120615,0.5331404730677605,679.0,31.0,0.0,635.0,0.0,0.0,1.0,0.0
07_expert_legal_med,13,Low-T-Beg,0.7371931516759103,0.5690033740829676,0.740902035384794,2.0,0.0,0.5690033740829676,23.666666666666668,8.5,2.4384500980377197,,,0.3697509765625,0.4188467115163803,0.33,0.5811532884836197,0.5690033740829676,690.0,40.0,0.0,637.0,0.0,0.0,1.0,0.0
07_expert_legal_med,13,Low-T-End,0.5066666666666666,0.4796175970695913,0.7235897435897436,2.0,0.0,0.4796175970695913,23.333333333333332,5.666666666666667,2.3753183682759604,,,0.3722330729166667,0.4260649383068084,0.33,0.5739350616931915,0.4796175970695913,683.6666666666666,35.666666666666664,0.0,635.0,0.0,0.0,1.0,0.0
07_expert_legal_med,13,Low-T-Mid,0.5617853751187085,0.46489528954649967,0.7259639126305794,2.0,0.0,0.46489528954649967,24.666666666666668,6.333333333333333,2.3383115927378335,,,0.343505859375,0.4414876202742258,0.33,0.5585123797257742,0.46489528954649967,716.3333333333334,36.333333333333336,0.0,667.0,0.0,0.0,1.0,0.0
07_expert_legal_med,13,Medium-N-Beg,0.3201187584345479,0.40428478801622986,0.7508960863697706,2.0,0.0,0.40428478801622986,19.8,0.4,2.462593507766724,,,0.406640625,0.4265340983867645,0.67,0.5734659016132355,0.40428478801622986,1709.0,27.0,0.0,1669.0,0.0,0.0,1.0,0.0
07_expert_legal_med,13,Medium-N-End,0.43340834845735027,0.5265568763017654,0.6023666061705989,2.0,0.03333333333333332,0.5265568763017654,27.0,2.4,2.608513355255127,,,0.458984375,0.466028344631195,0.67,0.533971655368805,0.5265568763017654,1782.8,40.8,0.0,1729.0,0.0,0.0,1.0,0.0
07_expert_legal_med,13,Medium-N-Mid,0.37606837606837606,0.21826535432289046,0.6801994301994302,2.0,0.0,0.21826535432289046,14.666666666666666,0.6666666666666666,2.523615042368571,,,0.440673828125,0.4476104378700255,0.67,0.5523895621299744,0.21826535432289046,1763.0,20.0,0.0,1730.0,0.0,0.0,1.0,0.0
07_expert_legal_med,13,Medium-P-Beg,0.8969095420708325,0.7226796547571818,0.5863348121412638,2.0,0.0,0.7226796547571818,33.333333333333336,13.666666666666666,2.6615166664123535,,,0.399169921875,0.3565520644187927,0.67,0.6434479355812073,0.7226796547571818,1915.0,54.0,0.0,1848.0,0.0,0.0,1.0,0.0
07_expert_legal_med,13,Medium-P-End,0.9423076923076923,0.6400898844003677,0.672694493006993,2.0,0.0,0.6400898844003677,28.25,13.0,2.7762336134910583,,,0.407958984375,0.3956859856843948,0.67,0.6043140143156052,0.6400898844003677,1533.0,45.0,0.0,1475.0,0.0,0.0,1.0,0.0
07_expert_legal_med,13,Medium-P-Mid,0.8963893249607535,0.5299919870282922,0.7019038384584603,2.0,0.0,0.5299919870282922,19.428571428571427,9.0,2.9309872686862946,,,0.427154541015625,0.4093613363802433,0.67,0.5906386636197567,0.5299919870282922,1770.0,39.0,0.0,1718.0,0.0,0.0,1.0,0.0
07_expert_legal_med,13,Medium-T-Beg,0.9293108547766933,0.500276444213731,0.6732722074336982,2.0,0.0,0.500276444213731,19.714285714285715,9.142857142857142,2.967326804995537,,,0.423797607421875,0.338657297194004,0.67,0.6613427028059959,0.500276444213731,1916.0625,39.0625,0.0,1864.0,0.0,0.0,1.0,0.0
07_expert_legal_med,13,Medium-T-End,0.9062615021854151,0.6389512320359548,0.6444238363622421,2.0,0.0,0.6389512320359548,22.5,9.5,2.736865895135062,,,0.4085170200892857,0.3801862682615008,0.67,0.6198137317384992,0.6389512320359548,1819.857142857143,41.857142857142854,0.0,1765.0,0.0,0.0,1.0,0.0
07_expert_legal_med,13,Medium-T-Mid,0.7117948717948718,0.4586582197807729,0.6943589743589744,2.0,0.0,0.4586582197807729,22.666666666666668,8.333333333333334,2.4961628913879395,,,0.3373209635416667,0.3999992907047272,0.67,0.6000007092952728,0.4586582197807729,1783.3333333333333,33.333333333333336,0.0,1737.0,0.0,0.0,1.0,0.0
07_expert_legal_med,14,Low-N-Beg,0.2676153666594843,0.3165957729332149,0.5786831142713496,2.0,0.01197783461210571,0.3165957729332149,16.5,0.3,2.2739480257034304,,,0.353515625,0.38381050229072566,0.33,0.6161894977092743,0.3165957729332149,721.5,22.5,0.0,686.0,0.0,0.0,1.0,0.0
07_expert_legal_med,14,Low-N-End,0.2308080808080808,0.5541787445545197,0.3463383838383838,2.0,0.11594202898550722,0.5541787445545197,23.333333333333332,0.0,2.299821933110555,,,0.38671875,0.336612323919932,0.33,0.663387676080068,0.5541787445545197,704.6666666666666,29.666666666666668,0.0,662.0,0.0,0.0,1.0,0.0
07_expert_legal_med,14,Low-N-Mid,0.2798640712323577,0.562158465385437,0.18713235294117647,2.0,0.13977272727272727,0.562158465385437,17.333333333333332,0.5,2.7765938440958657,,,0.3565673828125,0.3581518729527791,0.33,0.6418481270472208,0.562158465385437,798.5,23.5,86.0,668.0,57.833333333333336,1.0,1.0,1.0
07_expert_legal_med,14,Low-P-Beg,0.7884615384615384,0.47561422487099964,0.5713179734918865,2.0,0.0,0.47561422487099964,24.5,10.166666666666666,2.7510966459910073,,,0.4247233072916667,0.390166645248731,0.33,0.609833354751269,0.47561422487099964,629.6666666666666,46.666666666666664,0.0,570.0,0.0,0.0,1.0,0.0
07_expert_legal_med,14,Low-P-End,0.7024504538657568,0.5613615342548915,0.5898749783314136,2.0,0.0030395136778115428,0.5613615342548915,22.0,7.571428571428571,2.43709076534618,,,0.38557572798295453,0.4115369753404096,0.33,0.5884630246595903,0.5613615342548915,596.4545454545455,31.454545454545453,0.0,552.0,0.0,0.0,1.0,0.0
07_expert_legal_med,14,Low-P-Mid,0.7442962962962963,0.5337059378623963,0.644260901295384,2.0,0.0,0.5337059378623963,28.2,8.2,2.4536917209625244,,,0.39091796875,0.3764185070991516,0.33,0.6235814929008484,0.5337059378623963,604.8,41.8,0.0,550.0,0.0,0.0,1.0,0.0
07_expert_legal_med,14,Low-T-Beg,0.7013221153846154,0.5867844317108393,0.4947989510489511,2.0,0.01388888888888889,0.5867844317108393,18.625,6.125,2.5321524858474733,,,0.41015625,0.3591479629278182,0.33,0.6408520370721817,0.5867844317108393,670.5,34.5,0.0,623.0,0.0,0.0,1.0,0.0
07_expert_legal_med,14,Low-T-End,0.7144195295673128,0.48457679578236174,0.6571279295417226,2.0,0.0,0.48457679578236174,22.0,7.142857142857143,2.479079943436843,,,0.3667649489182692,0.38187573964779203,0.33,0.618124260352208,0.48457679578236174,664.1538461538462,37.15384615384615,0.0,614.0,0.0,0.0,1.0,0.0
07_expert_legal_med,14,Low-T-Mid,0.6070852534562212,0.49604696301477297,0.5402195922357212,2.0,0.016483516483516474,0.49604696301477297,22.285714285714285,5.428571428571429,2.6017993211746218,,,0.4351318359375,0.3646672457456589,0.33,0.6353327542543411,0.49604696301477297,646.5,33.5,0.0,600.0,0.0,0.0,1.0,0.0
07_expert_legal_med,14,Medium-N-Beg,0.2790625,0.4849411793984473,0.5721875,2.0,0.007272727272727263,0.4849411793984473,18.75,0.125,2.5306308086101827,,,0.4284855769230769,0.4189529281396132,0.67,0.5810470718603867,0.4849411793984473,1826.1538461538462,29.153846153846153,0.0,1784.0,0.0,0.0,1.0,0.0
07_expert_legal_med,14,Medium-N-End,0.40699248120300746,0.2700714289343783,0.6107706766917292,2.0,0.0,0.2700714289343783,19.714285714285715,2.0,2.585451296397618,,,0.40687779017857145,0.37485268286296297,0.6700000000000002,0.625147317137037,0.2700714289343783,1929.142857142857,26.142857142857142,0.0,1890.0,0.0,0.0,1.0,0.0
07_expert_legal_med,14,Medium-N-Mid,0.33517414679756896,0.5830953232944012,0.42146593034128094,2.0,0.02717391304347825,0.5830953232944012,21.75,0.5,2.581387221813202,,,0.42877197265625,0.3664609044790268,0.67,0.6335390955209732,0.5830953232944012,1961.25,27.25,0.0,1921.0,0.0,0.0,1.0,0.0
07_expert_legal_med,14,Medium-P-Beg,0.9510204081632654,0.4958898723125458,0.6800669255556473,2.0,0.0,0.4958898723125458,20.285714285714285,9.857142857142858,2.945357288633074,,,0.40562220982142855,0.43042230180331637,0.6700000000000002,0.5695776981966836,0.4958898723125458,1727.2857142857142,37.285714285714285,0.0,1677.0,0.0,0.0,1.0,0.0
07_expert_legal_med,14,Medium-P-End,0.9612698412698413,0.45292692525046213,0.6981325107640897,2.0,0.0,0.45292692525046213,21.142857142857142,9.857142857142858,2.8596684402889676,,,0.4077419704861111,0.4361123475763533,0.67,0.5638876524236467,0.45292692525046213,1749.111111111111,36.111111111111114,0.0,1700.0,0.0,0.0,1.0,0.0
07_expert_legal_med,14,Medium-P-Mid,1.0,0.5173703048910413,0.6331065759637189,2.0,0.0,0.5173703048910413,20.857142857142858,8.714285714285714,2.9584490954875946,,,0.41058349609375,0.4043380059301853,0.67,0.5956619940698147,0.5173703048910413,1651.375,36.375,0.0,1602.0,0.0,0.0,1.0,0.0
07_expert_legal_med,14,Medium-T-Beg,0.8050724637681159,0.6749722361564636,0.4601449275362319,2.0,0.0,0.6749722361564636,23.666666666666668,7.0,2.5504282315572104,,,0.39013671875,0.3175340096155802,0.67,0.6824659903844198,0.6749722361564636,1379.6666666666667,31.666666666666668,0.0,1335.0,0.0,0.0,1.0,0.0
07_expert_legal_med,14,Medium-T-End,0.6242910617059891,0.5639131814241409,0.5219203720508168,2.0,0.0,0.5639131814241409,26.25,4.25,2.6623141765594482,,,0.4022216796875,0.3946120738983154,0.67,0.6053879261016846,0.5639131814241409,1685.0,34.0,0.0,1638.0,0.0,0.0,1.0,0.0
07_expert_legal_med,14,Medium-T-Mid,0.7996632996632996,0.6905943950017294,0.4387626262626263,2.0,0.004694835680751167,0.6905943950017294,41.333333333333336,12.333333333333334,2.6694162487983704,,,0.4024658203125,0.3707975447177887,0.67,0.6292024552822113,0.6905943950017294,1677.25,41.25,0.0,1623.0,0.0,0.0,1.0,0.0
07_expert_legal_med,15,High-T-Beg,0.8421062271062271,0.4859168827533722,0.6225702075702075,2.0,0.0144927536231884,0.4859168827533722,29.2,10.2,2.6011482647487094,,,0.3816615513392857,0.278023396219526,1.0,0.721976603780474,0.4859168827533722,1901.857142857143,47.857142857142854,0.0,1841.0,0.0,0.0,1.0,0.0
07_expert_legal_med,15,Low-N-Beg,0.3335470085470086,0.28112042581455576,0.5165852665852666,2.0,0.018458781362007157,0.28112042581455576,17.0,0.2222222222222222,2.3014620304107667,,,0.3970947265625,0.4174479991197586,0.33,0.5825520008802414,0.28112042581455576,667.1,32.1,0.0,622.0,0.0,0.0,1.0,0.0
07_expert_legal_med,15,Low-N-End,0.3546403366664804,0.31714625366859966,0.4562082192801147,2.0,0.03568563595885999,0.31714625366859966,17.22222222222222,0.3333333333333333,2.2390522559483848,,,0.4004923502604167,0.44528776903947204,0.33,0.554712230960528,0.31714625366859966,705.1666666666666,27.166666666666668,0.0,665.0,0.0,0.0,1.0,0.0
07_expert_legal_med,15,Low-N-Mid,0.3028571428571428,0.6703689336776734,0.36939271255060724,2.0,0.06300811610152002,0.6703689336776734,29.8,1.2,2.3093769550323486,,,0.4102647569444444,0.3407973481549157,0.33,0.6592026518450843,0.6703689336776734,670.8888888888889,42.888888888888886,0.0,615.0,0.0,0.0,1.0,0.0
07_expert_legal_med,15,Low-P-Beg,0.7642857142857142,0.5641298294067383,0.48373015873015873,2.0,0.00806451612903225,0.5641298294067383,25.0,8.666666666666666,2.4617324471473694,,,0.4010009765625,0.370237685739994,0.33,0.629762314260006,0.5641298294067383,575.75,33.75,0.0,529.0,0.0,0.0,1.0,0.0
07_expert_legal_med,15,Low-P-End,0.6859074176518396,0.519922997802496,0.5061637333442607,2.0,0.0111111111111111,0.519922997802496,25.5,6.166666666666667,2.4793109723499844,,,0.38694545200892855,0.45466667839459013,0.33,0.5453333216054099,0.519922997802496,644.4285714285714,33.42857142857143,0.0,598.0,0.0,0.0,1.0,0.0
07_expert_legal_med,15,Low-P-Mid,0.7180994820050292,0.6675701141357422,0.3935731869514978,2.0,0.05087224906065483,0.6675701141357422,25.666666666666668,8.166666666666666,2.4120650768280028,,,0.3719482421875,0.3911126911640167,0.33,0.6088873088359833,0.6675701141357422,586.2,35.2,0.0,538.0,0.0,0.0,1.0,0.0
07_expert_legal_med,15,Low-T-Beg,0.6079612818743253,0.5695248420039812,0.4079316416272938,2.0,0.07341098648259992,0.5695248420039812,25.333333333333332,5.666666666666667,2.4247605005900064,,,0.4287923177083333,0.2828434109687805,0.33,0.7171565890312195,0.5695248420039812,660.0,43.0,0.0,604.0,0.0,0.0,1.0,0.0
07_expert_legal_med,15,Low-T-End,1.0,0.3992841809988022,0.61072192513369,2.0,0.0,0.3992841809988022,27.8,11.8,2.9864335656166077,,,0.30489501953125,0.3054206505417823,0.33,0.6945793494582176,0.3992841809988022,834.9,41.9,136.0,636.0,227.428125,1.0,1.0,1.0
07_expert_legal_med,15,Low-T-Mid,0.5267167418577482,0.43623810944457847,0.5974542408161462,2.0,0.0026881720430107494,0.43623810944457847,23.833333333333332,5.666666666666667,2.3551543610436574,,,0.3583984375,0.4035864174365996,0.33,0.5964135825634003,0.43623810944457847,679.7142857142857,32.714285714285715,0.0,634.0,0.0,0.0,1.0,0.0
07_expert_legal_med,15,Medium-N-Beg,0.35923006750592956,0.7106961369514465,0.36548804962598064,2.0,0.021735074626865657,0.7106961369514465,30.8,0.4,2.6487402439117433,,,0.46982421875,0.3358122825622558,0.67,0.6641877174377442,0.7106961369514465,1788.8,42.8,0.0,1733.0,0.0,0.0,1.0,0.0
07_expert_legal_med,15,Medium-N-End,0.3408564642607195,0.5062215745449066,0.5178666093559711,2.0,0.0,0.5062215745449066,29.6,1.8,2.493797983442034,,,0.39561244419642855,0.3916497528553009,0.67,0.6083502471446991,0.5062215745449066,1725.2857142857142,47.285714285714285,0.0,1665.0,0.0,0.0,1.0,0.0
07_expert_legal_med,15,Medium-N-Mid,0.34798534798534797,0.6473212122917176,0.4813704813704814,2.0,0.0,0.6473212122917176,30.0,0.6,2.3185491221291676,,,0.3817661830357143,0.3363467369760785,0.67,0.6636532630239215,0.6473212122917176,1741.7142857142858,45.714285714285715,0.0,1683.0,0.0,0.0,1.0,0.0
07_expert_legal_med,15,Medium-P-Beg,0.807332621082621,0.5217463314533234,0.5390705128205128,2.0,0.0,0.5217463314533234,29.4,7.4,2.666615676879883,,,0.387548828125,0.3969303727149963,0.67,0.6030696272850037,0.5217463314533234,1577.6,40.6,0.0,1524.0,0.0,0.0,1.0,0.0
07_expert_legal_med,15,Medium-P-End,0.7780212084833933,0.41174800693988794,0.6581832733093237,2.0,0.0,0.41174800693988794,21.0,7.857142857142857,2.6064027070999147,,,0.355029296875,0.3919207513332366,0.67,0.6080792486667633,0.41174800693988794,1565.8,31.8,0.0,1521.0,0.0,0.0,1.0,0.0
07_expert_legal_med,15,Medium-P-Mid,0.9597902097902098,0.5274983495473862,0.4889937987204611,2.0,0.0,0.5274983495473862,18.125,7.75,2.70835370487637,,,0.3792588975694444,0.3315564261542426,0.67,0.6684435738457574,0.5274983495473862,1534.7777777777778,29.77777777777778,0.0,1492.0,0.0,0.0,1.0,0.0
07_expert_legal_med,15,Medium-T-Beg,0.8646572475143903,0.5539744980633259,0.42052310579404173,2.0,0.050262604546783204,0.5539744980633259,20.428571428571427,7.714285714285714,2.8635548678311435,,,0.4352361505681818,0.309616820378737,0.67,0.6903831796212629,0.5539744980633259,1595.5454545454545,37.54545454545455,18.0,1519.0,12.924715909090908,1.0,1.0,1.0
07_expert_legal_med,15,Medium-T-End,0.8506666666666667,0.4210278172045946,0.5408518518518518,2.0,0.0,0.4210278172045946,28.4,8.6,2.7739493449529014,,,0.4324951171875,0.3676996429761251,0.67,0.6323003570238749,0.4210278172045946,1729.5,52.5,0.0,1664.0,0.0,0.0,1.0,0.0
07_expert_legal_med,15,Medium-T-Mid,0.9666666666666666,0.6416247487068176,0.516624895572264,2.0,0.0049019607843137,0.6416247487068176,31.333333333333332,12.0,2.6594967047373452,,,0.348876953125,0.2986160318056742,0.67,0.7013839681943258,0.6416247487068176,1688.0,53.0,0.0,1622.0,0.0,0.0,1.0,0.0
07_expert_legal_med,16,Low-N-Beg,0.283068783068783,0.18301662181814507,0.7328042328042328,2.0,0.0,0.18301662181814507,17.666666666666668,0.3333333333333333,2.254737695058187,,,0.3592122395833333,0.5297299027442932,0.33,0.4702700972557068,0.18301662181814507,809.0,25.0,0.0,771.0,0.0,0.0,1.0,0.0
07_expert_legal_med,16,Low-N-End,0.2688391855058521,0.40822089836001396,0.6050184383517716,2.0,0.0,0.40822089836001396,23.0,0.0,2.069875101248423,,,0.3546549479166667,0.4579506317774454,0.33,0.5420493682225546,0.40822089836001396,705.8333333333334,39.833333333333336,0.0,653.0,0.0,0.0,1.0,0.0
07_expert_legal_med,16,Low-N-Mid,0.29346240601503754,0.29648945517838,0.6025676691729324,2.0,0.0,0.29648945517838,17.6,0.6,2.1250457962354026,,,0.351806640625,0.5762676571806271,0.33,0.4237323428193728,0.29648945517838,722.5,26.5,0.0,683.0,0.0,0.0,1.0,0.0
07_expert_legal_med,16,Low-P-Beg,0.9494000151894889,0.5559971034526825,0.709676882907373,2.0,0.0,0.5559971034526825,23.333333333333332,9.333333333333334,2.506488527570452,,,0.383056640625,0.4694668778351375,0.33,0.5305331221648625,0.5559971034526825,659.2857142857143,45.285714285714285,0.0,601.0,0.0,0.0,1.0,0.0
07_expert_legal_med,16,Low-P-End,0.9591097308488612,0.5213776975870132,0.6604934437543133,2.0,0.0,0.5213776975870132,23.0,8.5,2.5790669236864363,,,0.40994698660714285,0.5108036994934082,0.33,0.4891963005065918,0.5213776975870132,659.5714285714286,43.57142857142857,0.0,603.0,0.0,0.0,1.0,0.0
07_expert_legal_med,16,Low-P-Mid,0.9473684210526315,0.5824080348014832,0.6421950100715981,2.0,0.0,0.5824080348014832,26.4,9.8,2.4739006519317623,,,0.3951171875,0.4305078387260437,0.33,0.5694921612739563,0.5824080348014832,653.2,44.2,0.0,596.0,0.0,0.0,1.0,0.0
07_expert_legal_med,16,Low-T-Beg,0.7394420394420395,0.5037815968195597,0.5971139971139972,2.0,0.0,0.5037815968195597,15.0,4.833333333333333,2.511733134587606,,,0.3995768229166667,0.5074410339196522,0.33,0.4925589660803477,0.5037815968195597,663.1666666666666,25.166666666666668,0.0,625.0,0.0,0.0,1.0,0.0
07_expert_legal_med,16,Low-T-End,0.8575307315908819,0.4505518249103001,0.6812030075187969,2.0,0.0,0.4505518249103001,20.0,5.714285714285714,2.4879825115203857,,,0.3928426106770833,0.4962541237473488,0.33,0.5037458762526512,0.4505518249103001,739.5833333333334,36.583333333333336,0.0,690.0,0.0,0.0,1.0,0.0
07_expert_legal_med,16,Low-T-Mid,0.8873405177753004,0.5398960063854853,0.6350010697836785,2.0,0.1527777777777778,0.5398960063854853,22.5,8.0,2.564782738685608,,,0.4049072265625,0.47491613030433644,0.33,0.5250838696956635,0.5398960063854853,693.1666666666666,40.166666666666664,0.0,640.0,0.0,0.0,1.0,0.0
07_expert_legal_med,16,Medium-N-Beg,0.37446631878557873,0.3286128949839622,0.6083791715610976,2.0,0.005,0.3286128949839622,17.5,0.5,2.5700244903564453,,,0.4300537109375,0.3881876319646835,0.67,0.6118123680353165,0.3286128949839622,1933.8333333333333,43.833333333333336,0.0,1877.0,0.0,0.0,1.0,0.0
07_expert_legal_med,16,Medium-N-End,0.2692307692307692,0.15539291128516197,0.6648351648351648,2.0,0.0,0.15539291128516197,14.0,0.0,2.506138801574707,,,0.4320475260416667,0.4864169160525003,0.67,0.5135830839474996,0.15539291128516197,1851.0,21.0,0.0,1817.0,0.0,0.0,1.0,0.0
07_expert_legal_med,16,Medium-P-Beg,0.9637254901960783,0.4665096004803975,0.6287110908240939,2.0,0.0,0.4665096004803975,21.833333333333332,8.333333333333334,2.7536532640457154,,,0.3896240234375,0.543072059750557,0.67,0.45692794024944305,0.4665096004803975,1749.1,39.1,0.0,1697.0,0.0,0.0,1.0,0.0
07_expert_legal_med,16,Medium-P-End,0.9379383670464233,0.4477899372577667,0.5732412035960629,2.0,0.0,0.4477899372577667,23.5,6.75,2.49532949924469,,,0.36578369140625,0.3985357582569122,0.67,0.6014642417430878,0.4477899372577667,1733.5,40.5,0.0,1680.0,0.0,0.0,1.0,0.0
07_expert_legal_med,16,Medium-P-Mid,0.803921568627451,0.39174481729666394,0.6901944612155713,2.0,0.0,0.39174481729666394,22.166666666666668,7.166666666666667,2.7862068812052407,,,0.3859456380208333,0.505603591601054,0.67,0.4943964083989461,0.39174481729666394,1778.5,45.5,0.0,1720.0,0.0,0.0,1.0,0.0
07_expert_legal_med,16,Medium-T-Beg,0.9927536231884059,0.4459806631008784,0.7966455086992844,2.0,0.0,0.4459806631008784,23.333333333333332,10.666666666666666,2.9042584323883056,,,0.427265625,0.5541638153791428,0.67,0.4458361846208572,0.4459806631008784,1727.92,39.92,0.0,1675.0,0.0,0.0,1.0,0.0
07_expert_legal_med,16,Medium-T-End,0.900857797596928,0.48499715824921924,0.6472384801189148,2.0,0.0,0.48499715824921924,22.833333333333332,8.666666666666666,2.6684927145640054,,,0.38427734375,0.5024330566326778,0.67,0.49756694336732227,0.48499715824921924,1689.5,38.5,0.0,1638.0,0.0,0.0,1.0,0.0
07_expert_legal_med,16,Medium-T-Mid,0.8115914786967419,0.48084715753793716,0.568859649122807,2.0,0.0,0.48084715753793716,18.25,5.25,2.6750444173812866,,,0.42071533203125,0.5192192159593105,0.67,0.48078078404068947,0.48084715753793716,1780.25,31.25,0.0,1736.0,0.0,0.0,1.0,0.0
07_expert_legal_med,17,Low-N-Beg,0.3587499726758039,0.3095777221024036,0.5997902594705663,2.0,0.025353867623604462,0.3095777221024036,19.125,0.625,2.2687268522050648,,,0.3689236111111111,0.3584298094113668,0.33,0.6415701905886332,0.3095777221024036,650.5555555555555,31.555555555555557,0.0,606.0,0.0,0.0,1.0,0.0
07_expert_legal_med,17,Low-N-End,0.2721417069243156,0.4800255199273427,0.4943639291465379,2.0,0.0087719298245614,0.4800255199273427,20.666666666666668,0.0,2.2024129231770835,,,0.378662109375,0.4253232777118683,0.33,0.5746767222881317,0.4800255199273427,667.6666666666666,26.666666666666668,0.0,628.0,0.0,0.0,1.0,0.0
07_expert_legal_med,17,Low-N-Mid,0.21733784785678192,0.5461768830815951,0.4038985932253814,2.0,0.08494152046783625,0.5461768830815951,24.333333333333332,0.0,2.3002860886710033,,,0.4083775111607143,0.39112003786223265,0.33,0.6088799621377673,0.5461768830815951,736.4285714285714,31.428571428571427,0.0,692.0,0.0,0.0,1.0,0.0
07_expert_legal_med,17,Low-P-Beg,0.5,0.6663318276405334,0.36666666666666664,2.0,0.19496124031007744,0.6663318276405334,30.0,6.0,2.2669981718063354,,,0.374755859375,0.2552241086959839,0.33,0.7447758913040161,0.6663318276405334,523.5,37.5,0.0,473.0,0.0,0.0,1.0,0.0
07_expert_legal_med,17,Low-P-End,0.7686284528675832,0.4973168621460597,0.5152986439218323,2.0,0.06878963330576233,0.4973168621460597,22.666666666666668,5.833333333333333,2.217129945755005,,,0.3163909912109375,0.5287524703890085,0.33,0.4712475296109915,0.4973168621460597,536.875,23.875,0.0,500.0,0.0,0.0,1.0,0.0
07_expert_legal_med,17,Low-P-Mid,0.9857142857142858,0.3951466594423566,0.7564076056884164,2.0,0.003401360544217686,0.3951466594423566,18.714285714285715,8.571428571428571,2.5099296092987062,,,0.3645263671875,0.3829882442951202,0.33,0.6170117557048798,0.3951466594423566,607.7,29.7,0.0,565.0,0.0,0.0,1.0,0.0
07_expert_legal_med,17,Low-T-Beg,0.6647862554112555,0.5199419409036636,0.5481556637806637,2.0,0.05874680874680873,0.5199419409036636,24.5,6.0,2.3949829231609,,,0.3783846768465909,0.4490837820551612,0.33,0.5509162179448388,0.5199419409036636,598.8181818181819,34.81818181818182,0.0,551.0,0.0,0.0,1.0,0.0
07_expert_legal_med,17,Low-T-End,0.7984693877551021,0.3780035498951162,0.7465986394557823,2.0,0.0037593984962405996,0.3780035498951162,18.285714285714285,8.0,2.311219000816345,,,0.31409912109375,0.4356522485613823,0.33,0.5643477514386177,0.3780035498951162,604.6,30.6,0.0,561.0,0.0,0.0,1.0,0.0
07_expert_legal_med,17,Low-T-Mid,0.9170289855072463,0.4399099846680959,0.7140579710144928,2.0,0.0062893081761006,0.4399099846680959,33.333333333333336,11.333333333333334,2.4757359822591147,,,0.3756510416666667,0.453014055887858,0.33,0.546985944112142,0.4399099846680959,604.0,50.0,0.0,541.0,0.0,0.0,1.0,0.0
07_expert_legal_med,17,Medium-N-Beg,0.34896103896103897,0.4830828428268433,0.6215422077922078,2.0,0.01966947780901266,0.4830828428268433,29.4,0.4,2.55137619972229,,,0.43212890625,0.38649352788925173,0.67,0.6135064721107483,0.4830828428268433,1890.2,38.2,0.0,1839.0,0.0,0.0,1.0,0.0
07_expert_legal_med,17,Medium-N-End,0.33744107744107743,0.4912623663743337,0.6804713804713804,2.0,0.008333333333333335,0.4912623663743337,24.0,1.0,2.515405019124349,,,0.4247233072916667,0.48614508907000226,0.67,0.5138549109299978,0.4912623663743337,1861.0,33.0,0.0,1815.0,0.0,0.0,1.0,0.0
07_expert_legal_med,17,Medium-N-Mid,0.2667057099069034,0.3303553569648001,0.7188273426551347,2.0,0.002923976608187133,0.3303553569648001,15.88888888888889,0.2222222222222222,2.6882196366786957,,,0.403411865234375,0.4983043433167039,0.67,0.501695656683296,0.3303553569648001,2048.0,3.0,0.0,2032.0,0.0,0.0,1.0,0.0
07_expert_legal_med,17,Medium-P-Beg,0.8351505376344086,0.45040264129638674,0.6900537634408601,2.0,0.00512820512820512,0.45040264129638674,27.0,7.0,2.623742437362671,,,0.368603515625,0.3760444283485412,0.67,0.6239555716514588,0.45040264129638674,1614.0,37.0,0.0,1564.0,0.0,0.0,1.0,0.0
07_expert_legal_med,17,Medium-P-End,0.9909090909090909,0.4281722724437714,0.7389016156257535,2.0,0.00476190476190476,0.4281722724437714,27.8,13.0,2.8201515674591064,,,0.3798421223958333,0.3683805664380392,0.67,0.6316194335619608,0.4281722724437714,1510.8333333333333,44.833333333333336,0.0,1453.0,0.0,0.0,1.0,0.0
07_expert_legal_med,17,Medium-P-Mid,0.836224564485434,0.43772491812705994,0.658505343287952,2.0,0.0064102564102564,0.43772491812705994,24.75,8.5,2.571201741695404,,,0.39373779296875,0.3613937050104141,0.67,0.6386062949895859,0.43772491812705994,1476.25,33.25,0.0,1430.0,0.0,0.0,1.0,0.0
07_expert_legal_med,17,Medium-T-Beg,0.978494623655914,0.4415108834703763,0.8015257865392275,2.0,0.0037878787878787836,0.4415108834703763,22.666666666666668,10.166666666666666,2.7677268266677855,,,0.4152099609375,0.4205624282360076,0.67,0.5794375717639924,0.4415108834703763,1599.5,35.5,0.0,1551.0,0.0,0.0,1.0,0.0
07_expert_legal_med,17,Medium-T-End,0.9410660660660661,0.42747021714846295,0.7072822822822823,2.0,0.006535947712418301,0.42747021714846295,27.0,11.333333333333334,2.775237719217936,,,0.423828125,0.3730974098046621,0.67,0.6269025901953379,0.42747021714846295,1766.6666666666667,40.666666666666664,0.0,1713.0,0.0,0.0,1.0,0.0
07_expert_legal_med,17,Medium-T-Mid,0.9544207426560367,0.42875195542971295,0.7166643813702638,2.0,0.0088904694167852,0.42875195542971295,23.333333333333332,10.833333333333334,2.719833121580236,,,0.43459903492647056,0.372044621145024,0.67,0.627955378854976,0.42875195542971295,1334.4117647058824,31.41176470588235,0.0,1290.0,0.0,0.0,1.0,0.0
07_expert_legal_med,18,Low-N-Beg,0.425199709513435,0.2693979988495509,0.6793754538852578,2.0,0.010752688172042998,0.2693979988495509,21.0,3.6666666666666665,2.448248306910197,,,0.41162109375,0.4878535370031993,0.33,0.5121464629968008,0.2693979988495509,752.0,31.0,0.0,708.0,0.0,0.0,1.0,0.0
07_expert_legal_med,18,Low-N-End,0.33794221392260604,0.45435180018345517,0.48140237576512085,2.0,0.010763888888888884,0.45435180018345517,20.333333333333332,1.3333333333333333,2.1742417017618814,,,0.3200276692708333,0.4412255187829336,0.33,0.5587744812170664,0.45435180018345517,746.8333333333334,26.833333333333332,0.0,707.0,0.0,0.0,1.0,0.0
07_expert_legal_med,18,Low-N-Mid,0.30701754385964913,0.27625156442324317,0.6626461988304093,2.0,0.0111111111111111,0.27625156442324317,16.0,0.3333333333333333,2.3508989016215005,,,0.39306640625,0.5367223620414734,0.33,0.4632776379585266,0.27625156442324317,692.3333333333334,20.333333333333332,0.0,659.0,0.0,0.0,1.0,0.0
07_expert_legal_med,18,Low-P-Beg,0.8843747039878753,0.5783384069800377,0.5929256062328313,2.0,0.008333333333333325,0.5783384069800377,23.25,8.5,2.226852834224701,,,0.34039306640625,0.4636633470654487,0.33,0.5363366529345512,0.5783384069800377,530.5,30.5,0.0,487.0,0.0,0.0,1.0,0.0
07_expert_legal_med,18,Low-P-End,0.8969028907109402,0.6002193178449359,0.7009622674980923,2.0,0.004761904761904757,0.6002193178449359,20.428571428571427,7.857142857142857,2.3909608920415244,,,0.3674587673611111,0.4851018422179751,0.33,0.5148981577820249,0.6002193178449359,595.7777777777778,31.77777777777778,0.0,551.0,0.0,0.0,1.0,0.0
07_expert_legal_med,18,Low-P-Mid,0.8463322829131652,0.5482314825057983,0.5998336834733894,2.0,0.008333333333333325,0.5482314825057983,18.25,6.75,2.3717085123062134,,,0.3836669921875,0.5008915439248085,0.33,0.4991084560751915,0.5482314825057983,619.5,26.5,0.0,580.0,0.0,0.0,1.0,0.0
07_expert_legal_med,18,Low-T-Beg,0.5894114055878762,0.6164828389883041,0.5642731451554981,2.0,0.015207373271889375,0.6164828389883041,22.25,6.0,2.386853516101837,,,0.40997314453125,0.4349676668643951,0.33,0.5650323331356049,0.6164828389883041,616.25,29.25,0.0,574.0,0.0,0.0,1.0,0.0
07_expert_legal_med,18,Low-T-End,0.8056926456030358,0.5052133770659566,0.5671500006345741,2.0,0.004166666666666662,0.5052133770659566,19.0,7.125,2.449180456308218,,,0.41214693509615385,0.5024392100480887,0.33,0.49756078995191133,0.5052133770659566,619.6153846153846,31.615384615384617,0.0,575.0,0.0,0.0,1.0,0.0
07_expert_legal_med,18,Low-T-Mid,0.6389511816456788,0.623427152633667,0.5577053402005964,2.0,0.015008960573476674,0.623427152633667,22.5,6.25,2.4180279970169067,,,0.36102294921875,0.4533515870571136,0.33,0.5466484129428864,0.623427152633667,695.25,31.25,0.0,651.0,0.0,0.0,1.0,0.0
07_expert_legal_med,18,Medium-N-Beg,0.5178571428571428,0.26048315316438675,0.683531746031746,2.0,0.0111111111111111,0.26048315316438675,16.666666666666668,1.6666666666666667,2.5157081286112466,,,0.382568359375,0.5077171325683594,0.67,0.4922828674316406,0.26048315316438675,1675.3333333333333,23.333333333333332,0.0,1639.0,0.0,0.0,1.0,0.0
07_expert_legal_med,18,Medium-N-End,0.5439814814814814,0.44032834966977435,0.513425925925926,2.0,0.021527777777777767,0.44032834966977435,18.0,0.3333333333333333,2.5815327962239585,,,0.426513671875,0.46239709854125965,0.67,0.5376029014587402,0.44032834966977435,1829.0,23.0,0.0,1793.0,0.0,0.0,1.0,0.0
07_expert_legal_med,18,Medium-N-Mid,0.4211687573580156,0.6344345808029175,0.510548180624907,2.0,0.013545594190755472,0.6344345808029175,22.571428571428573,0.8571428571428571,2.599919425116645,,,0.4983452690972222,0.3748092585139804,0.67,0.6251907414860196,0.6344345808029175,1945.111111111111,33.111111111111114,0.0,1899.0,0.0,0.0,1.0,0.0
07_expert_legal_med,18,Medium-P-Beg,0.9158868092691622,0.6070608973503113,0.5559661011740119,2.0,0.011929824561403499,0.6070608973503113,22.8,9.2,2.5892064571380615,,,0.394580078125,0.4115274846553802,0.67,0.5884725153446198,0.6070608973503113,1449.6,33.6,0.0,1403.0,0.0,0.0,1.0,0.0
07_expert_legal_med,18,Medium-P-End,0.9391447368421052,0.5549192130565643,0.6005482456140351,2.0,0.00555555555555555,0.5549192130565643,19.333333333333332,8.5,2.523056467374166,,,0.3667399088541667,0.48074953258037556,0.67,0.5192504674196243,0.5549192130565643,1580.0,29.0,0.0,1538.0,0.0,0.0,1.0,0.0
07_expert_legal_med,18,Medium-P-Mid,0.883128819709702,0.5657465234398842,0.5908255347593583,2.0,0.008333333333333325,0.5657465234398842,20.75,8.25,2.5892112255096436,,,0.389892578125,0.4894014522433281,0.67,0.5105985477566719,0.5657465234398842,1534.75,28.75,0.0,1493.0,0.0,0.0,1.0,0.0
07_expert_legal_med,18,Medium-T-Beg,0.6599242208960879,0.6354939341545105,0.47957942597328784,2.0,0.02485149092216153,0.6354939341545105,22.333333333333332,4.666666666666667,2.636477470397949,,,0.3919270833333333,0.4287690569957098,0.67,0.5712309430042902,0.6354939341545105,1755.3333333333333,30.333333333333332,0.0,1712.0,0.0,0.0,1.0,0.0
07_expert_legal_med,18,Medium-T-End,0.6742296918767506,0.6172045469284058,0.5965219421101774,2.0,0.0145529313876088,0.6172045469284058,20.333333333333332,5.333333333333333,2.6603895823160806,,,0.4184163411458333,0.44706496596336354,0.67,0.5529350340366364,0.6172045469284058,1696.0,27.0,0.0,1656.0,0.0,0.0,1.0,0.0
07_expert_legal_med,18,Medium-T-Mid,0.737917822631445,0.58357891866139,0.5440817953975848,2.0,0.013680875576036856,0.58357891866139,18.714285714285715,5.0,2.542421749659947,,,0.382568359375,0.4746914718832288,0.6700000000000002,0.5253085281167712,0.58357891866139,1674.5714285714287,24.571428571428573,0.0,1637.0,0.0,0.0,1.0,0.0
07_expert_legal_med,19,Low-N-Beg,0.31666666666666665,0.3218474984169006,0.6444444444444444,2.0,0.0,0.3218474984169006,29.5,1.0,2.246209144592285,,,0.3819580078125,0.4434947818517685,0.33,0.5565052181482315,0.3218474984169006,700.5,37.5,0.0,650.0,0.0,0.0,1.0,0.0
07_expert_legal_med,19,Low-N-End,0.26718749999999997,0.30640354566276073,0.6212797619047619,2.0,0.0,0.30640354566276073,21.25,0.0,2.1624814867973328,,,0.3895263671875,0.5461320877075195,0.33,0.45386791229248047,0.30640354566276073,716.75,27.75,0.0,676.0,0.0,0.0,1.0,0.0
07_expert_legal_med,19,Low-N-Mid,0.3486519607843137,0.481431569904089,0.5945669934640523,2.0,0.010638297872340425,0.481431569904089,32.25,0.75,2.2706366777420044,,,0.3819580078125,0.4164409339427948,0.33,0.5835590660572052,0.481431569904089,685.5,44.5,0.0,628.0,0.0,0.0,1.0,0.0
07_expert_legal_med,19,Low-P-Beg,0.9684065934065934,0.4729287624359131,0.7167046721394548,2.0,0.0,0.4729287624359131,23.166666666666668,8.833333333333334,2.609651952981949,,,0.37158203125,0.4541191831231117,0.33,0.5458808168768883,0.4729287624359131,633.75,36.75,0.0,584.0,0.0,0.0,1.0,0.0
07_expert_legal_med,19,Low-P-End,0.8526559714795009,0.48951864838600156,0.583475935828877,2.0,0.0,0.48951864838600156,28.8,10.2,2.575806986201893,,,0.39000355113636365,0.37272334369746124,0.33,0.6272766563025388,0.48951864838600156,646.8181818181819,38.81818181818182,0.0,595.0,0.0,0.0,1.0,0.0
07_expert_legal_med,19,Low-P-Mid,0.9422244422244422,0.46856593659945894,0.6547757797757798,2.0,0.0,0.46856593659945894,20.571428571428573,8.0,2.528668853971693,,,0.3868272569444444,0.3911162780390845,0.33,0.6088837219609154,0.46856593659945894,629.4444444444445,33.44444444444444,0.0,583.0,0.0,0.0,1.0,0.0
07_expert_legal_med,19,Low-T-Beg,0.8556706893283629,0.6300674506596157,0.5117383795623512,2.0,0.006644518272425242,0.6300674506596157,20.857142857142858,7.857142857142857,2.639888823032379,,,0.4226277669270833,0.38351863622665394,0.33,0.616481363773346,0.6300674506596157,706.9166666666666,41.916666666666664,0.0,652.0,0.0,0.0,1.0,0.0
07_expert_legal_med,19,Low-T-End,0.6260266344299958,0.4017460234463215,0.6739592806819698,2.0,0.0,0.4017460234463215,19.857142857142858,7.0,2.4347375432650247,,,0.3634033203125,0.435034342110157,0.33,0.564965657889843,0.4017460234463215,671.5,32.5,0.0,626.0,0.0,0.0,1.0,0.0
07_expert_legal_med,19,Low-T-Mid,0.6203631828505053,0.5816106706857681,0.6826908268465064,2.0,0.0,0.5816106706857681,30.6,7.6,2.41707706451416,,,0.3720703125,0.37310447692871096,0.33,0.626895523071289,0.5816106706857681,668.2,45.2,0.0,610.0,0.0,0.0,1.0,0.0
07_expert_legal_med,19,Medium-N-Beg,0.3603864734299516,0.6186414559682211,0.49710144927536226,2.0,0.013605442176870732,0.6186414559682211,33.0,0.0,2.358510653177897,,,0.4195149739583333,0.3235189914703369,0.67,0.6764810085296631,0.6186414559682211,1937.6666666666667,45.666666666666664,0.0,1879.0,0.0,0.0,1.0,0.0
07_expert_legal_med,19,Medium-N-End,0.5063911759990192,0.26607201910681194,0.5739429778645465,2.0,0.0,0.26607201910681194,17.22222222222222,1.7777777777777777,2.6129297415415444,,,0.4246826171875,0.3557941565910974,0.67,0.6442058434089025,0.26607201910681194,1721.1666666666667,27.166666666666668,0.0,1681.0,0.0,0.0,1.0,0.0
07_expert_legal_med,19,Medium-N-Mid,0.3793624705602927,0.30227152758743614,0.6317381574867963,2.0,0.002717391304347825,0.30227152758743614,19.625,0.75,2.6310090869665146,,,0.4074554443359375,0.5145226959139109,0.67,0.48547730408608913,0.30227152758743614,1915.4375,27.4375,0.0,1875.0,0.0,0.0,1.0,0.0
07_expert_legal_med,19,Medium-P-Beg,0.6908191626526541,0.4170001149177551,0.603164683987739,2.0,0.0,0.4170001149177551,26.25,6.0,2.5698437094688416,,,0.38067626953125,0.4150411635637283,0.67,0.5849588364362717,0.4170001149177551,1676.75,35.75,0.0,1628.0,0.0,0.0,1.0,0.0
07_expert_legal_med,19,Medium-P-End,0.8886634199134199,0.5293679535388947,0.5432900432900433,2.0,0.0,0.5293679535388947,24.25,8.0,2.6065876483917236,,,0.3692626953125,0.4113057851791382,0.67,0.5886942148208618,0.5293679535388947,1617.0,35.0,0.0,1569.0,0.0,0.0,1.0,0.0
07_expert_legal_med,19,Medium-P-Mid,0.641785298035298,0.4245978891849518,0.5396270396270396,2.0,0.0,0.4245978891849518,22.5,5.0,2.60573148727417,,,0.3734130859375,0.5562149658799171,0.67,0.44378503412008286,0.4245978891849518,1860.75,29.75,0.0,1818.0,0.0,0.0,1.0,0.0
07_expert_legal_med,19,Medium-T-Beg,0.8210656004337219,0.6563311040401458,0.6143664272160477,2.0,0.0,0.6563311040401458,30.6,9.4,2.62651793162028,,,0.3976643880208333,0.3890975415706634,0.67,0.6109024584293365,0.6563311040401458,1719.8333333333333,42.833333333333336,0.0,1664.0,0.0,0.0,1.0,0.0
07_expert_legal_med,19,Medium-T-End,0.781797138047138,0.48356272280216217,0.6383627946127947,2.0,0.0,0.48356272280216217,22.666666666666668,7.166666666666667,2.7779851143176737,,,0.4035081129807692,0.41712629336577206,0.67,0.582873706634228,0.48356272280216217,1802.923076923077,42.92307692307692,0.0,1747.0,0.0,0.0,1.0,0.0
07_expert_legal_med,19,Medium-T-Mid,0.7041719941565142,0.5861979871988297,0.5396448340101591,2.0,0.0036630036630036574,0.5861979871988297,21.0,5.857142857142857,2.5820326805114746,,,0.3678644353693182,0.46140960400754766,0.67,0.5385903959924524,0.5861979871988297,1578.090909090909,34.09090909090909,0.0,1531.0,0.0,0.0,1.0,0.0
