row_id,layer,head,entropy,eff_rank,head_sim,self_attn_ratio
1,0,0,4.51667738,1.000018716,0.821452498,0.019117456
1,0,1,0.412484646,1.000032067,0.818202794,0.874002218
1,0,2,4.693283081,1.000014186,0.810848176,0.038656157
1,0,3,0.421245366,1.000031233,0.799900472,0.832119584
1,0,4,1.139799118,1.000029087,0.794106424,0.591623962
1,0,5,1.314940929,1.000026464,0.791259587,0.668693066
1,0,6,4.356979847,1.000022054,0.750884116,0.030456889
1,0,7,1.831111908,1.000028014,0.762865245,0.154980943
1,0,8,4.272661209,1.000025034,0.818913102,0.059871674
1,0,9,4.661624432,1.000019193,0.857171416,0.020126721
1,0,10,4.247282028,1.000025868,0.885416031,0.162035361
1,0,11,5.456026554,1.00001514,0.733838499,0.007275546
1,1,0,2.303262472,1.000028491,0.703957319,0.098820269
1,1,1,2.749585867,1.000022292,0.707631707,0.095656507
1,1,2,4.761095524,1.000015974,0.693999052,0.025674652
1,1,3,4.317904949,1.000001431,0.701706886,0.034980416
1,1,4,3.748047829,1.000011802,0.821403086,0.069724314
1,1,5,4.606851578,1.000010967,0.832611501,0.081120647
1,1,6,4.477692127,1.000010014,0.820698977,0.037899848
1,1,7,4.97168684,1.000011683,0.836668193,0.017169593
1,1,8,5.355663776,1.000004172,0.804498434,0.009246904
1,1,9,5.4543643,1.000007272,0.786412001,0.006344814
1,1,10,4.468055248,1.000014067,0.611283183,0.040582191
1,1,11,1.677797198,1.000028253,0.763836086,0.679948866
1,2,0,2.53682518,1.000001073,0.894427299,0.098999575
1,2,1,4.829911709,1.000000954,0.883609593,0.010889372
1,2,2,1.060683608,1.000004172,0.897214115,0.113767423
1,2,3,1.935717225,1.000005007,0.868938684,0.133216992
1,2,4,1.695114613,1.000000119,0.881161273,0.07904698
1,2,5,1.862945199,1.000003338,0.889533758,0.136511698
1,2,6,2.778953075,1.000003576,0.841700613,0.074301824
1,2,7,2.596037388,1,0.855722666,0.03238567
1,2,8,1.942111135,1.000001669,0.904659808,0.114619598
1,2,9,1.772372484,1.000005722,0.872085035,0.127910182
1,2,10,3.129626751,1.000029564,0.50187248,0.127689674
1,2,11,3.141434669,1.000000358,0.895828247,0.109548092
1,3,0,2.789091349,1,0.994952381,0.066811472
1,3,1,1.885856271,1.000000119,0.994930327,0.059453968
1,3,2,1.438715696,1.000000358,0.99001497,0.107075632
1,3,3,0.901951313,1,0.994996428,0.056210298
1,3,4,3.626986265,1,0.995269179,0.008803
1,3,5,2.669499874,1,0.995899796,0.034717388
1,3,6,1.676354885,1.000000358,0.987088919,0.149069041
1,3,7,1.425474644,1.000000358,0.992607355,0.109416209
1,3,8,1.562948346,1.000000238,0.991994321,0.113688275
1,3,9,1.541361213,1,0.995463192,0.067489959
1,3,10,1.7535851,1,0.995105922,0.163293064
1,3,11,1.797454953,1,0.994664609,0.093448497
1,4,0,1.232830644,1,0.916813314,0.051598169
1,4,1,1.553765774,1,0.917172968,0.056088086
1,4,2,2.274563313,1,0.915109813,0.015167408
1,4,3,1.606204033,1,0.917667806,0.066917837
1,4,4,2.895886421,1,0.915824711,0.040447421
1,4,5,1.499467015,1,0.916341722,0.061648596
1,4,6,2.021083117,1,0.916547179,0.037883338
1,4,7,1.85913384,1.000000596,0.919471502,0.469549
1,4,8,3.532338619,1,0.917822838,0.016549382
1,4,9,1.770667791,1,0.916317225,0.034475837
1,4,10,3.300723791,1,0.915906489,0.012544927
1,4,11,0.010144331,1.000029683,0.132234007,0.003851565
1,5,0,2.206946135,1,0.998095512,0.012340368
1,5,1,0.259111524,1,0.997753203,0.00415016
1,5,2,1.378806114,1,0.998036802,0.019373059
1,5,3,2.233405113,1,0.996143579,0.029511312
1,5,4,1.476514339,1,0.99798733,0.047614153
1,5,5,1.887091398,1,0.99811995,0.011175798
1,5,6,0.629993141,1,0.997910738,0.022898652
1,5,7,0.939556241,1,0.998004019,0.037144177
1,5,8,1.060155153,1,0.998050869,0.027541744
1,5,9,2.856361628,1,0.99834311,0.006368386
1,5,10,3.590937853,1.000000238,0.986520588,0.044572495
1,5,11,2.545366764,1,0.998217821,0.099533275
1,6,0,1.788241625,1.000000119,0.996557474,0.033987604
1,6,1,0.616564989,1,0.998045683,0.017836936
1,6,2,3.476535082,1,0.997917771,0.011625363
1,6,3,1.509178162,1,0.998438835,0.014972208
1,6,4,3.671688318,1.000000238,0.991438627,0.023068989
1,6,5,1.686580777,1,0.998519361,0.061255604
1,6,6,2.679099321,1,0.998568952,0.067651734
1,6,7,2.16773963,1,0.99838984,0.042504851
1,6,8,1.204044104,1,0.998358965,0.025923952
1,6,9,0.614361703,1,0.99803251,0.004322228
1,6,10,3.352010727,1,0.998295546,0.010664433
1,6,11,1.463573933,1,0.998194933,0.041452121
1,7,0,1.106167316,1,0.999018908,0.027531559
1,7,1,2.519140244,1,0.99896884,0.014340275
1,7,2,0.640383005,1,0.999377966,0.003698489
1,7,3,1.430198908,1,0.999551952,0.039542805
1,7,4,0.933544636,1,0.9994784,0.013763509
1,7,5,2.582782984,1,0.998479068,0.024326082
1,7,6,3.050298691,1,0.999408007,0.010888818
1,7,7,2.125387669,1,0.999373674,0.010686144
1,7,8,1.233302593,1,0.999354959,0.035202201
1,7,9,1.297976017,1,0.99947834,0.025592329
1,7,10,0.736196756,1,0.99938339,0.003834747
1,7,11,2.173851967,1,0.999490976,0.00702722
1,8,0,3.278580189,1,0.998691201,0.019672964
1,8,1,1.192549944,1,0.998767674,0.008169272
1,8,2,3.884147882,1.000000119,0.995291293,0.010782677
1,8,3,1.751388311,1,0.998937249,0.017404815
1,8,4,1.081333876,1,0.998872936,0.040587466
1,8,5,1.884444952,1,0.99838829,0.034390032
1,8,6,2.213126898,1,0.998844683,0.01656899
1,8,7,1.26151824,1,0.998231173,0.057435781
1,8,8,2.146207809,1,0.998818219,0.02833518
1,8,9,1.969673395,1,0.999008417,0.025328686
1,8,10,2.180535555,1,0.99909687,0.060760491
1,8,11,1.920958161,1,0.998835146,0.017725557
1,9,0,2.385997534,1,0.997178316,0.040910348
1,9,1,1.841159821,1,0.998850465,0.009692514
1,9,2,2.492570877,1,0.99728322,0.018115588
1,9,3,1.628246665,1,0.998118401,0.046391472
1,9,4,1.681938767,1,0.999029696,0.012165296
1,9,5,2.220306873,1,0.999130666,0.033336271
1,9,6,1.425730586,1,0.999015212,0.005599999
1,9,7,1.721068859,1,0.99897939,0.018203402
1,9,8,2.335650921,1,0.998249054,0.010840807
1,9,9,1.32576108,1,0.999028802,0.006121484
1,9,10,0.976203978,1,0.998915851,0.030397631
1,9,11,2.467374325,1,0.998566091,0.005378229
1,10,0,2.4783535,1,0.995776355,0.015175489
1,10,1,1.657132626,1,0.998448372,0.0087459
1,10,2,1.925394535,1,0.998420298,0.008154483
1,10,3,2.672775984,1,0.995576084,0.010952796
1,10,4,2.978706121,1,0.997419596,0.019758897
1,10,5,0.941965759,1,0.998382509,0.024174323
1,10,6,1.731743455,1,0.998217523,0.007789009
1,10,7,2.430933475,1,0.998614132,0.030000011
1,10,8,2.23405385,1,0.998400271,0.010552094
1,10,9,1.402852893,1,0.998359442,0.06289351
1,10,10,1.794198394,1,0.997672021,0.007726005
1,10,11,1.972017646,1,0.998501539,0.043137036
1,11,0,4.530563831,1.000000715,0.909154713,0.026482312
1,11,1,2.488060236,1,0.911588728,0.016195416
1,11,2,2.080748081,1,0.910508692,0.008069677
1,11,3,2.270845413,1,0.912063658,0.031278003
1,11,4,3.551659107,1,0.913856864,0.013701588
1,11,5,2.00703454,1,0.910460711,0.010749971
1,11,6,1.765302777,1,0.909821749,0.006785129
1,11,7,2.244888544,1,0.911114693,0.017145563
1,11,8,3.832684994,1.000023484,0.079530902,0.099945717
1,11,9,1.718782425,1,0.909865141,0.006378512
1,11,10,2.452099323,1,0.912956595,0.045240033
1,11,11,2.61606288,1,0.912914455,0.039124787
2,0,0,4.444248199,1.000019073,0.818367064,0.02258512
2,0,1,0.44076696,1.00003159,0.815430105,0.865994751
2,0,2,4.63506937,1.000016809,0.811319172,0.0393418
2,0,3,0.428940266,1.00003016,0.796451628,0.824098945
2,0,4,1.154772282,1.000028253,0.790594339,0.584800363
2,0,5,1.373518586,1.000026703,0.790729761,0.661869884
2,0,6,4.323421001,1.000021577,0.741760314,0.02964747
2,0,7,1.86074996,1.000028491,0.763265014,0.16031453
2,0,8,4.267560959,1.000024319,0.817185044,0.05950442
2,0,9,4.65375185,1.000019193,0.8491081,0.020892816
2,0,10,4.248264313,1.000025392,0.884355962,0.157609746
2,0,11,5.431499958,1.00001514,0.729709029,0.0074032
2,1,0,2.333337784,1.000028729,0.708308935,0.096969604
2,1,1,2.735071182,1.000022054,0.705740392,0.093007758
2,1,2,4.766996384,1.000016809,0.682354867,0.025652248
2,1,3,4.318966389,1.000001431,0.690423071,0.034515638
2,1,4,3.759443998,1.000010967,0.814408839,0.068486646
2,1,5,4.602094173,1.000012636,0.836198449,0.084496632
2,1,6,4.392798424,1.000011444,0.814132512,0.040815867
2,1,7,4.929533005,1.000013351,0.83377856,0.018852599
2,1,8,5.345877171,1.000004649,0.798217773,0.009560445
2,1,9,5.409102917,1.00000751,0.771123886,0.006873814
2,1,10,4.457423687,1.000013232,0.613195837,0.040464927
2,1,11,1.750481248,1.000026941,0.770966291,0.668101668
2,2,0,2.510015965,1.000001192,0.884504318,0.099554963
2,2,1,4.763064861,1.000000954,0.874509037,0.012334441
2,2,2,1.087627053,1.000004053,0.890161932,0.125666231
2,2,3,1.908267021,1.000005126,0.85466063,0.134967849
2,2,4,1.68828845,1.000000238,0.869436324,0.093059294
2,2,5,1.82640028,1.000003815,0.876201093,0.137664333
2,2,6,2.777845383,1.00000596,0.815762162,0.077352911
2,2,7,2.62056613,1,0.840834796,0.032219227
2,2,8,1.874016881,1.000001907,0.895640194,0.112805381
2,2,9,1.746999383,1.000005007,0.857489765,0.12460015
2,2,10,3.113333702,1.000029683,0.489926606,0.126523808
2,2,11,3.121741056,1.000000238,0.8826828,0.107267678
2,3,0,2.835564852,1,0.994781494,0.067817263
2,3,1,1.878851533,1,0.994482458,0.060216676
2,3,2,1.40894556,1.000000358,0.987904906,0.113928474
2,3,3,0.876460195,1,0.994455159,0.056472488
2,3,4,3.677493811,1,0.994979441,0.008323908
2,3,5,2.731686354,1,0.995727956,0.038641531
2,3,6,1.715882659,1.000000238,0.988993466,0.157276168
2,3,7,1.43424654,1.000000119,0.993145347,0.107944719
2,3,8,1.535238862,1.000000358,0.990577698,0.118853807
2,3,9,1.539849043,1,0.995351374,0.072222918
2,3,10,1.767813087,1,0.994793177,0.159413576
2,3,11,1.784432292,1.000000119,0.993931174,0.100707188
2,4,0,1.197479606,1,0.916453779,0.059391432
2,4,1,1.55083859,1.000000119,0.917349219,0.059755679
2,4,2,2.30542469,1,0.915094614,0.016791807
2,4,3,1.586520195,1,0.917543471,0.07336463
2,4,4,2.975881338,1,0.916031301,0.041823782
2,4,5,1.48537004,1,0.916125119,0.066707134
2,4,6,2.051109314,1,0.916741312,0.041960306
2,4,7,1.812099814,1.000000477,0.91911757,0.491957277
2,4,8,3.644590378,1,0.918177247,0.016055368
2,4,9,1.846427679,1,0.916689277,0.038526464
2,4,10,3.257506847,1,0.915717483,0.013619639
2,4,11,0.009673669,1.000028729,0.136498913,0.003951269
2,5,0,2.326426506,1,0.997566283,0.013640231
2,5,1,0.256219089,1,0.996863604,0.004769198
2,5,2,1.416662931,1,0.997353494,0.021349924
2,5,3,2.273586035,1.000000119,0.994695246,0.035920896
2,5,4,1.490260243,1,0.997355878,0.050988127
2,5,5,2.174613237,1,0.997490823,0.013725489
2,5,6,0.6265558,1,0.997082114,0.021368103
2,5,7,0.97511673,1,0.997249007,0.043803431
2,5,8,1.11052525,1,0.997281432,0.027116787
2,5,9,3.05361104,1,0.997722864,0.006597309
2,5,10,3.717293024,1.000000596,0.980472565,0.046723448
2,5,11,2.684566259,1,0.997597337,0.106572971
2,6,0,1.761598706,1.000000119,0.996572495,0.035174154
2,6,1,0.70013392,1,0.998044729,0.022206977
2,6,2,3.563021183,1,0.997818887,0.013136109
2,6,3,1.625468612,1,0.998466313,0.01795507
2,6,4,3.714383364,1.000000119,0.99270767,0.023189051
2,6,5,1.721986413,1,0.998529494,0.062972054
2,6,6,2.724746227,1,0.998590887,0.065550342
2,6,7,2.258841038,1,0.998110414,0.046351466
2,6,8,1.211124778,1,0.998392045,0.026474146
2,6,9,0.732663393,1,0.998006582,0.00487657
2,6,10,3.489349127,1,0.998277128,0.010713779
2,6,11,1.540231466,1,0.998216629,0.046784941
2,7,0,1.040856361,1,0.999040067,0.026392864
2,7,1,2.67402935,1,0.998978794,0.01587108
2,7,2,0.618371189,1,0.999257982,0.004128166
2,7,3,1.514799118,1,0.999485791,0.044603489
2,7,4,0.922642469,1,0.999378741,0.015891777
2,7,5,2.723045349,1,0.998042464,0.025792414
2,7,6,3.272450447,1,0.999245644,0.010951447
2,7,7,2.065018892,1,0.999423981,0.011863868
2,7,8,1.27602005,1,0.999205828,0.034641482
2,7,9,1.399622083,1,0.999358237,0.029076558
2,7,10,0.96471113,1,0.999331474,0.005265312
2,7,11,2.347065687,1,0.999450743,0.007833614
2,8,0,3.303420544,1,0.998278201,0.023213796
2,8,1,1.18038249,1,0.998108804,0.007996271
2,8,2,4.18141222,1.000000238,0.989767015,0.012002797
2,8,3,2.091265202,1,0.998412132,0.021313535
2,8,4,1.133624077,1,0.998302698,0.047046125
2,8,5,1.919035077,1,0.99787581,0.04135133
2,8,6,2.302595139,1,0.99839592,0.018524349
2,8,7,1.205391526,1,0.997880578,0.054416753
2,8,8,2.425647736,1,0.998089433,0.032692134
2,8,9,2.287627459,1,0.998462737,0.031360857
2,8,10,2.176729918,1,0.998600423,0.06252297
2,8,11,1.848570824,1,0.998272002,0.015753111
2,9,0,2.565058708,1,0.99734211,0.039067026
2,9,1,2.086499691,1,0.998790801,0.013410654
2,9,2,2.679703474,1,0.997611582,0.01999839
2,9,3,1.647690892,1,0.998265624,0.047435001
2,9,4,1.863504052,1,0.998880386,0.013042606
2,9,5,2.194092751,1,0.999051273,0.031211127
2,9,6,1.617042065,1,0.998931646,0.005870434
2,9,7,1.968759418,1,0.99892652,0.021009233
2,9,8,2.659032583,1,0.998425484,0.008870879
2,9,9,1.496639848,1,0.998951018,0.006211817
2,9,10,1.127967358,1,0.998809814,0.039194822
2,9,11,2.641549826,1,0.997162044,0.005092931
2,10,0,2.535077333,1,0.996779621,0.011684157
2,10,1,1.785778284,1,0.998088121,0.009341222
2,10,2,2.265871525,1,0.997314811,0.009461685
2,10,3,3.039368868,1,0.994925678,0.011298244
2,10,4,3.076336384,1,0.996738851,0.021069966
2,10,5,1.015026093,1,0.998107314,0.027858805
2,10,6,1.975271821,1,0.997294426,0.009983856
2,10,7,2.64066124,1,0.998255551,0.032678019
2,10,8,2.300909281,1,0.998200357,0.011235893
2,10,9,1.396188378,1,0.998272955,0.066626504
2,10,10,1.906572223,1,0.998209596,0.007422445
2,10,11,1.988880873,1,0.998277128,0.04561625
2,11,0,4.717370033,1.000000834,0.900286078,0.024741955
2,11,1,2.835070372,1,0.910101473,0.016427837
2,11,2,2.505210876,1,0.908922613,0.00813863
2,11,3,2.224391937,1,0.909935415,0.028650302
2,11,4,3.81197691,1.000000119,0.913800955,0.015495583
2,11,5,2.104906082,1,0.908406436,0.010883826
2,11,6,1.932894945,1,0.907833636,0.005899123
2,11,7,2.465212584,1,0.909705102,0.016879566
2,11,8,3.844706297,1.000022292,0.088995248,0.095222227
2,11,9,1.860975623,1,0.907928288,0.007177234
2,11,10,2.639024973,1,0.912361205,0.051419016
2,11,11,2.640503883,1,0.912335932,0.040275618
3,0,0,4.447750092,1.000017524,0.803779185,0.019330038
3,0,1,0.387655109,1.000030994,0.815271974,0.882857919
3,0,2,4.691866875,1.000012279,0.801882148,0.036081769
3,0,3,0.399447262,1.000030756,0.797253191,0.828972757
3,0,4,1.106613755,1.00002861,0.800701141,0.601575553
3,0,5,1.224862933,1.000026107,0.786700964,0.681898594
3,0,6,4.411720276,1.000022411,0.765821993,0.028716426
3,0,7,1.802582979,1.000027776,0.762115479,0.153966576
3,0,8,4.274809837,1.000024676,0.827706277,0.059343047
3,0,9,4.668503761,1.000018597,0.855999172,0.019607298
3,0,10,4.255390167,1.000025392,0.885982752,0.162345752
3,0,11,5.440322876,1.000016451,0.731892645,0.007324731
3,1,0,2.340398788,1.000027657,0.714187562,0.102526769
3,1,1,2.7385993,1.000021458,0.70552516,0.095054671
3,1,2,4.773636341,1.000016451,0.690413415,0.02536888
3,1,3,4.334949017,1.000001669,0.689438045,0.034582026
3,1,4,3.76902914,1.000011802,0.819157958,0.068971656
3,1,5,4.603072166,1.000011921,0.838775218,0.07758262
3,1,6,4.441222191,1.000010252,0.823295832,0.037606545
3,1,7,4.94689703,1.000014186,0.820702493,0.017702289
3,1,8,5.34107399,1.000005364,0.802177489,0.009414325
3,1,9,5.431657314,1.000007272,0.77897948,0.00690761
3,1,10,4.470480442,1.000014186,0.625274062,0.040285282
3,1,11,1.740374923,1.000026822,0.773391783,0.674695909
3,2,0,2.521942616,1.000000834,0.888060153,0.094617948
3,2,1,4.622141361,1.000000596,0.874978065,0.010744197
3,2,2,1.086562991,1.000004292,0.887234092,0.119357795
3,2,3,1.920856476,1.000004768,0.864614666,0.137016773
3,2,4,1.674466014,1.000000119,0.872521639,0.082386613
3,2,5,1.834349632,1.000003457,0.88263756,0.136084959
3,2,6,2.722558498,1.000004411,0.81523031,0.074361287
3,2,7,2.602020979,1,0.847889125,0.032420997
3,2,8,1.904762626,1.000001669,0.899127603,0.116935849
3,2,9,1.752577543,1.000005364,0.86105752,0.123997509
3,2,10,3.117376328,1.000029922,0.493046403,0.127920151
3,2,11,3.132352829,1.000000238,0.888686359,0.109290168
3,3,0,2.758500576,1,0.994765341,0.078141987
3,3,1,1.867813587,1,0.994636357,0.063282311
3,3,2,1.423873425,1.000000358,0.989783704,0.11867553
3,3,3,0.917679965,1,0.994779348,0.05981366
3,3,4,3.620544195,1,0.995151937,0.008107997
3,3,5,2.634292841,1,0.9957937,0.036511809
3,3,6,1.69013536,1.000000358,0.986351788,0.156568035
3,3,7,1.415090084,1.000000119,0.992774904,0.106109492
3,3,8,1.521581054,1.000000119,0.991145194,0.114766583
3,3,9,1.497853756,1,0.995389521,0.071852408
3,3,10,1.773481727,1,0.994990706,0.157638878
3,3,11,1.748335719,1.000000119,0.994811058,0.097925805
3,4,0,1.223972082,1,0.916735113,0.06110948
3,4,1,1.53143096,1,0.917236745,0.06227101
3,4,2,2.125386953,1,0.914730787,0.015619969
3,4,3,1.570790291,1.000000119,0.917638421,0.071946174
3,4,4,3.005736828,1,0.916294098,0.041726328
3,4,5,1.47370851,1,0.916220307,0.065995365
3,4,6,2.030467272,1,0.916815519,0.039677944
3,4,7,1.85607028,1.000000477,0.919709563,0.475431204
3,4,8,3.672293663,1,0.918401539,0.014983164
3,4,9,1.75363636,1,0.916253448,0.036644123
3,4,10,3.306421995,1,0.916091681,0.011883545
3,4,11,0.009367937,1.000028253,0.133353621,0.003720615
3,5,0,2.435390949,1,0.998527288,0.012169553
3,5,1,0.304656684,1,0.998209357,0.004407045
3,5,2,1.407276511,1,0.998547137,0.021434307
3,5,3,2.180233002,1,0.99668622,0.034984078
3,5,4,1.447047949,1,0.998414636,0.052581809
3,5,5,1.945950031,1,0.99860096,0.011562402
3,5,6,0.617604375,1,0.998367548,0.021971926
3,5,7,0.914246917,1,0.998420119,0.041860305
3,5,8,1.108453512,1,0.99853301,0.027056679
3,5,9,2.873292923,1,0.998765409,0.006482804
3,5,10,3.597017288,1.000000238,0.991397619,0.046776079
3,5,11,2.610802412,1,0.998673975,0.094466209
3,6,0,1.761989951,1,0.996631086,0.03687118
3,6,1,0.684002578,1,0.998644412,0.019585699
3,6,2,3.447312832,1,0.998426259,0.012698678
3,6,3,1.542296886,1,0.998961687,0.016094819
3,6,4,3.338042021,1,0.997155786,0.021378949
3,6,5,1.682063341,1,0.999034166,0.062393099
3,6,6,2.80350852,1,0.999024332,0.062666222
3,6,7,2.181154728,1,0.998650551,0.044800334
3,6,8,1.167866468,1,0.998856544,0.025071379
3,6,9,0.64711684,1,0.998592734,0.004485817
3,6,10,3.334850073,1,0.99869436,0.01022868
3,6,11,1.468804121,1,0.998679519,0.045453362
3,7,0,1.081190467,1,0.999166071,0.027655318
3,7,1,2.725502729,1,0.999068797,0.014578688
3,7,2,0.790339947,1,0.999422073,0.003869361
3,7,3,1.412963867,1,0.999570847,0.041338637
3,7,4,0.95278424,1,0.999506891,0.01522748
3,7,5,2.393059254,1,0.999023438,0.022308595
3,7,6,3.064632416,1,0.999479055,0.010861407
3,7,7,2.343038082,1,0.999234617,0.012321871
3,7,8,1.248730302,1,0.999297678,0.037545327
3,7,9,1.291511536,1,0.999457538,0.027979515
3,7,10,0.862671733,1,0.999435782,0.004487489
3,7,11,2.330530405,1,0.999490798,0.006490612
3,8,0,3.141391277,1,0.998799324,0.021005325
3,8,1,1.345951915,1,0.998854995,0.009070246
3,8,2,3.801848888,1.000000119,0.995280683,0.010630632
3,8,3,1.685899138,1,0.998999178,0.01720129
3,8,4,1.114753246,1,0.998923659,0.046730205
3,8,5,1.780802608,1,0.998590469,0.036151711
3,8,6,2.445124149,1,0.998779058,0.019358579
3,8,7,1.238598108,1,0.998274744,0.056645446
3,8,8,2.22543478,1,0.998322725,0.032265551
3,8,9,1.954344153,1,0.999037683,0.026678573
3,8,10,2.104632854,1,0.999137163,0.058280729
3,8,11,1.686002731,1,0.99890703,0.017846864
3,9,0,2.291435957,1,0.998154044,0.043425739
3,9,1,1.88795948,1,0.99913007,0.011173925
3,9,2,2.341346264,1,0.998480022,0.01827544
3,9,3,1.612699986,1,0.998453319,0.04608833
3,9,4,1.616836548,1,0.999285758,0.011294222
3,9,5,2.062529564,1,0.999362409,0.027366338
3,9,6,1.342153549,1,0.999296427,0.004992415
3,9,7,1.583596587,1,0.999273717,0.017840989
3,9,8,2.014695644,1,0.999158859,0.008856623
3,9,9,1.1372087,1,0.999270678,0.004964968
3,9,10,1.108713031,1,0.999175072,0.040246435
3,9,11,2.509481907,1,0.997995794,0.005471596
3,10,0,2.27372241,1,0.998091936,0.013829119
3,10,1,1.600141525,1,0.998895407,0.00853651
3,10,2,1.968183398,1,0.99860245,0.007370458
3,10,3,2.582674503,1,0.996204376,0.009516979
3,10,4,2.851292133,1,0.998194695,0.018359566
3,10,5,0.971574306,1,0.998845279,0.027571771
3,10,6,1.774294853,1,0.998763144,0.008651471
3,10,7,2.378700018,1,0.998984158,0.024278408
3,10,8,2.108083487,1,0.998869121,0.009240186
3,10,9,1.357118607,1,0.998866677,0.063797191
3,10,10,1.645577908,1,0.998914778,0.007872283
3,10,11,2.177544594,1,0.99874711,0.043539308
3,11,0,4.462080956,1.000000477,0.911647081,0.025419464
3,11,1,2.536211967,1,0.912303388,0.01422675
3,11,2,1.994629622,1,0.91056788,0.006714059
3,11,3,2.070882559,1,0.91171056,0.026701262
3,11,4,3.530955791,1,0.91459012,0.014812901
3,11,5,1.90689826,1,0.910829365,0.009775538
3,11,6,1.742615461,1,0.910191178,0.005684894
3,11,7,2.283078194,1,0.911715925,0.016547939
3,11,8,3.852913618,1.000022411,0.074731678,0.085927099
3,11,9,1.789178133,1,0.910364509,0.006184699
3,11,10,2.408474922,1,0.913332522,0.042591147
3,11,11,2.619129658,1,0.913986564,0.037273899
4,0,0,4.501665592,1.000018597,0.816880763,0.018893518
4,0,1,0.385438025,1.00003314,0.81893748,0.883714914
4,0,2,4.641588688,1.000014067,0.805037558,0.043544445
4,0,3,0.398075819,1.000031114,0.796505988,0.835057437
4,0,4,1.099279284,1.000029564,0.796925485,0.607486665
4,0,5,1.21476078,1.000026584,0.791579306,0.685067594
4,0,6,4.364617825,1.000022411,0.755884886,0.028779941
4,0,7,1.821872115,1.000028372,0.755204797,0.154731348
4,0,8,4.289615631,1.000025868,0.82010138,0.057663985
4,0,9,4.669339657,1.000020266,0.859696567,0.019882297
4,0,10,4.252466202,1.000025392,0.8856287,0.162058309
4,0,11,5.468863487,1.000014544,0.735458016,0.006883847
4,1,0,2.357703209,1.00002861,0.719040453,0.099204384
4,1,1,2.747018099,1.000022531,0.712815881,0.093361594
4,1,2,4.765093803,1.000016332,0.699626505,0.025670255
4,1,3,4.321781635,1.000001311,0.700535238,0.034958076
4,1,4,3.743991375,1.000011086,0.823651552,0.068882793
4,1,5,4.579930305,1.000012994,0.838084042,0.083221108
4,1,6,4.47991848,1.000010014,0.827730596,0.037899345
4,1,7,4.991296291,1.000013471,0.842330933,0.018216502
4,1,8,5.361038208,1.000005126,0.809988916,0.009187617
4,1,9,5.447218895,1.000007391,0.788210332,0.006592056
4,1,10,4.473522186,1.000014305,0.61533767,0.040674482
4,1,11,1.702195764,1.000028253,0.777779996,0.687117457
4,2,0,2.534651518,1.000001192,0.891697884,0.09830571
4,2,1,4.741528988,1.000000596,0.881049156,0.011055136
4,2,2,1.097316504,1.000005007,0.886854172,0.126704469
4,2,3,1.962206721,1.000004411,0.873635888,0.13630335
4,2,4,1.726297259,1.000000358,0.873601019,0.087078467
4,2,5,1.814924359,1.000003934,0.878033221,0.138866842
4,2,6,2.724809647,1.000004888,0.82426697,0.078712396
4,2,7,2.555099249,1,0.848367453,0.032282334
4,2,8,1.91174984,1.000001907,0.90042001,0.116830073
4,2,9,1.757068396,1.00000596,0.862423003,0.126875132
4,2,10,3.102431774,1.000029683,0.515786707,0.127815917
4,2,11,3.1430583,1.000000358,0.891103327,0.109287508
4,3,0,2.709970951,1,0.995147884,0.072936915
4,3,1,1.830644846,1,0.995010614,0.05934665
4,3,2,1.432722449,1.000000358,0.991002798,0.118411668
4,3,3,0.892460287,1,0.995142698,0.057609398
4,3,4,3.525693655,1,0.995389223,0.009387578
4,3,5,2.620922327,1,0.995942473,0.036188018
4,3,6,1.671093941,1.000000358,0.987432837,0.156443372
4,3,7,1.416686773,1.000000119,0.992651403,0.108117163
4,3,8,1.516973495,1.000000238,0.991650224,0.115921006
4,3,9,1.520706892,1,0.995748758,0.0726078
4,3,10,1.751355052,1,0.995262682,0.152810693
4,3,11,1.770896912,1.000000119,0.995092928,0.100228883
4,4,0,1.189233422,1,0.916419744,0.05879781
4,4,1,1.509487271,1,0.917037427,0.059193887
4,4,2,2.169346333,1,0.914883435,0.015802165
4,4,3,1.588480592,1,0.917861581,0.073789969
4,4,4,2.829807997,1,0.915815413,0.041915201
4,4,5,1.483741641,1,0.916040003,0.063760951
4,4,6,2.00466609,1,0.916736662,0.039964054
4,4,7,1.853985548,1.000000477,0.919338465,0.473513424
4,4,8,3.581949234,1,0.918112993,0.016308228
4,4,9,1.708864331,1,0.915998101,0.035812594
4,4,10,3.241884232,1,0.9158898,0.01309594
4,4,11,0.008654323,1.000029683,0.130207628,0.003253475
4,5,0,2.449670315,1,0.998255312,0.014858663
4,5,1,0.282214612,1,0.998027861,0.004752516
4,5,2,1.375095487,1,0.998337507,0.02223661
4,5,3,2.170452118,1,0.997066557,0.034118604
4,5,4,1.422316074,1,0.998312891,0.047849964
4,5,5,1.867421985,1,0.998400927,0.011384428
4,5,6,0.63483119,1,0.998212576,0.022002317
4,5,7,0.911468267,1,0.99829179,0.040879056
4,5,8,1.081514478,1,0.998351097,0.028507322
4,5,9,2.847270727,1,0.998624742,0.006298747
4,5,10,3.639603138,1.000000238,0.988785923,0.043239076
4,5,11,2.491485596,1,0.998497248,0.090210281
4,6,0,1.758350372,1,0.996899784,0.035434511
4,6,1,0.656911492,1,0.998132646,0.018576449
4,6,2,3.454086304,1,0.998070717,0.012968605
4,6,3,1.468422174,1,0.998479486,0.016178815
4,6,4,3.759618044,1.000000238,0.992446363,0.024737742
4,6,5,1.677344918,1,0.998584926,0.061335746
4,6,6,2.656807661,1,0.998622298,0.061560322
4,6,7,2.148476839,1,0.998396873,0.04362046
4,6,8,1.172913551,1,0.99840486,0.026470207
4,6,9,0.644554019,1,0.998113692,0.005249233
4,6,10,3.573798656,1,0.997816324,0.012393347
4,6,11,1.422373891,1,0.998408079,0.043235637
4,7,0,1.085661292,1,0.999124885,0.026988512
4,7,1,2.627886295,1,0.999135375,0.013516333
4,7,2,0.742136419,1,0.999443471,0.004162975
4,7,3,1.385019779,1,0.999592364,0.042905249
4,7,4,0.888823807,1,0.99951303,0.015981914
4,7,5,2.477727413,1,0.998921573,0.024022358
4,7,6,3.107733488,1,0.99943769,0.011062236
4,7,7,2.326505899,1,0.999375284,0.01303156
4,7,8,1.179249763,1,0.99939847,0.03817625
4,7,9,1.244917989,1,0.999524176,0.026650952
4,7,10,0.763456643,1,0.999426842,0.00446733
4,7,11,2.370285988,1,0.999523103,0.007769195
4,8,0,3.278182983,1,0.99819243,0.020758631
4,8,1,1.189265847,1,0.998723805,0.008499788
4,8,2,3.934629202,1.000000119,0.994371474,0.011347475
4,8,3,1.64947474,1,0.998909712,0.016674865
4,8,4,1.043512225,1,0.998831987,0.050554451
4,8,5,1.81734705,1,0.998484194,0.039321892
4,8,6,2.338998795,1,0.998663962,0.018719392
4,8,7,1.191301823,1,0.99815917,0.058370654
4,8,8,2.076503515,1,0.998810709,0.030706005
4,8,9,1.864886045,1,0.998910308,0.027625415
4,8,10,2.077343225,1,0.999034643,0.055491999
4,8,11,1.868280053,1,0.998805046,0.017453469
4,9,0,2.333093405,1,0.998276114,0.043968804
4,9,1,1.819526553,1,0.998994768,0.011311039
4,9,2,2.384913921,1,0.99865973,0.021476859
4,9,3,1.624795079,1,0.998341024,0.051244106
4,9,4,1.695793629,1,0.999154866,0.013817428
4,9,5,2.023076057,1,0.999281645,0.029168298
4,9,6,1.363293409,1,0.999172568,0.005006836
4,9,7,1.718306661,1,0.999159455,0.019771103
4,9,8,2.597367764,1,0.998156607,0.011218218
4,9,9,1.161120653,1,0.999147415,0.005905115
4,9,10,0.984436512,1,0.999094427,0.037638739
4,9,11,2.708411932,1,0.997717679,0.006416322
4,10,0,2.352613211,1,0.997863173,0.013519788
4,10,1,1.611273408,1,0.99874419,0.008778245
4,10,2,1.97379005,1,0.99903506,0.009121766
4,10,3,2.914188862,1,0.996599019,0.012333786
4,10,4,2.921039104,1,0.997976124,0.021007327
4,10,5,0.94782865,1,0.998823524,0.026095135
4,10,6,1.934867859,1,0.998478353,0.009467253
4,10,7,2.424523592,1,0.998990476,0.028282398
4,10,8,2.253272057,1,0.998613119,0.01157606
4,10,9,1.389201641,1,0.998837888,0.069651097
4,10,10,1.727422714,1,0.998811007,0.008053689
4,10,11,1.911587954,1,0.998854101,0.037464008
4,11,0,4.490166187,1.000000596,0.892225623,0.026309438
4,11,1,2.505125046,1,0.909984529,0.016069852
4,11,2,2.105998278,1,0.908851862,0.007837715
4,11,3,2.227374792,1,0.910253465,0.032823872
4,11,4,3.680836439,1,0.912253439,0.015059154
4,11,5,1.809193134,1,0.908426046,0.010097974
4,11,6,1.778087735,1,0.908004761,0.006192095
4,11,7,2.177473545,1,0.909358561,0.015370002
4,11,8,3.80079937,1.000023603,0.076948017,0.096098825
4,11,9,1.659659266,1,0.907973051,0.006592359
4,11,10,2.313727379,1,0.910861254,0.047201637
4,11,11,2.500058174,1,0.911449432,0.043124411
5,0,0,4.480099201,1.000018597,0.828052282,0.022617217
5,0,1,0.386519402,1.000031829,0.81871438,0.884816229
5,0,2,4.664581776,1.000013828,0.807793856,0.038931537
5,0,3,0.396289885,1.000031114,0.801154554,0.836670935
5,0,4,1.106534839,1.000029087,0.802508593,0.610757887
5,0,5,1.226339936,1.00002718,0.792210996,0.693042636
5,0,6,4.366541386,1.000021696,0.76086539,0.028753232
5,0,7,1.788874984,1.000028849,0.762962282,0.155618906
5,0,8,4.28324461,1.000025034,0.827389777,0.060232274
5,0,9,4.657443047,1.00001955,0.85893172,0.01972772
5,0,10,4.250076294,1.000025988,0.888331175,0.162150949
5,0,11,5.454848289,1.000015259,0.730585337,0.007246194
5,1,0,2.327838898,1.000028133,0.721387625,0.09762872
5,1,1,2.741791248,1.000022769,0.71050626,0.096062347
5,1,2,4.758921623,1.000017166,0.697189867,0.025989702
5,1,3,4.314144135,1.000001431,0.693863332,0.035440169
5,1,4,3.740448475,1.000012159,0.822253168,0.069913484
5,1,5,4.59548378,1.000013351,0.840864003,0.078343153
5,1,6,4.442462444,1.00001061,0.824923277,0.039544731
5,1,7,4.95866251,1.000013709,0.841212273,0.01769907
5,1,8,5.361535072,1.000005364,0.809628129,0.009314069
5,1,9,5.438968182,1.000008106,0.780563176,0.006799819
5,1,10,4.467131615,1.000013709,0.620720625,0.04075164
5,1,11,1.69989419,1.000028014,0.778951883,0.682397902
5,2,0,2.499301195,1.000001431,0.897769749,0.099268518
5,2,1,4.711084366,1.000000596,0.889102221,0.011135066
5,2,2,1.093114018,1.000002503,0.907221794,0.121392585
5,2,3,1.938410759,1.000003695,0.880265236,0.138478711
5,2,4,1.658705831,1.000000119,0.883672357,0.083095677
5,2,5,1.821965218,1.000003219,0.890719056,0.138296992
5,2,6,2.739204645,1.000003457,0.844243586,0.077015489
5,2,7,2.575345516,1,0.861898184,0.032805838
5,2,8,1.884765029,1.000001431,0.907312155,0.111796513
5,2,9,1.730563521,1.000004768,0.870323718,0.123027042
5,2,10,3.094902515,1.000029922,0.481563598,0.129979312
5,2,11,3.117625952,1.000000358,0.900408149,0.110993437
5,3,0,2.790067434,1,0.995313466,0.069854617
5,3,1,1.835058093,1,0.995143533,0.062255517
5,3,2,1.419960499,1.000000358,0.989732563,0.116863921
5,3,3,0.874601722,1,0.995076954,0.057829779
5,3,4,3.652513981,1,0.995484948,0.008856989
5,3,5,2.722504854,1,0.99611342,0.036660835
5,3,6,1.679361582,1.000000238,0.990237236,0.161982685
5,3,7,1.387831807,1.000000119,0.992643297,0.111306272
5,3,8,1.504378557,1.000000119,0.991444767,0.115005024
5,3,9,1.513245821,1,0.995760679,0.068761878
5,3,10,1.771481872,1,0.995420456,0.161613598
5,3,11,1.780812621,1.000000119,0.994988382,0.10159561
5,4,0,1.189079046,1,0.916021407,0.056710303
5,4,1,1.509003162,1,0.9169662,0.059406031
5,4,2,2.10957098,1,0.914466918,0.014377451
5,4,3,1.51950562,1,0.917294323,0.073114365
5,4,4,2.925483465,1,0.915893555,0.039881296
5,4,5,1.475364804,1,0.91610074,0.069245026
5,4,6,2.008915186,1,0.916624784,0.041377742
5,4,7,1.823160529,1.000000477,0.918925464,0.484065026
5,4,8,3.728200197,1,0.918341219,0.014698056
5,4,9,1.796835423,1,0.916377246,0.036960542
5,4,10,3.364880562,1,0.916077375,0.013747087
5,4,11,0.009765063,1.000030518,0.132663026,0.003253443
5,5,0,2.400187731,1,0.998342514,0.011685947
5,5,1,0.249752536,1,0.997909606,0.00442738
5,5,2,1.41518724,1,0.998304009,0.020656796
5,5,3,2.214996099,1,0.996526182,0.034415964
5,5,4,1.477320075,1,0.998159409,0.052219678
5,5,5,1.933588862,1,0.998340786,0.011137409
5,5,6,0.623395562,1,0.998126209,0.023673108
5,5,7,0.958185196,1,0.998188913,0.042701639
5,5,8,1.068897367,1,0.998244822,0.026642038
5,5,9,2.839817286,1,0.998535573,0.006368471
5,5,10,3.613237619,1.000000358,0.988277078,0.047541786
5,5,11,2.607120275,1,0.998421729,0.097051986
5,6,0,1.759278417,1,0.997216165,0.037076242
5,6,1,0.673041821,1,0.998402059,0.019493487
5,6,2,3.502913713,1,0.998212814,0.013117185
5,6,3,1.546580553,1,0.998738885,0.015994722
5,6,4,3.781339884,1.000000119,0.994313955,0.023406185
5,6,5,1.645289898,1,0.998790145,0.061774276
5,6,6,2.705332756,1,0.998873293,0.061784238
5,6,7,2.155334949,1,0.998534262,0.045826543
5,6,8,1.165169716,1,0.998692513,0.026913308
5,6,9,0.673542917,1,0.998333573,0.004468174
5,6,10,3.595481873,1,0.998464525,0.01101132
5,6,11,1.499950409,1,0.998562098,0.046065275
5,7,0,1.059189796,1,0.999180436,0.028471064
5,7,1,2.440212965,1,0.999461889,0.013827946
5,7,2,0.630971014,1,0.999410629,0.003454533
5,7,3,1.425015569,1,0.999616623,0.042039949
5,7,4,0.915842116,1,0.99952817,0.014994944
5,7,5,2.657444954,1,0.998509586,0.027173949
5,7,6,3.167796373,1,0.999338567,0.010686448
5,7,7,2.094857693,1,0.99950403,0.012489862
5,7,8,1.253258109,1,0.999338925,0.044674639
5,7,9,1.307390332,1,0.999509275,0.027418183
5,7,10,0.709111631,1,0.99942708,0.003945491
5,7,11,2.367246866,1,0.999517858,0.006674862
5,8,0,3.253064156,1,0.998562634,0.019838143
5,8,1,1.141554952,1,0.998576343,0.007704656
5,8,2,4.07365036,1.000000119,0.993205845,0.011233745
5,8,3,1.666262627,1,0.998813212,0.018726841
5,8,4,1.142822146,1,0.998735428,0.051079005
5,8,5,1.862864971,1,0.998359084,0.039036736
5,8,6,2.357301474,1,0.998776436,0.01800474
5,8,7,1.219968319,1,0.99814868,0.060278933
5,8,8,2.160992384,1,0.998739481,0.031335834
5,8,9,2.038258791,1,0.998869658,0.030856017
5,8,10,2.103877306,1,0.998965681,0.060596012
5,8,11,1.886548758,1,0.998711646,0.019474281
5,9,0,2.188681602,1,0.998842061,0.046986669
5,9,1,1.95567739,1,0.999180734,0.011421743
5,9,2,2.382957697,1,0.998729467,0.020371631
5,9,3,1.629241586,1,0.998608232,0.047332667
5,9,4,1.756957412,1,0.999283791,0.013700181
5,9,5,2.006506443,1,0.999391317,0.030367965
5,9,6,1.300045013,1,0.999274611,0.005452491
5,9,7,1.836701393,1,0.999264956,0.02082919
5,9,8,2.595971823,1,0.997656465,0.012080304
5,9,9,1.192252517,1,0.99926275,0.005578163
5,9,10,1.054218173,1,0.999236822,0.039845865
5,9,11,2.625715256,1,0.998942375,0.005568603
5,10,0,2.339071035,1,0.997789323,0.014673279
5,10,1,1.636305451,1,0.998512506,0.009179637
5,10,2,1.922080159,1,0.998728693,0.008276169
5,10,3,2.895820141,1,0.992337644,0.012916631
5,10,4,3.043332577,1,0.997259498,0.021351926
5,10,5,0.967757106,1,0.99848932,0.026694324
5,10,6,1.946631432,1,0.99831444,0.011827844
5,10,7,2.496111631,1,0.998580039,0.030461732
5,10,8,2.210935831,1,0.99851954,0.010417126
5,10,9,1.344959855,1,0.998553872,0.066932932
5,10,10,1.663152575,1,0.998528421,0.007758991
5,10,11,1.797832727,1,0.998501778,0.041991487
5,11,0,4.64757967,1.000000596,0.906452358,0.026265649
5,11,1,2.615846157,1,0.911459565,0.017425537
5,11,2,2.388403416,1,0.910553515,0.008766677
5,11,3,2.279194117,1,0.911793768,0.030515779
5,11,4,3.786836624,1,0.914551497,0.014821304
5,11,5,1.869064927,1,0.909645796,0.010177027
5,11,6,1.807145119,1,0.909297228,0.006356318
5,11,7,2.269180775,1,0.910694301,0.016166629
5,11,8,3.910181522,1.000023365,0.081446737,0.090263672
5,11,9,1.589023948,1,0.909048796,0.006373172
5,11,10,2.435503006,1,0.912664652,0.047412142
5,11,11,2.519013405,1,0.913093925,0.046849236
6,0,0,4.500291348,1.000018835,0.81527096,0.019418046
6,0,1,0.418440938,1.000033379,0.815522254,0.870595634
6,0,2,4.684106827,1.000013709,0.797114372,0.04120462
6,0,3,0.407119513,1.00003171,0.798417628,0.833386898
6,0,4,1.130045533,1.000029922,0.790707767,0.58880645
6,0,5,1.310753703,1.000027776,0.785474956,0.670805812
6,0,6,4.362918377,1.000022888,0.749329925,0.029962556
6,0,7,1.852252126,1.000029683,0.765392721,0.157173634
6,0,8,4.294703007,1.000025153,0.816631913,0.058946263
6,0,9,4.670127392,1.000019789,0.856287062,0.020241942
6,0,10,4.250638962,1.000026345,0.884975195,0.163580194
6,0,11,5.503695965,1.00001502,0.734494805,0.007246747
6,1,0,2.323343754,1.000029922,0.710892677,0.100737147
6,1,1,2.740309477,1.000023365,0.71022135,0.093191326
6,1,2,4.777124882,1.000016212,0.712061107,0.025092846
6,1,3,4.351051807,1.000001431,0.70030117,0.034975167
6,1,4,3.752213717,1.000012159,0.821684062,0.068898484
6,1,5,4.596578598,1.000012279,0.834281921,0.08171872
6,1,6,4.452395439,1.000009179,0.827486396,0.038640525
6,1,7,4.981996536,1.000013947,0.839849114,0.01776593
6,1,8,5.388199806,1.000004649,0.808332086,0.009079345
6,1,9,5.492167473,1.000008345,0.787103474,0.006472161
6,1,10,4.503629208,1.00001514,0.619242013,0.040021002
6,1,11,1.650917888,1.000029922,0.759001672,0.684290469
6,2,0,2.51275444,1.000001073,0.887460709,0.100383304
6,2,1,4.839462757,1.000000834,0.878436267,0.011335966
6,2,2,1.096043468,1.000003815,0.891361415,0.12334279
6,2,3,1.926062822,1.000005722,0.859590769,0.133253276
6,2,4,1.661489606,1.000000238,0.870619416,0.083007775
6,2,5,1.816113114,1.000004768,0.875416398,0.138558775
6,2,6,2.785500526,1.000003219,0.830598831,0.075986743
6,2,7,2.539952517,1,0.84385258,0.031864963
6,2,8,1.887949228,1.000001907,0.895966768,0.113209113
6,2,9,1.751892328,1.00000596,0.857459486,0.125490531
6,2,10,3.115177393,1.000030518,0.495828331,0.127362579
6,2,11,3.167244673,1.000000238,0.888134718,0.109397948
6,3,0,2.816799641,1,0.994582951,0.06980373
6,3,1,1.90168941,1.000000119,0.994508982,0.058882762
6,3,2,1.430361032,1.000000238,0.988036096,0.110094778
6,3,3,0.906380892,1,0.994478226,0.057935838
6,3,4,3.673170805,1,0.994763613,0.00909432
6,3,5,2.703504562,1,0.995590627,0.03719781
6,3,6,1.718816042,1.000000358,0.98773694,0.149490014
6,3,7,1.446238637,1.000000119,0.992558658,0.111674376
6,3,8,1.550909281,1.000000358,0.990451276,0.111513212
6,3,9,1.542777419,1,0.995264053,0.067653038
6,3,10,1.770747185,1,0.99466157,0.162120998
6,3,11,1.789147139,1.000000119,0.9940117,0.095979132
6,4,0,1.248313665,1,0.916153133,0.052907117
6,4,1,1.606080174,1,0.917297125,0.063202038
6,4,2,2.267379522,1,0.914656579,0.015247639
6,4,3,1.61648643,1,0.917138636,0.070414908
6,4,4,2.906247616,1,0.91529578,0.039929748
6,4,5,1.524850965,1,0.916163266,0.065001301
6,4,6,2.025880814,1,0.916183412,0.03904574
6,4,7,1.842862248,1.000000477,0.917861402,0.481339246
6,4,8,3.63637805,1,0.917653978,0.016283194
6,4,9,1.812981009,1,0.916019082,0.03586806
6,4,10,3.269132376,1,0.915334523,0.012991267
6,4,11,0.009948157,1.000030518,0.131924152,0.003524556
6,5,0,2.24237752,1,0.997904241,0.012093732
6,5,1,0.275025785,1,0.997518003,0.004472167
6,5,2,1.43192184,1,0.997856677,0.021995094
6,5,3,2.251240969,1,0.995928168,0.031507164
6,5,4,1.502246857,1,0.997792184,0.046786793
6,5,5,2.030314445,1,0.997926474,0.012159752
6,5,6,0.665105104,1,0.997724473,0.023664739
6,5,7,0.969194591,1,0.997833312,0.041547719
6,5,8,1.090983987,1,0.99785924,0.027850723
6,5,9,2.909430504,1,0.998189569,0.006321607
6,5,10,3.593603134,1.000000358,0.984817863,0.045224719
6,5,11,2.595171213,1,0.998070717,0.098877892
6,6,0,1.788012147,1,0.996133387,0.035504382
6,6,1,0.657355845,1,0.998051047,0.018491929
6,6,2,3.514997482,1,0.997849047,0.012724875
6,6,3,1.538773894,1,0.998427391,0.015182594
6,6,4,3.780256271,1.000000238,0.992147267,0.023396496
6,6,5,1.691534519,1,0.998510301,0.060686868
6,6,6,2.686192274,1,0.998567224,0.06561505
6,6,7,2.191845179,1,0.998318076,0.045261249
6,6,8,1.209088802,1,0.99836272,0.027553696
6,6,9,0.706555068,1,0.998015344,0.004926991
6,6,10,3.46868062,1,0.998374701,0.010081572
6,6,11,1.530053496,1,0.998258412,0.041316241
6,7,0,1.127447963,1,0.998929083,0.028391659
6,7,1,2.609768867,1,0.999208868,0.014408177
6,7,2,0.685382962,1,0.999378443,0.003999148
6,7,3,1.454663038,1,0.999584615,0.04221987
6,7,4,0.93636179,1,0.999492407,0.013889302
6,7,5,2.599030972,1,0.998628616,0.024762573
6,7,6,3.135674,1,0.999418616,0.010343321
6,7,7,1.9946872,1,0.99947834,0.011685611
6,7,8,1.300766587,1,0.999313116,0.035933152
6,7,9,1.34026897,1,0.999477029,0.026071804
6,7,10,0.826981425,1,0.999386966,0.004740155
6,7,11,2.367245436,1,0.999485373,0.007489669
6,8,0,3.277277946,1,0.998408079,0.020796353
6,8,1,1.275339603,1,0.998245835,0.008595569
6,8,2,4.177442074,1.000000238,0.989765882,0.011672466
6,8,3,1.861223698,1,0.9985075,0.016437192
6,8,4,1.100558877,1,0.998353243,0.044223391
6,8,5,1.909920096,1,0.998090029,0.035344969
6,8,6,2.247076511,1,0.998480856,0.018004725
6,8,7,1.276542068,1,0.997770369,0.054003172
6,8,8,2.250859022,1,0.998345017,0.032023694
6,8,9,2.107567549,1,0.998545229,0.027859403
6,8,10,2.174438715,1,0.998658895,0.060325824
6,8,11,1.868385196,1,0.998361766,0.016723122
6,9,0,2.540516615,1,0.996879935,0.038499031
6,9,1,1.944644928,1,0.998387516,0.010730328
6,9,2,2.561261892,1,0.998249054,0.019121775
6,9,3,1.636706829,1,0.99777627,0.047793087
6,9,4,1.7885288,1,0.998583615,0.011481704
6,9,5,2.254153728,1,0.998648107,0.030760437
6,9,6,1.652519226,1,0.998506486,0.005683265
6,9,7,1.863932133,1,0.998535514,0.018680913
6,9,8,2.60089612,1,0.997153878,0.010339137
6,9,9,1.533884525,1,0.998558402,0.006291516
6,9,10,1.085078835,1,0.99842,0.035959706
6,9,11,2.772209406,1.000000119,0.992705345,0.005871058
6,10,0,2.637718678,1,0.995727181,0.013771622
6,10,1,1.906439543,1,0.997036517,0.009182593
6,10,2,2.382594347,1,0.994504929,0.007358822
6,10,3,3.018959999,1.000000119,0.992411852,0.011722044
6,10,4,3.142972231,1,0.996143341,0.020173563
6,10,5,0.96602124,1,0.997306406,0.024178978
6,10,6,1.93216598,1,0.997378111,0.00865764
6,10,7,2.553251982,1,0.997822344,0.026392044
6,10,8,2.396935225,1,0.997553408,0.010157024
6,10,9,1.47527647,1,0.997424662,0.066090271
6,10,10,1.875827432,1,0.997479975,0.00749938
6,10,11,2.207071543,1,0.997392237,0.041344706
6,11,0,4.77209425,1.000001073,0.899052203,0.025234597
6,11,1,2.762638092,1,0.909107387,0.016814347
6,11,2,2.584395409,1.000000119,0.90767312,0.007752238
6,11,3,2.381679296,1,0.910079598,0.031475578
6,11,4,3.781756163,1,0.912835062,0.01418901
6,11,5,2.213241816,1,0.908423007,0.010259821
6,11,6,2.025273323,1,0.907394409,0.00651457
6,11,7,2.446999311,1,0.909137666,0.01827891
6,11,8,3.784214973,1.000023484,0.091297001,0.09889435
6,11,9,2.02285552,1,0.90781635,0.007110607
6,11,10,2.644398928,1,0.911857963,0.044427447
6,11,11,2.780253172,1,0.912221551,0.039725266
7,0,0,4.506329536,1.000020623,0.824744582,0.020052889
7,0,1,0.401504844,1.000034928,0.822947919,0.87623322
7,0,2,4.681208611,1.000016332,0.811446965,0.041296437
7,0,3,0.41050154,1.000033379,0.80476594,0.833076298
7,0,4,1.111721873,1.000030875,0.796425283,0.593457103
7,0,5,1.302787066,1.000027299,0.787851512,0.661190629
7,0,6,4.405278683,1.000024557,0.760864019,0.029336859
7,0,7,1.821344852,1.000030994,0.768935263,0.155057847
7,0,8,4.291434765,1.000027299,0.820462286,0.05960311
7,0,9,4.687199593,1.000021935,0.859951198,0.019861033
7,0,10,4.265058994,1.000028491,0.888178051,0.161344677
7,0,11,5.561851978,1.000017285,0.732890069,0.006570768
7,1,0,2.338221312,1.000030756,0.715824902,0.104692668
7,1,1,2.728492498,1.000023961,0.702784538,0.093578152
7,1,2,4.786762238,1.000014663,0.72722131,0.024641313
7,1,3,4.379698277,1.000001431,0.696811914,0.035756782
7,1,4,3.745047331,1.000013351,0.825290143,0.069573909
7,1,5,4.624314308,1.000014305,0.840658009,0.081997223
7,1,6,4.41131115,1.000013471,0.826769769,0.037488915
7,1,7,4.991484165,1.00001514,0.838157892,0.017855261
7,1,8,5.433689117,1.000005841,0.807426989,0.008985427
7,1,9,5.539572239,1.000007987,0.785129488,0.006275238
7,1,10,4.5308218,1.000016212,0.635537088,0.039779961
7,1,11,1.707016587,1.000030994,0.771724105,0.672716081
7,2,0,2.529829025,1.000000954,0.888704896,0.102805138
7,2,1,4.924829483,1.000001192,0.876742184,0.01083596
7,2,2,1.096016645,1.000004649,0.894488931,0.129210174
7,2,3,1.922207952,1.000004888,0.862561166,0.138583958
7,2,4,1.700802326,1.000000119,0.870425999,0.086290568
7,2,5,1.823567748,1.000004172,0.877445936,0.141773835
7,2,6,2.74585247,1.000005245,0.821663141,0.077622078
7,2,7,2.44876194,1,0.844414711,0.031581562
7,2,8,1.877557278,1.000001907,0.897286952,0.116265804
7,2,9,1.753609419,1.000006318,0.862820685,0.128434226
7,2,10,3.093112946,1.000032187,0.495261878,0.129904956
7,2,11,3.163407326,1.000000358,0.89047426,0.113216408
7,3,0,2.945434809,1,0.99561578,0.076936036
7,3,1,1.871157408,1,0.995352685,0.059813466
7,3,2,1.42027092,1.000000358,0.990900636,0.116136752
7,3,3,0.883751392,1,0.995336294,0.058963846
7,3,4,3.84093976,1,0.995782137,0.009471565
7,3,5,2.702997208,1,0.996302664,0.037307382
7,3,6,1.699855566,1.000000358,0.989724219,0.157127857
7,3,7,1.425603867,1.000000119,0.993611157,0.11186444
7,3,8,1.540081859,1.000000238,0.99240154,0.117986098
7,3,9,1.522911549,1,0.996039808,0.070127644
7,3,10,1.766589999,1,0.995529592,0.158655256
7,3,11,1.776340127,1,0.995487392,0.103035122
7,4,0,1.183115363,1,0.916297197,0.052581787
7,4,1,1.558592319,1,0.917148173,0.063886829
7,4,2,2.243166447,1,0.914906323,0.015830578
7,4,3,1.608474255,1.000000119,0.917628527,0.0731268
7,4,4,3.039271832,1,0.915995061,0.043801621
7,4,5,1.477965593,1,0.915914714,0.062009797
7,4,6,2.051877022,1,0.916638196,0.04238674
7,4,7,1.863434315,1.000000477,0.919630229,0.474381089
7,4,8,3.71527648,1,0.918111563,0.017480884
7,4,9,1.780242085,1,0.916060627,0.036668833
7,4,10,3.44265461,1,0.916055679,0.013659543
7,4,11,0.009834169,1.000032902,0.127219766,0.003495201
7,5,0,2.526778221,1,0.998300612,0.014076151
7,5,1,0.339853615,1,0.997928202,0.004732289
7,5,2,1.404415369,1,0.998308122,0.021524232
7,5,3,2.221590757,1,0.996722579,0.035413634
7,5,4,1.445474029,1,0.998280168,0.048553411
7,5,5,2.103483677,1,0.998343647,0.012027902
7,5,6,0.631667912,1,0.998092294,0.022407738
7,5,7,0.917436481,1,0.998162627,0.035172015
7,5,8,1.121256828,1,0.998252511,0.027971506
7,5,9,3.094164848,1,0.998550355,0.007301336
7,5,10,3.691195965,1.000000238,0.988403141,0.045067422
7,5,11,2.698466063,1,0.998447478,0.094833717
7,6,0,1.732152343,1,0.997279167,0.034517322
7,6,1,0.681186259,1,0.998485506,0.019466581
7,6,2,3.549707651,1,0.998349547,0.012702858
7,6,3,1.573594451,1,0.998816073,0.017050132
7,6,4,3.661789656,1.000000238,0.995031595,0.021833684
7,6,5,1.726270199,1,0.998898327,0.063852996
7,6,6,2.835904598,1,0.998935878,0.065837823
7,6,7,2.185955286,1,0.998641431,0.045866337
7,6,8,1.159083843,1,0.998722017,0.026184535
7,6,9,0.836103737,1,0.998491466,0.006588633
7,6,10,3.692357302,1,0.998372257,0.011335228
7,6,11,1.456791639,1,0.998645961,0.043150552
7,7,0,1.065080285,1,0.99921459,0.026947513
7,7,1,2.887983799,1,0.998990119,0.01310371
7,7,2,1.019094706,1,0.999367714,0.004791149
7,7,3,1.438950777,1,0.999506712,0.043573447
7,7,4,0.924144983,1,0.999404907,0.016643023
7,7,5,2.492442846,1,0.998459101,0.023902025
7,7,6,3.393918276,1,0.999329507,0.011633087
7,7,7,2.601360798,1,0.999129832,0.012401547
7,7,8,1.206313491,1,0.999324203,0.034975298
7,7,9,1.266743898,1,0.999419034,0.028145114
7,7,10,1.110026479,1,0.99938482,0.005552399
7,7,11,2.567315817,1,0.999393225,0.007430526
7,8,0,3.343120098,1,0.998667121,0.019763919
7,8,1,1.714311481,1,0.998885214,0.010324372
7,8,2,3.95663023,1,0.994885266,0.010298394
7,8,3,1.873742461,1,0.998999655,0.019816445
7,8,4,1.090730906,1,0.998867631,0.042731192
7,8,5,1.824372292,1,0.998666763,0.039775781
7,8,6,2.590161085,1,0.99876368,0.020799058
7,8,7,1.218295217,1,0.998594224,0.056641746
7,8,8,2.191509724,1,0.998536646,0.033715244
7,8,9,2.144500256,1,0.999033153,0.03100023
7,8,10,2.193882227,1,0.999119222,0.064990908
7,8,11,1.962689996,1,0.998751104,0.019503225
7,9,0,2.506654263,1,0.996922672,0.043071434
7,9,1,2.145250082,1,0.998346388,0.012644671
7,9,2,2.437389851,1,0.998377025,0.017273651
7,9,3,1.574882388,1,0.998323798,0.04660064
7,9,4,1.851398706,1,0.998742521,0.012189674
7,9,5,2.113293886,1,0.998820722,0.030657889
7,9,6,1.689417481,1,0.998767853,0.005718249
7,9,7,1.698825479,1,0.998719394,0.01862636
7,9,8,2.565164089,1.000000119,0.995489836,0.010954145
7,9,9,1.627589345,1,0.998781145,0.007164025
7,9,10,1.007172227,1,0.998628795,0.035384931
7,9,11,2.865758419,1,0.995916188,0.005632056
7,10,0,2.574396849,1,0.997338712,0.014622997
7,10,1,2.035051584,1,0.99780184,0.010598187
7,10,2,2.380872726,1,0.9971596,0.009725322
7,10,3,3.037302017,1,0.994948983,0.011848764
7,10,4,3.057839394,1,0.997156322,0.021671521
7,10,5,0.960155308,1,0.998085618,0.027003244
7,10,6,2.132266521,1,0.998002052,0.010893861
7,10,7,2.706093788,1,0.998394549,0.029637329
7,10,8,2.606893301,1,0.998102546,0.012219545
7,10,9,1.315785766,1,0.998210967,0.063479714
7,10,10,2.140229464,1,0.998091757,0.009638366
7,10,11,2.16844368,1,0.998237669,0.038889658
7,11,0,4.6887784,1.000000596,0.910477817,0.025558975
7,11,1,2.606923103,1,0.91095835,0.015594971
7,11,2,2.629479647,1,0.910311937,0.00796807
7,11,3,2.091456652,1,0.91070044,0.02807159
7,11,4,3.90912056,1.000000119,0.914070308,0.014887356
7,11,5,2.293775082,1,0.909593999,0.010628145
7,11,6,2.193586111,1,0.909856558,0.006528934
7,11,7,2.442302942,1,0.910830557,0.016175393
7,11,8,3.860255957,1.000025511,0.08138115,0.101052843
7,11,9,2.152694225,1,0.909894764,0.007477627
7,11,10,2.615658998,1,0.91310221,0.04486493
7,11,11,2.624835968,1,0.912982166,0.039832927
8,0,0,4.467877388,1.000019193,0.816007435,0.019896094
8,0,1,0.420378566,1.000031829,0.821099222,0.872072399
8,0,2,4.685005665,1.000014544,0.807238221,0.037949361
8,0,3,0.430855304,1.00003159,0.805031598,0.837617397
8,0,4,1.147255898,1.000029564,0.799117267,0.59526515
8,0,5,1.312706947,1.000025868,0.785070837,0.678994298
8,0,6,4.373975754,1.000022411,0.756839991,0.030353773
8,0,7,1.853603721,1.00002861,0.759542525,0.159297422
8,0,8,4.255509377,1.00002563,0.816265464,0.0614601
8,0,9,4.662532806,1.000019073,0.85760957,0.020692306
8,0,10,4.259769917,1.00002718,0.88727206,0.156743467
8,0,11,5.467591763,1.000015974,0.733469188,0.007395851
8,1,0,2.368869543,1.000028849,0.708764434,0.102493785
8,1,1,2.742229939,1.000023246,0.708847284,0.095389612
8,1,2,4.765781879,1.000016451,0.695923388,0.025480304
8,1,3,4.328597069,1.000001431,0.697252035,0.035054427
8,1,4,3.755217552,1.000011563,0.820812583,0.069008902
8,1,5,4.6150527,1.000012398,0.838493347,0.07921093
8,1,6,4.483215809,1.000009418,0.817350328,0.037731919
8,1,7,4.947432518,1.000012755,0.834019303,0.017814972
8,1,8,5.364944458,1.000004888,0.806231081,0.009455362
8,1,9,5.45132494,1.000007868,0.782262444,0.006925247
8,1,10,4.478983402,1.000014663,0.615323603,0.040129185
8,1,11,1.734532356,1.000028849,0.770848453,0.672324777
8,2,0,2.556085587,1.000000954,0.888889313,0.097940199
8,2,1,4.751148701,1.000000834,0.878067195,0.011247845
8,2,2,1.09792459,1.000003695,0.893961847,0.125132099
8,2,3,1.906933904,1.000005126,0.856596172,0.137550682
8,2,4,1.735929728,1.000000119,0.870541215,0.087406717
8,2,5,1.845361233,1.000004411,0.876667559,0.138801396
8,2,6,2.768101931,1.00000453,0.827258885,0.078729294
8,2,7,2.564110994,1,0.845790088,0.032296635
8,2,8,1.89325583,1.000001788,0.897593558,0.113385081
8,2,9,1.742544532,1.000004411,0.858627856,0.126799628
8,2,10,3.111954451,1.000030518,0.485631943,0.12765567
8,2,11,3.1325109,1.000000358,0.888176322,0.109308854
8,3,0,2.838278532,1,0.995074093,0.072585426
8,3,1,1.875451326,1.000000119,0.994750798,0.064299189
8,3,2,1.416023135,1.000000358,0.988969088,0.119459338
8,3,3,0.895649195,1,0.994915903,0.059357602
8,3,4,3.621967793,1,0.995334625,0.008686008
8,3,5,2.675252914,1,0.995972216,0.036984768
8,3,6,1.692812324,1.000000358,0.989370346,0.158811152
8,3,7,1.420295715,1.000000119,0.992734373,0.110875592
8,3,8,1.529840589,1.000000238,0.9921121,0.118998662
8,3,9,1.565640569,1,0.995735347,0.074267961
8,3,10,1.777753949,1,0.995185256,0.157715455
8,3,11,1.764835715,1.000000238,0.994761229,0.102039061
8,4,0,1.193228602,1.000000119,0.915967047,0.056191515
8,4,1,1.557385206,1,0.917133272,0.06495066
8,4,2,2.127046347,1,0.914353192,0.01520287
8,4,3,1.573771119,1.000000119,0.91721499,0.071846813
8,4,4,3.041537523,1,0.916028202,0.040625036
8,4,5,1.484041929,1,0.915844977,0.069384292
8,4,6,2.024935246,1,0.916403711,0.041741643
8,4,7,1.849329233,1.000000596,0.918409169,0.483910084
8,4,8,3.648313046,1,0.918022931,0.016465794
8,4,9,1.805910587,1,0.916391015,0.038170725
8,4,10,3.288846731,1,0.915722787,0.013266442
8,4,11,0.010055049,1.00003016,0.134178117,0.00424297
8,5,0,2.290982962,1,0.998078942,0.013234402
8,5,1,0.255280197,1,0.997564137,0.00435007
8,5,2,1.398745298,1,0.997993112,0.021433562
8,5,3,2.232799053,1,0.995829403,0.035770297
8,5,4,1.506083965,1,0.997870088,0.054421522
8,5,5,1.999832988,1,0.998073936,0.01217769
8,5,6,0.647794127,1,0.997787833,0.024009472
8,5,7,0.996388674,1,0.997882903,0.040395375
8,5,8,1.102310777,1,0.997954905,0.027763586
8,5,9,2.925899982,1,0.998282969,0.006689899
8,5,10,3.64158392,1.000000238,0.98630923,0.044102848
8,5,11,2.612232924,1,0.998148382,0.101775341
8,6,0,1.762448549,1,0.996753097,0.035509896
8,6,1,0.704412878,1,0.998604059,0.020589905
8,6,2,3.405982256,1,0.998446465,0.013269546
8,6,3,1.508304477,1,0.998899102,0.016503291
8,6,4,3.448536873,1,0.99652791,0.023521518
8,6,5,1.676702976,1,0.998974204,0.062168416
8,6,6,2.671195745,1,0.999003589,0.066012241
8,6,7,2.170809746,1,0.99861449,0.047936838
8,6,8,1.179076314,1,0.998849332,0.027239023
8,6,9,0.653340518,1,0.998516262,0.004940233
8,6,10,3.455134869,1,0.998701811,0.010911147
8,6,11,1.519401312,1,0.998663664,0.04795476
8,7,0,1.068614006,1,0.999201834,0.028190324
8,7,1,2.581707954,1,0.999346793,0.015491445
8,7,2,0.615707815,1,0.999379516,0.003544898
8,7,3,1.507190704,1,0.99959749,0.045740657
8,7,4,0.97049588,1,0.99950701,0.015519958
8,7,5,2.557212353,1,0.998584151,0.025879474
8,7,6,3.053167105,1,0.999481797,0.01085853
8,7,7,2.284171104,1,0.99944669,0.013369104
8,7,8,1.245357037,1,0.999310315,0.03662296
8,7,9,1.381698847,1,0.999507129,0.028608315
8,7,10,0.73843044,1,0.999404192,0.00469267
8,7,11,2.444990873,1,0.999415755,0.007470015
8,8,0,3.242356539,1,0.99836427,0.021901587
8,8,1,1.22279346,1,0.998317778,0.009365318
8,8,2,4.129715443,1.000000119,0.990785956,0.011930214
8,8,3,1.81590724,1,0.998539686,0.019358464
8,8,4,1.129230618,1,0.998447955,0.044687323
8,8,5,1.843305945,1,0.998137653,0.037908979
8,8,6,2.284235001,1,0.998509407,0.019775622
8,8,7,1.22060287,1,0.997894108,0.054880161
8,8,8,2.229623079,1,0.997918308,0.032479543
8,8,9,2.008327007,1,0.99857235,0.02870965
8,8,10,2.100469112,1,0.998693407,0.061631344
8,8,11,1.693998337,1,0.998450637,0.01781613
8,9,0,2.244212151,1,0.997634888,0.039620135
8,9,1,2.013553858,1,0.998864353,0.01018875
8,9,2,2.511417389,1,0.998340547,0.020366451
8,9,3,1.652461171,1,0.998291433,0.04801685
8,9,4,1.835154295,1,0.998953998,0.014101138
8,9,5,2.159636497,1,0.999137521,0.029674267
8,9,6,1.453595757,1,0.999051332,0.005776405
8,9,7,1.851898551,1,0.999004185,0.020359648
8,9,8,2.058249712,1,0.998794556,0.009623938
8,9,9,1.19518435,1,0.998999536,0.005450926
8,9,10,1.139015198,1,0.998919845,0.038875628
8,9,11,2.713401079,1,0.996336699,0.005434579
8,10,0,2.417209387,1,0.996706784,0.014365319
8,10,1,1.670458436,1,0.998085618,0.009339985
8,10,2,2.130316019,1,0.99573046,0.007765392
8,10,3,2.772799253,1.000000119,0.993260622,0.01051896
8,10,4,3.048588037,1,0.997134984,0.019946985
8,10,5,1.024139047,1,0.997952044,0.027430139
8,10,6,1.604007006,1,0.997995913,0.008057292
8,10,7,2.508306265,1,0.998268664,0.030312605
8,10,8,2.247186899,1,0.998091638,0.010149494
8,10,9,1.406082273,1,0.997972548,0.067406423
8,10,10,1.660829663,1,0.998227537,0.008426421
8,10,11,2.020252466,1,0.99794805,0.04148965
8,11,0,4.625936985,1.000000715,0.905237794,0.024714369
8,11,1,2.774968386,1,0.910588026,0.01761901
8,11,2,2.23486352,1.000000119,0.907646716,0.008554617
8,11,3,2.104485989,1,0.910121381,0.027943797
8,11,4,3.670411348,1.000000119,0.913210809,0.016030094
8,11,5,2.09009099,1,0.909320593,0.01107679
8,11,6,1.781905532,1,0.908534944,0.006424708
8,11,7,2.397219419,1,0.910134673,0.018812988
8,11,8,3.804526567,1.000022888,0.084286571,0.090592213
8,11,9,1.679667354,1,0.908396482,0.006458017
8,11,10,2.54154253,1,0.912466466,0.047110658
8,11,11,2.681293488,1,0.912719727,0.041375674
9,0,0,4.498408318,1.000019431,0.823569357,0.019502154
9,0,1,0.402173609,1.000033617,0.81917268,0.877942979
9,0,2,4.70250845,1.000015497,0.809514046,0.035545226
9,0,3,0.394509554,1.000031829,0.801723063,0.842231095
9,0,4,1.10626471,1.000029564,0.797615767,0.604487538
9,0,5,1.233955741,1.00002861,0.791570306,0.684519351
9,0,6,4.39488554,1.000022769,0.76014483,0.03009985
9,0,7,1.836997271,1.000029087,0.758542418,0.153299734
9,0,8,4.289550781,1.00002563,0.827666044,0.059843373
9,0,9,4.674680233,1.000019193,0.857508659,0.019464713
9,0,10,4.259916306,1.000026107,0.886365652,0.16360797
9,0,11,5.495771408,1.000015259,0.733632326,0.007136845
9,1,0,2.316465378,1.000029445,0.712593496,0.099123664
9,1,1,2.712150574,1.000023365,0.693889201,0.0935582
9,1,2,4.772975445,1.00001514,0.707345366,0.025207341
9,1,3,4.350114346,1.00000155,0.701907158,0.035206754
9,1,4,3.749742985,1.000012398,0.823369265,0.069515526
9,1,5,4.602416039,1.000011563,0.837654829,0.082608424
9,1,6,4.401038647,1.000011325,0.820611775,0.040342405
9,1,7,4.957756519,1.00001514,0.839068472,0.017509039
9,1,8,5.384024143,1.000005603,0.807019293,0.009345179
9,1,9,5.48248148,1.000007033,0.7841869,0.006459795
9,1,10,4.494234562,1.000014544,0.620081365,0.04019725
9,1,11,1.64844346,1.000029922,0.774646342,0.693983018
9,2,0,2.517260075,1.000000834,0.888183355,0.09925513
9,2,1,4.863740921,1.000001073,0.879088223,0.011730763
9,2,2,1.062705994,1.000003576,0.894656122,0.12134999
9,2,3,1.925536513,1.000005126,0.871434569,0.135132834
9,2,4,1.659423828,1.000000119,0.870028913,0.081897378
9,2,5,1.804658055,1.000004411,0.88018775,0.137937784
9,2,6,2.71058321,1.000005841,0.813853979,0.077926762
9,2,7,2.522943258,1,0.844875336,0.03184526
9,2,8,1.851112485,1.000001907,0.899321139,0.116917603
9,2,9,1.756876826,1.000004768,0.864821613,0.126126185
9,2,10,3.094550848,1.000030756,0.483878642,0.129881293
9,2,11,3.139382839,1.000000358,0.888806403,0.111563414
9,3,0,2.826206207,1,0.995075822,0.071151637
9,3,1,1.875426292,1.000000119,0.994878829,0.060067877
9,3,2,1.414171576,1.000000358,0.990900218,0.121032514
9,3,3,0.877140939,1,0.994853079,0.060814459
9,3,4,3.698170185,1,0.995368719,0.007841231
9,3,5,2.692064047,1,0.996022761,0.038917691
9,3,6,1.668577671,1.000000477,0.988012373,0.153420806
9,3,7,1.412432551,1.000000358,0.993428826,0.115616642
9,3,8,1.502532601,1.000000358,0.990987241,0.118008666
9,3,9,1.499237537,1,0.995631278,0.074681513
9,3,10,1.754288673,1,0.995125055,0.161110863
9,3,11,1.768286586,1,0.994751573,0.097245686
9,4,0,1.143180966,1,0.916619718,0.059916247
9,4,1,1.519803047,1,0.917231202,0.063796595
9,4,2,2.207347155,1,0.91492039,0.016275287
9,4,3,1.5210675,1,0.917202592,0.071432218
9,4,4,2.866672039,1,0.915683985,0.043102819
9,4,5,1.438803077,1,0.91576457,0.064333282
9,4,6,1.986848116,1,0.916466475,0.03885432
9,4,7,1.826143742,1.000000596,0.91870445,0.480550736
9,4,8,3.618621111,1,0.918012381,0.016126471
9,4,9,1.726809144,1,0.916215897,0.037375864
9,4,10,3.227159023,1,0.915629148,0.012693379
9,4,11,0.010825972,1.00003159,0.128904685,0.003263052
9,5,0,2.36261034,1,0.99816221,0.013980105
9,5,1,0.313351095,1,0.997788668,0.004780464
9,5,2,1.313493133,1,0.998138011,0.021955861
9,5,3,2.201505184,1.000000119,0.996291399,0.034615111
9,5,4,1.433103442,1,0.998051703,0.053435419
9,5,5,1.958982587,1,0.998201907,0.01206529
9,5,6,0.624514103,1,0.997960329,0.023772962
9,5,7,0.892329335,1,0.998034656,0.042543076
9,5,8,1.124473929,1,0.998123705,0.030585857
9,5,9,2.927688837,1,0.998373389,0.006868856
9,5,10,3.529176235,1.000000358,0.986855567,0.051555313
9,5,11,2.545229673,1,0.998290777,0.094374783
9,6,0,1.703026772,1,0.997396111,0.037891492
9,6,1,0.588498175,1,0.99828279,0.017943386
9,6,2,3.538679361,1,0.998266757,0.01271805
9,6,3,1.559040546,1,0.99868989,0.017841632
9,6,4,3.665819645,1.000000119,0.993589222,0.024304286
9,6,5,1.709587455,1,0.99876976,0.064317986
9,6,6,2.68342042,1,0.998800874,0.064089507
9,6,7,2.16137886,1,0.998589754,0.045915529
9,6,8,1.15509057,1,0.998598456,0.027367791
9,6,9,0.71109426,1,0.998287737,0.004693129
9,6,10,3.624286652,1,0.998142779,0.011043034
9,6,11,1.424194574,1,0.998475313,0.048616938
9,7,0,1.005275369,1,0.999242842,0.026631903
9,7,1,2.725179911,1,0.998935699,0.016741846
9,7,2,0.797195196,1,0.99938184,0.003940191
9,7,3,1.474120259,1,0.999553859,0.046409968
9,7,4,0.887815416,1,0.999459445,0.015474834
9,7,5,2.443116426,1,0.998884261,0.026265003
9,7,6,3.291662693,1,0.99927485,0.011177244
9,7,7,2.389516354,1,0.999322832,0.012698552
9,7,8,1.172017694,1,0.999376297,0.037788842
9,7,9,1.33595252,1,0.999454498,0.030160276
9,7,10,0.836254835,1,0.999366224,0.004686753
9,7,11,2.53759408,1,0.999402404,0.00692653
9,8,0,3.302612066,1,0.998657465,0.020926312
9,8,1,1.352794886,1,0.998680472,0.009306174
9,8,2,4.003409863,1.000000119,0.993499398,0.010576712
9,8,3,1.827298403,1,0.998883009,0.018980097
9,8,4,1.0327667,1,0.998746932,0.047790635
9,8,5,1.80920732,1,0.998319983,0.03911553
9,8,6,2.359536171,1,0.998817861,0.018398149
9,8,7,1.102454662,1,0.99844557,0.058060206
9,8,8,2.230463982,1,0.998649776,0.032329556
9,8,9,2.102931023,1,0.998920381,0.029588422
9,8,10,2.108602285,1,0.999005497,0.06124267
9,8,11,1.893035412,1,0.998785019,0.019230509
9,9,0,2.262658358,1,0.997931719,0.043929461
9,9,1,1.960196972,1,0.998636961,0.010742506
9,9,2,2.414780855,1,0.99811691,0.019968046
9,9,3,1.58686161,1,0.998270094,0.04741491
9,9,4,1.686601281,1,0.998780787,0.013139052
9,9,5,2.044417858,1,0.998904467,0.033266988
9,9,6,1.479762197,1,0.998795867,0.005435287
9,9,7,1.816668987,1,0.99879992,0.020816121
9,9,8,2.238503218,1,0.998470247,0.00987206
9,9,9,1.289697766,1,0.998773634,0.005657393
9,9,10,1.009413362,1,0.99872154,0.040046897
9,9,11,2.906687021,1,0.993329108,0.005030805
9,10,0,2.476654053,1.000000119,0.99617672,0.013332648
9,10,1,1.860619426,1,0.997609198,0.009322871
9,10,2,2.275188923,1,0.994931042,0.007918279
9,10,3,2.938149452,1.000000238,0.990590692,0.011505772
9,10,4,3.097054005,1.000000119,0.996619403,0.02097431
9,10,5,1.000590086,1,0.997426927,0.027891034
9,10,6,1.940214396,1,0.997033715,0.010294416
9,10,7,2.472882986,1,0.997891843,0.025315186
9,10,8,2.486089468,1,0.997589529,0.010866647
9,10,9,1.402667642,1,0.997537434,0.069648318
9,10,10,1.819634318,1,0.997718036,0.007408382
9,10,11,2.158052444,1,0.997644961,0.046925258
9,11,0,4.644678593,1.000000596,0.906423748,0.024856886
9,11,1,2.583064795,1,0.910440624,0.014383323
9,11,2,2.279984236,1.000000119,0.904661894,0.006759919
9,11,3,2.348512411,1,0.910878003,0.032117903
9,11,4,3.790246725,1.000000119,0.913193345,0.015576825
9,11,5,2.164504528,1,0.909494221,0.010395778
9,11,6,1.950166702,1,0.908998251,0.006262139
9,11,7,2.288963318,1,0.909793794,0.015802693
9,11,8,3.886593103,1.000023723,0.082615621,0.094425201
9,11,9,1.966124535,1,0.909006834,0.006865405
9,11,10,2.303918123,1,0.911175013,0.042238329
9,11,11,2.63807559,1,0.912351608,0.041220706
10,0,0,4.296552181,1.000013709,0.784913421,0.021532746
10,0,1,0.492872834,1.00002563,0.789601088,0.83565098
10,0,2,4.511103153,1.000009418,0.77653861,0.040204629
10,0,3,0.435434878,1.000024915,0.773244798,0.824132562
10,0,4,1.189920187,1.000023484,0.771807075,0.570771575
10,0,5,1.343204856,1.000020862,0.760179877,0.63128823
10,0,6,4.173895359,1.000017643,0.73084265,0.033081327
10,0,7,1.889190316,1.000022888,0.745665133,0.161917493
10,0,8,4.147747517,1.000020385,0.805145681,0.064058855
10,0,9,4.557635784,1.000013351,0.834907711,0.02300242
10,0,10,4.137134075,1.000020742,0.87249893,0.158535078
10,0,11,5.123420715,1.000012636,0.73219943,0.009605795
10,1,0,2.340188265,1.000022173,0.710507035,0.102994792
10,1,1,2.714914083,1.000018358,0.709931433,0.100016944
10,1,2,4.547018051,1.000014663,0.611868143,0.032017473
10,1,3,4.006875038,1.000000596,0.679219782,0.040082812
10,1,4,3.715722322,1.000006795,0.804060936,0.070527636
10,1,5,4.31485033,1.000010371,0.82355231,0.090570644
10,1,6,4.215102673,1.000006795,0.801024675,0.036605824
10,1,7,4.719972134,1.000009894,0.814538598,0.020103317
10,1,8,5.062936306,1.000003576,0.79659915,0.011778854
10,1,9,5.066354752,1.000004053,0.766472757,0.008736986
10,1,10,4.33340168,1.00001049,0.566498995,0.041132104
10,1,11,1.778508902,1.000022292,0.750232697,0.635743797
10,2,0,2.456708908,1.000001431,0.876305044,0.102627173
10,2,1,4.27539444,1.000000834,0.854309261,0.013794612
10,2,2,1.093947291,1.000007749,0.85866636,0.123619206
10,2,3,1.914198279,1.000005722,0.842541277,0.132488385
10,2,4,1.640533447,1.000000238,0.856545269,0.082828403
10,2,5,1.797828794,1.000004292,0.862850368,0.1404576
10,2,6,2.772381544,1.000004411,0.807471037,0.082231104
10,2,7,2.944256783,1,0.834402084,0.036117088
10,2,8,1.874708652,1.000002623,0.888786733,0.113240242
10,2,9,1.754516363,1.000005484,0.845444262,0.127827987
10,2,10,3.095231295,1.000024319,0.528546393,0.127820432
10,2,11,2.847798347,1.000000238,0.861328721,0.107236527
10,3,0,2.62172842,1,0.991327822,0.089970239
10,3,1,1.909762144,1.000000119,0.991223335,0.06931521
10,3,2,1.417554379,1.000000596,0.979901493,0.117718294
10,3,3,0.970571697,1,0.991036952,0.064746723
10,3,4,3.540390015,1,0.991749227,0.012014471
10,3,5,2.743411303,1,0.992935896,0.037972502
10,3,6,1.712792516,1.000000596,0.98135221,0.16662617
10,3,7,1.43372643,1.000000358,0.985586226,0.121650465
10,3,8,1.532115221,1.000000358,0.984810889,0.128414482
10,3,9,1.566955686,1,0.992107749,0.077619255
10,3,10,1.784319162,1,0.991356492,0.162850142
10,3,11,1.768108368,1.000000119,0.991551995,0.104916953
10,4,0,1.243732929,1,0.916859269,0.063922107
10,4,1,1.559956193,1.000000119,0.918601751,0.066806763
10,4,2,2.19726491,1,0.915165126,0.017412299
10,4,3,1.598967671,1,0.918164194,0.078722931
10,4,4,2.932861567,1,0.916993499,0.043030079
10,4,5,1.462252855,1,0.916598141,0.06703569
10,4,6,2.071549892,1,0.918110847,0.048698232
10,4,7,1.798698068,1.000000477,0.91858232,0.487898588
10,4,8,3.47865057,1,0.919217646,0.019413671
10,4,9,1.828728795,1,0.917293787,0.037698444
10,4,10,3.035346508,1,0.916244447,0.014088244
10,4,11,0.012094854,1.000023484,0.159490481,0.005138413
10,5,0,1.926131487,1,0.996920764,0.015304015
10,5,1,0.242196038,1,0.996298432,0.005471931
10,5,2,1.451348662,1,0.996881425,0.021699777
10,5,3,2.295473099,1,0.993267834,0.036478199
10,5,4,1.49875474,1,0.996787071,0.05391993
10,5,5,1.901513457,1,0.996977568,0.015987687
10,5,6,0.661183,1,0.996658325,0.024975037
10,5,7,0.935712814,1,0.996752203,0.039829388
10,5,8,1.141685247,1,0.996871948,0.029114181
10,5,9,2.820430756,1,0.997308016,0.008719558
10,5,10,3.499688625,1.000000477,0.978558958,0.047046628
10,5,11,2.427527428,1,0.997190416,0.108781993
10,6,0,1.784172177,1,0.996053278,0.039348524
10,6,1,0.745862484,1,0.998006046,0.020847976
10,6,2,3.254807472,1,0.997995555,0.013423414
10,6,3,1.721669316,1,0.998506486,0.018840242
10,6,4,3.370455265,1.000000119,0.994353831,0.021730145
10,6,5,1.677170277,1,0.998527467,0.063076794
10,6,6,2.604791641,1,0.99855268,0.077457614
10,6,7,2.280202627,1,0.998005688,0.044492111
10,6,8,1.236260891,1,0.998334885,0.027681226
10,6,9,0.710593939,1,0.997867405,0.007976399
10,6,10,2.963223696,1,0.998415351,0.012585558
10,6,11,1.604937315,1,0.997789383,0.05038245
10,7,0,1.022333741,1,0.998682976,0.026680524
10,7,1,2.622704268,1,0.998027384,0.01912486
10,7,2,0.464443088,1,0.9989326,0.005054222
10,7,3,1.582720518,1,0.999292135,0.043010298
10,7,4,1.007336974,1,0.999186933,0.017446607
10,7,5,2.576624632,1,0.997814715,0.023472404
10,7,6,2.888873816,1,0.999201536,0.01290388
10,7,7,1.851349831,1,0.99916327,0.015190362
10,7,8,1.335399032,1,0.998926878,0.038294744
10,7,9,1.504587531,1,0.999036074,0.03132293
10,7,10,0.904854238,1,0.999073267,0.008684908
10,7,11,1.906781197,1,0.999184608,0.008037824
10,8,0,3.001558542,1,0.998073339,0.023180632
10,8,1,1.162838459,1,0.997868299,0.012593265
10,8,2,3.867980719,1.000000238,0.989738703,0.014183873
10,8,3,2.2476089,1,0.99813956,0.02247382
10,8,4,1.135472655,1,0.997987151,0.047167491
10,8,5,1.888184786,1,0.997668505,0.039262824
10,8,6,2.082772493,1,0.998226166,0.02061058
10,8,7,1.193497896,1,0.997441113,0.054912604
10,8,8,2.396917343,1,0.997412264,0.030783311
10,8,9,2.08706665,1,0.998216033,0.029491952
10,8,10,2.2143085,1,0.998453915,0.062783502
10,8,11,1.761068225,1,0.99803406,0.015553176
10,9,0,2.25406599,1.000000119,0.996822178,0.04244291
10,9,1,2.00997448,1,0.998203456,0.014540954
10,9,2,2.43563652,1,0.998033941,0.019176554
10,9,3,1.613216519,1,0.997725248,0.045605622
10,9,4,1.931645155,1,0.998763025,0.015235188
10,9,5,2.131625891,1,0.998777926,0.029738614
10,9,6,1.695010066,1,0.998706996,0.00795094
10,9,7,1.900972724,1,0.998533487,0.018932566
10,9,8,2.125574589,1,0.998462677,0.008827078
10,9,9,1.731271744,1,0.998567343,0.008836978
10,9,10,1.136642694,1,0.99843806,0.039032467
10,9,11,2.543433428,1,0.995702505,0.006853778
10,10,0,2.503593206,1.000000119,0.994455099,0.013952854
10,10,1,1.968737602,1,0.996196032,0.013369842
10,10,2,2.386466026,1,0.993719637,0.010575256
10,10,3,2.969770908,1.000000238,0.991155267,0.014181009
10,10,4,3.068413496,1.000000119,0.993027747,0.022184258
10,10,5,1.038583159,1,0.996064961,0.029199684
10,10,6,1.781156301,1,0.996347785,0.009806517
10,10,7,2.682582378,1,0.996798456,0.028215308
10,10,8,2.162287474,1,0.996247351,0.013043893
10,10,9,1.415182233,1,0.996417582,0.070583671
10,10,10,1.991752863,1,0.996480882,0.00925726
10,10,11,1.959166765,1,0.9966501,0.047493219
10,11,0,4.452580452,1.000001311,0.891038835,0.027196519
10,11,1,2.8393085,1,0.909413099,0.018400505
10,11,2,2.47814846,1.000000119,0.904268086,0.009671131
10,11,3,2.140735865,1,0.907747447,0.02911327
10,11,4,3.557418346,1.000000119,0.911296129,0.017005129
10,11,5,2.248847246,1,0.907357574,0.014986994
10,11,6,2.132852316,1,0.906287551,0.008023803
10,11,7,2.47914505,1,0.908274651,0.020411193
10,11,8,3.586794138,1.000017762,0.108920597,0.101850592
10,11,9,1.912814379,1,0.90626806,0.008801716
10,11,10,2.675089121,1,0.911363423,0.044129353
10,11,11,2.753099918,1.000000119,0.912225723,0.045903087
11,0,0,4.497791767,1.000017762,0.826401651,0.019986674
11,0,1,0.417268991,1.000031829,0.81910044,0.87335223
11,0,2,4.657586575,1.00001502,0.815734446,0.039637312
11,0,3,0.417787015,1.000030756,0.800697148,0.833772004
11,0,4,1.139647245,1.000028014,0.797156513,0.595712304
11,0,5,1.28180027,1.000027061,0.796363771,0.685558975
11,0,6,4.356083393,1.000021935,0.757482529,0.030655991
11,0,7,1.811505437,1.000028253,0.762906134,0.156003118
11,0,8,4.269750118,1.00002408,0.8252514,0.059286021
11,0,9,4.657365322,1.000019431,0.860629082,0.020097142
11,0,10,4.240232468,1.000025868,0.88908422,0.161667973
11,0,11,5.425853729,1.000014305,0.735157371,0.007600267
11,1,0,2.319660187,1.000028491,0.70880127,0.101696439
11,1,1,2.736188173,1.000022411,0.696656406,0.095917791
11,1,2,4.748580933,1.000017285,0.678780794,0.026279807
11,1,3,4.296352863,1.000001192,0.689534128,0.035054386
11,1,4,3.746599674,1.000011444,0.817423403,0.069739513
11,1,5,4.621330261,1.000011921,0.836710989,0.078117363
11,1,6,4.463105202,1.000010729,0.82327646,0.040165052
11,1,7,4.929804802,1.000013351,0.835902631,0.018172313
11,1,8,5.333519459,1.000004172,0.799597323,0.009474267
11,1,9,5.419182777,1.000007153,0.781687379,0.006855398
11,1,10,4.447474957,1.000013947,0.605871439,0.040597573
11,1,11,1.680380821,1.000027537,0.769361258,0.681726694
11,2,0,2.499531031,1.000001073,0.890687346,0.097856052
11,2,1,4.752390385,1.000000715,0.883116126,0.011239896
11,2,2,1.072822809,1.000003099,0.895876169,0.120493859
11,2,3,1.922015071,1.000004292,0.870800555,0.134180903
11,2,4,1.654429436,1.000000119,0.875608861,0.084618263
11,2,5,1.824654937,1.000003338,0.88719219,0.139857456
11,2,6,2.704929113,1.000004649,0.817258835,0.078280315
11,2,7,2.612171412,1,0.851746798,0.032638192
11,2,8,1.886803865,1.000001669,0.900751054,0.116688482
11,2,9,1.731369138,1.000004888,0.862760723,0.123332419
11,2,10,3.106441259,1.000029922,0.476256251,0.128752917
11,2,11,3.104633808,1.000000238,0.890111983,0.108821392
11,3,0,2.703253508,1,0.994928122,0.068635024
11,3,1,1.832137108,1,0.994744718,0.063530356
11,3,2,1.405328631,1.000000238,0.988998652,0.119495556
11,3,3,0.90207839,1,0.994887531,0.059166156
11,3,4,3.526594877,1,0.995222986,0.008494858
11,3,5,2.602096796,1,0.995797575,0.035762407
11,3,6,1.67701292,1.000000358,0.988022864,0.156300753
11,3,7,1.391898036,1.000000119,0.992570698,0.111921407
11,3,8,1.498425841,1.000000119,0.990999401,0.11513295
11,3,9,1.518390179,1,0.995589674,0.071616277
11,3,10,1.767618895,1,0.99508673,0.159237921
11,3,11,1.772103548,1.000000119,0.994673312,0.099950947
11,4,0,1.173690796,1.000000119,0.916522801,0.06008203
11,4,1,1.534939647,1,0.917029738,0.063225269
11,4,2,2.158095837,1,0.914918363,0.015928229
11,4,3,1.540923834,1,0.91749233,0.072341427
11,4,4,2.864696503,1,0.91601789,0.041593716
11,4,5,1.442652583,1,0.916224122,0.067566119
11,4,6,2.000329494,1,0.916751623,0.040716387
11,4,7,1.833882928,1.000000477,0.918667555,0.477917194
11,4,8,3.449045658,1,0.91767031,0.014939084
11,4,9,1.745923162,1,0.916326463,0.036609624
11,4,10,3.22595191,1,0.915984571,0.013191707
11,4,11,0.011193829,1.000028849,0.132803619,0.003912408
11,5,0,2.357987404,1,0.998296022,0.013212241
11,5,1,0.251087397,1,0.997989058,0.004307701
11,5,2,1.334940672,1,0.998327792,0.021363225
11,5,3,2.171265841,1,0.996779799,0.0351329
11,5,4,1.401450634,1,0.998213172,0.050354511
11,5,5,1.76646328,1,0.998347521,0.010742927
11,5,6,0.613309681,1,0.998155594,0.021932334
11,5,7,0.862245977,1,0.998224854,0.036736388
11,5,8,1.0442909,1,0.998290002,0.027877184
11,5,9,2.706336498,1,0.998538256,0.006211621
11,5,10,3.516797066,1.000000358,0.987686872,0.044787392
11,5,11,2.507176161,1,0.998397112,0.091952428
11,6,0,1.714639068,1,0.997339845,0.036893938
11,6,1,0.598915219,1,0.998302221,0.017785771
11,6,2,3.458673477,1,0.998077989,0.01308817
11,6,3,1.47969842,1,0.998673499,0.016875155
11,6,4,3.713899612,1.000000119,0.993281603,0.024106763
11,6,5,1.665258765,1,0.998770177,0.063570157
11,6,6,2.653882742,1,0.998808861,0.061385781
11,6,7,2.07275939,1,0.998632789,0.04453478
11,6,8,1.135219932,1,0.998619497,0.026931131
11,6,9,0.613004029,1,0.998296916,0.004898178
11,6,10,3.406348705,1,0.998382628,0.01124381
11,6,11,1.415512204,1,0.99855274,0.043450762
11,7,0,1.072125316,1,0.999211371,0.028475285
11,7,1,2.506881952,1,0.99925822,0.014616167
11,7,2,0.623840213,1,0.999458909,0.003896772
11,7,3,1.419669867,1,0.999624193,0.045776874
11,7,4,0.885269284,1,0.999552727,0.014800646
11,7,5,2.465106249,1,0.998939693,0.023890935
11,7,6,2.963703156,1,0.999503076,0.010686539
11,7,7,2.268075705,1,0.999320805,0.012817913
11,7,8,1.127197862,1,0.999458492,0.034520846
11,7,9,1.267672896,1,0.999527752,0.027065719
11,7,10,0.658805788,1,0.999450147,0.0037826
11,7,11,2.237744331,1,0.999539793,0.00689252
11,8,0,3.25728941,1,0.998537958,0.020591557
11,8,1,1.18259716,1,0.998695195,0.009208268
11,8,2,3.943040371,1.000000119,0.994104028,0.011861713
11,8,3,1.579637527,1,0.998864889,0.017514477
11,8,4,1.099239826,1,0.998814821,0.046787869
11,8,5,1.794906735,1,0.9985165,0.038377322
11,8,6,2.422870636,1,0.998747647,0.019361403
11,8,7,1.199512959,1,0.998247385,0.058988497
11,8,8,2.085814476,1,0.998831511,0.031874176
11,8,9,1.88923645,1,0.998874426,0.02814853
11,8,10,2.084423065,1,0.999040961,0.063098826
11,8,11,1.806652546,1,0.998790681,0.018928073
11,9,0,2.27973485,1,0.998131216,0.040978812
11,9,1,1.784319043,1,0.998982966,0.009773839
11,9,2,2.292015314,1,0.998363256,0.017693378
11,9,3,1.609921098,1,0.998103917,0.050252754
11,9,4,1.605514407,1,0.999114096,0.013033799
11,9,5,2.043337107,1,0.999234557,0.029808754
11,9,6,1.154403925,1,0.999109983,0.005254332
11,9,7,1.678692341,1,0.999086142,0.019960843
11,9,8,2.452296495,1,0.997781575,0.010051575
11,9,9,0.981984615,1,0.99907279,0.004880346
11,9,10,1.000340462,1,0.999041915,0.036826689
11,9,11,2.556916475,1,0.997766852,0.006047838
11,10,0,2.191853523,1,0.998092413,0.014460223
11,10,1,1.420434833,1,0.998867631,0.008571515
11,10,2,1.778223991,1,0.998414218,0.007626232
11,10,3,2.787121058,1,0.99663353,0.011848604
11,10,4,2.940850019,1,0.997461915,0.020554285
11,10,5,0.953621924,1,0.998775065,0.027619131
11,10,6,1.691213727,1,0.998775303,0.008663262
11,10,7,2.454189777,1,0.998863041,0.030827552
11,10,8,2.05689311,1,0.998830378,0.011275739
11,10,9,1.371538401,1,0.998795748,0.067027181
11,10,10,1.393348575,1,0.998940289,0.006837856
11,10,11,1.820272565,1,0.998817861,0.040568672
11,11,0,4.49316597,1.000000715,0.904824674,0.029105633
11,11,1,2.373360395,1,0.910751879,0.014593594
11,11,2,1.966344953,1,0.909030139,0.007015591
11,11,3,2.292982578,1,0.911742926,0.032525063
11,11,4,3.444448233,1,0.913194299,0.015603334
11,11,5,1.846367478,1,0.909604311,0.009615563
11,11,6,1.552767277,1,0.908933043,0.005741275
11,11,7,2.103412151,1,0.91006583,0.014484634
11,11,8,3.74643302,1.000022411,0.078289799,0.094059825
11,11,9,1.557213426,1,0.909124434,0.005826202
11,11,10,2.39977932,1,0.912637651,0.046722554
11,11,11,2.40113306,1,0.9125368,0.038391359
12,0,0,4.493287086,1.000017643,0.820426226,0.019575167
12,0,1,0.399324149,1.000032663,0.817501485,0.878833413
12,0,2,4.679410934,1.000012875,0.80403161,0.03898064
12,0,3,0.414816499,1.000031352,0.80381161,0.842373788
12,0,4,1.123059988,1.000029325,0.800806224,0.597873867
12,0,5,1.287649035,1.00002718,0.788488925,0.674409032
12,0,6,4.35325098,1.000022292,0.747666299,0.02989077
12,0,7,1.835332274,1.000029206,0.764839172,0.155217856
12,0,8,4.257059097,1.000025392,0.820056915,0.06239919
12,0,9,4.657544613,1.00001967,0.858532131,0.020325355
12,0,10,4.243555069,1.000025511,0.886152804,0.16324605
12,0,11,5.47809267,1.00001502,0.735890388,0.006946311
12,1,0,2.38649559,1.00002861,0.725594521,0.102343641
12,1,1,2.729099035,1.000021815,0.702623367,0.094121084
12,1,2,4.767840862,1.00001657,0.705103934,0.025572976
12,1,3,4.325050831,1.00000155,0.696689546,0.035233553
12,1,4,3.744021416,1.000010729,0.824447453,0.069792107
12,1,5,4.598909855,1.000012755,0.840304792,0.083959483
12,1,6,4.478944302,1.000010967,0.829357684,0.040175065
12,1,7,4.961454391,1.000013709,0.83833462,0.017793912
12,1,8,5.367485046,1.000004053,0.803244948,0.009330924
12,1,9,5.468482018,1.000006795,0.786579669,0.006496753
12,1,10,4.484129429,1.000014424,0.622399926,0.040352184
12,1,11,1.692189455,1.000029445,0.770867348,0.681319356
12,2,0,2.546600103,1.000000834,0.889096618,0.099661373
12,2,1,4.866065502,1.000001073,0.877109349,0.010804977
12,2,2,1.086864233,1.000004649,0.889544666,0.126765057
12,2,3,1.93562305,1.000005007,0.865770578,0.13467212
12,2,4,1.700203896,1.000000119,0.872608006,0.084590644
12,2,5,1.824480653,1.000004172,0.880820632,0.13779369
12,2,6,2.695487261,1.000004411,0.824423552,0.076849662
12,2,7,2.539237261,1,0.846257925,0.032385491
12,2,8,1.8858459,1.000001907,0.899339259,0.116042808
12,2,9,1.758803487,1.000004292,0.864605725,0.127150759
12,2,10,3.093962193,1.00003016,0.501579046,0.12993829
12,2,11,3.133299828,1.000000358,0.889519155,0.111599542
12,3,0,2.894443274,1,0.995044947,0.071861394
12,3,1,1.869299293,1,0.99507463,0.063708961
12,3,2,1.406448603,1.000000238,0.988903761,0.116033174
12,3,3,0.890672982,1,0.994869232,0.057688601
12,3,4,3.705117226,1,0.995302618,0.009077663
12,3,5,2.683171749,1,0.995894432,0.037634902
12,3,6,1.677906394,1.000000477,0.988309503,0.160144016
12,3,7,1.425733566,1.000000238,0.993089616,0.111109622
12,3,8,1.521623254,1.000000119,0.991471469,0.11648237
12,3,9,1.514157534,1,0.995561242,0.072451875
12,3,10,1.763783455,1,0.995091677,0.160611689
12,3,11,1.749179482,1.000000119,0.994574487,0.100771382
12,4,0,1.1950804,1,0.916957796,0.060083527
12,4,1,1.531300783,1,0.917614043,0.061827421
12,4,2,2.208837271,1,0.91532439,0.01599111
12,4,3,1.541201949,1,0.9175089,0.071870252
12,4,4,2.934791327,1,0.916369677,0.040765308
12,4,5,1.47338748,1,0.916482508,0.068009287
12,4,6,2.005521536,1,0.916937411,0.04096337
12,4,7,1.837157607,1.000000358,0.920324564,0.477706432
12,4,8,3.69250989,1,0.918560088,0.015482459
12,4,9,1.784014106,1,0.916636407,0.037445072
12,4,10,3.328066587,1,0.916340828,0.012493988
12,4,11,0.010804129,1.000030398,0.132767633,0.003632597
12,5,0,2.406528234,1,0.998181403,0.012696829
12,5,1,0.283324093,1,0.997803748,0.004402487
12,5,2,1.386532664,1,0.998194337,0.021261681
12,5,3,2.216159582,1,0.99646014,0.034038503
12,5,4,1.443734884,1,0.998095512,0.05083248
12,5,5,1.951210141,1,0.99822706,0.010258462
12,5,6,0.617027879,1,0.997975707,0.021574594
12,5,7,0.947371364,1,0.998048782,0.04421553
12,5,8,1.096647501,1,0.998128533,0.026547147
12,5,9,2.921061039,1,0.998433292,0.006254837
12,5,10,3.647613764,1.000000358,0.987078488,0.04797494
12,5,11,2.650773764,1,0.99829042,0.097378612
12,6,0,1.760582924,1,0.996612191,0.036612019
12,6,1,0.64802593,1,0.998342097,0.017954418
12,6,2,3.44731617,1,0.998247147,0.012661814
12,6,3,1.481632948,1,0.998665273,0.01614343
12,6,4,3.705059767,1.000000119,0.99434191,0.024234466
12,6,5,1.65599525,1,0.998758376,0.059150517
12,6,6,2.701461315,1,0.998827517,0.063441068
12,6,7,2.148582935,1,0.998601377,0.045749117
12,6,8,1.157618403,1,0.998611689,0.026584076
12,6,9,0.64084214,1,0.998281062,0.004323991
12,6,10,3.522327662,1,0.998440981,0.011354593
12,6,11,1.456076384,1,0.998556733,0.043724164
12,7,0,1.05711019,1,0.999220788,0.02761576
12,7,1,2.424197197,1,0.999396265,0.012288898
12,7,2,0.690357208,1,0.999483466,0.004340932
12,7,3,1.405461192,1,0.999633968,0.044063143
12,7,4,0.886346757,1,0.999565363,0.014647302
12,7,5,2.398019552,1,0.999027491,0.024811197
12,7,6,2.975620747,1,0.999516726,0.011131726
12,7,7,2.296461821,1,0.999369383,0.012608037
12,7,8,1.210199475,1,0.99939388,0.034712102
12,7,9,1.282344818,1,0.999507546,0.026533991
12,7,10,0.663177311,1,0.999467492,0.004330851
12,7,11,2.321119547,1,0.999543786,0.006628792
12,8,0,3.191393852,1,0.998711646,0.022719251
12,8,1,1.210829377,1,0.9988783,0.008492637
12,8,2,3.817590714,1.000000119,0.995519698,0.010914896
12,8,3,1.60860467,1,0.999031961,0.016367143
12,8,4,1.121661305,1,0.998978436,0.048578274
12,8,5,1.813557267,1,0.998600006,0.036746774
12,8,6,2.292604208,1,0.999072969,0.020633554
12,8,7,1.226235271,1,0.998280883,0.063166469
12,8,8,2.032484293,1,0.998979926,0.030329186
12,8,9,1.87776947,1,0.99909097,0.028142603
12,8,10,2.093587399,1,0.999178708,0.058414891
12,8,11,1.844072819,1,0.998790026,0.018118918
12,9,0,2.152263641,1,0.9984532,0.044095229
12,9,1,1.729165316,1,0.99895364,0.011004011
12,9,2,2.154551029,1,0.998980284,0.01922247
12,9,3,1.594475865,1,0.998256683,0.048591375
12,9,4,1.639717937,1,0.999051034,0.011973036
12,9,5,1.959929466,1,0.999145567,0.03071156
12,9,6,1.303137422,1,0.999088287,0.005313228
12,9,7,1.613043904,1,0.999058545,0.019700302
12,9,8,2.428355455,1,0.995530069,0.00975315
12,9,9,1.057050824,1,0.99907726,0.005145996
12,9,10,1.011506557,1,0.998984098,0.034021623
12,9,11,2.533038378,1,0.997812271,0.006153147
12,10,0,2.388433218,1,0.996551335,0.01541324
12,10,1,1.632983327,1,0.99791646,0.008561416
12,10,2,1.988208294,1,0.997291148,0.008139936
12,10,3,2.849312305,1.000000119,0.995984674,0.013133468
12,10,4,2.93436861,1,0.997747362,0.020962082
12,10,5,0.97032547,1,0.998337328,0.02658917
12,10,6,1.80808115,1,0.998419166,0.009059002
12,10,7,2.508007765,1,0.998631895,0.029742554
12,10,8,2.130505562,1,0.998499632,0.009758309
12,10,9,1.39941895,1,0.998375952,0.069451019
12,10,10,1.733330607,1,0.998160124,0.008568987
12,10,11,1.923950553,1,0.998222172,0.044521395
12,11,0,4.618552685,1.000000834,0.905162275,0.026883753
12,11,1,2.545492172,1,0.910571814,0.015429391
12,11,2,2.438743591,1,0.907543898,0.009190398
12,11,3,2.301482439,1,0.911054552,0.034109302
12,11,4,3.588145733,1,0.913426161,0.01530368
12,11,5,1.974013925,1,0.90939784,0.009677723
12,11,6,1.928366899,1,0.909237146,0.006433836
12,11,7,2.217396975,1,0.909984767,0.017598031
12,11,8,3.802210093,1.000023603,0.08475247,0.099620357
12,11,9,1.755351067,1,0.908891141,0.006749002
12,11,10,2.431325912,1,0.912313104,0.042849667
12,11,11,2.512265682,1,0.912206292,0.039863806
13,0,0,4.49065876,1.000019431,0.814545214,0.018925577
13,0,1,0.431808949,1.000032663,0.81808871,0.86611855
13,0,2,4.656829834,1.000015616,0.81240803,0.041350108
13,0,3,0.440618604,1.00003171,0.803186238,0.834661543
13,0,4,1.213136315,1.000029445,0.800198615,0.577617168
13,0,5,1.387536407,1.000025868,0.785840034,0.659563303
13,0,6,4.330487728,1.000022173,0.729280233,0.028275898
13,0,7,1.871038198,1.000029564,0.761503398,0.16072239
13,0,8,4.267755032,1.000024796,0.805407703,0.058807932
13,0,9,4.663246632,1.000020146,0.85706389,0.020873459
13,0,10,4.256237984,1.000026464,0.884849608,0.156168088
13,0,11,5.479340553,1.000015974,0.730385005,0.007201323
13,1,0,2.346165657,1.000029087,0.704034269,0.102020293
13,1,1,2.739125967,1.000023603,0.698106408,0.092498988
13,1,2,4.766710281,1.000016451,0.702435255,0.025560521
13,1,3,4.334563255,1.000001431,0.692062974,0.03502591
13,1,4,3.753427744,1.000011802,0.81900847,0.068921573
13,1,5,4.592859745,1.000014424,0.834482551,0.085549615
13,1,6,4.453623772,1.00001049,0.821858823,0.036767982
13,1,7,4.970417976,1.000013351,0.839449823,0.017949596
13,1,8,5.382726192,1.000004411,0.804329515,0.009151984
13,1,9,5.455232143,1.000007749,0.774891138,0.006621702
13,1,10,4.483036995,1.00001502,0.622042656,0.040180996
13,1,11,1.701532841,1.000028372,0.769968629,0.672323883
13,2,0,2.52175808,1.000001311,0.882089376,0.10089796
13,2,1,4.652024269,1.000000596,0.86740917,0.010784311
13,2,2,1.09571588,1.000004053,0.884155512,0.125284046
13,2,3,1.918501496,1.00000596,0.855446875,0.134442538
13,2,4,1.706406236,1.000000238,0.865644515,0.086862132
13,2,5,1.80900526,1.000004172,0.869636953,0.137850523
13,2,6,2.76911664,1.000006199,0.802957475,0.078687094
13,2,7,2.564104319,1,0.83744508,0.031809468
13,2,8,1.910503626,1.000001907,0.89461863,0.112762935
13,2,9,1.73575139,1.000005126,0.849071503,0.124916777
13,2,10,3.109579802,1.000029683,0.489522159,0.126755595
13,2,11,3.154954433,1.000000238,0.881808221,0.108238496
13,3,0,2.691363096,1,0.994634807,0.064242661
13,3,1,1.912893057,1,0.994415522,0.060312267
13,3,2,1.394493341,1.000000477,0.987472296,0.115058206
13,3,3,0.910067737,1,0.994512916,0.05693445
13,3,4,3.574659348,1,0.994965136,0.008857532
13,3,5,2.715313196,1,0.995527804,0.036510702
13,3,6,1.694763899,1.000000358,0.987972856,0.154119372
13,3,7,1.422073007,1,0.99265933,0.108231656
13,3,8,1.525412679,1.000000238,0.990503252,0.116399683
13,3,9,1.56031692,1,0.995389223,0.071992576
13,3,10,1.779428601,1,0.99479413,0.159395531
13,3,11,1.783759117,1.000000119,0.994686127,0.098721728
13,4,0,1.218502045,1.000000119,0.916333556,0.061270673
13,4,1,1.559012175,1,0.917375386,0.062592141
13,4,2,2.316325665,1,0.915140569,0.016069785
13,4,3,1.576218843,1,0.917135775,0.065141641
13,4,4,2.90255022,1,0.915742874,0.040328138
13,4,5,1.46294415,1,0.915809989,0.064089857
13,4,6,2.028524399,1,0.916582108,0.041410305
13,4,7,1.833097577,1.000000596,0.918819666,0.479611874
13,4,8,3.52541256,1,0.917664289,0.017365534
13,4,9,1.799564242,1,0.916385055,0.035975251
13,4,10,3.201150417,1,0.915623128,0.01251563
13,4,11,0.011833039,1.000029922,0.131981313,0.003516418
13,5,0,1.936177373,1,0.998142004,0.013552972
13,5,1,0.215394571,1,0.997718215,0.004973199
13,5,2,1.42901814,1,0.998045027,0.020655662
13,5,3,2.274072647,1,0.995506704,0.034792274
13,5,4,1.517912745,1,0.998084784,0.053669311
13,5,5,1.918940544,1,0.998166323,0.01222597
13,5,6,0.648625076,1,0.997941554,0.022966756
13,5,7,0.952723861,1,0.997978747,0.041705023
13,5,8,1.085236788,1,0.998069584,0.026512923
13,5,9,2.818629026,1,0.998370767,0.00653745
13,5,10,3.565253496,1.000000358,0.987568259,0.043923281
13,5,11,2.564611197,1,0.998238146,0.107916631
13,6,0,1.807400584,1,0.996386886,0.038652871
13,6,1,0.741692603,1,0.998017371,0.021534629
13,6,2,3.553624153,1,0.997533202,0.01307424
13,6,3,1.584452033,1,0.99838233,0.018002475
13,6,4,3.7135005,1.000000119,0.991730928,0.025138948
13,6,5,1.695464253,1,0.998454988,0.061558254
13,6,6,2.670173407,1,0.99854815,0.072542563
13,6,7,2.185962915,1,0.998251021,0.044030745
13,6,8,1.203281283,1,0.998302102,0.026522368
13,6,9,0.590560615,1,0.997911274,0.004788806
13,6,10,3.155042648,1,0.99845928,0.011729037
13,6,11,1.552141428,1,0.99806726,0.048859835
13,7,0,1.076693654,1,0.999146104,0.028492166
13,7,1,2.33753562,1,0.999282122,0.01598176
13,7,2,0.391530365,1,0.99930644,0.003573974
13,7,3,1.514872313,1,0.999540567,0.044258446
13,7,4,0.976739705,1,0.999465168,0.016370004
13,7,5,2.634310007,1,0.998100698,0.028006837
13,7,6,2.970985174,1,0.999371111,0.011705175
13,7,7,1.530370116,1,0.999478102,0.012882687
13,7,8,1.351929784,1,0.999009371,0.042697594
13,7,9,1.428003192,1,0.999400556,0.029837983
13,7,10,0.64948386,1,0.999347746,0.005027601
13,7,11,2.0016675,1,0.999478936,0.007904271
13,8,0,3.314262152,1,0.998365462,0.023078686
13,8,1,0.874421716,1,0.998307168,0.008247464
13,8,2,4.120822906,1.000000119,0.992199957,0.013335682
13,8,3,2.06196332,1,0.998725295,0.020728396
13,8,4,1.144798279,1,0.998589098,0.046450369
13,8,5,1.93991971,1,0.9981215,0.039571162
13,8,6,1.967811584,1,0.998656213,0.021744138
13,8,7,1.22654891,1,0.998207986,0.055226993
13,8,8,2.275366306,1,0.998497069,0.033872291
13,8,9,1.99800086,1,0.998693049,0.028286615
13,8,10,2.188141108,1,0.998869359,0.065463439
13,8,11,1.941065431,1,0.998519301,0.016473016
13,9,0,2.481532335,1,0.995556653,0.047944631
13,9,1,1.815879822,1,0.9985075,0.013157992
13,9,2,2.442751646,1,0.99660778,0.019629769
13,9,3,1.670623183,1,0.997726858,0.046973288
13,9,4,1.67994535,1,0.998609304,0.012546202
13,9,5,2.255432367,1,0.998765409,0.033571966
13,9,6,1.480859995,1,0.998710096,0.006238237
13,9,7,1.910493731,1,0.998620093,0.021568581
13,9,8,2.353240728,1,0.997984648,0.009869108
13,9,9,1.437819242,1,0.998714507,0.006841932
13,9,10,1.119786978,1,0.998471439,0.039424855
13,9,11,2.498989344,1,0.99680692,0.006495752
13,10,0,2.542234421,1,0.994051993,0.014735161
13,10,1,1.779987216,1,0.997238696,0.010973032
13,10,2,2.252019405,1,0.996464312,0.010681696
13,10,3,2.934513569,1.000000119,0.992747247,0.012116135
13,10,4,3.18917942,1,0.995724916,0.023024598
13,10,5,1.05043602,1,0.997315824,0.030288305
13,10,6,1.955172777,1,0.997461498,0.010456117
13,10,7,2.598682404,1,0.997850597,0.033215538
13,10,8,2.219242811,1,0.997464001,0.010692867
13,10,9,1.478310227,1,0.997469544,0.064012252
13,10,10,1.974949837,1,0.99752295,0.009836941
13,10,11,1.860605836,1,0.997512221,0.043971844
13,11,0,4.73484993,1.000000954,0.894958854,0.025513411
13,11,1,2.781335354,1,0.909469068,0.019193335
13,11,2,2.548227072,1.000000119,0.906016111,0.008163972
13,11,3,2.367901325,1,0.909478128,0.035529185
13,11,4,3.894809008,1.000000119,0.91243577,0.016059263
13,11,5,2.227324486,1,0.907863677,0.012121308
13,11,6,2.033959866,1,0.907180011,0.006948091
13,11,7,2.351395845,1,0.908033788,0.019278256
13,11,8,3.622277498,1.000022769,0.090359777,0.109516732
13,11,9,1.915558457,1,0.907168388,0.007722037
13,11,10,2.566232443,1,0.910859466,0.052345823
13,11,11,2.704052925,1,0.911454558,0.04335678
14,0,0,4.478574753,1.000019312,0.809281766,0.019394033
14,0,1,0.418546587,1.00003314,0.817789495,0.870127857
14,0,2,4.679852009,1.000013947,0.799612939,0.040077254
14,0,3,0.41157791,1.000031948,0.801537871,0.836939275
14,0,4,1.143212438,1.000030398,0.793592691,0.592098296
14,0,5,1.309575438,1.000028014,0.792255163,0.675829113
14,0,6,4.358715534,1.000022292,0.73420471,0.031540819
14,0,7,1.870100975,1.000029325,0.761653006,0.157953575
14,0,8,4.295049667,1.000026703,0.817528486,0.061094411
14,0,9,4.668670654,1.000019312,0.853322089,0.020530151
14,0,10,4.251829147,1.000026464,0.8835392,0.161736071
14,0,11,5.4949646,1.000015378,0.731424928,0.007070153
14,1,0,2.341663122,1.000029087,0.728805125,0.09935084
14,1,1,2.744737625,1.000022411,0.71418786,0.0940409
14,1,2,4.77469635,1.000016689,0.712137043,0.025315885
14,1,3,4.345083714,1.00000155,0.703027129,0.034926228
14,1,4,3.749286652,1.000012159,0.82706356,0.069207646
14,1,5,4.612281799,1.000012636,0.845099688,0.082615614
14,1,6,4.419119835,1.000011325,0.823755085,0.038221858
14,1,7,4.951766968,1.000014305,0.838062286,0.017914858
14,1,8,5.394073963,1.000005007,0.810183346,0.009148636
14,1,9,5.495992661,1.000008702,0.792246759,0.006607582
14,1,10,4.49988699,1.000015616,0.622109473,0.040058631
14,1,11,1.657769442,1.000029087,0.774214566,0.68000114
14,2,0,2.546960115,1.000001073,0.889340818,0.099833965
14,2,1,4.857342243,1.000001431,0.880995333,0.012226569
14,2,2,1.079045177,1.000004172,0.894095778,0.115537465
14,2,3,1.958902955,1.000005484,0.863834977,0.133508578
14,2,4,1.6933707,1.000000119,0.873928607,0.081730336
14,2,5,1.86857903,1.000003338,0.88438797,0.136011019
14,2,6,2.810931444,1.000004888,0.82979387,0.077202968
14,2,7,2.541398048,1,0.847589076,0.031572118
14,2,8,1.914939284,1.000001907,0.900069237,0.116471983
14,2,9,1.761372805,1.000005722,0.867561758,0.123266906
14,2,10,3.124444485,1.00003016,0.496703714,0.126874045
14,2,11,3.174728155,1.000000238,0.891516924,0.109154701
14,3,0,2.887085915,1,0.994723141,0.077702798
14,3,1,1.9116081,1,0.994535029,0.059446368
14,3,2,1.428195,1.000000358,0.989569426,0.106819406
14,3,3,0.913030684,1,0.994649291,0.056259662
14,3,4,3.726672411,1,0.99497813,0.009746669
14,3,5,2.734424114,1,0.99567169,0.037778828
14,3,6,1.685539007,1.000000358,0.986518145,0.146389052
14,3,7,1.441002607,1.000000119,0.993053257,0.107637897
14,3,8,1.563113809,1.000000119,0.991480768,0.110735767
14,3,9,1.538285732,1,0.995201647,0.073833302
14,3,10,1.778613329,1,0.994749665,0.157430425
14,3,11,1.763859272,1.000000119,0.9935022,0.095783666
14,4,0,1.230104208,1,0.916284025,0.057683628
14,4,1,1.586009383,1,0.917456806,0.061997585
14,4,2,2.292009354,1,0.915017903,0.016058691
14,4,3,1.588955164,1,0.917368174,0.072065346
14,4,4,2.93831706,1,0.915830433,0.042022582
14,4,5,1.543968797,1,0.91652149,0.067755282
14,4,6,2.035569668,1,0.916505098,0.040182989
14,4,7,1.83219111,1.000000596,0.919178188,0.48479864
14,4,8,3.662904739,1,0.918028235,0.016111258
14,4,9,1.803125024,1,0.9162817,0.040348176
14,4,10,3.229930639,1,0.915601134,0.01202633
14,4,11,0.009680792,1.000031352,0.130261511,0.003731309
14,5,0,2.252432585,1,0.997529626,0.01345207
14,5,1,0.260900199,1,0.997039616,0.004260391
14,5,2,1.419402242,1,0.997453153,0.021112824
14,5,3,2.255075216,1,0.995668828,0.033090625
14,5,4,1.481553435,1,0.997393966,0.048946563
14,5,5,2.102970362,1,0.997564256,0.013079748
14,5,6,0.646000147,1,0.997251511,0.023051934
14,5,7,0.984859943,1,0.997314036,0.043878764
14,5,8,1.101422429,1,0.997415185,0.026693633
14,5,9,2.999714136,1,0.997792065,0.006486175
14,5,10,3.668265104,1.000000477,0.979568124,0.050562516
14,5,11,2.566818237,1,0.997630894,0.099195503
14,6,0,1.806283116,1,0.997150421,0.034998048
14,6,1,0.62960887,1,0.998397887,0.018224552
14,6,2,3.525126219,1,0.998205006,0.012408921
14,6,3,1.516785264,1,0.998736799,0.016145365
14,6,4,3.640268803,1.000000119,0.994713008,0.022897065
14,6,5,1.685441136,1,0.998821855,0.060593221
14,6,6,2.68816185,1,0.998865485,0.066103965
14,6,7,2.235022783,1,0.998400688,0.047328386
14,6,8,1.207391381,1,0.998672426,0.027172716
14,6,9,0.660231709,1,0.99835664,0.006049728
14,6,10,3.420416594,1,0.998632967,0.010833483
14,6,11,1.529228806,1,0.998558998,0.046356462
14,7,0,1.11916101,1,0.999044836,0.027444307
14,7,1,2.59604311,1,0.999103308,0.015340209
14,7,2,0.557664633,1,0.999359906,0.003571989
14,7,3,1.472628593,1,0.999562323,0.041408144
14,7,4,0.919340789,1,0.999477923,0.01407099
14,7,5,2.57320261,1,0.998684287,0.024908246
14,7,6,3.105596066,1,0.99938339,0.011232567
14,7,7,1.947813034,1,0.999500811,0.011246959
14,7,8,1.266880512,1,0.9991768,0.037700552
14,7,9,1.352801919,1,0.999433875,0.029348448
14,7,10,0.772852182,1,0.999397695,0.004481305
14,7,11,2.228879929,1,0.999454856,0.007608653
14,8,0,3.231841564,1,0.998631656,0.021401869
14,8,1,1.047158718,1,0.998624742,0.007822816
14,8,2,3.987993479,1.000000119,0.99370569,0.011560562
14,8,3,1.943811178,1,0.998897791,0.017607797
14,8,4,1.107928157,1,0.998761535,0.044920757
14,8,5,1.869048119,1,0.998408556,0.036875043
14,8,6,2.049706221,1,0.998894513,0.016741963
14,8,7,1.273617625,1,0.998133421,0.053772729
14,8,8,2.280299187,1,0.998566687,0.03171207
14,8,9,2.133200407,1,0.998907328,0.029310619
14,8,10,2.093888044,1,0.998997092,0.057133626
14,8,11,1.917852044,1,0.998735428,0.018209327
14,9,0,2.337212324,1,0.996695578,0.039809082
14,9,1,1.715348959,1,0.99863565,0.011147883
14,9,2,2.333540201,1,0.998494148,0.019150585
14,9,3,1.620573878,1,0.997794509,0.04938912
14,9,4,1.717546105,1,0.998801768,0.012877409
14,9,5,2.052546024,1,0.998847783,0.030655485
14,9,6,1.475795031,1,0.998815715,0.006462826
14,9,7,1.64311111,1,0.998738527,0.018528942
14,9,8,2.336259127,1,0.997891366,0.010754103
14,9,9,1.351860642,1,0.998780012,0.006951307
14,9,10,1.063368559,1,0.998654366,0.037700929
14,9,11,2.545081854,1,0.994022727,0.00581983
14,10,0,2.460818291,1,0.996774733,0.014980228
14,10,1,1.727708101,1,0.997990191,0.009921245
14,10,2,2.153813839,1,0.995839119,0.008384493
14,10,3,2.858142138,1.000000119,0.994992673,0.012632614
14,10,4,2.83622694,1,0.997657537,0.01933891
14,10,5,0.961679816,1,0.998044431,0.02573055
14,10,6,1.803152204,1,0.998015821,0.009417765
14,10,7,2.48128438,1,0.998411953,0.027171474
14,10,8,2.110222101,1,0.998109758,0.010404478
14,10,9,1.412926912,1,0.99814415,0.06963674
14,10,10,1.854440331,1,0.998350501,0.009640289
14,10,11,2.079060793,1,0.997930706,0.044186749
14,11,0,4.694017887,1.000000954,0.904592514,0.02573565
14,11,1,2.599158287,1,0.910329759,0.015786484
14,11,2,2.52683568,1,0.908522606,0.009055181
14,11,3,2.249601603,1,0.910325289,0.029691849
14,11,4,3.749027491,1,0.913567364,0.01633299
14,11,5,2.090739727,1,0.909111202,0.011340725
14,11,6,2.034109116,1,0.908740103,0.007032912
14,11,7,2.293730259,1,0.909510553,0.017713005
14,11,8,3.845582962,1.000024796,0.08830101,0.099083439
14,11,9,1.867429376,1,0.908414304,0.007754252
14,11,10,2.593661547,1,0.912452936,0.046293471
14,11,11,2.815890312,1.000000119,0.913018584,0.039792947
15,0,0,4.477976322,1.00001955,0.813070714,0.021256981
15,0,1,0.419350684,1.000032306,0.815311253,0.868602931
15,0,2,4.6696558,1.000013947,0.80329591,0.038080189
15,0,3,0.411293238,1.000032067,0.801697731,0.850353301
15,0,4,1.16014576,1.00002861,0.787882209,0.58210057
15,0,5,1.338829517,1.000027061,0.787021399,0.662754178
15,0,6,4.3616395,1.000021815,0.747738421,0.029699124
15,0,7,1.878016233,1.000029445,0.763335586,0.15892683
15,0,8,4.268816471,1.000023961,0.811157942,0.060690816
15,0,9,4.661435127,1.000019431,0.85499233,0.02014116
15,0,10,4.237258434,1.000026703,0.884814858,0.161285877
15,0,11,5.460645199,1.000014782,0.731948435,0.007226717
15,1,0,2.30877018,1.000028253,0.705406785,0.10401687
15,1,1,2.727530003,1.000023246,0.702192247,0.09427429
15,1,2,4.764406204,1.000016809,0.690892816,0.025547275
15,1,3,4.323401451,1.000001669,0.694353163,0.035076205
15,1,4,3.750905275,1.000011325,0.81724757,0.068688281
15,1,5,4.573123455,1.000011921,0.832031429,0.083331726
15,1,6,4.452755451,1.000010133,0.823887289,0.03691075
15,1,7,4.990618229,1.00001359,0.836614847,0.017688338
15,1,8,5.359144211,1.000005364,0.802467883,0.009293356
15,1,9,5.441298485,1.00000596,0.778678179,0.00662172
15,1,10,4.464077473,1.000014663,0.614705443,0.04068942
15,1,11,1.671329021,1.000029087,0.763605893,0.678021014
15,2,0,2.545220375,1.000001192,0.88521409,0.103089258
15,2,1,4.777709484,1.000000715,0.874152958,0.011483856
15,2,2,1.086114049,1.000005245,0.881320894,0.127592802
15,2,3,1.918972731,1.00000596,0.85889107,0.134354755
15,2,4,1.691344619,1.000000238,0.867162287,0.086164206
15,2,5,1.809853792,1.000004292,0.872871935,0.137260288
15,2,6,2.765599251,1.000005603,0.812812269,0.078714781
15,2,7,2.582568884,1,0.838597238,0.032453347
15,2,8,1.882708192,1.000002384,0.893602133,0.111816324
15,2,9,1.745945215,1.000004888,0.858356059,0.125314131
15,2,10,3.0993402,1.000029922,0.494362801,0.129301295
15,2,11,3.125469685,1.000000358,0.882152379,0.109810717
15,3,0,2.72769475,1,0.994937479,0.068736009
15,3,1,1.898632407,1.000000119,0.994732916,0.06064792
15,3,2,1.403770566,1.000000358,0.989752054,0.108439565
15,3,3,0.911526322,1,0.994803786,0.059629679
15,3,4,3.615432024,1,0.99519825,0.009136243
15,3,5,2.648943424,1,0.995846987,0.038322344
15,3,6,1.70034337,1.000000358,0.988392889,0.151316747
15,3,7,1.433943272,1.000000119,0.992922187,0.110485584
15,3,8,1.515380859,1.000000238,0.990784228,0.115003809
15,3,9,1.535330415,1,0.99559617,0.070885971
15,3,10,1.750633597,1,0.995001554,0.157980368
15,3,11,1.762325644,1.000000119,0.99458909,0.101325892
15,4,0,1.200144529,1,0.916559041,0.059957974
15,4,1,1.550639749,1,0.917264223,0.061682589
15,4,2,2.320578098,1,0.915192783,0.016376952
15,4,3,1.569499254,1,0.917197943,0.06412895
15,4,4,2.895404816,1,0.915897131,0.043548644
15,4,5,1.452156544,1,0.915866494,0.061123785
15,4,6,2.01112318,1,0.916561365,0.040426873
15,4,7,1.835808039,1.000000477,0.918597281,0.481279582
15,4,8,3.54492116,1,0.917860031,0.017391508
15,4,9,1.786609054,1,0.916411459,0.036287192
15,4,10,3.272689581,1,0.915804803,0.013333735
15,4,11,0.010723413,1.00003016,0.132864699,0.00375779
15,5,0,2.026773453,1,0.998461783,0.014952417
15,5,1,0.249569073,1,0.998005807,0.004980291
15,5,2,1.398926735,1,0.998299539,0.021809712
15,5,3,2.278017998,1.000000119,0.996308267,0.034837279
15,5,4,1.463397384,1,0.998258591,0.051091153
15,5,5,1.8929286,1,0.998339415,0.012369714
15,5,6,0.676268637,1,0.998225629,0.025450574
15,5,7,0.973783851,1,0.998270094,0.041696358
15,5,8,1.091187477,1,0.998342454,0.031172618
15,5,9,2.851936817,1,0.998601139,0.006382831
15,5,10,3.541068554,1.000000238,0.989758074,0.044318546
15,5,11,2.581304312,1,0.998478532,0.106433585
15,6,0,1.784704089,1,0.996502936,0.035902731
15,6,1,0.676832318,1,0.998180807,0.02102216
15,6,2,3.519600868,1,0.998006046,0.013270197
15,6,3,1.625763655,1,0.998591244,0.017112749
15,6,4,3.703807831,1.000000119,0.993267119,0.024069251
15,6,5,1.667281151,1,0.998619616,0.061572749
15,6,6,2.67971611,1,0.998708546,0.070604175
15,6,7,2.16249299,1,0.99846071,0.044116233
15,6,8,1.183523178,1,0.998459399,0.025878226
15,6,9,0.623520553,1,0.998114944,0.005584927
15,6,10,3.416838408,1,0.998363495,0.012115774
15,6,11,1.51058054,1,0.998439372,0.048022158
15,7,0,1.069859743,1,0.999201596,0.030407667
15,7,1,2.106112719,1,0.999408305,0.012534247
15,7,2,0.489148766,1,0.999388337,0.004003777
15,7,3,1.453625321,1,0.999570668,0.04411364
15,7,4,0.91298455,1,0.999507904,0.015483309
15,7,5,2.605950117,1,0.998001158,0.027249392
15,7,6,2.873492479,1,0.999470532,0.010994105
15,7,7,1.665568113,1,0.999506414,0.010756593
15,7,8,1.303310871,1,0.999088049,0.039330337
15,7,9,1.314734817,1,0.999472022,0.028896477
15,7,10,0.627509415,1,0.99939245,0.004556057
15,7,11,2.061213017,1,0.999509633,0.007277404
15,8,0,3.343349218,1,0.998397768,0.021482948
15,8,1,0.999114752,1,0.998326898,0.007705627
15,8,2,4.160612106,1.000000238,0.991451442,0.012546618
15,8,3,1.948782563,1,0.998647094,0.019277498
15,8,4,1.16244173,1,0.998559773,0.048328038
15,8,5,1.939706087,1,0.997898281,0.042060949
15,8,6,2.073170662,1,0.998702049,0.019329192
15,8,7,1.236697912,1,0.998191059,0.055365875
15,8,8,2.175036669,1,0.998507917,0.030139755
15,8,9,1.935155869,1,0.998647094,0.026915029
15,8,10,2.175094366,1,0.998819292,0.064566717
15,8,11,1.926813364,1,0.99857527,0.016090602
15,9,0,2.358622789,1,0.996993065,0.039994169
15,9,1,1.978744388,1,0.998586476,0.011303103
15,9,2,2.442828178,1,0.998154461,0.019614251
15,9,3,1.638319254,1,0.998080075,0.045707747
15,9,4,1.762963653,1,0.998795152,0.012275125
15,9,5,2.194326401,1,0.998879254,0.03135239
15,9,6,1.546576262,1,0.998778701,0.006605825
15,9,7,1.848777771,1,0.998756409,0.019189449
15,9,8,2.391431093,1,0.997944295,0.010018898
15,9,9,1.408538938,1,0.998697698,0.006913512
15,9,10,1.121162176,1,0.998664618,0.038171872
15,9,11,2.715859175,1.000000119,0.994795203,0.005953976
15,10,0,2.505049229,1.000000119,0.995996058,0.014626162
15,10,1,1.779525042,1,0.99737829,0.010440483
15,10,2,2.308376074,1.000000119,0.995470643,0.008773051
15,10,3,2.877557516,1,0.99280113,0.011732896
15,10,4,3.245102644,1,0.995121539,0.021801522
15,10,5,1.026776314,1,0.997511268,0.027396433
15,10,6,1.872695446,1,0.997307837,0.010181317
15,10,7,2.526160479,1,0.998023808,0.030209409
15,10,8,2.305852652,1,0.997602046,0.012343043
15,10,9,1.433490515,1,0.997589171,0.063076399
15,10,10,1.79785502,1,0.997582972,0.008733133
15,10,11,1.866527557,1,0.997743011,0.044245377
15,11,0,4.726391315,1.000001311,0.895835817,0.02679541
15,11,1,2.733609915,1,0.909252405,0.017760053
15,11,2,2.553918839,1,0.907710791,0.008868787
15,11,3,2.399057388,1,0.909887731,0.036168288
15,11,4,3.812035799,1,0.911573648,0.016114991
15,11,5,2.224473,1,0.907991648,0.012185065
15,11,6,1.990804076,1,0.907093942,0.006773163
15,11,7,2.432145119,1,0.908716559,0.017621081
15,11,8,3.680084705,1.00002265,0.090415604,0.1031693
15,11,9,1.868236661,1,0.907210588,0.007611499
15,11,10,2.540074348,1,0.911012411,0.049254168
15,11,11,2.655353069,1,0.911409795,0.04510906
16,0,0,4.408177376,1.000018477,0.797211409,0.020668034
16,0,1,0.42529881,1.000031114,0.81242466,0.867209315
16,0,2,4.6505723,1.000013471,0.799026906,0.04103541
16,0,3,0.425756365,1.000031233,0.799194396,0.833862901
16,0,4,1.224281073,1.000027895,0.792787015,0.566379368
16,0,5,1.363563538,1.000026941,0.782477319,0.652380526
16,0,6,4.273751736,1.000020504,0.725561202,0.03243294
16,0,7,1.874472976,1.000028372,0.762325048,0.160714284
16,0,8,4.269721031,1.000025034,0.804980218,0.059310511
16,0,9,4.634066105,1.000018597,0.850068271,0.022658642
16,0,10,4.213201046,1.000026107,0.881375372,0.159060776
16,0,11,5.424317837,1.000014663,0.72772193,0.007377122
16,1,0,2.296531677,1.000027418,0.715951681,0.097796388
16,1,1,2.752031326,1.00002265,0.717716396,0.092212468
16,1,2,4.755310535,1.000017285,0.679738224,0.026136603
16,1,3,4.301921368,1.000001431,0.691458166,0.034956168
16,1,4,3.754479885,1.000010252,0.818687439,0.069015794
16,1,5,4.558368683,1.000012636,0.835880518,0.090254627
16,1,6,4.414954185,1.000010848,0.810211241,0.036865398
16,1,7,4.911427021,1.000012398,0.826491296,0.018592708
16,1,8,5.343500614,1.000004649,0.797822773,0.009424359
16,1,9,5.419114113,1.000007391,0.77701956,0.006822462
16,1,10,4.449242592,1.000013947,0.613545775,0.040838715
16,1,11,1.662529826,1.000027537,0.763351977,0.677338839
16,2,0,2.536464691,1.000001431,0.887202799,0.102053553
16,2,1,4.725561142,1.000001192,0.873104692,0.012236659
16,2,2,1.088980317,1.000005364,0.888509512,0.117492154
16,2,3,1.924359798,1.00000608,0.861571908,0.128803506
16,2,4,1.70413506,1.000000238,0.871436119,0.079943851
16,2,5,1.830171466,1.00000453,0.875255585,0.131754145
16,2,6,2.859968185,1.000003576,0.84132272,0.076065645
16,2,7,2.603734255,1,0.843069077,0.032220066
16,2,8,1.897896528,1.000001907,0.897725284,0.109063439
16,2,9,1.756722569,1.00000453,0.861868441,0.123182751
16,2,10,3.125635386,1.00002861,0.51212275,0.12455301
16,2,11,3.117257833,1.000000358,0.885290325,0.105651543
16,3,0,2.794888258,1,0.993949115,0.082615256
16,3,1,1.973644137,1,0.994122326,0.059898682
16,3,2,1.409538269,1.000000358,0.986958683,0.110212274
16,3,3,0.939932525,1,0.99377352,0.062526338
16,3,4,3.627456427,1,0.994165003,0.010140443
16,3,5,2.746719837,1,0.99496454,0.038135916
16,3,6,1.694800019,1.000000358,0.987032175,0.156150505
16,3,7,1.449353814,1.000000119,0.991996825,0.108864628
16,3,8,1.543058395,1.000000238,0.988832235,0.117835946
16,3,9,1.591223717,1,0.994654715,0.075433403
16,3,10,1.773545265,1,0.993871868,0.155326188
16,3,11,1.773843169,1.000000119,0.992108524,0.098696284
16,4,0,1.243522167,1,0.916180193,0.060101379
16,4,1,1.62821281,1.000000119,0.918073118,0.065890647
16,4,2,2.382256031,1,0.915164351,0.016523568
16,4,3,1.59389925,1,0.917022884,0.070388101
16,4,4,2.95665741,1,0.915953457,0.044954889
16,4,5,1.493030906,1,0.916195631,0.066027775
16,4,6,2.059145212,1,0.916535556,0.040776335
16,4,7,1.793359399,1.000000715,0.918532431,0.49846369
16,4,8,3.536580324,1,0.917789996,0.01823112
16,4,9,1.874035954,1,0.916778564,0.037664607
16,4,10,3.177690506,1,0.915452719,0.012703516
16,4,11,0.010010364,1.00002861,0.137713477,0.00426147
16,5,0,1.982855678,1,0.997466624,0.013855951
16,5,1,0.216823399,1,0.996860921,0.00463169
16,5,2,1.431350589,1,0.997366309,0.021987036
16,5,3,2.356002092,1.000000119,0.994033575,0.034590017
16,5,4,1.562847972,1,0.997388422,0.051447503
16,5,5,2.087099314,1,0.997485101,0.013865747
16,5,6,0.648329198,1,0.997117043,0.023851139
16,5,7,1.041504145,1,0.997257173,0.045048937
16,5,8,1.11738205,1,0.997286618,0.028804092
16,5,9,2.983217955,1,0.997700155,0.007691054
16,5,10,3.647453308,1.000000596,0.980753481,0.044136655
16,5,11,2.595111847,1,0.997542143,0.118270949
16,6,0,1.84059298,1,0.996344626,0.037180923
16,6,1,0.764307618,1,0.998176634,0.022062447
16,6,2,3.559838057,1,0.997928679,0.012226685
16,6,3,1.693194866,1,0.998572528,0.017301422
16,6,4,3.66249299,1.000000119,0.994182348,0.022299441
16,6,5,1.802781343,1,0.998653471,0.063029677
16,6,6,2.783154726,1,0.998693228,0.074133262
16,6,7,2.336009979,1,0.998190284,0.041658375
16,6,8,1.253218055,1,0.998511255,0.027216362
16,6,9,0.70819521,1,0.99807781,0.005588247
16,6,10,3.18264699,1,0.998588383,0.010630611
16,6,11,1.6723423,1,0.998203993,0.050852381
16,7,0,1.078177929,1,0.99892807,0.02860369
16,7,1,2.659252644,1,0.998817205,0.017718505
16,7,2,0.415490419,1,0.999071658,0.004191441
16,7,3,1.633327961,1,0.999359727,0.046225958
16,7,4,0.971894264,1,0.99926275,0.016047714
16,7,5,2.751558304,1,0.997209609,0.027372956
16,7,6,3.169048548,1,0.999127209,0.012232815
16,7,7,1.636859298,1,0.999311686,0.012808913
16,7,8,1.397949576,1,0.998888433,0.036516797
16,7,9,1.551256657,1,0.999175966,0.032899864
16,7,10,0.909618855,1,0.99917829,0.006779066
16,7,11,2.078244448,1,0.999278605,0.0078109
16,8,0,3.376640081,1,0.997945428,0.024372768
16,8,1,1.096980929,1,0.997673929,0.011048228
16,8,2,4.250828266,1.000000238,0.988846421,0.012140691
16,8,3,2.361246586,1,0.99813503,0.022492498
16,8,4,1.171316624,1,0.997833788,0.045510247
16,8,5,1.990362644,1,0.997356415,0.03871781
16,8,6,2.108291626,1,0.998098612,0.021922285
16,8,7,1.261236191,1,0.997663319,0.053467847
16,8,8,2.584632158,1,0.996370733,0.032493535
16,8,9,2.351103306,1,0.998166859,0.02907799
16,8,10,2.339984179,1,0.998286247,0.067316353
16,8,11,1.915764928,1,0.997909963,0.016241301
16,9,0,2.512403965,1,0.996421218,0.033716816
16,9,1,2.000939846,1,0.998584151,0.012348586
16,9,2,2.685173512,1,0.997937262,0.017261554
16,9,3,1.695020795,1,0.997922122,0.046420462
16,9,4,1.869976282,1,0.998826921,0.013329363
16,9,5,2.214650154,1,0.998912096,0.031536225
16,9,6,1.660812736,1,0.998807669,0.006843272
16,9,7,1.9874506,1,0.998736143,0.019751001
16,9,8,2.437685728,1,0.99860841,0.009102201
16,9,9,1.663549662,1,0.998598456,0.00750227
16,9,10,1.166611791,1,0.998601913,0.039984237
16,9,11,2.575367928,1,0.996373713,0.005988949
16,10,0,2.573239326,1,0.994214237,0.011748788
16,10,1,1.97533679,1,0.996556997,0.010791323
16,10,2,2.435502052,1,0.995708525,0.010908017
16,10,3,2.938704491,1.000000238,0.990682781,0.012722518
16,10,4,3.220218897,1,0.99560684,0.022268215
16,10,5,1.072335839,1,0.996900201,0.027423596
16,10,6,1.826552987,1,0.996374071,0.008438471
16,10,7,2.753431559,1,0.997385621,0.028026054
16,10,8,2.339272022,1,0.997091711,0.012963355
16,10,9,1.430668473,1,0.997099519,0.066249147
16,10,10,1.986986876,1,0.996814668,0.008789581
16,10,11,2.045722961,1,0.997101188,0.040651534
16,11,0,4.780319214,1.000001431,0.892860413,0.026038103
16,11,1,2.772399187,1,0.908052504,0.017071094
16,11,2,2.501022816,1.000000119,0.904657781,0.008561766
16,11,3,2.458530664,1,0.908617198,0.030790897
16,11,4,3.90491581,1.000000119,0.909776688,0.016222432
16,11,5,2.287247896,1,0.90660578,0.012624215
16,11,6,2.083464384,1,0.905821621,0.007140657
16,11,7,2.467465401,1,0.907260478,0.018441131
16,11,8,3.785111666,1.000022531,0.098796733,0.095588177
16,11,9,2.065079212,1,0.905986726,0.008098495
16,11,10,2.791319847,1,0.911130369,0.052042086
16,11,11,2.921798706,1,0.910837889,0.037076917
17,0,0,4.433008671,1.00001812,0.80425638,0.02037343
17,0,1,0.463011056,1.000031233,0.812273443,0.855078161
17,0,2,4.659141064,1.000012398,0.801369071,0.039481156
17,0,3,0.434458464,1.000030994,0.794190466,0.830208361
17,0,4,1.184919477,1.000028849,0.793497264,0.579927683
17,0,5,1.395008802,1.00002563,0.777549803,0.654139221
17,0,6,4.312105179,1.000021577,0.734491289,0.031189878
17,0,7,1.853040218,1.000027776,0.756151736,0.16041027
17,0,8,4.240086079,1.000024676,0.810132086,0.060615025
17,0,9,4.643383026,1.000018597,0.84942472,0.021440601
17,0,10,4.230082512,1.000025511,0.881523907,0.158421323
17,0,11,5.429944515,1.000014663,0.733831823,0.007632113
17,1,0,2.320561409,1.000027776,0.715351045,0.101359122
17,1,1,2.744006395,1.000022292,0.714990795,0.097066052
17,1,2,4.746912956,1.000016451,0.679109216,0.026286134
17,1,3,4.284086704,1.000001311,0.693211198,0.035350692
17,1,4,3.740969181,1.000010848,0.816537797,0.069778763
17,1,5,4.569143772,1.000011086,0.83674711,0.083765432
17,1,6,4.445877075,1.000011086,0.817937672,0.038414154
17,1,7,4.932331562,1.000012279,0.832387149,0.018814554
17,1,8,5.32741642,1.000004292,0.802061677,0.00966333
17,1,9,5.407373905,1.000007272,0.782096684,0.00691788
17,1,10,4.442024708,1.000014305,0.609673738,0.041267253
17,1,11,1.685182214,1.00002861,0.764540434,0.67431891
17,2,0,2.515363455,1.000001192,0.885823011,0.100106016
17,2,1,4.72593689,1.000000954,0.876619756,0.012067175
17,2,2,1.09111166,1.000005841,0.883912683,0.121165715
17,2,3,1.939622879,1.000005364,0.860298336,0.132148147
17,2,4,1.687386036,1.000000119,0.871249616,0.08771123
17,2,5,1.824698091,1.000004053,0.876984239,0.137151882
17,2,6,2.787436485,1.000004292,0.824730098,0.078282051
17,2,7,2.621529102,1,0.843094409,0.032590341
17,2,8,1.891411901,1.000002146,0.896050036,0.109421618
17,2,9,1.748012066,1.00000596,0.855217755,0.122324169
17,2,10,3.109210253,1.00002861,0.510908902,0.128169343
17,2,11,3.121388435,1.000000238,0.885004461,0.1086151
17,3,0,2.727852345,1,0.99417299,0.069083884
17,3,1,1.899134755,1,0.994249701,0.059564486
17,3,2,1.433847547,1.000000358,0.98822695,0.112443119
17,3,3,0.915719807,1,0.994103432,0.057899211
17,3,4,3.558484793,1,0.99458158,0.009108063
17,3,5,2.723757744,1,0.995316148,0.037032757
17,3,6,1.702944398,1.000000358,0.986965001,0.156281888
17,3,7,1.421469092,1.000000238,0.991566598,0.108850904
17,3,8,1.54829824,1.000000238,0.990178347,0.112589508
17,3,9,1.567813277,1,0.994991899,0.070959404
17,3,10,1.761458158,1,0.99433291,0.157606989
17,3,11,1.782311201,1.000000119,0.993046224,0.099322863
17,4,0,1.216139317,1,0.916373968,0.060427584
17,4,1,1.568398237,1,0.91755408,0.06343855
17,4,2,2.259804249,1,0.914822817,0.015413002
17,4,3,1.546466589,1,0.917103171,0.071420319
17,4,4,2.86407733,1,0.915626347,0.042020887
17,4,5,1.491501808,1,0.91619879,0.06886325
17,4,6,2.004657269,1,0.916438282,0.041222043
17,4,7,1.790555716,1.000000477,0.918569922,0.489432693
17,4,8,3.50643611,1,0.917661846,0.016492452
17,4,9,1.83648777,1,0.916639268,0.037369203
17,4,10,3.187393427,1,0.915612221,0.013806614
17,4,11,0.010437368,1.000027537,0.136601195,0.004021446
17,5,0,2.056785107,1,0.998160183,0.012857688
17,5,1,0.220181555,1,0.997659326,0.004340404
17,5,2,1.423530698,1,0.998055518,0.022775328
17,5,3,2.276239157,1.000000119,0.995161057,0.034967575
17,5,4,1.517680168,1,0.997944593,0.050795536
17,5,5,1.901364803,1,0.998100877,0.011775204
17,5,6,0.66820246,1,0.997900546,0.023987988
17,5,7,0.989049375,1,0.997975528,0.041352034
17,5,8,1.095077038,1,0.998028517,0.028412521
17,5,9,2.750276566,1,0.998318851,0.007246205
17,5,10,3.544259071,1.000000238,0.987272859,0.043599371
17,5,11,2.521277666,1,0.998196363,0.107234351
17,6,0,1.804878235,1.000000119,0.995899439,0.034990557
17,6,1,0.697130203,1,0.99816817,0.01994634
17,6,2,3.529877901,1,0.99785769,0.013265979
17,6,3,1.597923994,1,0.998558402,0.01583337
17,6,4,3.682284594,1.000000119,0.99384588,0.024412502
17,6,5,1.714244604,1,0.998605132,0.061763182
17,6,6,2.710868597,1,0.998662174,0.068006881
17,6,7,2.181706667,1,0.998392284,0.044122785
17,6,8,1.212061882,1,0.998482883,0.027491525
17,6,9,0.616540551,1,0.998058319,0.004933028
17,6,10,3.384150267,1,0.998455822,0.010594932
17,6,11,1.577063918,1,0.998344362,0.045468863
17,7,0,1.086270094,1,0.998965979,0.028515
17,7,1,2.489286184,1,0.999121487,0.01504393
17,7,2,0.461456031,1,0.99922365,0.003787911
17,7,3,1.560304642,1,0.999482095,0.045108546
17,7,4,0.95653224,1,0.999379337,0.015596538
17,7,5,2.727945328,1,0.99735266,0.026036281
17,7,6,3.012629747,1,0.999350786,0.011054507
17,7,7,1.816618562,1,0.999401987,0.013276125
17,7,8,1.27534914,1,0.999147415,0.038063962
17,7,9,1.436859727,1,0.999359727,0.030378113
17,7,10,0.695044696,1,0.999269247,0.004892288
17,7,11,2.186135769,1,0.999429882,0.007859665
17,8,0,3.259355783,1,0.99867636,0.022783134
17,8,1,1.023730636,1,0.998522699,0.009019069
17,8,2,4.060823917,1.000000119,0.993549585,0.012428544
17,8,3,2.017809868,1,0.998806715,0.020076234
17,8,4,1.163545966,1,0.998718441,0.048150871
17,8,5,1.908659577,1,0.997840703,0.038888559
17,8,6,1.940612555,1,0.998824716,0.01736843
17,8,7,1.207161427,1,0.998319447,0.051651128
17,8,8,2.277583361,1,0.998578072,0.031017119
17,8,9,2.040736675,1,0.998821318,0.027847018
17,8,10,2.189073324,1,0.998970747,0.06161223
17,8,11,1.939312816,1,0.998721898,0.018174771
17,9,0,2.425135136,1.000000119,0.997585356,0.037717339
17,9,1,2.00222826,1,0.998996675,0.014117418
17,9,2,2.495719194,1,0.998725533,0.019528858
17,9,3,1.657489538,1,0.998353541,0.046681203
17,9,4,1.726675272,1,0.999148786,0.012514642
17,9,5,2.355669498,1,0.999258399,0.034521554
17,9,6,1.477394819,1,0.999171674,0.006684867
17,9,7,1.89397049,1,0.999132156,0.020756003
17,9,8,2.294120789,1,0.998590529,0.010598186
17,9,9,1.440844893,1,0.999149382,0.007266105
17,9,10,1.146052361,1,0.999042571,0.040051993
17,9,11,2.569562674,1,0.998257637,0.006240754
17,10,0,2.422636986,1,0.99710691,0.014407074
17,10,1,1.800711989,1,0.998005152,0.010037087
17,10,2,2.197483063,1,0.99786073,0.009301472
17,10,3,2.756709814,1,0.994754255,0.012701737
17,10,4,3.05788517,1,0.996636152,0.022536511
17,10,5,0.998606622,1,0.998245418,0.026055787
17,10,6,1.81269598,1,0.998160005,0.008947466
17,10,7,2.516691446,1,0.998323798,0.028128318
17,10,8,2.213945389,1,0.998301327,0.010678291
17,10,9,1.44397974,1,0.99824965,0.061605431
17,10,10,1.741316676,1,0.998309076,0.007257721
17,10,11,1.978224516,1,0.998347521,0.038819831
17,11,0,4.642089844,1.000000834,0.902557611,0.027796116
17,11,1,2.546556473,1,0.910269797,0.016785938
17,11,2,2.193307638,1,0.908441365,0.008256477
17,11,3,2.3711586,1,0.911244333,0.032735277
17,11,4,3.736335754,1,0.913535535,0.015996238
17,11,5,2.145949364,1,0.90927273,0.011946348
17,11,6,1.900247693,1,0.90834707,0.006818968
17,11,7,2.363013268,1,0.910053968,0.017286001
17,11,8,3.739223242,1.000023842,0.085967988,0.103954837
17,11,9,1.910733223,1,0.908800662,0.008142075
17,11,10,2.514062166,1,0.912427306,0.050753061
17,11,11,2.752536774,1,0.912731409,0.041466672
18,0,0,4.429186821,1.000017524,0.812432826,0.020502366
18,0,1,0.423297822,1.000031471,0.81867528,0.872037709
18,0,2,4.622310162,1.000014305,0.812719584,0.042117387
18,0,3,0.433901012,1.000031233,0.801366746,0.835602343
18,0,4,1.181237459,1.00002861,0.798366308,0.583786726
18,0,5,1.341097713,1.000027061,0.790253282,0.677661061
18,0,6,4.324423313,1.000021458,0.744508326,0.029647237
18,0,7,1.857138276,1.000028849,0.762644053,0.156705692
18,0,8,4.252744198,1.000024796,0.816809237,0.060406063
18,0,9,4.649343491,1.000018835,0.857276976,0.020884443
18,0,10,4.236771107,1.000024796,0.885998785,0.158682749
18,0,11,5.437531948,1.000012994,0.730578661,0.007378589
18,1,0,2.335487604,1.000028014,0.713470221,0.099064514
18,1,1,2.734188795,1.000022888,0.704898894,0.095117286
18,1,2,4.756415367,1.000017285,0.681011975,0.026074305
18,1,3,4.292768955,1.000001311,0.695595026,0.035206165
18,1,4,3.739364862,1.000010133,0.817826629,0.069690101
18,1,5,4.574504375,1.000010967,0.836127818,0.079900868
18,1,6,4.431672096,1.000011206,0.822979212,0.040244102
18,1,7,4.937269211,1.00001204,0.836508572,0.018461123
18,1,8,5.329437256,1.000004292,0.800388753,0.009655534
18,1,9,5.41295433,1.000006914,0.779966116,0.006954029
18,1,10,4.449486732,1.000014067,0.6042521,0.040827412
18,1,11,1.725774288,1.000028253,0.768607676,0.674823999
18,2,0,2.546351671,1.000000954,0.888589442,0.096765734
18,2,1,4.740596294,1.000000834,0.874178469,0.010789468
18,2,2,1.088651776,1.000004292,0.888938308,0.121180266
18,2,3,1.944145322,1.000005126,0.861262739,0.13064155
18,2,4,1.704612255,1.000000238,0.874778152,0.080955118
18,2,5,1.842301488,1.000004649,0.878859699,0.135772467
18,2,6,2.763229132,1.000005007,0.815596402,0.078193218
18,2,7,2.609326124,1,0.847103298,0.032552473
18,2,8,1.897741079,1.000001669,0.898908973,0.110933147
18,2,9,1.76432097,1.000003576,0.871625364,0.123254821
18,2,10,3.113693953,1.00002861,0.505927801,0.126963973
18,2,11,3.134078026,1.000000358,0.888475597,0.108419724
18,3,0,2.737949848,1,0.993969381,0.064912587
18,3,1,1.89428103,1,0.994196951,0.059103124
18,3,2,1.401442528,1.000000358,0.985851467,0.107723124
18,3,3,0.903030515,1,0.993980169,0.056987762
18,3,4,3.525993586,1,0.994299471,0.009003686
18,3,5,2.710009575,1,0.995140254,0.037952647
18,3,6,1.703023314,1.000000358,0.987238109,0.150468603
18,3,7,1.433453202,1.000000238,0.991746902,0.111527093
18,3,8,1.550748587,1.000000358,0.990045905,0.115724646
18,3,9,1.551312804,1,0.994958878,0.071820423
18,3,10,1.785032868,1,0.994197667,0.159006372
18,3,11,1.7838341,1.000000119,0.992617965,0.098131798
18,4,0,1.228610754,1,0.916442871,0.058232445
18,4,1,1.590220332,1,0.917701185,0.059300989
18,4,2,2.23724246,1,0.914921522,0.015914423
18,4,3,1.565806508,1,0.917390764,0.067082211
18,4,4,2.928000212,1,0.91590786,0.040394206
18,4,5,1.497171044,1,0.916341245,0.064883001
18,4,6,2.022265434,1,0.916594446,0.039536078
18,4,7,1.846101642,1.000000596,0.919026911,0.474652588
18,4,8,3.60665226,1,0.918179929,0.016172059
18,4,9,1.834232211,1,0.916716635,0.037833836
18,4,10,3.285161257,1,0.915917635,0.013276296
18,4,11,0.01059624,1.000029087,0.13508673,0.003550291
18,5,0,2.214288235,1,0.998015404,0.014056727
18,5,1,0.224739134,1,0.997469485,0.00449538
18,5,2,1.421978116,1,0.997946918,0.021081334
18,5,3,2.253864765,1,0.995741785,0.034168899
18,5,4,1.519296408,1,0.997790933,0.051328182
18,5,5,2.033971548,1,0.998029172,0.011402373
18,5,6,0.680487752,1,0.997750044,0.024740534
18,5,7,0.979925573,1,0.99778825,0.04453329
18,5,8,1.131514072,1,0.997916639,0.02654374
18,5,9,2.852154016,1,0.998238385,0.006930319
18,5,10,3.675706625,1.000000358,0.985723555,0.044751279
18,5,11,2.596964121,1,0.998085558,0.103396185
18,6,0,1.769534111,1,0.996469438,0.034844723
18,6,1,0.752129793,1,0.998291016,0.021802438
18,6,2,3.498852253,1,0.998115599,0.013423239
18,6,3,1.548012376,1,0.998614073,0.016551504
18,6,4,3.687374353,1.000000238,0.994210064,0.021762323
18,6,5,1.716284871,1,0.998705506,0.061080322
18,6,6,2.704826832,1,0.998764753,0.066371053
18,6,7,2.203903913,1,0.998238325,0.046062168
18,6,8,1.199350238,1,0.998571634,0.0271332
18,6,9,0.668096483,1,0.998184979,0.00591993
18,6,10,3.495735645,1,0.998511672,0.011728945
18,6,11,1.537653089,1,0.998421609,0.04697169
18,7,0,1.121450305,1,0.998939872,0.028239645
18,7,1,2.627211571,1,0.998942971,0.016469847
18,7,2,0.516227186,1,0.999208391,0.003570845
18,7,3,1.52677536,1,0.999465704,0.045393005
18,7,4,0.945269704,1,0.999362946,0.01585917
18,7,5,2.725369453,1,0.997756779,0.025981175
18,7,6,3.164236069,1,0.999262214,0.010997169
18,7,7,1.887819886,1,0.999406815,0.012579675
18,7,8,1.296054125,1,0.999133646,0.042379215
18,7,9,1.372720122,1,0.999366581,0.028983559
18,7,10,0.742099404,1,0.999259412,0.005108713
18,7,11,2.282254457,1,0.999410629,0.007993457
18,8,0,3.309052467,1,0.998046637,0.022134861
18,8,1,1.010239959,1,0.997823358,0.007314968
18,8,2,4.275667667,1.000000238,0.986941516,0.013057799
18,8,3,1.948256493,1,0.998194754,0.019645739
18,8,4,1.138648629,1,0.998025656,0.047288269
18,8,5,1.911644459,1,0.99790293,0.038430799
18,8,6,2.173224449,1,0.998250067,0.018911792
18,8,7,1.263036489,1,0.997538388,0.053660035
18,8,8,2.359161139,1,0.997890651,0.034328748
18,8,9,2.134905577,1,0.998259723,0.02826117
18,8,10,2.208200932,1,0.998394251,0.062607512
18,8,11,1.829106688,1,0.997971714,0.01554317
18,9,0,2.479793072,1,0.995732248,0.039146375
18,9,1,1.857763052,1,0.998591483,0.010747132
18,9,2,2.426974058,1,0.998479605,0.017768869
18,9,3,1.642083406,1,0.997857332,0.045793258
18,9,4,1.75608778,1,0.99879092,0.012489308
18,9,5,2.226612806,1,0.998867273,0.029789552
18,9,6,1.438353419,1,0.998755097,0.006066197
18,9,7,1.883048892,1,0.998780668,0.020619264
18,9,8,2.437835217,1,0.997046709,0.009532131
18,9,9,1.297795773,1,0.998778522,0.005703287
18,9,10,1.144755006,1,0.998589337,0.040023465
18,9,11,2.656480074,1,0.997092009,0.005836491
18,10,0,2.436122179,1,0.997015774,0.012948062
18,10,1,1.674535275,1,0.998567641,0.009201024
18,10,2,2.193048954,1,0.997962058,0.009657516
18,10,3,2.889591932,1,0.996647298,0.01277904
18,10,4,3.042475224,1,0.997366369,0.020998947
18,10,5,1.007091999,1,0.998421907,0.028677462
18,10,6,1.93701911,1,0.998124182,0.009750274
18,10,7,2.638512135,1,0.998541892,0.030730871
18,10,8,2.156104803,1,0.998516858,0.011463565
18,10,9,1.415580511,1,0.998538613,0.064630881
18,10,10,1.722494483,1,0.998504579,0.007744685
18,10,11,1.950490832,1,0.998519957,0.038330883
18,11,0,4.648003101,1.000000834,0.89812094,0.028230818
18,11,1,2.658678532,1,0.909377158,0.014330098
18,11,2,2.452714443,1,0.908643007,0.008430711
18,11,3,2.378029823,1,0.910198808,0.03166265
18,11,4,3.833954811,1,0.91359067,0.016212396
18,11,5,2.121361494,1,0.908040285,0.011417426
18,11,6,1.934230685,1,0.907633185,0.007162423
18,11,7,2.74069953,1,0.910243571,0.016724806
18,11,8,3.819094896,1.000023127,0.092333965,0.090295859
18,11,9,1.867711306,1,0.907428205,0.007678568
18,11,10,2.708994865,1,0.912432909,0.047796857
18,11,11,2.744435787,1,0.912869871,0.044311315
19,0,0,4.491436958,1.000018597,0.817265272,0.018646602
19,0,1,0.446878701,1.00003314,0.815456629,0.859389305
19,0,2,4.681467056,1.000014305,0.804818869,0.040785119
19,0,3,0.413183779,1.000032067,0.799207151,0.836129069
19,0,4,1.11792624,1.000029445,0.794029295,0.604033291
19,0,5,1.370501757,1.000027776,0.786969781,0.652266324
19,0,6,4.37688446,1.000022769,0.757003248,0.029512683
19,0,7,1.851187587,1.000029922,0.760709047,0.158747062
19,0,8,4.258117199,1.000025868,0.82435894,0.061805472
19,0,9,4.670782089,1.000019908,0.857343316,0.020128822
19,0,10,4.266968727,1.000027061,0.886082113,0.157643557
19,0,11,5.508198738,1.000015616,0.733881056,0.006880221
19,1,0,2.319347143,1.000028849,0.71726644,0.103819177
19,1,1,2.749369621,1.000023246,0.725087166,0.098195136
19,1,2,4.774245739,1.000015974,0.711989045,0.025222855
19,1,3,4.340133667,1.00000155,0.702775538,0.035306651
19,1,4,3.738254547,1.000011563,0.825373411,0.069359213
19,1,5,4.615132332,1.000013232,0.839969575,0.076632209
19,1,6,4.503144741,1.000010848,0.828199029,0.036895972
19,1,7,4.952960968,1.000013828,0.837230325,0.017634945
19,1,8,5.387575626,1.000004649,0.808387041,0.009345809
19,1,9,5.502589703,1.000007749,0.794454813,0.006574689
19,1,10,4.494452953,1.000014901,0.622638166,0.040304493
19,1,11,1.734596014,1.000029087,0.769172311,0.667029262
19,2,0,2.508620977,1.000000954,0.893264592,0.099234134
19,2,1,4.762861252,1.000000834,0.882192791,0.010432218
19,2,2,1.080923796,1.000004888,0.8879143,0.122136101
19,2,3,1.91011703,1.000003695,0.872941434,0.137953013
19,2,4,1.693744421,1.000000119,0.878687799,0.085213169
19,2,5,1.833528399,1.000004649,0.882162631,0.145509675
19,2,6,2.762659788,1.000003219,0.847523928,0.077284053
19,2,7,2.5081563,1,0.852124929,0.031794652
19,2,8,1.862597585,1.000002027,0.902115285,0.114826351
19,2,9,1.744754791,1.000004888,0.865535498,0.132075459
19,2,10,3.105013371,1.00003016,0.500341356,0.128668875
19,2,11,3.149310112,1.000000358,0.894857407,0.110670313
19,3,0,2.744160891,1,0.995138764,0.069285482
19,3,1,1.854295135,1,0.995132506,0.06149216
19,3,2,1.422091246,1.000000358,0.98913455,0.114351332
19,3,3,0.897116244,1,0.995175302,0.059312914
19,3,4,3.614120007,1,0.995343149,0.00832133
19,3,5,2.628141165,1,0.995959818,0.035491519
19,3,6,1.684109569,1.000000358,0.989456177,0.160194904
19,3,7,1.422641873,1.000000238,0.99277997,0.116152771
19,3,8,1.525418997,1.000000238,0.991360128,0.116491258
19,3,9,1.527118683,1,0.995748937,0.071716607
19,3,10,1.762490511,1,0.995289862,0.162268072
19,3,11,1.774181843,1,0.994744837,0.104751781
19,4,0,1.229085565,1,0.916347444,0.052681774
19,4,1,1.576110125,1,0.917408228,0.063565321
19,4,2,2.144334316,1,0.914556861,0.014378805
19,4,3,1.59451437,1.000000119,0.917292535,0.070847444
19,4,4,2.955374718,1,0.915783346,0.041950382
19,4,5,1.519975543,1,0.916235328,0.068191729
19,4,6,2.013640404,1,0.916377068,0.041079052
19,4,7,1.860843778,1.000000477,0.918799043,0.469525278
19,4,8,3.507538557,1,0.917386472,0.014819904
19,4,9,1.810933232,1,0.916259527,0.038472842
19,4,10,3.180879593,1,0.915430605,0.012532717
19,4,11,0.009554989,1.00003159,0.129645109,0.003705038
19,5,0,2.320832491,1,0.998188019,0.01215987
19,5,1,0.294910699,1,0.997802138,0.003764522
19,5,2,1.407589078,1,0.998134613,0.021612482
19,5,3,2.234045267,1.000000119,0.996590376,0.031303622
19,5,4,1.481450081,1,0.997988105,0.050708197
19,5,5,1.925617099,1,0.998204231,0.011227031
19,5,6,0.644255221,1,0.997976482,0.023003355
19,5,7,0.938974977,1,0.998030484,0.041470133
19,5,8,1.053569436,1,0.998091459,0.025421467
19,5,9,2.923132181,1,0.998394549,0.006145484
19,5,10,3.651706457,1.000000238,0.986736834,0.043618944
19,5,11,2.580105066,1,0.998253644,0.094821692
19,6,0,1.819962263,1,0.995938838,0.034647636
19,6,1,0.732696176,1,0.998326838,0.020946002
19,6,2,3.439719439,1,0.998073041,0.012285743
19,6,3,1.505729914,1,0.998626113,0.01530685
19,6,4,3.56516099,1.000000119,0.994572997,0.022014061
19,6,5,1.692105651,1,0.998726308,0.061240196
19,6,6,2.72860384,1,0.998765528,0.063494928
19,6,7,2.225280762,1,0.998486519,0.046445128
19,6,8,1.186995625,1,0.998577654,0.026161764
19,6,9,0.668196142,1,0.998270571,0.004013044
19,6,10,3.404669523,1,0.998463273,0.010580895
19,6,11,1.554493666,1,0.998485804,0.044346068
19,7,0,1.104314446,1,0.999084532,0.026640585
19,7,1,2.538566351,1,0.999192297,0.011794148
19,7,2,0.676985621,1,0.999405146,0.003489928
19,7,3,1.459246516,1,0.999586165,0.042885952
19,7,4,0.956143498,1,0.999506533,0.014505237
19,7,5,2.528653383,1,0.998596609,0.02397142
19,7,6,3.028468609,1,0.999512315,0.010448849
19,7,7,2.260286808,1,0.999392748,0.014085115
19,7,8,1.294171572,1,0.999372244,0.034180481
19,7,9,1.35670054,1,0.99950701,0.025508856
19,7,10,0.75158143,1,0.999409735,0.004124822
19,7,11,2.351237297,1,0.999504089,0.006828563
19,8,0,3.229161263,1,0.99862057,0.019923981
19,8,1,1.249653578,1,0.998693466,0.008469306
19,8,2,3.965596676,1.000000119,0.994275451,0.011028396
19,8,3,1.699614644,1,0.998863935,0.016347928
19,8,4,1.105721474,1,0.998808146,0.043005738
19,8,5,1.926997304,1,0.998359621,0.036072295
19,8,6,2.242955446,1,0.998839557,0.017187688
19,8,7,1.288037062,1,0.998020768,0.055091117
19,8,8,2.229860544,1,0.998632967,0.030199703
19,8,9,2.005913019,1,0.998916686,0.026877679
19,8,10,2.152461052,1,0.999032795,0.059224974
19,8,11,1.777284265,1,0.99876672,0.01747323
19,9,0,2.430554152,1,0.997865319,0.03937459
19,9,1,1.84699738,1,0.998928249,0.008761779
19,9,2,2.320378065,1,0.998952687,0.015885117
19,9,3,1.678586602,1,0.998186827,0.048207805
19,9,4,1.660678267,1,0.999062896,0.011660317
19,9,5,2.166376114,1,0.999139547,0.028901119
19,9,6,1.427107334,1,0.999073446,0.00480191
19,9,7,1.818490863,1,0.999022901,0.019721098
19,9,8,2.431153774,1,0.997184336,0.01023946
19,9,9,1.21730566,1,0.999049544,0.004959049
19,9,10,1.103477597,1,0.998953879,0.035825551
19,9,11,2.647532463,1,0.997212052,0.005308704
19,10,0,2.599835157,1,0.996266723,0.014507132
19,10,1,1.684193969,1,0.998077631,0.007724721
19,10,2,1.959944963,1,0.9953776,0.006528995
19,10,3,2.703441143,1,0.994316041,0.010803293
19,10,4,3.007414103,1,0.996813536,0.019982968
19,10,5,0.973554492,1,0.997965395,0.024808586
19,10,6,1.748598337,1,0.998059988,0.007150841
19,10,7,2.539921522,1,0.998191655,0.026665622
19,10,8,2.190668821,1,0.998126388,0.008898593
19,10,9,1.439143062,1,0.997979701,0.063253015
19,10,10,1.74337101,1,0.998031437,0.00755373
19,10,11,2.109859467,1,0.998010457,0.041660678
19,11,0,4.656389713,1.000000715,0.905851722,0.025003135
19,11,1,2.579083204,1,0.910898566,0.014827261
19,11,2,2.371977568,1.000000119,0.908467531,0.008022353
19,11,3,2.270614386,1,0.910794079,0.027460439
19,11,4,3.658709526,1,0.913588285,0.014534688
19,11,5,1.980503321,1,0.909270048,0.009242417
19,11,6,1.878340721,1,0.908948004,0.006781035
19,11,7,2.408498287,1,0.910578728,0.019292189
19,11,8,3.758069038,1.000022888,0.078846805,0.09016899
19,11,9,1.831781149,1,0.909096479,0.006256076
19,11,10,2.516221523,1,0.912421942,0.040249124
19,11,11,2.637682915,1,0.912680864,0.037804022
20,0,0,4.474584103,1.000017643,0.814069927,0.018869916
20,0,1,0.447356582,1.000031114,0.816055834,0.862636387
20,0,2,4.644133568,1.000013351,0.80400902,0.040238641
20,0,3,0.442725688,1.000030756,0.796964586,0.822557569
20,0,4,1.15409255,1.00002861,0.795115829,0.585529387
20,0,5,1.339734674,1.000025868,0.782473028,0.669407725
20,0,6,4.343944073,1.000020385,0.73809582,0.028353535
20,0,7,1.835675597,1.000028372,0.767284214,0.15994747
20,0,8,4.252696991,1.000024676,0.81810528,0.05921888
20,0,9,4.657317162,1.000018001,0.848653615,0.02078486
20,0,10,4.252363682,1.000025272,0.884059906,0.158234149
20,0,11,5.413450718,1.000015378,0.730648398,0.007940162
20,1,0,2.312683344,1.000026703,0.70652467,0.099538587
20,1,1,2.769217014,1.000022292,0.711938322,0.097348332
20,1,2,4.758905888,1.000017285,0.674588799,0.025886107
20,1,3,4.29894495,1.000001431,0.69323504,0.034605272
20,1,4,3.761935234,1.000010729,0.817503393,0.068787493
20,1,5,4.589604855,1.000012994,0.835750163,0.082042284
20,1,6,4.461036205,1.000009179,0.821095288,0.035683751
20,1,7,4.934448719,1.000011206,0.830067396,0.018367583
20,1,8,5.328705311,1.000004172,0.802186728,0.009705888
20,1,9,5.382895947,1.000007868,0.775348306,0.007041845
20,1,10,4.449166298,1.000013947,0.607768476,0.040507734
20,1,11,1.742570281,1.000027537,0.765865505,0.668186843
20,2,0,2.511061668,1.000001073,0.889926136,0.09786547
20,2,1,4.66349268,1.000000834,0.879883051,0.010917003
20,2,2,1.086406469,1.000005484,0.882417142,0.110627189
20,2,3,1.923544407,1.000004292,0.862018943,0.128791094
20,2,4,1.67512393,1.000000119,0.877234399,0.083547369
20,2,5,1.859315157,1.000003815,0.88243103,0.135485649
20,2,6,2.814144611,1.000003576,0.8382864,0.075427942
20,2,7,2.640752077,1,0.850159049,0.032390919
20,2,8,1.915991426,1.000002146,0.899946272,0.108724438
20,2,9,1.771537542,1.000003934,0.867706656,0.123271033
20,2,10,3.136185646,1.000029206,0.499794185,0.125951394
20,2,11,3.124547005,1.000000238,0.889328718,0.106935196
20,3,0,2.6779778,1,0.993649423,0.064777605
20,3,1,1.906901598,1,0.993823588,0.059987362
20,3,2,1.429182887,1.000000596,0.985385895,0.104659393
20,3,3,0.934931338,1,0.993825555,0.058326755
20,3,4,3.476092815,1,0.994019449,0.008716059
20,3,5,2.668069363,1,0.994889021,0.033795167
20,3,6,1.717936873,1.000000358,0.985592842,0.151332989
20,3,7,1.447781205,1.000000238,0.991275191,0.105937086
20,3,8,1.564748406,1.000000358,0.989658713,0.110290386
20,3,9,1.558001757,1,0.994480073,0.072029553
20,3,10,1.77717483,1,0.993908167,0.155194193
20,3,11,1.805523753,1,0.992767751,0.099852882
20,4,0,1.256730318,1,0.916299224,0.0587078
20,4,1,1.596224427,1,0.917847693,0.061658762
20,4,2,2.269563675,1,0.91494298,0.015474361
20,4,3,1.589610457,1,0.917184591,0.066922471
20,4,4,2.947949409,1,0.915966451,0.041120891
20,4,5,1.536696553,1,0.916491687,0.062716506
20,4,6,2.035143614,1,0.916525483,0.039327603
20,4,7,1.871119738,1.000000596,0.919137716,0.474724978
20,4,8,3.55297184,1,0.917815745,0.01517142
20,4,9,1.865003228,1,0.916525245,0.036954075
20,4,10,3.25494051,1,0.915800869,0.013177119
20,4,11,0.010732844,1.00002861,0.136583105,0.003649065
20,5,0,2.076107979,1,0.998235524,0.011673974
20,5,1,0.244167566,1,0.997837245,0.004647905
20,5,2,1.450068355,1,0.998139799,0.020940058
20,5,3,2.252695084,1,0.996039748,0.031811457
20,5,4,1.501229405,1,0.998098314,0.047010005
20,5,5,1.881194711,1,0.998227119,0.011560838
20,5,6,0.660621703,1,0.9980461,0.022609781
20,5,7,0.991901636,1,0.998081982,0.041621074
20,5,8,1.090134621,1,0.99817127,0.025281779
20,5,9,2.711900473,1,0.998447418,0.006341533
20,5,10,3.546161413,1.000000238,0.987623215,0.04255851
20,5,11,2.581687212,1,0.998309553,0.102489591
20,6,0,1.823904872,1.000000119,0.996503234,0.033136237
20,6,1,0.68077898,1,0.998439848,0.018955981
20,6,2,3.461033583,1,0.99818188,0.012850472
20,6,3,1.507591844,1,0.998768032,0.014253652
20,6,4,3.561333895,1,0.995629072,0.020283971
20,6,5,1.651427507,1,0.99883765,0.059047777
20,6,6,2.639549017,1,0.998889029,0.065129146
20,6,7,2.189044952,1,0.998567939,0.042045392
20,6,8,1.247466087,1,0.998740256,0.026927644
20,6,9,0.583973408,1,0.998372316,0.005414594
20,6,10,3.201116323,1,0.998788834,0.010138633
20,6,11,1.556898713,1,0.998529375,0.045555782
20,7,0,1.121053457,1,0.998936594,0.025401494
20,7,1,2.367864132,1,0.999212682,0.012583513
20,7,2,0.503995001,1,0.999314308,0.003326595
20,7,3,1.453969717,1,0.999523938,0.038277786
20,7,4,0.925455034,1,0.99944073,0.013142872
20,7,5,2.612606525,1,0.998211861,0.022594934
20,7,6,2.93898797,1,0.999414384,0.010438378
20,7,7,1.93391335,1,0.999428689,0.013258812
20,7,8,1.318891764,1,0.99919039,0.034097046
20,7,9,1.389955282,1,0.999361992,0.025399202
20,7,10,0.665575206,1,0.999352515,0.004429608
20,7,11,2.15601182,1,0.999253809,0.007223716
20,8,0,3.239746809,1,0.998512268,0.021700026
20,8,1,1.059432745,1,0.998494506,0.00753309
20,8,2,3.995132208,1.000000119,0.993197441,0.011858935
20,8,3,1.768001914,1,0.998741925,0.015576203
20,8,4,1.178169012,1,0.998678744,0.045147132
20,8,5,1.915010095,1,0.998286963,0.034620903
20,8,6,2.200989008,1,0.998748064,0.016025003
20,8,7,1.302726865,1,0.997918069,0.051889572
20,8,8,2.202037811,1,0.998483121,0.029127967
20,8,9,2.046166897,1,0.998800337,0.025502527
20,8,10,2.091823816,1,0.998923123,0.05175617
20,8,11,1.724124908,1,0.998697281,0.014909084
20,9,0,2.374822855,1,0.997574627,0.037603818
20,9,1,1.771295309,1,0.998939455,0.009677556
20,9,2,2.466192007,1,0.998397827,0.019784693
20,9,3,1.697307825,1,0.997947335,0.047925718
20,9,4,1.640808105,1,0.99911046,0.012286353
20,9,5,2.13568759,1,0.999204397,0.029412279
20,9,6,1.347572923,1,0.999076128,0.005621463
20,9,7,1.765258074,1,0.999075294,0.017226098
20,9,8,2.399534702,1,0.99797529,0.008278339
20,9,9,1.102476358,1,0.999063909,0.005161001
20,9,10,1.153050542,1,0.998978257,0.037517708
20,9,11,2.436250687,1,0.998334467,0.005757531
20,10,0,2.386920929,1,0.996170998,0.012457176
20,10,1,1.57703948,1,0.998341322,0.008647601
20,10,2,1.836770654,1,0.997842073,0.007876051
20,10,3,2.771718502,1,0.995766282,0.015515122
20,10,4,2.959779263,1,0.997514486,0.019944707
20,10,5,1.008208871,1,0.998384118,0.025207542
20,10,6,1.661858797,1,0.997650564,0.00833272
20,10,7,2.441075802,1,0.998562396,0.02907275
20,10,8,2.095206022,1,0.998488367,0.010118806
20,10,9,1.435398936,1,0.998393595,0.062273886
20,10,10,1.587671757,1,0.998367071,0.007088249
20,10,11,1.970422387,1,0.998316705,0.040186483
20,11,0,4.657966137,1.000000954,0.900731623,0.026622735
20,11,1,2.47540307,1,0.909807026,0.01692792
20,11,2,2.124115229,1,0.907182515,0.007882429
20,11,3,2.174653292,1,0.909924448,0.02752973
20,11,4,3.590250969,1,0.912902296,0.015182676
20,11,5,1.922601223,1,0.908729196,0.011328143
20,11,6,1.716201544,1,0.907862902,0.006208858
20,11,7,2.257000446,1,0.909727156,0.020077832
20,11,8,3.777009726,1.000023246,0.086423703,0.094783954
20,11,9,1.653635979,1,0.907889128,0.006839996
20,11,10,2.514246464,1,0.912053168,0.045324892
20,11,11,2.714817762,1,0.912356019,0.039940052
21,0,0,4.499211311,1.000017524,0.822845697,0.020084307
21,0,1,0.41423142,1.00003016,0.817215145,0.873436987
21,0,2,4.643373013,1.000015259,0.807825804,0.038486212
21,0,3,0.428043902,1.000030398,0.806394398,0.847442031
21,0,4,1.14008677,1.000027776,0.796278894,0.602272213
21,0,5,1.295000196,1.000025272,0.783234358,0.672188878
21,0,6,4.353618145,1.000022173,0.749304056,0.030640224
21,0,7,1.881118774,1.000027537,0.755619943,0.159701526
21,0,8,4.275067329,1.00002408,0.818662286,0.059648518
21,0,9,4.655230999,1.000018001,0.856910706,0.020212082
21,0,10,4.239126205,1.000023961,0.88648659,0.160846308
21,0,11,5.401606083,1.000015378,0.735425234,0.007599543
21,1,0,2.375358105,1.00002718,0.708409846,0.099051282
21,1,1,2.73439765,1.000021577,0.690159023,0.093887232
21,1,2,4.747580528,1.000017405,0.664245665,0.026354717
21,1,3,4.287560463,1.000001073,0.688815713,0.034809541
21,1,4,3.763315439,1.000010252,0.81394583,0.068513833
21,1,5,4.559363842,1.000011206,0.835377634,0.085440323
21,1,6,4.445103168,1.00001049,0.824796617,0.04146979
21,1,7,4.93317461,1.000013113,0.836417258,0.01803441
21,1,8,5.310894489,1.000004292,0.803915977,0.009637349
21,1,9,5.37740469,1.00000608,0.775269151,0.007055997
21,1,10,4.441327095,1.000013471,0.606977582,0.040781479
21,1,11,1.717489243,1.000026464,0.774641454,0.673103213
21,2,0,2.514549017,1.000001311,0.879893661,0.097716033
21,2,1,4.623936176,1.000000596,0.867945254,0.01105379
21,2,2,1.110078454,1.000003934,0.886981964,0.125130787
21,2,3,1.920037866,1.000005364,0.854335964,0.131575704
21,2,4,1.669968009,1.000000119,0.863023818,0.083699949
21,2,5,1.810721278,1.000005126,0.866389036,0.135246485
21,2,6,2.714751244,1.000005722,0.792640746,0.076477468
21,2,7,2.669241667,1,0.835979223,0.032338548
21,2,8,1.8677423,1.000002146,0.890019774,0.109166831
21,2,9,1.722784877,1.000006199,0.84153837,0.121566221
21,2,10,3.117941856,1.00002861,0.499131292,0.127385974
21,2,11,3.098276615,1.000000238,0.877384543,0.107821196
21,3,0,2.703136921,1,0.994113147,0.065694578
21,3,1,1.886655331,1,0.994045436,0.0616173
21,3,2,1.412477016,1.000000358,0.987008691,0.113556311
21,3,3,0.917958796,1,0.994066954,0.059126277
21,3,4,3.519706488,1,0.994421899,0.009082399
21,3,5,2.709050655,1,0.995283484,0.03628882
21,3,6,1.709220409,1.000000358,0.987921774,0.156965047
21,3,7,1.410174847,1.000000358,0.991705179,0.108780175
21,3,8,1.515040398,1.000000238,0.989021122,0.113029853
21,3,9,1.568033457,1,0.994962335,0.067815267
21,3,10,1.783643603,1,0.994328678,0.161667019
21,3,11,1.76976347,1,0.99371624,0.100182489
21,4,0,1.203892231,1.000000238,0.916466892,0.05732967
21,4,1,1.584293485,1,0.917438328,0.061528753
21,4,2,2.343013048,1,0.914996564,0.016563276
21,4,3,1.586338043,1.000000119,0.91753763,0.071148589
21,4,4,2.869904995,1,0.915569246,0.041134462
21,4,5,1.476261854,1,0.915870905,0.063675739
21,4,6,2.037156582,1,0.916612267,0.040515345
21,4,7,1.856164694,1.000000596,0.917836249,0.47638613
21,4,8,3.556755066,1,0.917824566,0.016065262
21,4,9,1.829306364,1,0.916478395,0.0366784
21,4,10,3.27211833,1,0.915668905,0.012857048
21,4,11,0.011274734,1.000028014,0.13993454,0.003722331
21,5,0,2.143767595,1,0.998370945,0.013880149
21,5,1,0.278951645,1,0.997947156,0.005310433
21,5,2,1.420930505,1,0.998274863,0.023413267
21,5,3,2.259624004,1.000000119,0.99630928,0.03535663
21,5,4,1.514560938,1,0.998176217,0.056172464
21,5,5,1.909088969,1,0.998371661,0.012551947
21,5,6,0.656882048,1,0.998168409,0.024510141
21,5,7,0.980548441,1,0.998185515,0.044514827
21,5,8,1.092217803,1,0.998294055,0.030308777
21,5,9,2.787979603,1,0.998581469,0.006536745
21,5,10,3.512660027,1.000000238,0.989579737,0.049050637
21,5,11,2.591757298,1,0.998433173,0.101016968
21,6,0,1.800595284,1.000000119,0.995493352,0.037503473
21,6,1,0.655998468,1,0.998025835,0.02010664
21,6,2,3.522211313,1,0.997660041,0.013266328
21,6,3,1.568476677,1,0.998434067,0.017361872
21,6,4,3.625430584,1.000000119,0.993306577,0.023670981
21,6,5,1.664566398,1,0.998502135,0.062176999
21,6,6,2.647219658,1,0.998562396,0.064261258
21,6,7,2.15255785,1,0.998309314,0.045671925
21,6,8,1.210819125,1,0.998379946,0.02860889
21,6,9,0.596894205,1,0.997964084,0.004453777
21,6,10,3.350270748,1,0.998195648,0.012132197
21,6,11,1.536320448,1,0.998288929,0.046912763
21,7,0,1.094673514,1,0.998974621,0.029405467
21,7,1,2.551025152,1,0.999121845,0.015925435
21,7,2,0.687429667,1,0.999297082,0.004204445
21,7,3,1.527239919,1,0.999517381,0.04535475
21,7,4,0.949546397,1,0.999407947,0.015762741
21,7,5,2.587206602,1,0.998413682,0.025321424
21,7,6,3.124698639,1,0.999306321,0.010838302
21,7,7,2.051277399,1,0.999350727,0.013269173
21,7,8,1.311228752,1,0.99913919,0.040321141
21,7,9,1.363107562,1,0.99939841,0.029235056
21,7,10,0.770485699,1,0.999304056,0.00422167
21,7,11,2.35631156,1,0.999415398,0.007921165
21,8,0,3.425481796,1,0.998176575,0.020377968
21,8,1,1.131520391,1,0.998146117,0.007784615
21,8,2,4.210882664,1.000000238,0.990796685,0.011586443
21,8,3,1.853585839,1,0.998474836,0.020185383
21,8,4,1.185943007,1,0.998348653,0.050973959
21,8,5,1.916010976,1,0.997699499,0.037353892
21,8,6,2.28530097,1,0.998331964,0.018407648
21,8,7,1.195639014,1,0.997874618,0.05746647
21,8,8,2.220694542,1,0.998367071,0.034236178
21,8,9,1.987613678,1,0.998464346,0.028588789
21,8,10,2.22827816,1,0.998664498,0.06530232
21,8,11,1.920959949,1,0.998350322,0.015825959
21,9,0,2.520761967,1,0.995649159,0.048540343
21,9,1,2.024698019,1,0.998360693,0.011172196
21,9,2,2.450688362,1,0.998033345,0.021150572
21,9,3,1.615356326,1,0.997895777,0.046456125
21,9,4,1.892861366,1,0.998544693,0.013076912
21,9,5,2.278004646,1,0.998687148,0.033291824
21,9,6,1.581334949,1,0.99862808,0.005961906
21,9,7,1.874052048,1,0.998545587,0.021134317
21,9,8,2.396579981,1,0.997883797,0.009527453
21,9,9,1.491675615,1,0.998612225,0.006031476
21,9,10,1.106669784,1,0.998462498,0.039776728
21,9,11,2.834438801,1,0.993796706,0.006168557
21,10,0,2.515363932,1,0.995310545,0.012857347
21,10,1,1.821898937,1,0.997499883,0.008932473
21,10,2,2.406831503,1,0.995139539,0.008990523
21,10,3,2.961736441,1.000000119,0.990680158,0.011352818
21,10,4,3.257984877,1,0.995103478,0.021640195
21,10,5,1.003040791,1,0.99731195,0.027604632
21,10,6,1.990571737,1,0.997093141,0.011386034
21,10,7,2.56025219,1,0.997674346,0.030214721
21,10,8,2.359362364,1,0.997347295,0.010846496
21,10,9,1.433201075,1,0.997405946,0.065549716
21,10,10,1.843922377,1,0.997549474,0.007640746
21,10,11,1.913549304,1,0.997506678,0.042519376
21,11,0,4.705245018,1.000001073,0.894944727,0.025875989
21,11,1,2.737890959,1,0.909578085,0.017266959
21,11,2,2.456028461,1,0.906533837,0.008197512
21,11,3,2.296732903,1,0.909214258,0.032236882
21,11,4,3.789568901,1.000000119,0.912849844,0.015742041
21,11,5,2.266094208,1,0.907912314,0.01135758
21,11,6,2.020822763,1,0.907200992,0.006865453
21,11,7,2.448994637,1,0.908593118,0.01768323
21,11,8,3.850500345,1.000022173,0.091663033,0.091873333
21,11,9,2.000012159,1,0.907301903,0.007152231
21,11,10,2.506751776,1,0.91073823,0.046168275
21,11,11,2.658563614,1,0.911520243,0.046648376
22,0,0,4.513935089,1.000019312,0.822645426,0.021474294
22,0,1,0.377906263,1.000032663,0.822552085,0.885813594
22,0,2,4.704301834,1.000014424,0.802107871,0.039952986
22,0,3,0.39626199,1.000032663,0.806549132,0.839307368
22,0,4,1.096272945,1.00003016,0.797072828,0.600154698
22,0,5,1.20807755,1.000028133,0.796968043,0.690463841
22,0,6,4.409471989,1.000022888,0.748588324,0.026654553
22,0,7,1.827077031,1.000029922,0.764686584,0.152100921
22,0,8,4.286224365,1.000026464,0.828511,0.058969658
22,0,9,4.675951958,1.000020266,0.861461997,0.019954264
22,0,10,4.26126194,1.000026941,0.888446867,0.163420811
22,0,11,5.511577129,1.000016093,0.731792271,0.007018963
22,1,0,2.351611137,1.000029445,0.71351999,0.100627758
22,1,1,2.749480247,1.000024438,0.717274606,0.095801957
22,1,2,4.774024487,1.000015855,0.713418901,0.025248753
22,1,3,4.353202343,1.000001669,0.696651101,0.034994282
22,1,4,3.747514725,1.000012279,0.826642215,0.069560193
22,1,5,4.677880287,1.000012755,0.839898527,0.07739637
22,1,6,4.486225128,1.000011086,0.824492216,0.038737521
22,1,7,4.977265358,1.00001514,0.830527127,0.016972365
22,1,8,5.394740105,1.000005364,0.808795214,0.009296656
22,1,9,5.500266075,1.000008106,0.790153563,0.006455755
22,1,10,4.507129192,1.000014544,0.627090275,0.039875828
22,1,11,1.661905169,1.000029683,0.771552682,0.690712214
22,2,0,2.547379255,1.000000834,0.8923195,0.099195413
22,2,1,4.875029087,1.000001192,0.881007552,0.012167531
22,2,2,1.106806397,1.000003099,0.900429964,0.123486087
22,2,3,1.932217717,1.00000453,0.871074915,0.137122095
22,2,4,1.707576871,1.000000238,0.874878526,0.08301314
22,2,5,1.825900793,1.000004292,0.882253706,0.138853833
22,2,6,2.771443605,1.00000453,0.840786874,0.07683593
22,2,7,2.512972593,1,0.851272345,0.031823032
22,2,8,1.920249104,1.000001788,0.900927782,0.112719215
22,2,9,1.728828907,1.000004888,0.857755125,0.127643168
22,2,10,3.10260725,1.000030518,0.485385597,0.129092962
22,2,11,3.149128199,1.000000358,0.893807411,0.11122036
22,3,0,2.845228434,1,0.995290816,0.07918939
22,3,1,1.848294497,1,0.995161831,0.062303606
22,3,2,1.435704112,1.000000358,0.990883231,0.112847544
22,3,3,0.915525496,1,0.995137632,0.060562942
22,3,4,3.743536472,1,0.995531142,0.008299577
22,3,5,2.66177392,1,0.996060014,0.038365852
22,3,6,1.669288993,1.000000358,0.987620711,0.156481206
22,3,7,1.408510208,1.000000119,0.992514372,0.106193252
22,3,8,1.530334353,1.000000119,0.992064118,0.11463099
22,3,9,1.486109495,1,0.995654166,0.069466367
22,3,10,1.779791117,1,0.995321274,0.156898022
22,3,11,1.759847164,1,0.995158911,0.096855164
22,4,0,1.196247935,1,0.915889382,0.056177758
22,4,1,1.569226384,1,0.916828334,0.062453095
22,4,2,2.165456533,1,0.914393246,0.015172713
22,4,3,1.593904734,1.000000119,0.917046547,0.072595663
22,4,4,2.983762026,1,0.915582061,0.04077198
22,4,5,1.509455085,1,0.91601789,0.065509595
22,4,6,2.009239435,1,0.916160643,0.039735075
22,4,7,1.881733179,1.000000596,0.918004751,0.471815705
22,4,8,3.758227348,1,0.918059409,0.015943663
22,4,9,1.731600523,1,0.915686429,0.037644036
22,4,10,3.339092255,1,0.915622175,0.013061949
22,4,11,0.00965833,1.000030756,0.130927384,0.003731755
22,5,0,2.432383537,1,0.998075664,0.013118008
22,5,1,0.292343318,1,0.997717261,0.004487832
22,5,2,1.38467741,1,0.998044252,0.020313282
22,5,3,2.20040226,1,0.996857047,0.033739183
22,5,4,1.434957623,1,0.99798131,0.049330831
22,5,5,1.994134784,1,0.99817121,0.011037021
22,5,6,0.629807055,1,0.997904599,0.021188485
22,5,7,0.93123734,1,0.997931063,0.041669209
22,5,8,1.073569298,1,0.998049796,0.026219381
22,5,9,3.015990973,1,0.998346686,0.006399214
22,5,10,3.67478919,1.000000358,0.985691786,0.047819786
22,5,11,2.631505013,1,0.998214662,0.089560218
22,6,0,1.76349926,1,0.996954203,0.033945028
22,6,1,0.636892498,1,0.998481035,0.019010155
22,6,2,3.418061972,1,0.998424172,0.012634451
22,6,3,1.48073101,1,0.998799682,0.01591989
22,6,4,3.655905485,1,0.995139122,0.024267077
22,6,5,1.667544961,1,0.998881161,0.060231093
22,6,6,2.771829128,1,0.998928785,0.061570633
22,6,7,2.143800259,1,0.998595238,0.045602236
22,6,8,1.161649108,1,0.998713136,0.025352363
22,6,9,0.65820998,1,0.998445272,0.004373523
22,6,10,3.556896925,1,0.998425484,0.011250164
22,6,11,1.468726516,1,0.998654008,0.048072256
22,7,0,1.072212577,1,0.999051988,0.026932018
22,7,1,2.647903442,1,0.999188483,0.015935266
22,7,2,0.757602572,1,0.999392867,0.003893156
22,7,3,1.395740747,1,0.999563754,0.04094239
22,7,4,0.892217159,1,0.999469578,0.014255955
22,7,5,2.527130365,1,0.998727381,0.02397114
22,7,6,3.17855525,1,0.999364674,0.01106772
22,7,7,2.317156553,1,0.999367476,0.012562049
22,7,8,1.19679749,1,0.99913156,0.033409514
22,7,9,1.235405564,1,0.999479055,0.025684632
22,7,10,0.751066387,1,0.999387681,0.004316784
22,7,11,2.401756763,1,0.999452412,0.006887847
22,8,0,3.282657146,1,0.998617232,0.018722635
22,8,1,1.30599308,1,0.998758554,0.008405351
22,8,2,3.951925039,1.000000119,0.994151831,0.010863695
22,8,3,1.662643433,1,0.998907328,0.017175319
22,8,4,1.095229626,1,0.998835742,0.046519842
22,8,5,1.828360796,1,0.998557448,0.036334075
22,8,6,2.424045324,1,0.99888128,0.019467786
22,8,7,1.237708807,1,0.998253584,0.053715352
22,8,8,2.154336214,1,0.998596907,0.03003829
22,8,9,1.913521528,1,0.998926938,0.025923992
22,8,10,2.136893511,1,0.999052107,0.060175505
22,8,11,1.835715771,1,0.998788595,0.018663209
22,9,0,2.397682667,1,0.996980906,0.043306541
22,9,1,1.845693111,1,0.998769999,0.009670227
22,9,2,2.334521532,1,0.998590529,0.018451499
22,9,3,1.608941913,1,0.998208761,0.047698341
22,9,4,1.639251232,1,0.998933554,0.012922429
22,9,5,2.025912285,1,0.999007642,0.028579298
22,9,6,1.458914876,1,0.998975039,0.006277096
22,9,7,1.632640481,1,0.998873651,0.017912978
22,9,8,2.146626234,1,0.998678148,0.008984457
22,9,9,1.229280114,1,0.998944879,0.005901681
22,9,10,1.035827398,1,0.99881798,0.034799781
22,9,11,2.718891859,1,0.995156646,0.005426109
22,10,0,2.428693056,1,0.997437119,0.015669305
22,10,1,1.709370732,1,0.998015821,0.009182718
22,10,2,2.092550755,1.000000119,0.995583296,0.007510535
22,10,3,2.57842207,1.000000119,0.995446026,0.009578331
22,10,4,2.992032766,1,0.997314394,0.020570263
22,10,5,0.961907506,1,0.99809283,0.025802875
22,10,6,1.768755913,1,0.998167634,0.008898428
22,10,7,2.403315783,1,0.998451829,0.025735831
22,10,8,2.227601051,1,0.998260677,0.009670052
22,10,9,1.400013447,1,0.998113632,0.064101711
22,10,10,1.68176806,1,0.998300493,0.008314661
22,10,11,2.059918642,1,0.998194158,0.039320443
22,11,0,4.605604649,1.000000596,0.907932818,0.026246291
22,11,1,2.346265316,1,0.910168886,0.014317207
22,11,2,2.222159624,1.000000119,0.908336699,0.007495694
22,11,3,2.139355421,1,0.910725355,0.028823031
22,11,4,3.640528679,1.000000119,0.913454115,0.015318749
22,11,5,1.924522638,1,0.909378231,0.010832816
22,11,6,1.879166603,1,0.909132063,0.007347345
22,11,7,2.294324636,1,0.910595357,0.019067321
22,11,8,3.878155947,1.000023723,0.078893445,0.095330052
22,11,9,1.798324108,1,0.90918833,0.006807
22,11,10,2.409112453,1,0.912335992,0.042635739
22,11,11,2.675853968,1,0.913035452,0.0385001
23,0,0,4.230215073,1.000011563,0.781640291,0.020539621
23,0,1,0.416217178,1.000025153,0.790017903,0.871880114
23,0,2,4.455984116,1.000009179,0.791577578,0.04568648
23,0,3,0.429681182,1.000024557,0.769497693,0.822503567
23,0,4,1.245249629,1.0000211,0.786064506,0.568273187
23,0,5,1.223504782,1.00001955,0.775018334,0.681281209
23,0,6,4.088374615,1.000015259,0.724550068,0.032764077
23,0,7,1.907916307,1.000022292,0.753547132,0.168910533
23,0,8,4.112836838,1.000018001,0.806792796,0.06421303
23,0,9,4.534803391,1.000012398,0.837301314,0.022944285
23,0,10,4.126715183,1.000019193,0.875847638,0.159972861
23,0,11,5.03246212,1.000011921,0.738815367,0.011012835
23,1,0,2.285395384,1.000021815,0.701032877,0.106469713
23,1,1,2.695126295,1.000017047,0.718163133,0.099067532
23,1,2,4.489278793,1.000013709,0.620995224,0.034489062
23,1,3,3.934623718,1.000000596,0.678926826,0.04138466
23,1,4,3.708957911,1.000006676,0.80537492,0.070963405
23,1,5,4.331699848,1.000008702,0.829761505,0.086406037
23,1,6,4.191892624,1.000006795,0.808878839,0.039352495
23,1,7,4.653220654,1.00000906,0.818531811,0.021846047
23,1,8,4.978023052,1.000003576,0.803559721,0.012853854
23,1,9,4.961521626,1.000004888,0.764782369,0.009563958
23,1,10,4.316530228,1.000009656,0.557148874,0.040379111
23,1,11,1.658268571,1.000020981,0.752956629,0.670742691
23,2,0,2.421895742,1.000001311,0.88707453,0.10322699
23,2,1,4.373820305,1.000001669,0.865395606,0.016445242
23,2,2,1.119114161,1.000003338,0.891150653,0.120382369
23,2,3,1.900047421,1.000004888,0.858570099,0.132795602
23,2,4,1.601783156,1.000000238,0.869032323,0.084526762
23,2,5,1.829722762,1.000003338,0.878440678,0.136474475
23,2,6,2.748959064,1.00000298,0.835301936,0.080591075
23,2,7,2.992603302,1,0.850967586,0.037285078
23,2,8,1.868917584,1.000002146,0.895049453,0.114902087
23,2,9,1.740674376,1.000004172,0.856872618,0.126456141
23,2,10,3.064020872,1.000022173,0.535619974,0.131311938
23,2,11,2.757889271,1.000000119,0.870550394,0.104681216
23,3,0,2.493328333,1,0.990219712,0.085831217
23,3,1,1.90248394,1,0.990312994,0.068198144
23,3,2,1.420374274,1.000000596,0.978901088,0.119165309
23,3,3,0.944116175,1,0.990383327,0.064801179
23,3,4,3.184915781,1,0.990672052,0.01334856
23,3,5,2.718994617,1,0.992149591,0.039793637
23,3,6,1.692574859,1.000000715,0.977615893,0.159303084
23,3,7,1.412869334,1.000000358,0.985348284,0.11817266
23,3,8,1.539827704,1.000000358,0.983968794,0.124146357
23,3,9,1.513384104,1,0.991320193,0.076571196
23,3,10,1.730835676,1,0.990566194,0.159615025
23,3,11,1.767730713,1.000000238,0.989544272,0.102076113
23,4,0,1.204931259,1.000000119,0.91708678,0.063616186
23,4,1,1.587480903,1.000000119,0.919123411,0.069838569
23,4,2,2.279080629,1,0.915773571,0.017281931
23,4,3,1.600628257,1,0.918846548,0.080193333
23,4,4,2.736950636,1,0.916782796,0.047010064
23,4,5,1.500275016,1,0.91760385,0.069332331
23,4,6,2.014727831,1,0.918075383,0.046741422
23,4,7,1.762989044,1.000000596,0.917767942,0.48984012
23,4,8,3.258098125,1,0.918798387,0.019706242
23,4,9,1.815574765,1,0.917663515,0.039668124
23,4,10,2.891643524,1,0.916284382,0.015524487
23,4,11,0.013128106,1.00002563,0.165867001,0.005789737
23,5,0,1.689712524,1,0.997183442,0.018441427
23,5,1,0.191374987,1,0.996519804,0.006463592
23,5,2,1.416957259,1,0.997095525,0.023616852
23,5,3,2.304714918,1.000000119,0.992905676,0.036398977
23,5,4,1.507526398,1,0.997018397,0.054078992
23,5,5,1.752388597,1,0.997255385,0.01445901
23,5,6,0.664888501,1,0.996873081,0.026291652
23,5,7,0.936611295,1,0.996980309,0.040316235
23,5,8,1.065927148,1,0.997065187,0.028746843
23,5,9,2.601518393,1,0.997502387,0.008967289
23,5,10,3.454969883,1.000000358,0.980607808,0.044334874
23,5,11,2.367786169,1,0.997348845,0.105208948
23,6,0,1.805554748,1.000000119,0.994486392,0.037720017
23,6,1,0.687288821,1,0.997178078,0.022502769
23,6,2,3.238976955,1,0.99707067,0.014352595
23,6,3,1.547681212,1,0.997747838,0.018034428
23,6,4,3.51895237,1.000000238,0.98878634,0.027160862
23,6,5,1.708030224,1,0.997889578,0.066164121
23,6,6,2.435479879,1,0.997916281,0.074214227
23,6,7,2.238657475,1,0.997187614,0.046663616
23,6,8,1.246310472,1,0.997672975,0.028700767
23,6,9,0.538932741,1,0.997043669,0.006336181
23,6,10,2.71998024,1,0.997820079,0.015074764
23,6,11,1.5805825,1,0.997407854,0.050067343
23,7,0,1.087889552,1,0.998673797,0.028778289
23,7,1,2.406860113,1,0.99869138,0.020675821
23,7,2,0.369172633,1,0.99900955,0.005028702
23,7,3,1.529269099,1,0.999355674,0.047427092
23,7,4,0.996285379,1,0.999263048,0.016706862
23,7,5,2.548215628,1,0.997711182,0.025395924
23,7,6,2.741291523,1,0.999226332,0.013293887
23,7,7,1.570969343,1,0.999296248,0.018264001
23,7,8,1.304218531,1,0.998846769,0.03663693
23,7,9,1.458773136,1,0.999152601,0.031782515
23,7,10,0.702490509,1,0.999118805,0.006551467
23,7,11,1.658376694,1,0.999270439,0.008934603
23,8,0,2.852655649,1,0.998247683,0.024028581
23,8,1,0.944163918,1,0.997811913,0.010726369
23,8,2,3.781768084,1.000000119,0.991686046,0.016341466
23,8,3,2.015069485,1,0.998290062,0.021394627
23,8,4,1.15939045,1,0.998101234,0.049853928
23,8,5,1.898451924,1,0.997475088,0.040672835
23,8,6,1.90670681,1,0.998272359,0.024478691
23,8,7,1.214198112,1,0.997276545,0.054374561
23,8,8,2.406603098,1,0.997098207,0.035459049
23,8,9,2.140726805,1,0.998414397,0.031621318
23,8,10,2.081690073,1,0.998550355,0.062955149
23,8,11,1.786925554,1,0.998132527,0.015465599
23,9,0,2.490358114,1.000000119,0.995568633,0.035085954
23,9,1,1.762657642,1,0.997673929,0.014361977
23,9,2,2.541707039,1,0.997035265,0.018857066
23,9,3,1.691721916,1,0.996443987,0.052469686
23,9,4,1.682393074,1,0.998111129,0.015063672
23,9,5,2.039347172,1,0.998251975,0.033505779
23,9,6,1.47907865,1,0.998158216,0.008481133
23,9,7,1.78834188,1,0.998115599,0.020960353
23,9,8,2.454782963,1,0.993096411,0.012724548
23,9,9,1.486829996,1,0.998156369,0.009387939
23,9,10,1.147041559,1,0.997848928,0.042818714
23,9,11,2.185481548,1,0.996891975,0.008189898
23,10,0,2.271491766,1,0.995570779,0.012585131
23,10,1,1.744312286,1,0.997271955,0.013768993
23,10,2,2.095723629,1,0.995484769,0.011977279
23,10,3,2.686864138,1.000000119,0.994147539,0.01511046
23,10,4,2.913203716,1.000000119,0.994027674,0.024534127
23,10,5,1.085529208,1,0.997021854,0.032404855
23,10,6,2.132291079,1,0.996520281,0.011638475
23,10,7,2.462049723,1,0.997661769,0.032221898
23,10,8,1.925399303,1,0.997206509,0.014081297
23,10,9,1.430355549,1,0.997189283,0.068994343
23,10,10,1.668263555,1,0.997336805,0.009376904
23,10,11,2.011081934,1,0.996724904,0.052505601
23,11,0,4.321200848,1.000001192,0.886846721,0.03657357
23,11,1,2.695553541,1,0.909043908,0.020565327
23,11,2,2.184624672,1.000000119,0.901266038,0.008904645
23,11,3,2.247416973,1,0.908278286,0.031657819
23,11,4,3.51530242,1,0.911582947,0.017229106
23,11,5,2.198420525,1,0.90736413,0.014286187
23,11,6,1.920693755,1,0.905810773,0.008907385
23,11,7,2.408534765,1,0.908416927,0.020505309
23,11,8,3.523507357,1.000017762,0.114460319,0.104566313
23,11,9,1.795237064,1,0.905571878,0.009319737
23,11,10,2.609251022,1,0.91204381,0.054990981
23,11,11,2.64392662,1,0.91186738,0.048105668
24,0,0,4.485936642,1.000017881,0.822572708,0.021803681
24,0,1,0.378538877,1.000032306,0.815224051,0.883752167
24,0,2,4.699943542,1.000012755,0.801603258,0.036502011
24,0,3,0.389374971,1.000031233,0.798214853,0.834101439
24,0,4,1.090182185,1.000029087,0.796111882,0.593102038
24,0,5,1.200473547,1.000027537,0.796800375,0.698150635
24,0,6,4.364624977,1.000022292,0.761831284,0.031484641
24,0,7,1.825227857,1.000028729,0.767869771,0.153078705
24,0,8,4.294275284,1.000024796,0.827753782,0.060036771
24,0,9,4.661955357,1.000019908,0.860886931,0.020221198
24,0,10,4.236581802,1.000025511,0.887494028,0.165527835
24,0,11,5.475590706,1.00001514,0.736006379,0.007008125
24,1,0,2.313980103,1.000028849,0.713103235,0.097373411
24,1,1,2.76200819,1.000022888,0.721369505,0.096520908
24,1,2,4.76603508,1.000016689,0.702004611,0.025690133
24,1,3,4.324169636,1.000001431,0.69922024,0.035247616
24,1,4,3.744616508,1.000011802,0.823690832,0.06963969
24,1,5,4.606971741,1.000011086,0.838941216,0.082784034
24,1,6,4.495090485,1.000011325,0.827887774,0.036194138
24,1,7,4.995319366,1.000013351,0.829780936,0.017071269
24,1,8,5.358554363,1.000005364,0.804889917,0.009175124
24,1,9,5.469394684,1.000006914,0.78820461,0.006471619
24,1,10,4.47520113,1.000014305,0.621879041,0.040432613
24,1,11,1.63201654,1.000027776,0.767730474,0.69251132
24,2,0,2.535005331,1.000000834,0.892749786,0.099569395
24,2,1,4.852190971,1.000002027,0.868150532,0.012583143
24,2,2,1.070988536,1.000003338,0.893519759,0.117855817
24,2,3,1.922968507,1.000004053,0.872543097,0.136690378
24,2,4,1.642541289,1.000000119,0.876149774,0.079965509
24,2,5,1.839999557,1.000003219,0.886809886,0.13907595
24,2,6,2.760661125,1.000003576,0.843841195,0.075154677
24,2,7,2.555520773,1,0.851738572,0.032024492
24,2,8,1.901010513,1.000001669,0.90350759,0.11735598
24,2,9,1.778741598,1.000004292,0.873382151,0.129662067
24,2,10,3.113515854,1.000030041,0.493070006,0.128723562
24,2,11,3.134640694,1.000000238,0.893302977,0.110968761
24,3,0,2.741578817,1,0.994939029,0.076620176
24,3,1,1.835358262,1,0.994923055,0.061137129
24,3,2,1.406701922,1.000000358,0.987603605,0.110454708
24,3,3,0.894737661,1,0.994866788,0.058731567
24,3,4,3.622389317,1,0.995210111,0.009366876
24,3,5,2.678702354,1,0.995844662,0.03550785
24,3,6,1.688860655,1.000000358,0.989001334,0.152607158
24,3,7,1.43034482,1.000000119,0.993183076,0.112558551
24,3,8,1.535175085,1.000000119,0.991404593,0.114925914
24,3,9,1.539950609,1,0.995617628,0.071747266
24,3,10,1.737644672,1,0.995048702,0.163000211
24,3,11,1.756409049,1.000000119,0.994559288,0.100757748
24,4,0,1.20737505,1.000000119,0.916097701,0.053016484
24,4,1,1.559895515,1,0.917205453,0.060262289
24,4,2,2.164563894,1,0.914557874,0.015254191
24,4,3,1.577381134,1,0.917080283,0.068441048
24,4,4,2.834524155,1,0.915384471,0.041197304
24,4,5,1.483342886,1,0.916259587,0.070960641
24,4,6,1.982931972,1,0.916115165,0.039063755
24,4,7,1.80047226,1.000000596,0.917954981,0.487868011
24,4,8,3.679976225,1,0.917939365,0.015277593
24,4,9,1.780484796,1,0.916068435,0.03650561
24,4,10,3.149020433,1,0.915238738,0.012275063
24,4,11,0.011051945,1.000030518,0.131774426,0.00368093
24,5,0,2.37389636,1,0.997517526,0.013812457
24,5,1,0.241388932,1,0.997020304,0.004454529
24,5,2,1.384564757,1,0.997394145,0.021144696
24,5,3,2.217679977,1,0.9956429,0.033669077
24,5,4,1.456682205,1,0.997402012,0.049150757
24,5,5,2.083260775,1,0.997542441,0.012592992
24,5,6,0.655082703,1,0.997234762,0.023056448
24,5,7,0.956150472,1,0.997242332,0.039773896
24,5,8,1.057633877,1,0.997350633,0.027093325
24,5,9,3.022240162,1,0.997744739,0.006447776
24,5,10,3.745537519,1.000000358,0.979246676,0.040221758
24,5,11,2.58169198,1,0.997615218,0.099714763
24,6,0,1.78823483,1,0.996600509,0.034656446
24,6,1,0.627475917,1,0.998113453,0.0184398
24,6,2,3.508609056,1,0.997996092,0.012570173
24,6,3,1.548075914,1,0.998491645,0.015195918
24,6,4,3.773884296,1.000000119,0.992323935,0.022549002
24,6,5,1.71063602,1,0.998579025,0.062862672
24,6,6,2.757531404,1,0.998636603,0.066740103
24,6,7,2.194626808,1,0.998364866,0.045330431
24,6,8,1.175300956,1,0.998413801,0.026231915
24,6,9,0.635857344,1,0.998086929,0.004959395
24,6,10,3.429645777,1,0.998389423,0.010230791
24,6,11,1.522701502,1,0.99829936,0.045927655
24,7,0,1.09994483,1,0.998930395,0.030062363
24,7,1,2.743113041,1,0.99893719,0.016380195
24,7,2,0.544779241,1,0.999233425,0.003617377
24,7,3,1.497660875,1,0.999459207,0.043658983
24,7,4,0.861497343,1,0.999350965,0.013378561
24,7,5,2.637074947,1,0.997855365,0.024540929
24,7,6,3.106161118,1,0.999338329,0.010599217
24,7,7,1.904184341,1,0.999404311,0.011247659
24,7,8,1.235950589,1,0.999132693,0.035989083
24,7,9,1.35496819,1,0.999272168,0.028133262
24,7,10,0.739730358,1,0.999271572,0.004701671
24,7,11,2.332193613,1,0.999340653,0.007624657
24,8,0,3.253252029,1,0.998509765,0.020864123
24,8,1,0.990911961,1,0.998411596,0.007403002
24,8,2,4.043287277,1.000000238,0.99206543,0.01094011
24,8,3,1.937847853,1,0.998687804,0.017892307
24,8,4,1.066420078,1,0.998580337,0.044824023
24,8,5,1.853523612,1,0.998150826,0.036454111
24,8,6,2.175065279,1,0.998699903,0.018383725
24,8,7,1.241106749,1,0.998159409,0.051100392
24,8,8,2.337209702,1,0.99802953,0.033015456
24,8,9,2.090005159,1,0.998743236,0.027374612
24,8,10,2.087226629,1,0.998827159,0.060193524
24,8,11,1.713332057,1,0.9985888,0.015071729
24,9,0,2.511282682,1,0.997440398,0.039885957
24,9,1,1.828638792,1,0.998967409,0.010550736
24,9,2,2.640734196,1,0.998073757,0.02058257
24,9,3,1.621268272,1,0.998147726,0.045186769
24,9,4,1.713532686,1,0.999062121,0.011549357
24,9,5,2.166321754,1,0.99914974,0.033326618
24,9,6,1.603809476,1,0.999049246,0.006428196
24,9,7,1.784246922,1,0.999007821,0.018422542
24,9,8,2.315862417,1,0.998854041,0.009201863
24,9,9,1.430453658,1,0.999021173,0.00617624
24,9,10,1.043994308,1,0.998951733,0.035791047
24,9,11,2.527253628,1,0.997258186,0.005213734
24,10,0,2.539801121,1,0.996035159,0.015325474
24,10,1,1.798291922,1,0.997777998,0.008977478
24,10,2,2.131697416,1,0.997234941,0.009384093
24,10,3,2.729776144,1,0.990570426,0.011991248
24,10,4,2.999797821,1,0.996907175,0.020184614
24,10,5,0.980832815,1,0.997838259,0.026031585
24,10,6,1.872824788,1,0.997679949,0.010215036
24,10,7,2.404098034,1,0.998129129,0.027666349
24,10,8,2.212176323,1,0.9980039,0.010474117
24,10,9,1.43274188,1,0.997928202,0.05823601
24,10,10,1.883882046,1,0.997764766,0.008568103
24,10,11,2.058471918,1,0.997890294,0.04619211
24,11,0,4.637938499,1.000000596,0.906628847,0.02627019
24,11,1,2.494879723,1,0.910763979,0.01555467
24,11,2,2.30906105,1,0.909677148,0.008390227
24,11,3,2.262841225,1,0.911408424,0.031342499
24,11,4,3.655633688,1.000000119,0.913256407,0.014646777
24,11,5,2.00342989,1,0.909721971,0.010159623
24,11,6,1.94225502,1,0.909314752,0.006666035
24,11,7,2.354365826,1,0.91073823,0.017955923
24,11,8,3.812052727,1.000023723,0.080509566,0.095341243
24,11,9,1.862350225,1,0.909236729,0.007362094
24,11,10,2.329848766,1,0.911988318,0.046270281
24,11,11,2.565122843,1,0.912561238,0.040144872
25,0,0,4.479293346,1.000018477,0.810572565,0.017583728
25,0,1,0.428896427,1.000030994,0.811855316,0.865465164
25,0,2,4.660098076,1.000012994,0.802178383,0.041736703
25,0,3,0.420371383,1.00003159,0.800558329,0.832688987
25,0,4,1.138368964,1.000028849,0.80073756,0.603040099
25,0,5,1.306061625,1.000028133,0.79438591,0.685128927
25,0,6,4.35428524,1.000021458,0.752031147,0.026945073
25,0,7,1.82927227,1.000028491,0.762585223,0.155096442
25,0,8,4.261142254,1.000024796,0.829145074,0.059541505
25,0,9,4.661043167,1.000018835,0.85629791,0.020094972
25,0,10,4.256557465,1.000025868,0.886054456,0.15873988
25,0,11,5.441014767,1.000014663,0.729724348,0.006920379
25,1,0,2.37313652,1.000027776,0.703342438,0.101173446
25,1,1,2.768330336,1.000021935,0.703522921,0.097091779
25,1,2,4.753222942,1.000017047,0.685657322,0.025863305
25,1,3,4.309326172,1.000001311,0.695799768,0.034692854
25,1,4,3.748619556,1.000010252,0.8171947,0.069408268
25,1,5,4.618718147,1.000012159,0.835887551,0.07505177
25,1,6,4.478793144,1.000009179,0.816911936,0.036044188
25,1,7,4.957361221,1.000012875,0.83245641,0.017952368
25,1,8,5.344607353,1.000004053,0.804680288,0.00933142
25,1,9,5.414004326,1.000007391,0.777805567,0.006803883
25,1,10,4.462527275,1.00001359,0.611830294,0.040365443
25,1,11,1.798667192,1.000027776,0.760287046,0.656727195
25,2,0,2.541530848,1.000000954,0.885758162,0.098868892
25,2,1,4.604045868,1.000000596,0.872378528,0.010974857
25,2,2,1.076099992,1.000004292,0.88455528,0.124097966
25,2,3,1.915371895,1.000005841,0.856518924,0.139415234
25,2,4,1.682466865,1.000000238,0.871105433,0.088520557
25,2,5,1.816964984,1.000003934,0.875480294,0.142760679
25,2,6,2.71847868,1.000004888,0.822021663,0.077231631
25,2,7,2.596489191,1,0.845217288,0.032666154
25,2,8,1.929203987,1.000002027,0.899000943,0.11818552
25,2,9,1.753878951,1.000004649,0.856723785,0.127614841
25,2,10,3.114486217,1.000028491,0.492408246,0.12780866
25,2,11,3.122826099,1.000000238,0.886644959,0.109948665
25,3,0,2.691712141,1,0.994558394,0.069530979
25,3,1,1.836169243,1,0.994514287,0.062654503
25,3,2,1.414457083,1.000000358,0.987246692,0.116008103
25,3,3,0.901342154,1,0.994534492,0.060231593
25,3,4,3.490135193,1,0.994889677,0.008877012
25,3,5,2.625944614,1,0.995454073,0.034582131
25,3,6,1.688994169,1.000000358,0.98734355,0.160262972
25,3,7,1.409579754,1.000000358,0.991292059,0.108139619
25,3,8,1.511405945,1.000000358,0.990651369,0.116181359
25,3,9,1.522333384,1,0.995218337,0.069461003
25,3,10,1.794925928,1,0.994816363,0.161977053
25,3,11,1.772297859,1,0.99472481,0.101350263
25,4,0,1.236730695,1,0.916368246,0.058924943
25,4,1,1.529987812,1,0.916848421,0.060013339
25,4,2,2.083932877,1,0.914374709,0.01500619
25,4,3,1.600064278,1,0.917474329,0.071604811
25,4,4,2.911140442,1,0.91577965,0.039512653
25,4,5,1.508045912,1,0.916170716,0.066409484
25,4,6,2.018087387,1,0.916550875,0.041589539
25,4,7,1.856876731,1.000000834,0.918259621,0.473167598
25,4,8,3.595774174,1,0.91794318,0.016545858
25,4,9,1.739722967,1,0.915715635,0.033912785
25,4,10,3.23733592,1,0.915665984,0.012462463
25,4,11,0.008782282,1.000029087,0.133945122,0.003104839
25,5,0,2.398158073,1,0.998133659,0.012753144
25,5,1,0.272875965,1,0.997850597,0.004086087
25,5,2,1.433965683,1,0.998138666,0.021391008
25,5,3,2.178274632,1,0.996815324,0.033047765
25,5,4,1.474681616,1,0.998070121,0.049226962
25,5,5,1.780736327,1,0.998295546,0.010838022
25,5,6,0.621662319,1,0.998019457,0.021781515
25,5,7,0.895815313,1,0.998091877,0.039091557
25,5,8,1.119472742,1,0.998218596,0.026065148
25,5,9,2.841388702,1,0.998458147,0.006990152
25,5,10,3.508956671,1.000000358,0.987697184,0.045691546
25,5,11,2.577192307,1,0.998343647,0.091790795
25,6,0,1.780157089,1,0.996910989,0.036991075
25,6,1,0.718601704,1,0.9986431,0.019644538
25,6,2,3.383872509,1,0.998328209,0.012744929
25,6,3,1.491217017,1,0.998917997,0.016172092
25,6,4,3.374373913,1,0.996023118,0.022108315
25,6,5,1.64777565,1,0.999000907,0.063806906
25,6,6,2.69560194,1,0.999036431,0.065719545
25,6,7,2.14146924,1,0.998745143,0.044675838
25,6,8,1.169906735,1,0.998830557,0.024560234
25,6,9,0.597340584,1,0.998561621,0.004425514
25,6,10,3.22930336,1,0.998747408,0.011406876
25,6,11,1.450562716,1,0.998757422,0.041682266
25,7,0,1.119381666,1,0.999009192,0.027483564
25,7,1,2.388053894,1,0.999469161,0.013843323
25,7,2,0.581135035,1,0.999463022,0.003352095
25,7,3,1.398705959,1,0.999641597,0.041017305
25,7,4,0.908701301,1,0.999562204,0.015103808
25,7,5,2.44695425,1,0.998824894,0.024484467
25,7,6,2.858018875,1,0.999547422,0.012465306
25,7,7,2.059631109,1,0.999497473,0.012887597
25,7,8,1.20868814,1,0.999396741,0.033951893
25,7,9,1.238499045,1,0.999569476,0.023933586
25,7,10,0.621223927,1,0.999475062,0.003983074
25,7,11,2.153728962,1,0.999558687,0.007032137
25,8,0,3.087663174,1,0.998785555,0.021604633
25,8,1,1.042419434,1,0.998859942,0.008494642
25,8,2,3.733122587,1,0.995858252,0.010835919
25,8,3,1.652514815,1,0.999027669,0.019713551
25,8,4,1.045717239,1,0.998973072,0.043590099
25,8,5,1.793903351,1,0.998740971,0.037422806
25,8,6,2.289604902,1,0.998925626,0.019070512
25,8,7,1.246209145,1,0.998211145,0.055662975
25,8,8,2.096225262,1,0.998740613,0.031316582
25,8,9,1.841282368,1,0.999087751,0.028949192
25,8,10,2.068458319,1,0.999205589,0.060784847
25,8,11,1.75342083,1,0.99894619,0.018263666
25,9,0,2.294514179,1,0.997880697,0.043363553
25,9,1,1.783116341,1,0.99923116,0.010544611
25,9,2,2.205119133,1,0.999062359,0.017746441
25,9,3,1.63031745,1,0.998519659,0.047468476
25,9,4,1.573580742,1,0.999316573,0.013583425
25,9,5,1.971008301,1,0.999448955,0.030759893
25,9,6,1.219287872,1,0.999368072,0.005023974
25,9,7,1.644088984,1,0.999357402,0.020308446
25,9,8,2.04199791,1,0.998978198,0.008668628
25,9,9,1.003935337,1,0.999334335,0.00545436
25,9,10,1.00790596,1,0.999291599,0.033957377
25,9,11,2.443090439,1,0.999002874,0.005863857
25,10,0,2.285448551,1,0.998198271,0.015388023
25,10,1,1.443841338,1,0.999055684,0.008168123
25,10,2,1.791730285,1,0.999187469,0.008850072
25,10,3,2.480056524,1,0.997078955,0.012039876
25,10,4,2.86440444,1,0.9981758,0.021403026
25,10,5,0.939626575,1,0.999030828,0.025118014
25,10,6,1.652552009,1,0.998592019,0.008519026
25,10,7,2.319530725,1,0.999029696,0.02800272
25,10,8,2.046255589,1,0.999054313,0.010002106
25,10,9,1.367922544,1,0.999013305,0.062710494
25,10,10,1.547173858,1,0.998905778,0.007590109
25,10,11,1.881718397,1,0.998976648,0.042369556
25,11,0,4.443417549,1.000000358,0.91126287,0.029020306
25,11,1,2.322471142,1,0.911908388,0.016043974
25,11,2,1.965354323,1,0.911114454,0.007781958
25,11,3,2.082426786,1,0.912101328,0.027128704
25,11,4,3.409151793,1,0.914061487,0.015418433
25,11,5,1.933168173,1,0.911029637,0.010528191
25,11,6,1.665350318,1,0.910343409,0.007398076
25,11,7,2.162965059,1,0.911689341,0.019340122
25,11,8,3.785413265,1.000022054,0.073800974,0.090485394
25,11,9,1.540554404,1,0.91021055,0.005863732
25,11,10,2.256951332,1,0.913296282,0.044303223
25,11,11,2.441262722,1,0.913635314,0.039441083
26,0,0,4.474402905,1.000017762,0.815826237,0.018503828
26,0,1,0.405380398,1.000030637,0.813319266,0.877174199
26,0,2,4.659169197,1.000014067,0.806593895,0.04100769
26,0,3,0.405070633,1.000030279,0.794856012,0.822463214
26,0,4,1.143255353,1.000028014,0.799314439,0.59193927
26,0,5,1.244527102,1.000028133,0.797201395,0.696160614
26,0,6,4.36200285,1.000020981,0.755729139,0.027608205
26,0,7,1.819964767,1.000028372,0.754916787,0.153506681
26,0,8,4.254406929,1.00002408,0.823578596,0.059427027
26,0,9,4.658800602,1.00001812,0.857152998,0.019828212
26,0,10,4.251907349,1.000026464,0.886377513,0.160609677
26,0,11,5.41962719,1.00001502,0.736006737,0.007638487
26,1,0,2.347764969,1.000028133,0.705438256,0.103401192
26,1,1,2.738453388,1.000021696,0.705872178,0.095034577
26,1,2,4.75193882,1.000016809,0.68089062,0.025813859
26,1,3,4.295134068,1.000001192,0.694706678,0.035032891
26,1,4,3.754074812,1.000010133,0.81738925,0.069130212
26,1,5,4.545604229,1.000012159,0.835869968,0.083990887
26,1,6,4.417715549,1.000010252,0.8268556,0.039093733
26,1,7,4.976541519,1.000012279,0.840345144,0.017856516
26,1,8,5.326847553,1.000005484,0.809246242,0.009682789
26,1,9,5.386529922,1.000008106,0.776070833,0.007053388
26,1,10,4.442878723,1.000013709,0.610154688,0.041009709
26,1,11,1.738230109,1.000026703,0.768978357,0.67079109
26,2,0,2.496532679,1.000001192,0.881893873,0.100169443
26,2,1,4.630605698,1.000000477,0.871933877,0.011199346
26,2,2,1.08106184,1.000006199,0.879126966,0.12334615
26,2,3,1.91167748,1.000005364,0.858514428,0.133956209
26,2,4,1.632794499,1.000000238,0.866363883,0.081915349
26,2,5,1.803453922,1.000004292,0.871915638,0.137880087
26,2,6,2.706070662,1.000005603,0.811001837,0.075471424
26,2,7,2.620012999,1,0.839985132,0.032415025
26,2,8,1.855445981,1.000002742,0.89265877,0.115525536
26,2,9,1.722615361,1.000007272,0.84421581,0.125551835
26,2,10,3.103173971,1.000028849,0.509741127,0.128040954
26,2,11,3.097814083,1.000000358,0.88112545,0.108723037
26,3,0,2.681515217,1,0.994300127,0.075527154
26,3,1,1.848496556,1,0.994135082,0.060527347
26,3,2,1.420183539,1.000000358,0.988223612,0.116315745
26,3,3,0.898778379,1,0.994336486,0.055816278
26,3,4,3.48294282,1,0.994653761,0.008968011
26,3,5,2.626384497,1,0.995299518,0.03665746
26,3,6,1.662688971,1.000000358,0.986278713,0.163159043
26,3,7,1.407288313,1.000000238,0.991638541,0.106458955
26,3,8,1.517809153,1.000000358,0.989730299,0.11533805
26,3,9,1.511150718,1,0.995024681,0.070374385
26,3,10,1.773152351,1,0.994540274,0.16246599
26,3,11,1.77905488,1.000000119,0.994171739,0.100114092
26,4,0,1.21388042,1.000000119,0.916696489,0.053356089
26,4,1,1.553302765,1,0.917460799,0.061248973
26,4,2,2.119581223,1,0.914593637,0.014606959
26,4,3,1.568165898,1,0.917641878,0.069051452
26,4,4,2.898895264,1,0.915844381,0.040343471
26,4,5,1.505897284,1,0.91639781,0.067629091
26,4,6,2.021336555,1,0.916615844,0.04061152
26,4,7,1.864885688,1.000000596,0.91844368,0.477837771
26,4,8,3.529579878,1,0.917805433,0.016512236
26,4,9,1.774282813,1,0.916220427,0.036298893
26,4,10,3.162914038,1,0.91569382,0.013378811
26,4,11,0.009858357,1.000028372,0.135736465,0.003873609
26,5,0,2.411724329,1,0.998250961,0.012093923
26,5,1,0.275146246,1,0.997886062,0.00415024
26,5,2,1.411840677,1,0.998218715,0.021857651
26,5,3,2.213876247,1,0.996226728,0.032413948
26,5,4,1.493044138,1,0.998114169,0.052464221
26,5,5,1.85497427,1,0.998344183,0.011384998
26,5,6,0.652638555,1,0.998110056,0.024391484
26,5,7,0.953018606,1,0.998161137,0.040858466
26,5,8,1.109247804,1,0.998257279,0.027847987
26,5,9,2.760700226,1,0.998535156,0.006141207
26,5,10,3.522536755,1.000000238,0.98918879,0.047309849
26,5,11,2.637228966,1,0.998410404,0.099851266
26,6,0,1.746984959,1.000000119,0.996482849,0.035000566
26,6,1,0.697173595,1,0.99856478,0.020208649
26,6,2,3.435546637,1,0.998316348,0.012593382
26,6,3,1.489327073,1,0.998869538,0.01540653
26,6,4,3.477594614,1.000000119,0.996545434,0.022038415
26,6,5,1.701868057,1,0.99896872,0.061265886
26,6,6,2.653585672,1,0.998987436,0.0586325
26,6,7,2.13679409,1,0.998656869,0.045067191
26,6,8,1.190977097,1,0.998785257,0.02696888
26,6,9,0.558002114,1,0.998461962,0.004312537
26,6,10,3.419318199,1,0.998583257,0.01105048
26,6,11,1.477484107,1,0.998751462,0.041189611
26,7,0,1.087512016,1,0.9989779,0.027357977
26,7,1,2.441898823,1,0.999340832,0.015049274
26,7,2,0.641857624,1,0.99936372,0.003720731
26,7,3,1.445418358,1,0.999566436,0.042674538
26,7,4,0.935004115,1,0.999480247,0.014825233
26,7,5,2.529874086,1,0.998649001,0.023516549
26,7,6,3.059335947,1,0.99942553,0.01090621
26,7,7,2.354800463,1,0.999298632,0.013477605
26,7,8,1.220485449,1,0.999313176,0.036186047
26,7,9,1.251134157,1,0.999467075,0.025358478
26,7,10,0.60977298,1,0.999350905,0.004005396
26,7,11,2.415292263,1,0.999440432,0.006656922
26,8,0,3.214936495,1,0.998486102,0.021579621
26,8,1,1.167624116,1,0.998602808,0.008475952
26,8,2,3.881800652,1.000000119,0.993882358,0.01067936
26,8,3,1.589062929,1,0.998813868,0.017039133
26,8,4,1.131171346,1,0.998763502,0.048050437
26,8,5,1.808540463,1,0.998393953,0.035909113
26,8,6,2.4125247,1,0.998728216,0.019729
26,8,7,1.21323204,1,0.998073995,0.058649197
26,8,8,2.161564112,1,0.998468399,0.033034805
26,8,9,1.8937639,1,0.998854101,0.027683314
26,8,10,2.135959625,1,0.998966813,0.058778465
26,8,11,1.841410279,1,0.998748064,0.019093443
26,9,0,2.239352465,1,0.997918904,0.043853551
26,9,1,1.807674646,1,0.999052942,0.008667483
26,9,2,2.176175356,1,0.998658717,0.018970625
26,9,3,1.603239298,1,0.998340428,0.046828244
26,9,4,1.533254147,1,0.999168336,0.010829228
26,9,5,2.039961815,1,0.999305487,0.02941408
26,9,6,1.163981795,1,0.999226749,0.005242117
26,9,7,1.671894312,1,0.999163687,0.018328182
26,9,8,2.102289915,1,0.998970747,0.010395268
26,9,9,0.874388635,1,0.999174654,0.004385225
26,9,10,1.026402473,1,0.99913919,0.035598427
26,9,11,2.545089483,1,0.99756372,0.005851022
26,10,0,2.31122613,1,0.997399509,0.016240193
26,10,1,1.438512444,1,0.9985708,0.007417725
26,10,2,1.827099681,1,0.997144938,0.006901581
26,10,3,2.603630781,1,0.995986998,0.009505305
26,10,4,2.894637346,1,0.997709692,0.020330491
26,10,5,0.950959265,1,0.998556674,0.026215207
26,10,6,1.607375503,1,0.998555183,0.008163766
26,10,7,2.449395657,1,0.998582482,0.030376006
26,10,8,2.094349623,1,0.998608589,0.009838535
26,10,9,1.375350356,1,0.998502672,0.063254483
26,10,10,1.49708879,1,0.998650789,0.006989697
26,10,11,1.883105278,1,0.998534441,0.041886818
26,11,0,4.53610611,1.000000596,0.906442225,0.027158139
26,11,1,2.385905504,1,0.910947025,0.014971865
26,11,2,2.106108427,1,0.908366561,0.007270309
26,11,3,2.200495005,1,0.911220968,0.029439438
26,11,4,3.62636447,1,0.913570583,0.014741933
26,11,5,1.893824935,1,0.909758508,0.010190102
26,11,6,1.642700195,1,0.908997774,0.00585579
26,11,7,2.211169481,1,0.910387397,0.015729753
26,11,8,3.78976512,1.000022173,0.078260474,0.090211615
26,11,9,1.693031192,1,0.909225821,0.00678563
26,11,10,2.381834269,1,0.912308156,0.041520596
26,11,11,2.439729214,1,0.912545025,0.039312374
27,0,0,4.434710979,1.000016689,0.806749284,0.019518547
27,0,1,0.448703438,1.000030518,0.81139797,0.858376861
27,0,2,4.63463068,1.000013113,0.805979371,0.040499792
27,0,3,0.440409243,1.00003016,0.800889611,0.83846122
27,0,4,1.170970082,1.000026703,0.786997974,0.577730775
27,0,5,1.409297824,1.000025034,0.785144866,0.649165988
27,0,6,4.307825089,1.000020862,0.732473791,0.030186886
27,0,7,1.874888301,1.000027299,0.759618402,0.161344782
27,0,8,4.24214077,1.000024557,0.805915594,0.059995152
27,0,9,4.639635563,1.000017524,0.854600847,0.021730054
27,0,10,4.221761703,1.000024796,0.882322073,0.157607347
27,0,11,5.390782356,1.000014663,0.732288957,0.007597648
27,1,0,2.315726757,1.000026941,0.717449903,0.103011169
27,1,1,2.725706816,1.000021935,0.708542764,0.095037878
27,1,2,4.741679192,1.000016809,0.665063858,0.026497547
27,1,3,4.272750854,1.000001192,0.689894736,0.035148509
27,1,4,3.748122931,1.000010133,0.814396799,0.069566913
27,1,5,4.522607327,1.000012994,0.833511412,0.086000115
27,1,6,4.399734497,1.000009775,0.808618009,0.038474493
27,1,7,4.929962635,1.000012398,0.829330266,0.019518811
27,1,8,5.311443806,1.000004292,0.799547911,0.009591839
27,1,9,5.375776291,1.000007033,0.773381233,0.007062587
27,1,10,4.433857441,1.000012994,0.603015542,0.041194327
27,1,11,1.715104818,1.000027418,0.760160625,0.666571319
27,2,0,2.536761522,1.000001073,0.888034284,0.10154745
27,2,1,4.733422279,1.000001073,0.873528063,0.011538843
27,2,2,1.097019911,1.000004172,0.889056385,0.124536164
27,2,3,1.930945992,1.000005841,0.863330483,0.132687688
27,2,4,1.690535903,1.000000119,0.870385587,0.087752566
27,2,5,1.800517797,1.000004411,0.876059294,0.137889728
27,2,6,2.808689117,1.000005245,0.817764997,0.08111266
27,2,7,2.659879684,1,0.842691779,0.03291589
27,2,8,1.881888986,1.000002027,0.896854341,0.111474112
27,2,9,1.743743181,1.000004768,0.865635455,0.126798153
27,2,10,3.117330074,1.00002861,0.520021021,0.127913982
27,2,11,3.101737261,1.000000358,0.883578241,0.107731402
27,3,0,2.79040122,1,0.993839681,0.068486117
27,3,1,1.919858694,1,0.993760824,0.062023018
27,3,2,1.401022434,1.000000358,0.986467898,0.112193145
27,3,3,0.918223858,1,0.993679404,0.059805363
27,3,4,3.623591661,1,0.994329691,0.009582996
27,3,5,2.764372349,1,0.994967401,0.038703773
27,3,6,1.700117826,1.000000477,0.986291468,0.155289367
27,3,7,1.431496024,1.000000119,0.991688132,0.108157068
27,3,8,1.530747414,1.000000358,0.989572525,0.119523928
27,3,9,1.562139034,1,0.99462986,0.074322529
27,3,10,1.764437079,1,0.993883729,0.155630752
27,3,11,1.750286698,1.000000238,0.992642224,0.098353304
27,4,0,1.177949786,1,0.91629982,0.058966298
27,4,1,1.598685741,1.000000119,0.917873979,0.065849826
27,4,2,2.294264078,1,0.915062964,0.015879972
27,4,3,1.574310422,1.000000119,0.917030931,0.074493162
27,4,4,2.948354006,1,0.916090369,0.042283118
27,4,5,1.464932084,1,0.915963709,0.065698043
27,4,6,2.030144453,1,0.916756988,0.04410411
27,4,7,1.814026594,1.000000596,0.918738008,0.488067985
27,4,8,3.663831234,1,0.918602705,0.017581524
27,4,9,1.821947932,1,0.91668278,0.0366024
27,4,10,3.172077656,1,0.915734649,0.012593275
27,4,11,0.010545632,1.000028253,0.138160244,0.004057464
27,5,0,2.140767813,1,0.99772954,0.013224444
27,5,1,0.242485926,1,0.997172356,0.004081833
27,5,2,1.395114422,1,0.997642875,0.02214797
27,5,3,2.307415009,1,0.995104611,0.035624363
27,5,4,1.472227216,1,0.997487843,0.052972995
27,5,5,2.070588112,1,0.997685492,0.01300821
27,5,6,0.670200408,1,0.997436583,0.024497906
27,5,7,0.947773099,1,0.997515917,0.040307395
27,5,8,1.147806644,1,0.99761045,0.027241355
27,5,9,2.96229744,1,0.997971177,0.007004901
27,5,10,3.674267292,1.000000358,0.983026922,0.044285566
27,5,11,2.571323633,1,0.997786701,0.109316833
27,6,0,1.723479152,1.000000119,0.996746123,0.03584623
27,6,1,0.671114326,1,0.998069942,0.020052245
27,6,2,3.492837429,1,0.998074889,0.013235319
27,6,3,1.663488626,1,0.998518944,0.017456217
27,6,4,3.69730711,1.000000119,0.992746949,0.023049373
27,6,5,1.718359113,1,0.998563766,0.061923679
27,6,6,2.683886766,1,0.998605788,0.073216915
27,6,7,2.21208334,1,0.99825865,0.043793846
27,6,8,1.220359206,1,0.998426437,0.028448325
27,6,9,0.707067549,1,0.998018205,0.006631094
27,6,10,3.524924517,1,0.998203814,0.011045258
27,6,11,1.551236749,1,0.998234987,0.049906161
27,7,0,1.096301675,1,0.999056756,0.028939687
27,7,1,2.556888103,1,0.999229252,0.01619328
27,7,2,0.517914236,1,0.999206901,0.003935988
27,7,3,1.572552443,1,0.999489009,0.047775436
27,7,4,0.940921903,1,0.999364436,0.016040092
27,7,5,2.748895168,1,0.997775674,0.026192032
27,7,6,3.133563995,1,0.999296546,0.010947227
27,7,7,1.828872561,1,0.999407232,0.011743641
27,7,8,1.321908355,1,0.999075472,0.038433939
27,7,9,1.481419563,1,0.99934411,0.029701348
27,7,10,0.775794148,1,0.999260545,0.006643537
27,7,11,2.27472806,1,0.999372423,0.007644084
27,8,0,3.306585789,1,0.99794364,0.021760123
27,8,1,1.06089294,1,0.997693837,0.008709679
27,8,2,4.213911533,1.000000238,0.988148689,0.012420891
27,8,3,2.163428545,1,0.998163581,0.021184228
27,8,4,1.148618937,1,0.99798888,0.049083903
27,8,5,1.945325375,1,0.997618079,0.038551603
27,8,6,2.22171855,1,0.998189032,0.018512752
27,8,7,1.205937862,1,0.99776274,0.056725647
27,8,8,2.426871777,1,0.997292757,0.032019321
27,8,9,2.2093606,1,0.998232782,0.03003747
27,8,10,2.241179466,1,0.998367131,0.063640721
27,8,11,1.919090867,1,0.997907221,0.016350297
27,9,0,2.331180096,1,0.998049557,0.037349876
27,9,1,2.009931326,1,0.998813689,0.011861832
27,9,2,2.556938648,1,0.99806881,0.019043341
27,9,3,1.650056839,1,0.99821943,0.046425462
27,9,4,1.908960342,1,0.998997748,0.015067089
27,9,5,2.14195323,1,0.999062538,0.032754082
27,9,6,1.558102489,1,0.998974621,0.006768987
27,9,7,1.917963743,1,0.998961389,0.020072214
27,9,8,2.555060863,1,0.99716568,0.009271182
27,9,9,1.530930996,1,0.999000311,0.007195388
27,9,10,1.148975372,1,0.998854637,0.040287141
27,9,11,2.614228725,1,0.997434616,0.005884934
27,10,0,2.490609407,1,0.996228814,0.012705243
27,10,1,1.892631292,1,0.997407317,0.01128961
27,10,2,2.324546576,1,0.996988356,0.01055324
27,10,3,3.073286772,1.000000119,0.99097532,0.013382444
27,10,4,3.148603201,1,0.995899737,0.022223106
27,10,5,1.059422374,1,0.997421324,0.027122205
27,10,6,2.070185184,1,0.997403145,0.009948038
27,10,7,2.698706388,1,0.99785459,0.028996421
27,10,8,2.329008579,1,0.997678816,0.012685201
27,10,9,1.426229477,1,0.997623086,0.066933103
27,10,10,1.957613587,1,0.997138023,0.00888058
27,10,11,2.021260023,1,0.997669816,0.04497689
27,11,0,4.710339546,1.000001073,0.895133734,0.025920425
27,11,1,2.873370647,1,0.909047842,0.015949845
27,11,2,2.650244951,1,0.907594681,0.008516005
27,11,3,2.52291894,1,0.910082638,0.033876725
27,11,4,3.87593627,1.000000119,0.912013769,0.015396513
27,11,5,2.241286278,1,0.907339454,0.012502401
27,11,6,2.126181364,1,0.907023966,0.007344923
27,11,7,2.436531782,1,0.908006728,0.017483758
27,11,8,3.750445843,1.000021815,0.099811919,0.099643551
27,11,9,2.016343832,1,0.906677783,0.008392048
27,11,10,2.722171068,1,0.911818445,0.049192552
27,11,11,2.765846968,1,0.911772966,0.040407851
28,0,0,4.383392334,1.000017285,0.801163733,0.021828946
28,0,1,0.521401346,1.000030398,0.804657698,0.836963713
28,0,2,4.586061478,1.000012159,0.794879496,0.041902874
28,0,3,0.445866644,1.000029922,0.785914481,0.834058225
28,0,4,1.243665099,1.000027061,0.78653568,0.577769101
28,0,5,1.521842122,1.000023484,0.766593337,0.588861823
28,0,6,4.201384068,1.000020981,0.7212134,0.031725384
28,0,7,1.89116776,1.000027061,0.745970786,0.164676368
28,0,8,4.203407288,1.000022888,0.800488234,0.060051955
28,0,9,4.610104084,1.000016809,0.842729986,0.022055877
28,0,10,4.197025299,1.000023246,0.876959801,0.155049801
28,0,11,5.328457832,1.000014544,0.729806304,0.008298661
28,1,0,2.388231754,1.000026941,0.707271636,0.102670833
28,1,1,2.718031883,1.000021935,0.692025959,0.092912987
28,1,2,4.713478565,1.000017047,0.639985025,0.027604034
28,1,3,4.221944332,1.000001073,0.677627742,0.035846598
28,1,4,3.756161213,1.000009656,0.805150568,0.068427905
28,1,5,4.406533241,1.000011086,0.826404929,0.093601912
28,1,6,4.354804993,1.000008345,0.773661792,0.034242112
28,1,7,4.894125938,1.00001204,0.823524296,0.020107524
28,1,8,5.252907276,1.000004172,0.788535476,0.010004701
28,1,9,5.27818203,1.000005364,0.76570183,0.007522697
28,1,10,4.396487236,1.000011921,0.588375032,0.041126117
28,1,11,1.778089762,1.000026464,0.754465461,0.645381749
28,2,0,2.521337032,1.000001311,0.879409611,0.103554957
28,2,1,4.736783504,1.000001431,0.8610695,0.011957589
28,2,2,1.143377423,1.000004292,0.881119311,0.126507744
28,2,3,1.945743203,1.000005364,0.851020813,0.130962104
28,2,4,1.709329247,1.000000119,0.862901926,0.086812474
28,2,5,1.820317507,1.000003934,0.87240243,0.133973986
28,2,6,2.832829952,1.000006557,0.79845047,0.080459103
28,2,7,2.757893562,1,0.835444391,0.033548169
28,2,8,1.889389157,1.000002503,0.888573229,0.109896339
28,2,9,1.761501312,1.000005364,0.858056843,0.12369515
28,2,10,3.123257637,1.000026941,0.517489374,0.122890703
28,2,11,3.050302267,1.000000238,0.873383939,0.103073709
28,3,0,2.879085302,1,0.992551267,0.072186552
28,3,1,1.963304639,1.000000119,0.992122471,0.060367562
28,3,2,1.44596386,1.000000358,0.982860208,0.111587033
28,3,3,0.992679536,1,0.992250085,0.062187828
28,3,4,3.742450953,1,0.992772281,0.011802584
28,3,5,2.793212175,1,0.993795455,0.035369065
28,3,6,1.74587822,1.000000477,0.984584987,0.159346238
28,3,7,1.455973029,1.000000477,0.989589632,0.118289158
28,3,8,1.546286106,1.000000358,0.985500336,0.118169211
28,3,9,1.621009469,1.000000119,0.992979228,0.069827177
28,3,10,1.826937556,1,0.992377341,0.15692094
28,3,11,1.816315174,1.000000119,0.990024626,0.097667292
28,4,0,1.312575102,1,0.91606617,0.060008761
28,4,1,1.598580956,1,0.917635202,0.063735113
28,4,2,2.360289812,1,0.914804041,0.015786592
28,4,3,1.59101212,1,0.916736603,0.066561595
28,4,4,3.081889868,1,0.916417837,0.044735778
28,4,5,1.524076819,1,0.915729761,0.065739185
28,4,6,2.111173153,1,0.916799366,0.042967781
28,4,7,1.875488043,1.000000477,0.917745054,0.484791398
28,4,8,3.563580513,1,0.917996466,0.016213844
28,4,9,1.933879852,1,0.917146683,0.037562963
28,4,10,3.392435312,1,0.916008949,0.014672481
28,4,11,0.010365918,1.000029445,0.146515384,0.003726937
28,5,0,1.739527941,1,0.99582082,0.010922616
28,5,1,0.289465427,1,0.99528718,0.00476198
28,5,2,1.525119901,1,0.995861292,0.021819029
28,5,3,2.366334915,1.000000119,0.992676795,0.035349455
28,5,4,1.571917534,1,0.995872855,0.0494886
28,5,5,2.025398493,1,0.995956779,0.01243358
28,5,6,0.712553859,1,0.995570242,0.026060117
28,5,7,1.097320676,1,0.995662451,0.040804449
28,5,8,1.147502661,1,0.995733082,0.02568038
28,5,9,2.934826851,1,0.996325493,0.00766528
28,5,10,3.599647284,1.000000715,0.965562105,0.036467355
28,5,11,2.820320368,1,0.99600029,0.120425232
28,6,0,1.860982895,1,0.996112466,0.036407553
28,6,1,0.798487723,1,0.997725904,0.023211643
28,6,2,3.600172997,1,0.997462869,0.013468997
28,6,3,1.786018968,1,0.998229563,0.018379536
28,6,4,3.636804104,1.000000238,0.991189539,0.020375637
28,6,5,1.736877918,1,0.998197734,0.060800858
28,6,6,2.884854794,1,0.998336196,0.082024708
28,6,7,2.359029055,1,0.997564256,0.042637721
28,6,8,1.296060443,1,0.998122215,0.030588841
28,6,9,0.73531729,1,0.997617006,0.005841014
28,6,10,3.095994234,1,0.998049557,0.01035416
28,6,11,1.648733377,1,0.997857451,0.046094164
28,7,0,1.117907643,1,0.998737395,0.027702926
28,7,1,2.275575638,1,0.998923063,0.012472506
28,7,2,0.43287003,1,0.998980522,0.003610406
28,7,3,1.527933836,1,0.999292195,0.045944758
28,7,4,0.984342515,1,0.999182522,0.016567782
28,7,5,2.80668354,1,0.99658531,0.022978423
28,7,6,3.200441122,1,0.998739481,0.01144226
28,7,7,1.36608243,1,0.999157012,0.009855288
28,7,8,1.372694612,1,0.998723567,0.040091489
28,7,9,1.456475496,1,0.999185145,0.030043706
28,7,10,0.853313029,1,0.999066293,0.005226681
28,7,11,1.982726574,1,0.99917978,0.0074455
28,8,0,3.3078053,1,0.996538401,0.023774397
28,8,1,1.076066136,1,0.996048331,0.007252199
28,8,2,4.437058449,1.000000596,0.972007155,0.013908078
28,8,3,2.117220402,1,0.996687651,0.01920931
28,8,4,1.286629558,1,0.996377945,0.048586287
28,8,5,2.008444786,1,0.996210337,0.043311108
28,8,6,1.830364227,1,0.996498823,0.016675239
28,8,7,1.327567458,1,0.995990336,0.054843567
28,8,8,2.350739479,1,0.996312082,0.027413651
28,8,9,2.343257189,1,0.996652246,0.028918253
28,8,10,2.325158596,1,0.996863961,0.060934175
28,8,11,1.90225172,1,0.995765328,0.011747307
28,9,0,2.331205606,1,0.995122313,0.025620004
28,9,1,2.004012585,1,0.997188509,0.010700444
28,9,2,2.791481733,1,0.993885577,0.01736309
28,9,3,1.662405133,1,0.996504605,0.047630154
28,9,4,1.887381554,1,0.997456968,0.013622873
28,9,5,2.304391384,1,0.997692168,0.031110886
28,9,6,1.511770368,1,0.99747014,0.004766108
28,9,7,2.120574951,1,0.997447014,0.019514335
28,9,8,2.671561003,1,0.993350923,0.007542669
28,9,9,1.66668272,1,0.997471273,0.006124426
28,9,10,1.289135337,1,0.997150004,0.04652423
28,9,11,2.554596186,1.000000238,0.990936875,0.00598243
28,10,0,2.753065109,1.000000119,0.986294329,0.009233194
28,10,1,1.916480422,1,0.996088564,0.008083381
28,10,2,2.438853025,1,0.992842615,0.009847079
28,10,3,3.144531965,1.000000238,0.991195738,0.012406118
28,10,4,3.286800385,1.000000119,0.993920922,0.018667858
28,10,5,1.016566634,1,0.995725632,0.026303411
28,10,6,2.13124752,1,0.996241629,0.009151795
28,10,7,2.841258287,1,0.996131182,0.029519407
28,10,8,2.357807636,1,0.996161044,0.012024176
28,10,9,1.414944053,1,0.996035576,0.069680326
28,10,10,1.951826811,1,0.996403754,0.00701704
28,10,11,1.940824151,1,0.996025503,0.044850919
28,11,0,4.779016972,1.000002146,0.858481228,0.026007395
28,11,1,2.991849661,1,0.905094743,0.017181279
28,11,2,2.788125038,1.000000119,0.903801382,0.008693888
28,11,3,2.325828075,1,0.903007448,0.026567848
28,11,4,4.014769554,1.000000238,0.908132374,0.015983449
28,11,5,2.287580729,1,0.9022246,0.011753139
28,11,6,2.078103065,1,0.90182972,0.006519821
28,11,7,2.710460186,1,0.904066086,0.020399189
28,11,8,3.722994566,1.000019908,0.111001402,0.101878397
28,11,9,1.826330304,1,0.901011109,0.007085197
28,11,10,2.968117237,1,0.908367097,0.046019565
28,11,11,2.951207638,1,0.908217013,0.041182656
29,0,0,4.405344486,1.000017047,0.784606218,0.020095652
29,0,1,0.637572348,1.000030756,0.806009233,0.797154427
29,0,2,4.47266531,1.000012755,0.795982897,0.052152909
29,0,3,0.465790629,1.00002861,0.787534118,0.828292727
29,0,4,1.249448419,1.000028014,0.795712233,0.582240582
29,0,5,1.736044645,1.000023723,0.764678955,0.544747293
29,0,6,4.183320522,1.000020146,0.698186278,0.031245613
29,0,7,1.884921551,1.000027061,0.740611017,0.18169421
29,0,8,4.196877956,1.000023723,0.797949612,0.060250342
29,0,9,4.610883713,1.000018477,0.840876162,0.023032324
29,0,10,4.219788551,1.000025272,0.874607623,0.145204797
29,0,11,5.340470314,1.000014305,0.723085463,0.007922129
29,1,0,2.410609245,1.000026345,0.71359539,0.112229824
29,1,1,2.703743696,1.000020742,0.688907206,0.095670514
29,1,2,4.715069294,1.000016809,0.644833207,0.027820989
29,1,3,4.226690292,1.000001073,0.671706796,0.03620334
29,1,4,3.745106459,1.000009775,0.80349344,0.069890365
29,1,5,4.388747692,1.000014305,0.82542628,0.088472366
29,1,6,4.406344414,1.00001061,0.806370378,0.036978319
29,1,7,4.808207035,1.000013709,0.820985794,0.021259986
29,1,8,5.266375065,1.000004292,0.78317982,0.009820019
29,1,9,5.291369915,1.000006914,0.754726231,0.007673692
29,1,10,4.400330067,1.000012517,0.58985579,0.041574024
29,1,11,1.982871652,1.000026464,0.758710444,0.604156494
29,2,0,2.506619215,1.000001311,0.871528804,0.108095199
29,2,1,4.618932247,1.000001073,0.848024905,0.010885304
29,2,2,1.154222131,1.000005603,0.87323004,0.132902533
29,2,3,1.948727608,1.000006318,0.848945975,0.138241962
29,2,4,1.718090177,1.000000119,0.850723803,0.099187851
29,2,5,1.764549613,1.000004888,0.855347574,0.143177584
29,2,6,2.810825586,1.000008225,0.753648937,0.082821846
29,2,7,2.718628883,1,0.822883785,0.033946522
29,2,8,1.882128716,1.000002861,0.876159608,0.112825446
29,2,9,1.746090055,1.000004649,0.843689859,0.128677294
29,2,10,3.108559132,1.000028253,0.51072681,0.125190243
29,2,11,3.045256853,1.000000238,0.862556696,0.104635604
29,3,0,3.039319038,1,0.992785215,0.064344808
29,3,1,1.9782722,1.000000119,0.992552698,0.065514714
29,3,2,1.460702181,1.000000358,0.98757112,0.119667709
29,3,3,1.006906033,1,0.992381692,0.071799502
29,3,4,3.821845055,1,0.993195593,0.011065702
29,3,5,2.791944027,1,0.993961096,0.035682488
29,3,6,1.722946882,1.000000596,0.983914196,0.152131706
29,3,7,1.451389194,1.000000358,0.989241958,0.121234849
29,3,8,1.499459505,1.000000358,0.984384954,0.131836414
29,3,9,1.638266683,1,0.993463874,0.077489264
29,3,10,1.840636611,1,0.992723465,0.156024471
29,3,11,1.82369256,1.000000238,0.990765929,0.110765249
29,4,0,1.273838639,1,0.915769577,0.06019558
29,4,1,1.565452576,1,0.917757928,0.067960218
29,4,2,2.168581724,1,0.914462626,0.015290083
29,4,3,1.577982068,1.000000119,0.916825354,0.072703369
29,4,4,3.308720589,1,0.917334735,0.043279544
29,4,5,1.453542113,1,0.915544569,0.055084761
29,4,6,2.090303183,1,0.917146683,0.050486811
29,4,7,1.848499537,1.000000596,0.920300841,0.484660238
29,4,8,3.744785547,1,0.918870389,0.015983537
29,4,9,1.934250593,1,0.917101324,0.038241781
29,4,10,3.587110519,1,0.916866541,0.016167713
29,4,11,0.009771069,1.000030518,0.14559339,0.004216238
29,5,0,2.11001873,1,0.996738017,0.011032267
29,5,1,0.336875379,1,0.996130943,0.004568177
29,5,2,1.50024426,1,0.996634543,0.022408709
29,5,3,2.296176434,1,0.994649708,0.035696607
29,5,4,1.527437568,1,0.996651053,0.051821094
29,5,5,2.138907433,1,0.99673593,0.013783864
29,5,6,0.695248425,1,0.996379256,0.025227543
29,5,7,0.999153256,1,0.996453226,0.032786082
29,5,8,1.144557476,1,0.996564507,0.02886839
29,5,9,2.957558155,1,0.997065544,0.008820495
29,5,10,3.731553078,1.000000596,0.973191679,0.036767453
29,5,11,2.934178352,1,0.99682045,0.110509485
29,6,0,1.864349484,1,0.99585706,0.039563816
29,6,1,0.95823735,1,0.998206317,0.027572775
29,6,2,3.590710163,1,0.997874022,0.0145926
29,6,3,1.656431317,1,0.998498499,0.017986706
29,6,4,3.416639328,1,0.996430814,0.016935442
29,6,5,1.628684282,1,0.998511255,0.061255459
29,6,6,3.081528187,1,0.998583019,0.077836126
29,6,7,2.293858767,1,0.997205913,0.044910707
29,6,8,1.281148195,1,0.998462677,0.02852929
29,6,9,0.900158167,1,0.998046935,0.006765466
29,6,10,3.463862181,1,0.997906268,0.010835186
29,6,11,1.596923232,1,0.998306453,0.045435093
29,7,0,1.082453132,1,0.998899102,0.025244026
29,7,1,2.313857794,1,0.999046922,0.010161759
29,7,2,0.615341544,1,0.999048054,0.003806041
29,7,3,1.523740172,1,0.999294698,0.045257811
29,7,4,0.989562809,1,0.999203086,0.016566658
29,7,5,2.76805234,1,0.9968701,0.021688918
29,7,6,3.174200535,1,0.999084413,0.011803429
29,7,7,1.896883368,1,0.999218404,0.017123085
29,7,8,1.409271955,1,0.99840641,0.03859162
29,7,9,1.461020231,1,0.99924016,0.029756032
29,7,10,0.919920444,1,0.99912715,0.006040828
29,7,11,2.370491505,1,0.999185801,0.007782908
29,8,0,3.266135693,1,0.996566355,0.022184176
29,8,1,1.267221808,1,0.996132493,0.009560111
29,8,2,4.363116264,1.000000596,0.973073244,0.01177183
29,8,3,2.043003559,1,0.996557653,0.016628345
29,8,4,1.339713931,1,0.996462882,0.049101371
29,8,5,1.929884195,1,0.99660188,0.041022908
29,8,6,2.404182196,1,0.996575952,0.018306555
29,8,7,1.3644979,1,0.996083021,0.056959018
29,8,8,2.426332235,1,0.995709777,0.031635653
29,8,9,2.37752676,1,0.996654272,0.033187412
29,8,10,2.441887379,1,0.996852636,0.059424326
29,8,11,1.897395492,1,0.99631381,0.017209707
29,9,0,2.153362036,1,0.997369707,0.026055606
29,9,1,2.17429924,1,0.998200595,0.010971458
29,9,2,2.176372766,1,0.998269618,0.015916469
29,9,3,1.637455344,1,0.9978531,0.046475254
29,9,4,1.903192401,1,0.998600066,0.012478773
29,9,5,2.229009151,1,0.998705864,0.027631043
29,9,6,1.264722228,1,0.998571754,0.004717938
29,9,7,1.947039247,1,0.998521984,0.016319063
29,9,8,2.812789917,1,0.993392766,0.010491508
29,9,9,1.406552672,1,0.998606503,0.005768462
29,9,10,1.284545302,1,0.998395205,0.040926881
29,9,11,2.521487236,1,0.99627018,0.005472897
29,10,0,2.077030897,1,0.99663794,0.008760621
29,10,1,1.508666396,1,0.997437537,0.008035588
29,10,2,2.0092628,1,0.996216595,0.007537854
29,10,3,3.154186726,1.000000238,0.993844986,0.014740872
29,10,4,3.244030476,1,0.995922267,0.017453695
29,10,5,1.015355468,1,0.99732995,0.023007078
29,10,6,1.686189413,1,0.997625291,0.008187314
29,10,7,3.091529369,1,0.994676948,0.025858223
29,10,8,2.318187952,1,0.997555017,0.011015643
29,10,9,1.344244599,1,0.997566462,0.069133125
29,10,10,1.665328383,1,0.997175217,0.006008224
29,10,11,2.151243687,1,0.997292757,0.044180609
29,11,0,4.833673954,1.000001788,0.876215041,0.025076604
29,11,1,2.657492876,1,0.906146944,0.01440783
29,11,2,2.755769253,1.000000119,0.905206263,0.008013034
29,11,3,2.257944822,1,0.906345904,0.029700454
29,11,4,3.888675213,1,0.909005165,0.014987105
29,11,5,2.160391331,1,0.904780388,0.010069362
29,11,6,1.927350521,1,0.90418762,0.00597862
29,11,7,2.559490204,1,0.906110048,0.017664725
29,11,8,3.861689568,1.00002265,0.107209422,0.091664426
29,11,9,1.802950025,1,0.9038046,0.006664224
29,11,10,3.152825594,1,0.911984205,0.04528014
29,11,11,2.625070095,1,0.909234107,0.031480491
30,0,0,4.369285583,1.000017047,0.806562185,0.020913018
30,0,1,0.529435396,1.000029802,0.806636572,0.834848285
30,0,2,4.443080902,1.000012279,0.789596021,0.04572352
30,0,3,0.439928263,1.000029802,0.794291079,0.843022823
30,0,4,1.25015831,1.000027299,0.794675827,0.581221998
30,0,5,1.545867205,1.000025988,0.772437811,0.577629983
30,0,6,4.216703892,1.000021219,0.73576659,0.033655271
30,0,7,1.898955941,1.00002718,0.752646029,0.167062685
30,0,8,4.171979904,1.000022531,0.799798191,0.059360143
30,0,9,4.601510048,1.000016809,0.847874224,0.02191628
30,0,10,4.197166443,1.000023365,0.880982995,0.152492151
30,0,11,5.340898514,1.000014544,0.727875173,0.008234057
30,1,0,2.398579597,1.000025868,0.71254921,0.105325885
30,1,1,2.72198081,1.000020742,0.706574976,0.093915425
30,1,2,4.725409985,1.000016332,0.642795801,0.027356308
30,1,3,4.23638773,1.000001073,0.686770022,0.036175407
30,1,4,3.757791281,1.000008225,0.809634447,0.068519689
30,1,5,4.400277615,1.000012398,0.833140373,0.087876566
30,1,6,4.447435379,1.000009298,0.819411695,0.035101797
30,1,7,4.859551907,1.000011802,0.830205023,0.020849252
30,1,8,5.247661114,1.000004053,0.793451071,0.010258137
30,1,9,5.272322655,1.00000596,0.768157005,0.007866722
30,1,10,4.408335686,1.000013232,0.592852294,0.041753724
30,1,11,1.743261337,1.000026822,0.759950101,0.655263066
30,2,0,2.533962488,1.000001311,0.886640608,0.10162127
30,2,1,4.649617195,1.000000715,0.876178205,0.010828272
30,2,2,1.160155058,1.00000453,0.895171106,0.12638177
30,2,3,1.961919188,1.00000596,0.858318508,0.128793687
30,2,4,1.726377606,1.000000119,0.870540261,0.088994123
30,2,5,1.81445992,1.000004888,0.868855834,0.132978171
30,2,6,2.783238173,1.000006437,0.801919222,0.081997849
30,2,7,2.709138632,1,0.84420228,0.03345051
30,2,8,1.865806341,1.000002265,0.892964125,0.104719296
30,2,9,1.775994539,1.000004292,0.869493246,0.121129014
30,2,10,3.120772123,1.000028014,0.522302806,0.123219334
30,2,11,3.065887451,1.000000238,0.881582975,0.102511846
30,3,0,2.778443098,1,0.992676914,0.064696699
30,3,1,1.981369376,1,0.992051482,0.057455584
30,3,2,1.44499898,1.000000358,0.98652494,0.11378286
30,3,3,0.980325937,1,0.992499769,0.066109493
30,3,4,3.596953154,1,0.993070245,0.010514989
30,3,5,2.714121342,1,0.993964255,0.035367224
30,3,6,1.710878611,1.000000596,0.981009543,0.152348533
30,3,7,1.45884788,1.000000358,0.991001904,0.116341345
30,3,8,1.542166471,1.000000358,0.985813856,0.115337059
30,3,9,1.598716497,1,0.993532538,0.073015653
30,3,10,1.848669052,1,0.992849886,0.160938814
30,3,11,1.812116027,1.000000119,0.990046442,0.102539741
30,4,0,1.226757646,1.000000119,0.91608125,0.058923434
30,4,1,1.618329048,1,0.917995691,0.067502946
30,4,2,2.30885005,1,0.914815366,0.015517144
30,4,3,1.58419764,1.000000119,0.916832209,0.07481578
30,4,4,3.117327929,1,0.91653657,0.043569941
30,4,5,1.456204534,1,0.915531099,0.060865767
30,4,6,2.090876102,1,0.916897357,0.0452029
30,4,7,1.871419668,1.000000477,0.918322384,0.477664053
30,4,8,3.319961071,1,0.917015254,0.014618743
30,4,9,1.898257971,1,0.917021513,0.036928426
30,4,10,3.275031567,1,0.915799499,0.013285532
30,4,11,0.010844884,1.000029445,0.144230038,0.004714457
30,5,0,1.907734752,1,0.997271955,0.010722265
30,5,1,0.305144519,1,0.996733248,0.003895179
30,5,2,1.462644458,1,0.997315228,0.021593248
30,5,3,2.370888233,1.000000119,0.99334234,0.036693051
30,5,4,1.527056336,1,0.997210681,0.048848633
30,5,5,2.031837225,1,0.997328758,0.01162223
30,5,6,0.73709625,1,0.997044742,0.028296359
30,5,7,1.005509138,1,0.997034788,0.038602032
30,5,8,1.141538382,1,0.997153521,0.026975071
30,5,9,2.855098009,1,0.997597873,0.007923609
30,5,10,3.64008069,1.000000358,0.981169641,0.040397171
30,5,11,2.900222301,1,0.997321486,0.111801013
30,6,0,1.816725612,1.000000119,0.995918036,0.037844311
30,6,1,0.797690034,1,0.998135507,0.024198687
30,6,2,3.650734901,1,0.997561455,0.014045034
30,6,3,1.646883368,1,0.998523712,0.01597658
30,6,4,3.504476786,1,0.995834708,0.019077847
30,6,5,1.738269329,1,0.998604357,0.062648326
30,6,6,2.948130131,1,0.998666346,0.074532054
30,6,7,2.287870884,1,0.997774661,0.044468798
30,6,8,1.27925086,1,0.998495102,0.031634148
30,6,9,0.859925568,1,0.998067498,0.005600201
30,6,10,3.130944967,1,0.998473763,0.008916324
30,6,11,1.610020876,1,0.998099685,0.046700954
30,7,0,1.106773853,1,0.99892962,0.027611323
30,7,1,2.36575079,1,0.999144495,0.012597062
30,7,2,0.601077914,1,0.999075353,0.00374371
30,7,3,1.563204169,1,0.999349058,0.045135401
30,7,4,0.995717704,1,0.999257505,0.015131166
30,7,5,2.737666607,1,0.996505558,0.024738351
30,7,6,3.166388988,1,0.999020934,0.010528103
30,7,7,1.629192948,1,0.999300957,0.012140987
30,7,8,1.355604291,1,0.99908644,0.035460342
30,7,9,1.586041451,1,0.999248445,0.032217357
30,7,10,0.988088012,1,0.999146402,0.005782553
30,7,11,2.162529945,1,0.999207079,0.007396265
30,8,0,3.222569704,1,0.996231318,0.022928171
30,8,1,1.166870236,1,0.995655239,0.007949281
30,8,2,4.506309509,1.000000596,0.968808711,0.012701905
30,8,3,2.196773291,1,0.996332705,0.016502688
30,8,4,1.263979316,1,0.996024907,0.054231282
30,8,5,2.054541349,1,0.995590985,0.041276623
30,8,6,1.910268426,1,0.996184349,0.015636778
30,8,7,1.286665678,1,0.995814383,0.055898726
30,8,8,2.446961641,1,0.995498896,0.030823799
30,8,9,2.495181084,1,0.996284246,0.03074158
30,8,10,2.382249594,1,0.996511638,0.05638016
30,8,11,1.885868192,1,0.995957315,0.013221824
30,9,0,2.426443338,1,0.996164858,0.023601748
30,9,1,1.978574514,1,0.998044074,0.009650671
30,9,2,2.442203283,1,0.997737944,0.014612823
30,9,3,1.716494918,1,0.997220933,0.049992435
30,9,4,1.865064025,1,0.998398602,0.011135257
30,9,5,2.465798616,1,0.998487532,0.031188266
30,9,6,1.548053145,1,0.998414278,0.004403513
30,9,7,2.063238144,1,0.99829793,0.018480433
30,9,8,2.41515708,1,0.997740746,0.007624521
30,9,9,1.606697202,1,0.998425722,0.005962969
30,9,10,1.275308967,1,0.998165131,0.041925717
30,9,11,2.545255423,1,0.992096722,0.004988206
30,10,0,2.472882271,1.000000119,0.993108928,0.009715212
30,10,1,1.770696402,1,0.997270346,0.007656214
30,10,2,2.456781864,1.000000119,0.995024323,0.007225816
30,10,3,2.910755873,1,0.995140433,0.010304893
30,10,4,3.28155756,1,0.995397627,0.021128705
30,10,5,1.087554574,1,0.997040808,0.025920762
30,10,6,2.145694733,1,0.99726969,0.0102231
30,10,7,3.025227308,1,0.995521367,0.026490262
30,10,8,2.308945417,1,0.99730587,0.010075456
30,10,9,1.369119287,1,0.997239351,0.065390535
30,10,10,1.81127429,1,0.997213721,0.006108118
30,10,11,2.053903103,1,0.997327447,0.039046478
30,11,0,4.800396919,1.000002265,0.864199698,0.026557185
30,11,1,2.630695343,1,0.903971434,0.013295275
30,11,2,2.70758009,1,0.903988659,0.007626959
30,11,3,2.542486668,1,0.905578554,0.029955354
30,11,4,4.144876957,1.000000238,0.90839231,0.017319584
30,11,5,2.212822199,1,0.902142286,0.011100629
30,11,6,1.939780593,1,0.901976764,0.005605135
30,11,7,2.888863564,1,0.905177176,0.015359554
30,11,8,3.736248255,1.000020742,0.108316705,0.09215679
30,11,9,1.771770358,1,0.900998652,0.007345879
30,11,10,3.12182045,1,0.909495294,0.042747464
30,11,11,2.83722043,1,0.908187091,0.031650227
31,0,0,4.350021362,1.000016212,0.790921032,0.019584889
31,0,1,0.535191357,1.000029325,0.800667346,0.8279652
31,0,2,4.553754807,1.000011444,0.785176516,0.043880589
31,0,3,0.435025245,1.000028253,0.781170666,0.821134686
31,0,4,1.221046805,1.000026107,0.787593842,0.581966043
31,0,5,1.509654045,1.000022769,0.765883029,0.579355657
31,0,6,4.264156342,1.000020742,0.732443988,0.031839378
31,0,7,1.92108357,1.000025153,0.741292536,0.172230095
31,0,8,4.166547298,1.000022769,0.806315184,0.062505908
31,0,9,4.612570286,1.000016212,0.844651639,0.022429254
31,0,10,4.203799248,1.000023246,0.87792933,0.151519075
31,0,11,5.297012329,1.000012875,0.731674969,0.00836267
31,1,0,2.401263714,1.000026464,0.712939441,0.106592596
31,1,1,2.717841148,1.000020266,0.70554769,0.097489901
31,1,2,4.684480667,1.000016332,0.632276356,0.028149569
31,1,3,4.178093433,1.000001073,0.683013022,0.03725192
31,1,4,3.744269133,1.000008464,0.806558847,0.069401726
31,1,5,4.424990654,1.000011683,0.829381227,0.087120682
31,1,6,4.478391647,1.000007749,0.810907185,0.032770224
31,1,7,4.874477386,1.000010967,0.822714448,0.019722417
31,1,8,5.215520382,1.000003695,0.792406082,0.010286906
31,1,9,5.259481907,1.000004649,0.770720422,0.007511344
31,1,10,4.377348423,1.000012398,0.586084604,0.042124566
31,1,11,1.819723487,1.000026226,0.749263525,0.63537848
31,2,0,2.463750362,1.000001431,0.875610769,0.101454064
31,2,1,4.667545795,1.000001073,0.861156464,0.011297747
31,2,2,1.147848487,1.000005722,0.877543271,0.130290255
31,2,3,1.935440421,1.000005364,0.860721052,0.137743831
31,2,4,1.708644986,1.000000238,0.857279778,0.089490339
31,2,5,1.764843583,1.000004649,0.858567476,0.141743928
31,2,6,2.768564224,1.000006199,0.7869488,0.079171911
31,2,7,2.747277975,1,0.833322346,0.034030978
31,2,8,1.828612566,1.000002861,0.886135817,0.108693346
31,2,9,1.735782862,1.000005245,0.849259734,0.127080396
31,2,10,3.112038612,1.00002718,0.512637198,0.124017097
31,2,11,3.000880718,1.000000119,0.86942178,0.104218423
31,3,0,2.858605385,1,0.992654622,0.080241464
31,3,1,1.967585087,1,0.992077649,0.061641097
31,3,2,1.451018214,1.000000358,0.985544205,0.118071556
31,3,3,0.977571428,1,0.992038667,0.064310804
31,3,4,3.841174126,1,0.993098259,0.010486714
31,3,5,2.76166749,1,0.993970811,0.035340033
31,3,6,1.73616004,1.000000358,0.984276831,0.161117047
31,3,7,1.439365864,1.000000238,0.989204228,0.112634875
31,3,8,1.522597671,1.000000238,0.985490441,0.121201143
31,3,9,1.572417617,1.000000119,0.993165731,0.068530068
31,3,10,1.866362572,1,0.992703021,0.163654998
31,3,11,1.811103582,1.000000238,0.991154909,0.102575876
31,4,0,1.246168494,1,0.915713131,0.060363643
31,4,1,1.589750886,1.000000119,0.918034017,0.06840077
31,4,2,2.130923748,1,0.913733542,0.014667903
31,4,3,1.591526747,1,0.916571081,0.064835712
31,4,4,3.248552322,1,0.916781604,0.045505501
31,4,5,1.472734809,1,0.915235758,0.060686801
31,4,6,2.122763157,1,0.916807175,0.046044167
31,4,7,1.876850605,1.000000596,0.917179525,0.49435243
31,4,8,3.535172701,1,0.917359352,0.014620524
31,4,9,1.896829009,1,0.916691184,0.038008012
31,4,10,3.223018169,1,0.915097475,0.012563352
31,4,11,0.011262106,1.000028372,0.150916055,0.004558194
31,5,0,1.900787473,1,0.996458769,0.01112899
31,5,1,0.311354607,1,0.995773554,0.004270317
31,5,2,1.460975051,1,0.996417224,0.019830653
31,5,3,2.342129946,1.000000119,0.992333055,0.034045633
31,5,4,1.545009971,1,0.99646759,0.055589616
31,5,5,2.184961557,1,0.996511698,0.013409653
31,5,6,0.709706187,1,0.996062815,0.02626051
31,5,7,1.042536855,1,0.996164262,0.040378563
31,5,8,1.207646966,1,0.99631381,0.027683938
31,5,9,3.092125416,1,0.99684751,0.00793445
31,5,10,3.732194424,1.000000596,0.973339617,0.038833182
31,5,11,2.863413811,1,0.996608555,0.119429193
31,6,0,1.869961858,1,0.994783759,0.037359826
31,6,1,0.858621955,1,0.997975171,0.02371536
31,6,2,3.532452822,1,0.997667372,0.013380145
31,6,3,1.729135513,1,0.998378038,0.01780355
31,6,4,3.471577644,1.000000119,0.99554956,0.020697912
31,6,5,1.776913404,1,0.998423815,0.065901004
31,6,6,3.027630329,1,0.998383164,0.078446664
31,6,7,2.406595707,1,0.997171402,0.044317052
31,6,8,1.311032891,1,0.998325408,0.03025559
31,6,9,0.887335241,1,0.997889876,0.006431826
31,6,10,2.968843937,1,0.99829334,0.010280961
31,6,11,1.646900535,1,0.998127699,0.050860982
31,7,0,1.067209482,1,0.998952508,0.026070658
31,7,1,2.601526022,1,0.998416722,0.016395375
31,7,2,0.515760243,1,0.999040186,0.004324113
31,7,3,1.599232435,1,0.999301493,0.044360228
31,7,4,0.997979224,1,0.999207318,0.014573473
31,7,5,2.605066299,1,0.997326612,0.022819635
31,7,6,3.1181283,1,0.999066532,0.012486029
31,7,7,1.433258891,1,0.999221981,0.015023535
31,7,8,1.366284609,1,0.998823166,0.030279331
31,7,9,1.596179843,1,0.999083698,0.032956231
31,7,10,1.026536226,1,0.999164641,0.00634331
31,7,11,1.948617578,1,0.999249041,0.007458518
31,8,0,3.191245079,1,0.997131169,0.026432941
31,8,1,1.247023344,1,0.996765316,0.010168173
31,8,2,4.280097008,1.000000358,0.981713355,0.012531018
31,8,3,2.377657652,1,0.997211635,0.020221522
31,8,4,1.237952948,1,0.997038424,0.054325074
31,8,5,1.941864133,1,0.996824801,0.037968479
31,8,6,1.867167234,1,0.997167766,0.019133834
31,8,7,1.245791435,1,0.996720493,0.057457689
31,8,8,2.582308769,1.000000119,0.994577944,0.031237626
31,8,9,2.357691526,1,0.997341573,0.029404117
31,8,10,2.402540684,1,0.997514784,0.066472016
31,8,11,1.865859389,1,0.997128069,0.012941862
31,9,0,2.579889774,1,0.996229112,0.027295511
31,9,1,2.236788988,1,0.998296559,0.011347772
31,9,2,2.784842968,1.000000119,0.995948792,0.015157562
31,9,3,1.685509205,1,0.997612,0.046748571
31,9,4,1.892674804,1,0.998640835,0.011799918
31,9,5,2.534620523,1,0.998776436,0.032094117
31,9,6,1.812627673,1,0.998635054,0.005984133
31,9,7,1.947188497,1,0.998556197,0.01751806
31,9,8,2.278394222,1,0.998543143,0.006739741
31,9,9,1.975733995,1,0.998628438,0.00803122
31,9,10,1.236198783,1,0.998389661,0.044547569
31,9,11,2.292174339,1,0.99725461,0.00563366
31,10,0,2.760079622,1.000000238,0.992619932,0.010857263
31,10,1,2.151940584,1,0.995905459,0.009232332
31,10,2,2.506317139,1,0.995274007,0.010168761
31,10,3,2.813241959,1,0.992880821,0.010176616
31,10,4,3.375454426,1.000000119,0.99460417,0.019118648
31,10,5,1.049012423,1,0.996389389,0.026568502
31,10,6,1.925573707,1,0.996485293,0.007527002
31,10,7,3.05046916,1.000000119,0.995107591,0.027699124
31,10,8,2.321772575,1,0.996494532,0.012978543
31,10,9,1.371282697,1,0.996739388,0.067355432
31,10,10,2.040537596,1,0.996442556,0.007173499
31,10,11,2.049520493,1,0.996746778,0.039211385
31,11,0,4.79271698,1.000002146,0.867289186,0.025560655
31,11,1,2.699236155,1,0.904673576,0.01306456
31,11,2,2.638790369,1,0.903568029,0.00767906
31,11,3,2.033681154,1,0.902939737,0.02077567
31,11,4,3.928139448,1.000000238,0.905976236,0.016701056
31,11,5,2.388088703,1,0.903576314,0.011830726
31,11,6,2.288223505,1,0.902631819,0.007265883
31,11,7,2.87982893,1,0.905629218,0.021433776
31,11,8,3.69055748,1.000021458,0.109083347,0.094649494
31,11,9,2.022641659,1,0.902123868,0.007124129
31,11,10,2.971884251,1,0.909043491,0.045382567
31,11,11,3.153434038,1.000000238,0.908419788,0.034676168
32,0,0,4.408757687,1.000016212,0.801225245,0.017796261
32,0,1,0.568725228,1.000029445,0.805805385,0.822301209
32,0,2,4.550730705,1.000011325,0.793345511,0.041928582
32,0,3,0.43676734,1.000028491,0.786612332,0.837257922
32,0,4,1.235016942,1.00002718,0.790408552,0.578874111
32,0,5,1.602062821,1.000021696,0.754289567,0.543079019
32,0,6,4.197783947,1.000020623,0.72125268,0.03232735
32,0,7,1.861363173,1.00002563,0.751849532,0.165310889
32,0,8,4.173777103,1.000022411,0.800580978,0.062961638
32,0,9,4.606879711,1.000015378,0.840108931,0.022644848
32,0,10,4.199807167,1.000023007,0.877030015,0.152903467
32,0,11,5.311281681,1.000014305,0.733557343,0.00852905
32,1,0,2.353386402,1.000026464,0.71161896,0.108993545
32,1,1,2.706210613,1.000020266,0.701133549,0.095737383
32,1,2,4.702539444,1.000016212,0.636116862,0.027665967
32,1,3,4.199659824,1.000001073,0.681756616,0.036946673
32,1,4,3.746479034,1.000009179,0.807239711,0.068844967
32,1,5,4.438477993,1.000012159,0.825913966,0.090804048
32,1,6,4.392305851,1.000008106,0.807788134,0.035341486
32,1,7,4.88083744,1.000011325,0.829039931,0.02116471
32,1,8,5.240450382,1.000004053,0.794295907,0.010400557
32,1,9,5.251407146,1.000006676,0.769551337,0.007657814
32,1,10,4.384325504,1.000012636,0.588171363,0.0419707
32,1,11,1.774798393,1.000026345,0.750137746,0.647009611
32,2,0,2.518087864,1.000001073,0.877224684,0.102579378
32,2,1,4.58354187,1.000000596,0.861471415,0.010368066
32,2,2,1.146254301,1.000007629,0.863422036,0.126121715
32,2,3,1.939514041,1.000006199,0.842498064,0.134664401
32,2,4,1.702273965,1.000000119,0.85951525,0.088491
32,2,5,1.801008821,1.000005722,0.860067427,0.13911356
32,2,6,2.847068548,1.00000608,0.788900912,0.082307063
32,2,7,2.766165495,1,0.831210196,0.033957817
32,2,8,1.892058134,1.00000298,0.882265031,0.108978696
32,2,9,1.790515065,1.000004768,0.854058444,0.129686952
32,2,10,3.127714396,1.000027299,0.51396209,0.124055378
32,2,11,3.038462162,1.000000238,0.868690133,0.104735598
32,3,0,2.834903002,1,0.991788924,0.06660752
32,3,1,1.976956606,1.000000119,0.992070913,0.061097246
32,3,2,1.435973883,1.000000596,0.978354096,0.114980474
32,3,3,1.014639139,1,0.991616607,0.066225447
32,3,4,3.716466904,1,0.992310762,0.011044058
32,3,5,2.714928865,1,0.993001401,0.033889666
32,3,6,1.733745098,1.000000477,0.981418788,0.151788816
32,3,7,1.480562806,1.000000238,0.989854991,0.123326138
32,3,8,1.564157844,1.000000477,0.984161198,0.122831024
32,3,9,1.642362595,1,0.992645025,0.074150451
32,3,10,1.849184632,1,0.991864622,0.161867365
32,3,11,1.844217896,1.000000119,0.991216063,0.102604568
32,4,0,1.289433956,1.000000119,0.91644007,0.061665341
32,4,1,1.620923519,1.000000119,0.918310225,0.066740945
32,4,2,2.327324629,1,0.915313661,0.015506063
32,4,3,1.65934062,1,0.917385817,0.072300285
32,4,4,3.200489759,1,0.917308807,0.047160771
32,4,5,1.463181138,1,0.915852726,0.056824859
32,4,6,2.118224144,1,0.917468786,0.046793792
32,4,7,1.901428342,1.000000358,0.920464098,0.466539055
32,4,8,3.190497637,1,0.916919529,0.016066426
32,4,9,1.928290844,1,0.917390227,0.036167745
32,4,10,3.376766682,1,0.916423619,0.014036762
32,4,11,0.012836123,1.000029683,0.145570502,0.004565347
32,5,0,1.644098401,1,0.997089803,0.012094321
32,5,1,0.34669435,1,0.996718168,0.00488114
32,5,2,1.433287621,1,0.997085214,0.020908732
32,5,3,2.334028244,1.000000119,0.99405694,0.036693301
32,5,4,1.471664667,1,0.997069776,0.049754433
32,5,5,1.879659295,1,0.997163236,0.011852464
32,5,6,0.693272889,1,0.996864498,0.026667362
32,5,7,1.005475283,1,0.996894658,0.037587542
32,5,8,1.09300375,1,0.996989489,0.030975156
32,5,9,2.756120682,1,0.997454464,0.0079262
32,5,10,3.589485645,1.000000477,0.977897286,0.03168257
32,5,11,2.866111755,1,0.997180045,0.115812086
32,6,0,1.881786704,1.000000119,0.995859861,0.033366006
32,6,1,0.780219495,1,0.99823004,0.021851521
32,6,2,3.606800318,1,0.997502923,0.014351858
32,6,3,1.639055014,1,0.998622119,0.016821664
32,6,4,3.344427347,1,0.996760786,0.018737173
32,6,5,1.68508482,1,0.998678267,0.060928334
32,6,6,2.935908794,1,0.998731375,0.082993932
32,6,7,2.305957317,1,0.997885346,0.04323769
32,6,8,1.260906219,1,0.998515725,0.029267039
32,6,9,0.864723206,1,0.998245001,0.006972415
32,6,10,3.175490141,1,0.998439729,0.011176975
32,6,11,1.5562644,1,0.998491466,0.04546788
32,7,0,1.136839747,1,0.998851359,0.02740808
32,7,1,2.232105732,1,0.999000967,0.008625839
32,7,2,0.685897231,1,0.999146819,0.00383929
32,7,3,1.400616646,1,0.999297738,0.04302999
32,7,4,0.930088758,1,0.999237657,0.014912033
32,7,5,2.684810162,1,0.997432709,0.02325955
32,7,6,3.108742476,1,0.999091506,0.01138803
32,7,7,1.627543926,1,0.999217808,0.01189911
32,7,8,1.423616409,1,0.998855948,0.038694739
32,7,9,1.360356092,1,0.999244332,0.027752504
32,7,10,1.042147636,1,0.999180555,0.004560927
32,7,11,2.016494751,1,0.998402059,0.007965263
32,8,0,3.33381176,1,0.996731699,0.025684459
32,8,1,1.345788121,1,0.997011006,0.007987795
32,8,2,4.290019512,1.000000358,0.979822159,0.012891735
32,8,3,2.0375247,1,0.997327268,0.017155904
32,8,4,1.201657414,1,0.99713403,0.049723215
32,8,5,1.974804282,1,0.997044325,0.042773515
32,8,6,1.946780086,1,0.997288764,0.016427748
32,8,7,1.360888004,1,0.996759176,0.055720985
32,8,8,2.316900253,1,0.996826589,0.027826641
32,8,9,2.281965017,1,0.997302949,0.027445225
32,8,10,2.3416152,1,0.997538149,0.064125195
32,8,11,1.929105401,1,0.997030795,0.016274489
32,9,0,2.499847412,1,0.994627714,0.024614075
32,9,1,1.949651718,1,0.997653902,0.010417675
32,9,2,2.540855885,1,0.996593893,0.01449318
32,9,3,1.704713941,1,0.996796668,0.051109303
32,9,4,1.765158653,1,0.998117864,0.010251564
32,9,5,2.278036833,1,0.99820745,0.030997209
32,9,6,1.53107667,1,0.998094916,0.005064005
32,9,7,1.934034944,1,0.997990251,0.018821307
32,9,8,2.828465223,1,0.996271312,0.009831278
32,9,9,1.728490829,1,0.998076081,0.006661352
32,9,10,1.17369616,1,0.99782747,0.036625374
32,9,11,2.753653049,1.000000119,0.992327094,0.007452378
32,10,0,2.548858881,1,0.995688379,0.0098219
32,10,1,1.776376367,1,0.997294605,0.008083093
32,10,2,2.263296366,1,0.995361507,0.009826362
32,10,3,3.184771776,1.000000119,0.993466318,0.014190879
32,10,4,3.267685413,1.000000119,0.99582386,0.018769395
32,10,5,1.014675021,1,0.997043669,0.025933504
32,10,6,1.922888398,1,0.997121036,0.007640475
32,10,7,2.879395723,1,0.996497333,0.030062528
32,10,8,2.345222473,1,0.997278273,0.012866979
32,10,9,1.397089362,1,0.997283757,0.071800195
32,10,10,1.912505746,1,0.997279763,0.007005033
32,10,11,2.057924032,1,0.996921301,0.038128141
32,11,0,4.728870869,1.000001907,0.877074659,0.026196122
32,11,1,2.779477119,1,0.906418622,0.015104696
32,11,2,2.668998957,1.000000119,0.902952015,0.007882869
32,11,3,2.238224745,1,0.905636191,0.028212659
32,11,4,3.806289434,1,0.909823954,0.016032824
32,11,5,2.394927502,1,0.905319273,0.011313538
32,11,6,2.033939362,1,0.904196203,0.006298154
32,11,7,2.604404688,1,0.906123102,0.017807696
32,11,8,3.692912579,1.000019789,0.106863216,0.117955968
32,11,9,1.870258927,1,0.904348612,0.006690579
32,11,10,2.953585625,1,0.910586119,0.047100734
32,11,11,2.894668579,1.000000119,0.910069466,0.037747793
33,0,0,4.347640038,1.000016212,0.791195095,0.020231975
33,0,1,0.547126532,1.000027895,0.80308646,0.829794526
33,0,2,4.512114525,1.000011683,0.790180624,0.044312641
33,0,3,0.459768742,1.000027418,0.778966129,0.820897758
33,0,4,1.278948665,1.000025868,0.794240713,0.577757359
33,0,5,1.584388375,1.00002265,0.76506716,0.578831136
33,0,6,4.184277058,1.000020266,0.716299772,0.032943234
33,0,7,1.883033276,1.000024676,0.740801215,0.176644117
33,0,8,4.144880295,1.000021815,0.800042212,0.06001367
33,0,9,4.597108364,1.000015378,0.840528548,0.023250859
33,0,10,4.19563055,1.000022888,0.877181113,0.149862543
33,0,11,5.265954018,1.000013471,0.727391303,0.008731255
33,1,0,2.377362013,1.000025272,0.712911963,0.106552266
33,1,1,2.727516413,1.000018835,0.704285026,0.092725515
33,1,2,4.662460327,1.000015616,0.628682137,0.028598247
33,1,3,4.16116333,1.000000954,0.679457843,0.037334673
33,1,4,3.751800776,1.000008702,0.807932436,0.069144964
33,1,5,4.323513031,1.000012398,0.826440871,0.090913862
33,1,6,4.369991779,1.000009179,0.802007258,0.034990195
33,1,7,4.807999611,1.000011086,0.826815426,0.020014163
33,1,8,5.19666338,1.00000453,0.793879151,0.010619883
33,1,9,5.201456547,1.000006795,0.768851519,0.007989941
33,1,10,4.378549576,1.000012159,0.582784355,0.041729823
33,1,11,1.888927817,1.000025153,0.761811078,0.626072884
33,2,0,2.453479767,1.000001431,0.877297223,0.10384988
33,2,1,4.481252193,1.000000596,0.862852812,0.010970326
33,2,2,1.136919022,1.000005603,0.876949251,0.122410871
33,2,3,1.918653846,1.000005484,0.853481054,0.133016512
33,2,4,1.668176651,1.000000358,0.861608267,0.089606933
33,2,5,1.788751364,1.000004292,0.864944696,0.133421466
33,2,6,2.806558371,1.000005722,0.787493348,0.079432532
33,2,7,2.796096325,1,0.834785819,0.034249038
33,2,8,1.834771991,1.000002742,0.882579267,0.109536029
33,2,9,1.729232669,1.000005126,0.84586215,0.123624004
33,2,10,3.114252329,1.000026107,0.507274389,0.124003977
33,2,11,2.980679989,1.000000119,0.868989229,0.10389787
33,3,0,2.858492136,1,0.993292749,0.068044186
33,3,1,1.952918291,1.000000119,0.992991209,0.058680434
33,3,2,1.451710701,1.000000358,0.987700701,0.115182653
33,3,3,0.96629405,1,0.992894173,0.059859063
33,3,4,3.702116251,1,0.993645608,0.010560721
33,3,5,2.742960691,1,0.994388521,0.034951881
33,3,6,1.746966004,1.000000358,0.984741926,0.153580144
33,3,7,1.430433273,1.000000238,0.989999771,0.114048541
33,3,8,1.522839546,1.000000477,0.986429393,0.121722236
33,3,9,1.635130048,1,0.993938625,0.074640341
33,3,10,1.806613803,1,0.993236363,0.154931992
33,3,11,1.793119073,1.000000119,0.991382658,0.104699366
33,4,0,1.250510573,1.000000119,0.916031778,0.06073384
33,4,1,1.587935567,1.000000119,0.918101311,0.062779561
33,4,2,2.222973347,1,0.914799273,0.015588482
33,4,3,1.596202016,1,0.916527569,0.079351276
33,4,4,3.144497156,1,0.917121112,0.044221219
33,4,5,1.465908647,1,0.91582793,0.059307929
33,4,6,2.090053797,1,0.91729188,0.044817202
33,4,7,1.841882348,1.000000596,0.920031548,0.490988314
33,4,8,3.524745464,1,0.918142319,0.016079426
33,4,9,1.948677659,1,0.917765856,0.041399211
33,4,10,3.325192451,1,0.916339695,0.014246997
33,4,11,0.013319461,1.000027418,0.150184587,0.005141863
33,5,0,1.960660815,1,0.994286358,0.012547649
33,5,1,0.301658303,1,0.993523061,0.004494434
33,5,2,1.464800835,1,0.994290769,0.022886373
33,5,3,2.357619762,1.000000119,0.990986109,0.035216469
33,5,4,1.496237159,1,0.994182527,0.051728614
33,5,5,2.152988195,1,0.994396389,0.014701484
33,5,6,0.693707764,1,0.993841171,0.025170807
33,5,7,1.023046255,1,0.993969977,0.039842639
33,5,8,1.17397356,1,0.994075596,0.029479783
33,5,9,3.001149893,1,0.99479425,0.007944373
33,5,10,3.549411297,1.000001073,0.948645592,0.044166327
33,5,11,2.918350458,1,0.994544208,0.119499944
33,6,0,1.849433899,1.000000119,0.994498432,0.042004559
33,6,1,0.817727387,1,0.997924984,0.02301321
33,6,2,3.568398237,1,0.997578263,0.013954519
33,6,3,1.749163866,1,0.998340964,0.01889593
33,6,4,3.422891378,1.000000119,0.995410979,0.020184061
33,6,5,1.755909324,1,0.998370528,0.062335368
33,6,6,2.91368103,1,0.998459995,0.077191591
33,6,7,2.356462955,1,0.99724561,0.044979878
33,6,8,1.330294609,1,0.998321116,0.030109482
33,6,9,0.841253638,1,0.997753918,0.006800418
33,6,10,3.273885489,1,0.998021722,0.010188232
33,6,11,1.622097969,1,0.998086929,0.046964202
33,7,0,1.108976126,1,0.998313546,0.027824847
33,7,1,2.369007349,1,0.998232841,0.013922368
33,7,2,0.505061507,1,0.998424888,0.003554269
33,7,3,1.592757463,1,0.998702466,0.045955025
33,7,4,1.009347677,1,0.998616159,0.015945157
33,7,5,2.681291103,1,0.996041358,0.025146035
33,7,6,3.110762358,1,0.998492599,0.011472485
33,7,7,1.728098154,1,0.998681784,0.013828414
33,7,8,1.384180546,1,0.998049736,0.03746878
33,7,9,1.578773856,1,0.998510897,0.030561453
33,7,10,0.858074844,1,0.998525441,0.005233957
33,7,11,2.069790363,1,0.992985725,0.006473173
33,8,0,3.375625134,1,0.996917665,0.02360096
33,8,1,1.227100134,1,0.996726453,0.009203241
33,8,2,4.331091881,1.000000358,0.980320573,0.012510548
33,8,3,2.240467072,1,0.997248828,0.02115825
33,8,4,1.352503419,1,0.997102737,0.051743157
33,8,5,2.016685963,1,0.996513963,0.041874036
33,8,6,1.95154047,1,0.997166097,0.017614713
33,8,7,1.338900685,1,0.996763945,0.065652266
33,8,8,2.508931637,1,0.996525407,0.03067285
33,8,9,2.366918087,1,0.997259736,0.030323213
33,8,10,2.397424936,1,0.997486174,0.065441862
33,8,11,2.008212566,1,0.996758282,0.017656045
33,9,0,2.353016853,1,0.99658972,0.027859068
33,9,1,2.138851643,1,0.998421431,0.011786933
33,9,2,2.503172159,1,0.998135746,0.015605265
33,9,3,1.655720711,1,0.998288393,0.046679951
33,9,4,1.761804461,1,0.998911917,0.012653388
33,9,5,2.441782475,1,0.998989522,0.033985958
33,9,6,1.269806385,1,0.998831749,0.005552044
33,9,7,1.904878497,1,0.998794496,0.017742226
33,9,8,2.387509823,1,0.997534811,0.009611429
33,9,9,1.403357983,1,0.998842657,0.006467166
33,9,10,1.358315945,1,0.998609543,0.0523552
33,9,11,2.540636063,1,0.997784197,0.005909592
33,10,0,2.384596109,1,0.997561455,0.011263265
33,10,1,1.558544517,1,0.998064458,0.007929002
33,10,2,2.106818438,1,0.998565853,0.008186288
33,10,3,2.984884024,1.000000119,0.994512916,0.013600654
33,10,4,3.022444725,1,0.99718076,0.017387347
33,10,5,1.080129385,1,0.99823302,0.027914962
33,10,6,1.273873091,1,0.998369575,0.006098524
33,10,7,2.852811337,1,0.997100294,0.030333946
33,10,8,2.118961811,1,0.99828434,0.010072674
33,10,9,1.433135271,1,0.998352468,0.074942999
33,10,10,1.52099967,1,0.998360395,0.00665747
33,10,11,1.96296978,1,0.998277903,0.04637786
33,11,0,4.769094944,1.000001907,0.876371205,0.025613515
33,11,1,3.196249485,1,0.909096718,0.022278711
33,11,2,2.326223373,1,0.905300856,0.011014373
33,11,3,1.82625258,1,0.904212177,0.018179474
33,11,4,3.886021137,1,0.91163367,0.019304004
33,11,5,2.386663675,1,0.905815899,0.013749197
33,11,6,1.899005771,1,0.903695047,0.00725635
33,11,7,2.822643995,1,0.907956183,0.023068257
33,11,8,3.874624014,1.000020504,0.109960206,0.083370186
33,11,9,1.632646799,1,0.903445303,0.00700176
33,11,10,3.018366337,1.000000119,0.911623776,0.057005387
33,11,11,3.045171738,1,0.911100388,0.039104991
34,0,0,4.388175488,1.000015974,0.807840884,0.019940251
34,0,1,0.497249961,1.000030756,0.809805632,0.846213877
34,0,2,4.563349724,1.000012875,0.805036306,0.044102959
34,0,3,0.423497319,1.000029445,0.797431231,0.851791203
34,0,4,1.260032296,1.00002718,0.800895691,0.587772489
34,0,5,1.416572928,1.000024676,0.787057936,0.627854884
34,0,6,4.232944965,1.000020981,0.730936289,0.032582406
34,0,7,1.88415575,1.000026226,0.745122731,0.16925922
34,0,8,4.194142342,1.000023484,0.818225682,0.060524285
34,0,9,4.613384724,1.000017047,0.851545274,0.022048
34,0,10,4.207558632,1.000023007,0.883161724,0.152564242
34,0,11,5.342153072,1.000014067,0.733960509,0.008402837
34,1,0,2.401479959,1.000026464,0.714416921,0.106044613
34,1,1,2.690264463,1.000020742,0.705292165,0.098203614
34,1,2,4.702818871,1.000016451,0.642138302,0.027839961
34,1,3,4.201807022,1.000001073,0.683234453,0.036835708
34,1,4,3.731005192,1.000009298,0.809994459,0.070195585
34,1,5,4.399851799,1.000012159,0.833474576,0.090640113
34,1,6,4.499180794,1.000010252,0.811701357,0.035352908
34,1,7,4.866377354,1.000011683,0.826971769,0.01993092
34,1,8,5.248991966,1.000004649,0.793693006,0.01035625
34,1,9,5.304590702,1.000006557,0.772601128,0.007909534
34,1,10,4.384751797,1.000012636,0.593591273,0.042231325
34,1,11,1.847459078,1.000026703,0.76013571,0.639396906
34,2,0,2.485944986,1.000001192,0.88544482,0.10283684
34,2,1,4.554711819,1.000000596,0.873011947,0.010951394
34,2,2,1.123767257,1.000004768,0.886186838,0.128183812
34,2,3,1.973731041,1.000003815,0.870434046,0.138005972
34,2,4,1.705183506,1.000000119,0.86949563,0.092611104
34,2,5,1.763255596,1.000004053,0.866450667,0.1416969
34,2,6,2.703587532,1.000005722,0.802370787,0.079148859
34,2,7,2.684821844,1,0.845931232,0.033621438
34,2,8,1.874683261,1.000002146,0.894658327,0.118825659
34,2,9,1.737604141,1.000003815,0.862616956,0.124878429
34,2,10,3.093148947,1.000027299,0.503336966,0.127018631
34,2,11,3.038609743,1.000000119,0.882585943,0.106574744
34,3,0,2.807261229,1,0.994462907,0.071307279
34,3,1,1.876215696,1.000000119,0.994096041,0.063791752
34,3,2,1.466237068,1.000000238,0.990590155,0.11601074
34,3,3,0.962131143,1,0.994416296,0.066132061
34,3,4,3.623009682,1,0.994771183,0.011890307
34,3,5,2.598893642,1,0.995286226,0.033606369
34,3,6,1.69961834,1.000000358,0.987311602,0.151845157
34,3,7,1.396107912,1.000000238,0.991695583,0.114645116
34,3,8,1.481161118,1.000000358,0.988993108,0.125979066
34,3,9,1.54731822,1,0.995015502,0.072231799
34,3,10,1.80572772,1,0.994676828,0.15843311
34,3,11,1.783413768,1.000000119,0.993410528,0.100559101
34,4,0,1.203735828,1,0.915951014,0.057557251
34,4,1,1.474532485,1,0.91723901,0.062397037
34,4,2,2.070218325,1,0.914395392,0.01468564
34,4,3,1.551140666,1,0.917341292,0.071362406
34,4,4,3.149565935,1,0.917072713,0.047736067
34,4,5,1.446133494,1,0.916015565,0.061939862
34,4,6,2.072045565,1,0.917065442,0.045298111
34,4,7,1.846491933,1.000000477,0.917890728,0.484899879
34,4,8,3.358038902,1,0.91733259,0.015501496
34,4,9,1.902956009,1,0.916877925,0.038284443
34,4,10,3.256894827,1,0.916084707,0.014400795
34,4,11,0.010582421,1.000029922,0.142056331,0.00438698
34,5,0,1.834611416,1,0.997017324,0.009584154
34,5,1,0.2711519,1,0.996526897,0.003791634
34,5,2,1.45595634,1,0.996961534,0.02186732
34,5,3,2.264681101,1,0.994221747,0.038668215
34,5,4,1.441281557,1,0.996960402,0.051641501
34,5,5,1.82844615,1,0.997186124,0.011505342
34,5,6,0.672007382,1,0.996739805,0.025329759
34,5,7,1.035426855,1,0.996781766,0.039714374
34,5,8,1.108997464,1,0.99694562,0.027613988
34,5,9,2.684585094,1,0.997346938,0.008039358
34,5,10,3.563670397,1.000000596,0.976505876,0.040468343
34,5,11,2.792303324,1,0.997056723,0.11894621
34,6,0,1.843417525,1.000000119,0.995733976,0.039714683
34,6,1,0.899920464,1,0.998226941,0.024357529
34,6,2,3.548227787,1,0.997655928,0.013511508
34,6,3,1.64482522,1,0.998562455,0.019314649
34,6,4,3.370854855,1,0.99584043,0.018245125
34,6,5,1.627075911,1,0.998555779,0.063956894
34,6,6,2.93953228,1,0.998619854,0.077782162
34,6,7,2.273455143,1,0.997347295,0.047069382
34,6,8,1.257698178,1,0.998479307,0.029982176
34,6,9,0.739936888,1,0.998096645,0.00598439
34,6,10,2.917364836,1,0.99843657,0.009786983
34,6,11,1.57427609,1,0.998258173,0.050270103
34,7,0,1.09273231,1,0.998924971,0.028330343
34,7,1,2.204043627,1,0.998950362,0.01235088
34,7,2,0.474802047,1,0.999097109,0.003588748
34,7,3,1.44869554,1,0.999347508,0.048732314
34,7,4,0.985896707,1,0.99926573,0.016533684
34,7,5,2.64237237,1.000000119,0.996706069,0.024545914
34,7,6,2.951170444,1,0.999153912,0.012316761
34,7,7,1.497704625,1,0.999242604,0.012447011
34,7,8,1.356962323,1,0.998763442,0.044838239
34,7,9,1.419171214,1,0.999221742,0.032206897
34,7,10,0.706514418,1,0.999167204,0.004408645
34,7,11,1.969701529,1,0.999262035,0.006753657
34,8,0,3.188353062,1,0.99774164,0.023441855
34,8,1,1.100972891,1,0.997682571,0.008500504
34,8,2,4.145381451,1.000000358,0.98722595,0.011614299
34,8,3,1.914583087,1,0.99806267,0.016836351
34,8,4,1.200434804,1,0.997926354,0.053025585
34,8,5,1.899289131,1,0.997580528,0.043217085
34,8,6,2.014309883,1,0.998027205,0.016327228
34,8,7,1.2741642,1,0.997534692,0.061337177
34,8,8,2.33031559,1,0.996914268,0.033539638
34,8,9,2.173164845,1,0.998091519,0.031662263
34,8,10,2.23560977,1,0.998241842,0.062570997
34,8,11,1.694204688,1,0.997853339,0.013266308
34,9,0,2.171273947,1,0.997354865,0.030127332
34,9,1,1.871410966,1,0.998883665,0.010055423
34,9,2,2.531847954,1,0.99770695,0.02099455
34,9,3,1.635777712,1,0.998277247,0.053118397
34,9,4,1.599356055,1,0.999136508,0.012896147
34,9,5,2.390907526,1,0.99919337,0.034274746
34,9,6,1.360351324,1,0.999080062,0.006138425
34,9,7,1.856742263,1,0.999027193,0.018449334
34,9,8,2.222066641,1,0.998855233,0.009186269
34,9,9,1.271048427,1,0.999058723,0.005853189
34,9,10,1.207996488,1,0.998933613,0.046594664
34,9,11,2.239851475,1,0.998650968,0.00574228
34,10,0,2.487135649,1,0.993450761,0.011230891
34,10,1,1.508230567,1,0.997496188,0.008290736
34,10,2,1.867980242,1,0.99834162,0.009454463
34,10,3,2.650495768,1,0.994466245,0.01393385
34,10,4,2.976219654,1,0.996412694,0.01909592
34,10,5,1.046210766,1,0.998000085,0.030005122
34,10,6,1.322199702,1,0.997968137,0.006493656
34,10,7,2.75886631,1,0.997355521,0.030958703
34,10,8,2.111787319,1,0.998071849,0.012053087
34,10,9,1.287721634,1,0.998146236,0.067822859
34,10,10,1.56960988,1,0.998104513,0.007560649
34,10,11,1.869760036,1,0.997793734,0.054320078
34,11,0,4.670209408,1.000001192,0.8938151,0.027407045
34,11,1,2.673968077,1,0.909745157,0.017365161
34,11,2,2.393374443,1,0.908721685,0.010785444
34,11,3,1.899933577,1,0.907911479,0.022373496
34,11,4,3.730751514,1.000000119,0.912925363,0.019664632
34,11,5,2.018696785,1,0.908011854,0.012023217
34,11,6,1.573331952,1,0.906544447,0.006399911
34,11,7,2.474164963,1,0.909417927,0.022015156
34,11,8,3.773389816,1.000022411,0.09364707,0.0920977
34,11,9,1.523957729,1,0.906567037,0.006507929
34,11,10,2.741348505,1,0.912348151,0.053171854
34,11,11,2.697642088,1,0.912115991,0.04398524
35,0,0,4.377642155,1.000015974,0.806255341,0.019658646
35,0,1,0.608623087,1.000028968,0.801249862,0.80616802
35,0,2,4.452326298,1.000011921,0.793232024,0.044189233
35,0,3,0.446997374,1.000027299,0.786440432,0.832488477
35,0,4,1.267849445,1.000026584,0.797138572,0.573767662
35,0,5,1.588391304,1.000023246,0.766276121,0.554499447
35,0,6,4.17458868,1.00001967,0.729997694,0.033308007
35,0,7,1.904331446,1.00002563,0.75330025,0.171992719
35,0,8,4.198544025,1.000021577,0.791072309,0.056163136
35,0,9,4.596744537,1.00001514,0.846249163,0.022122864
35,0,10,4.183524609,1.000023246,0.879742682,0.150321022
35,0,11,5.278399944,1.000013709,0.731118262,0.008677688
35,1,0,2.367912769,1.000024915,0.721185088,0.107767276
35,1,1,2.666090727,1.000019789,0.706909418,0.098550141
35,1,2,4.66770792,1.000016212,0.620661795,0.028872363
35,1,3,4.15533638,1.000000954,0.68734163,0.037855055
35,1,4,3.72978425,1.000008464,0.805850923,0.069465309
35,1,5,4.334320545,1.000011802,0.826414466,0.088783078
35,1,6,4.360658169,1.000008941,0.806473315,0.040033448
35,1,7,4.791953087,1.00001049,0.830006063,0.020919327
35,1,8,5.198903561,1.000004292,0.794762194,0.010421223
35,1,9,5.236469746,1.000005722,0.768476486,0.00765121
35,1,10,4.357672215,1.000012398,0.570845246,0.042583074
35,1,11,1.83603406,1.000025272,0.751543403,0.623005748
35,2,0,2.452682972,1.000001669,0.878578365,0.108224884
35,2,1,4.533295155,1.000000596,0.870708704,0.012335961
35,2,2,1.145646811,1.000003815,0.88845253,0.133754611
35,2,3,1.931710839,1.000005126,0.85788095,0.138249248
35,2,4,1.694995642,1.000000119,0.865399957,0.093286134
35,2,5,1.747977734,1.00000453,0.867194712,0.13751097
35,2,6,2.713234901,1.00000596,0.79164809,0.082240067
35,2,7,2.759455681,1,0.839514494,0.034607071
35,2,8,1.801082492,1.000002146,0.886344194,0.110864751
35,2,9,1.737232447,1.000005364,0.853528261,0.124746963
35,2,10,3.08597064,1.000026226,0.531490326,0.126590624
35,2,11,2.970962763,1.000000119,0.874714077,0.106151998
35,3,0,2.750257492,1,0.993377268,0.066302374
35,3,1,1.945675492,1.000000119,0.992675185,0.064939633
35,3,2,1.446929574,1.000000358,0.987074792,0.124846108
35,3,3,0.965166032,1,0.99309963,0.064027965
35,3,4,3.607722998,1,0.993802011,0.010171997
35,3,5,2.602770567,1,0.994299173,0.032990173
35,3,6,1.704852581,1.000000477,0.984529078,0.163505137
35,3,7,1.42369628,1.000000119,0.991705656,0.11566963
35,3,8,1.496968508,1.000000477,0.986379266,0.122904025
35,3,9,1.598866582,1,0.993998945,0.076738723
35,3,10,1.797383785,1,0.993425548,0.160008758
35,3,11,1.785060763,1.000000238,0.992089868,0.103611149
35,4,0,1.221915245,1,0.916722655,0.063556805
35,4,1,1.590857506,1,0.918725252,0.066995054
35,4,2,2.240525723,1,0.915299594,0.015388182
35,4,3,1.599775076,1,0.917836905,0.070037134
35,4,4,3.107757092,1,0.917559683,0.048053883
35,4,5,1.443841338,1,0.9162907,0.067392342
35,4,6,2.090308666,1,0.917825282,0.045650654
35,4,7,1.887845039,1.000000477,0.920773566,0.465557754
35,4,8,3.150742054,1,0.917177975,0.015127443
35,4,9,1.924929023,1,0.918139815,0.039115213
35,4,10,3.158798695,1,0.916307449,0.014665245
35,4,11,0.014530579,1.000028849,0.146468148,0.004455969
35,5,0,1.83867979,1,0.997453094,0.011374113
35,5,1,0.328847438,1,0.996866763,0.004449107
35,5,2,1.479275227,1,0.9973436,0.023442397
35,5,3,2.321639061,1.000000119,0.993671834,0.036756102
35,5,4,1.531928062,1,0.997363269,0.055161286
35,5,5,2.08949852,1,0.997499108,0.012263879
35,5,6,0.738178313,1,0.99715066,0.029767256
35,5,7,1.033172011,1,0.997231066,0.041044652
35,5,8,1.179137826,1,0.997330248,0.028784545
35,5,9,2.809752941,1,0.997745752,0.008515079
35,5,10,3.614614248,1.000000358,0.983136237,0.037293602
35,5,11,2.889731407,1,0.997474909,0.117109157
35,6,0,1.869958401,1.000000119,0.994131684,0.041016024
35,6,1,0.831165612,1,0.998021722,0.02504389
35,6,2,3.613130093,1,0.997603774,0.014235757
35,6,3,1.714508295,1,0.998467624,0.018559324
35,6,4,3.415185928,1,0.995969534,0.020018563
35,6,5,1.757263184,1,0.998512447,0.063795485
35,6,6,2.929504395,1,0.998545051,0.074307106
35,6,7,2.27041626,1,0.998137474,0.038833186
35,6,8,1.350220919,1,0.998414755,0.032733355
35,6,9,0.880654514,1,0.997960091,0.005826661
35,6,10,2.91517663,1,0.998443186,0.010003237
35,6,11,1.607105374,1,0.998059034,0.047522485
35,7,0,1.084593654,1,0.999031484,0.026950208
35,7,1,2.439049006,1,0.998851776,0.012956682
35,7,2,0.505356669,1,0.999067128,0.004021052
35,7,3,1.681226492,1,0.999327123,0.054236941
35,7,4,1.058556437,1,0.999272406,0.016674468
35,7,5,2.628403902,1,0.997363985,0.025491573
35,7,6,3.17550683,1,0.9989326,0.010579708
35,7,7,1.508280754,1,0.999271035,0.01268521
35,7,8,1.375498772,1,0.998927534,0.036836527
35,7,9,1.649694204,1,0.999139011,0.037255645
35,7,10,0.983968616,1,0.99917239,0.005754727
35,7,11,1.9777385,1,0.999296904,0.006656422
35,8,0,3.194954634,1,0.997575045,0.027169432
35,8,1,1.037455082,1,0.997209311,0.009050544
35,8,2,4.255221844,1.000000358,0.984959543,0.012578682
35,8,3,2.192408323,1,0.997786939,0.017370887
35,8,4,1.304849982,1,0.99756074,0.060192559
35,8,5,2.018773317,1.000000119,0.996292293,0.045417238
35,8,6,1.704891682,1,0.997617126,0.01657363
35,8,7,1.254515886,1,0.997228384,0.058992635
35,8,8,2.401925564,1,0.997428358,0.028143246
35,8,9,2.40977788,1,0.997794151,0.029569704
35,8,10,2.439138412,1,0.99800396,0.063001223
35,8,11,1.868231177,1,0.997438848,0.012796422
35,9,0,2.419876337,1,0.997060061,0.025352893
35,9,1,1.824158549,1,0.998663366,0.009748685
35,9,2,2.688235044,1,0.997344255,0.01466223
35,9,3,1.67096138,1,0.9981125,0.046218701
35,9,4,1.779549956,1,0.998984516,0.01155812
35,9,5,2.461142302,1,0.999051511,0.032258086
35,9,6,1.397789121,1,0.998927712,0.004048892
35,9,7,2.072528839,1,0.998876154,0.017987762
35,9,8,2.51154995,1,0.998431921,0.009104966
35,9,9,1.524046063,1,0.998974264,0.005135528
35,9,10,1.293823838,1,0.998706877,0.045689221
35,9,11,2.025664091,1,0.998317897,0.005252669
35,10,0,2.159794569,1,0.996983588,0.008443553
35,10,1,1.895503998,1,0.997819722,0.008339111
35,10,2,2.130736828,1,0.997309744,0.007820734
35,10,3,2.73246026,1,0.995309234,0.01042657
35,10,4,3.021854401,1,0.996412456,0.019133983
35,10,5,1.130444288,1,0.997885942,0.029312368
35,10,6,2.205297947,1,0.997694016,0.010430964
35,10,7,2.989857674,1,0.99615556,0.029728618
35,10,8,2.026033878,1,0.997758508,0.011514424
35,10,9,1.370261788,1,0.99805522,0.070348091
35,10,10,1.686757326,1,0.998189986,0.006123484
35,10,11,1.957588911,1,0.997881293,0.043657955
35,11,0,4.684532642,1.000001669,0.874792099,0.027013442
35,11,1,2.899078846,1,0.907911241,0.016249359
35,11,2,2.305843115,1,0.903701246,0.006629636
35,11,3,2.271202326,1,0.906768978,0.026497589
35,11,4,3.922235966,1,0.911528528,0.017154427
35,11,5,2.26283288,1,0.905403376,0.011647061
35,11,6,1.864054322,1,0.904187024,0.005786016
35,11,7,2.689626694,1,0.906737506,0.017374348
35,11,8,3.615901709,1.000020742,0.099478245,0.100347959
35,11,9,1.756009102,1,0.904259443,0.006464943
35,11,10,2.899671555,1,0.909985125,0.044719957
35,11,11,2.771643162,1,0.909505844,0.034828745
36,0,0,4.332283497,1.000017166,0.791638136,0.02031225
36,0,1,0.548739493,1.000029683,0.799868405,0.821534991
36,0,2,4.552929878,1.000010848,0.785449207,0.045981191
36,0,3,0.459844857,1.000029445,0.786274552,0.824823201
36,0,4,1.257474303,1.000027537,0.786731124,0.575198829
36,0,5,1.554978728,1.000024319,0.767321527,0.5696401
36,0,6,4.216773033,1.000020266,0.719908118,0.029767344
36,0,7,1.890584946,1.000027061,0.747646272,0.171207324
36,0,8,4.1645751,1.000022411,0.804650128,0.059363879
36,0,9,4.604513168,1.000016451,0.843503594,0.023115693
36,0,10,4.199934006,1.000024557,0.876945555,0.149053305
36,0,11,5.325876236,1.000014067,0.722777784,0.007903597
36,1,0,2.40542078,1.000026107,0.716234922,0.114726722
36,1,1,2.700982809,1.000022173,0.701234281,0.096535526
36,1,2,4.706465721,1.000016451,0.640479624,0.027806913
36,1,3,4.215821266,1.000001073,0.685274303,0.036471765
36,1,4,3.750839233,1.000009894,0.808650613,0.069619268
36,1,5,4.391746998,1.000011444,0.828397512,0.089895323
36,1,6,4.47424221,1.000008464,0.803105772,0.032018322
36,1,7,4.922645092,1.000013471,0.823206723,0.01883542
36,1,8,5.243748188,1.000003815,0.78918761,0.009807557
36,1,9,5.284656048,1.000005364,0.768342257,0.007682163
36,1,10,4.388838768,1.000012994,0.588170707,0.041877896
36,1,11,1.867822886,1.000026584,0.746561766,0.619396031
36,2,0,2.511678934,1.000001431,0.869187355,0.103443958
36,2,1,4.618495464,1.000000834,0.848902464,0.011772458
36,2,2,1.135148525,1.000008106,0.856632769,0.130698875
36,2,3,1.934776306,1.000005126,0.848086357,0.138392076
36,2,4,1.744449854,1.000000238,0.847595215,0.096525773
36,2,5,1.745636702,1.000005722,0.844550848,0.143367916
36,2,6,2.731466293,1.000008345,0.758689284,0.077595614
36,2,7,2.738809347,1,0.820115507,0.033355642
36,2,8,1.872202635,1.000002265,0.878097594,0.117476746
36,2,9,1.750799894,1.00000608,0.835902929,0.127066061
36,2,10,3.121783733,1.000026941,0.51825887,0.123095311
36,2,11,3.042454481,1.000000358,0.859127581,0.102612421
36,3,0,2.946745634,1,0.993444979,0.082080454
36,3,1,1.978371859,1,0.99306339,0.06371586
36,3,2,1.452555418,1.000000358,0.987833381,0.121631585
36,3,3,1.006106734,1,0.992896438,0.072866514
36,3,4,3.853499174,1,0.993819833,0.01288228
36,3,5,2.746521711,1,0.994467378,0.036485199
36,3,6,1.734476089,1.000000358,0.983627856,0.160376653
36,3,7,1.459167838,1.000000238,0.990688264,0.111081988
36,3,8,1.524795413,1.000000238,0.987298429,0.13255778
36,3,9,1.58262074,1,0.993970454,0.077525876
36,3,10,1.855235815,1,0.99342972,0.160018742
36,3,11,1.802872062,1.000000119,0.993173659,0.100876942
36,4,0,1.255541205,1.000000119,0.915911317,0.064599432
36,4,1,1.598553658,1,0.918087602,0.06923189
36,4,2,2.171668768,1,0.914310455,0.016033156
36,4,3,1.599538207,1.000000238,0.917034864,0.066785015
36,4,4,3.325008631,1,0.917465389,0.047929183
36,4,5,1.431119084,1,0.91553098,0.059889872
36,4,6,2.164167881,1,0.917476714,0.048443768
36,4,7,1.852879047,1.000000596,0.918988585,0.498347461
36,4,8,3.462668419,1,0.91764164,0.017799381
36,4,9,1.903765082,1,0.916642606,0.037621569
36,4,10,3.227585554,1,0.915647328,0.012963858
36,4,11,0.010451412,1.000029445,0.14720431,0.00447257
36,5,0,1.785373449,1,0.996970773,0.013345404
36,5,1,0.279875547,1,0.996404648,0.004376841
36,5,2,1.411859274,1,0.996963143,0.01929638
36,5,3,2.260836124,1.000000119,0.994356871,0.035687882
36,5,4,1.492426753,1,0.996949792,0.054976199
36,5,5,1.985302329,1,0.997028768,0.014349845
36,5,6,0.659350216,1,0.996608555,0.024643563
36,5,7,0.997895658,1,0.996711373,0.036877107
36,5,8,1.145914793,1,0.996860445,0.027227186
36,5,9,2.988059044,1,0.997294068,0.010390583
36,5,10,3.643936157,1.000000477,0.975648105,0.04125268
36,5,11,2.709093809,1,0.997077763,0.116960734
36,6,0,1.833293319,1.000000119,0.994919717,0.038685612
36,6,1,0.93582803,1,0.998166263,0.026799215
36,6,2,3.573363304,1,0.997935891,0.013999569
36,6,3,1.716968894,1,0.998518407,0.018927259
36,6,4,3.416364431,1,0.996552408,0.022413215
36,6,5,1.743246913,1,0.998568118,0.067377187
36,6,6,2.988442421,1,0.998619854,0.083215751
36,6,7,2.437439203,1,0.997107744,0.046066765
36,6,8,1.286329508,1,0.998482883,0.028362397
36,6,9,0.890329421,1,0.998036146,0.006508518
36,6,10,3.069260359,1,0.998376071,0.012267021
36,6,11,1.596817017,1,0.998338878,0.048850991
36,7,0,1.061014056,1,0.999001682,0.025262529
36,7,1,2.58643508,1,0.998398244,0.014967294
36,7,2,0.561745644,1,0.99905324,0.004646674
36,7,3,1.509932518,1,0.999311507,0.04660397
36,7,4,1.015001893,1,0.999229252,0.016566258
36,7,5,2.664855003,1,0.997250557,0.024753105
36,7,6,3.099932194,1,0.999077797,0.013877902
36,7,7,1.73821795,1,0.999249458,0.017325439
36,7,8,1.409401536,1,0.998670042,0.032044787
36,7,9,1.501772761,1,0.999231339,0.031833801
36,7,10,1.004410625,1,0.999170661,0.006882365
36,7,11,2.037084103,1,0.999231696,0.008371621
36,8,0,3.295904875,1,0.99724257,0.02619545
36,8,1,1.22294569,1,0.997200966,0.010280199
36,8,2,4.152351856,1.000000358,0.985792398,0.013296374
36,8,3,2.24091959,1,0.997652829,0.020399805
36,8,4,1.224530816,1,0.997413814,0.050231636
36,8,5,1.898655057,1,0.997273982,0.040656932
36,8,6,1.937074304,1,0.997504771,0.021799069
36,8,7,1.243540049,1,0.997275591,0.052570246
36,8,8,2.604036331,1.000000119,0.993825972,0.038164478
36,8,9,2.218925714,1,0.997692704,0.029662788
36,8,10,2.307999849,1,0.997864664,0.067363769
36,8,11,1.798618555,1,0.997444093,0.014722931
36,9,0,2.475934029,1,0.997152567,0.02551192
36,9,1,2.033299208,1,0.998743236,0.011507147
36,9,2,2.571828842,1,0.997847736,0.014813099
36,9,3,1.699008942,1,0.99808085,0.049106743
36,9,4,1.775210619,1,0.998954237,0.012900112
36,9,5,2.331167221,1,0.999059856,0.034006543
36,9,6,1.697702169,1,0.998987794,0.00622325
36,9,7,1.956691146,1,0.998914361,0.019416615
36,9,8,2.268009901,1,0.998880148,0.009958422
36,9,9,1.782994986,1,0.998919487,0.009286794
36,9,10,1.208212018,1,0.998761952,0.040083822
36,9,11,2.403955221,1,0.997302413,0.005783445
36,10,0,2.599337101,1,0.996495187,0.011360052
36,10,1,1.924652219,1,0.997476041,0.010170081
36,10,2,2.571436882,1,0.995771587,0.010754718
36,10,3,2.795954943,1,0.993208706,0.010463798
36,10,4,3.292054415,1.000000119,0.994716883,0.022523206
36,10,5,1.033535719,1,0.996999562,0.026741864
36,10,6,1.858816981,1,0.997070849,0.007188989
36,10,7,3.019225597,1,0.995908797,0.028818268
36,10,8,2.310137272,1,0.997192442,0.01205901
36,10,9,1.304897428,1,0.997315407,0.066570021
36,10,10,1.92369473,1,0.996791422,0.008657468
36,10,11,2.165653944,1,0.997221589,0.037840765
36,11,0,4.782632828,1.000001669,0.883474708,0.025829095
36,11,1,2.679750204,1,0.906292737,0.013863256
36,11,2,2.501630068,1,0.90507412,0.009020666
36,11,3,2.064816236,1,0.905142546,0.023059752
36,11,4,3.959363461,1.000000119,0.909820974,0.018419497
36,11,5,2.481511831,1,0.906003594,0.013156618
36,11,6,2.128638744,1,0.904787421,0.008316156
36,11,7,2.964417696,1,0.907865465,0.020470941
36,11,8,3.769121647,1.000022054,0.106940836,0.114633001
36,11,9,2.11785984,1,0.904830337,0.008209226
36,11,10,3.042062044,1.000000119,0.91169554,0.047029056
36,11,11,3.094258308,1.000000119,0.911072969,0.038023297
37,0,0,4.378433228,1.000015855,0.798986435,0.021746824
37,0,1,0.565042257,1.000029564,0.806549609,0.822700262
37,0,2,4.488574505,1.000012159,0.796456099,0.047054086
37,0,3,0.445271522,1.000029802,0.793343127,0.848653018
37,0,4,1.294920802,1.000028491,0.800641596,0.575141668
37,0,5,1.614525914,1.000024557,0.770239294,0.568417549
37,0,6,4.183820248,1.000021219,0.720477521,0.031155253
37,0,7,1.901950598,1.000026464,0.747613192,0.170830458
37,0,8,4.195895672,1.000022411,0.798874795,0.060251471
37,0,9,4.610725403,1.00001657,0.845796824,0.022000695
37,0,10,4.200147629,1.000023842,0.87884146,0.15181011
37,0,11,5.359666824,1.000014186,0.728167534,0.007806871
37,1,0,2.357949972,1.00002563,0.708066225,0.10762766
37,1,1,2.685541153,1.000020504,0.692273498,0.094071604
37,1,2,4.729390621,1.000018001,0.646497905,0.026952107
37,1,3,4.245256901,1.00000155,0.684036613,0.035873707
37,1,4,3.764269114,1.000009418,0.809909105,0.068170518
37,1,5,4.416500568,1.000012159,0.82792002,0.086923495
37,1,6,4.381395817,1.000009894,0.806355655,0.035303395
37,1,7,4.834150791,1.000013232,0.82455039,0.021535844
37,1,8,5.278734684,1.000003576,0.790942013,0.010059671
37,1,9,5.317975044,1.000005722,0.771946967,0.007686316
37,1,10,4.406796455,1.000012994,0.592253983,0.041968636
37,1,11,1.824150681,1.000026107,0.755391479,0.636562407
37,2,0,2.510831356,1.000001311,0.883507013,0.102831192
37,2,1,4.604428768,1.000000834,0.871197939,0.01062576
37,2,2,1.147983074,1.000004292,0.886839926,0.129927456
37,2,3,1.919980049,1.000004292,0.861406326,0.132657632
37,2,4,1.719479322,1.000000119,0.867278159,0.094504558
37,2,5,1.79589355,1.000004053,0.870434046,0.141350284
37,2,6,2.759486675,1.000007272,0.776715815,0.082377858
37,2,7,2.708176136,1,0.840508819,0.033801816
37,2,8,1.861495495,1.000002146,0.890984893,0.110686362
37,2,9,1.759114504,1.000003695,0.862353265,0.127025351
37,2,10,3.125254154,1.000027061,0.523684025,0.124612384
37,2,11,3.072824001,1.000000238,0.878850162,0.104393646
37,3,0,2.804583549,1,0.993112028,0.061261803
37,3,1,1.945957184,1.000000119,0.992533624,0.062219165
37,3,2,1.420217395,1.000000358,0.986398757,0.113641538
37,3,3,0.994319141,1,0.993063211,0.068640836
37,3,4,3.656072855,1,0.993612826,0.01188018
37,3,5,2.723718166,1,0.994365633,0.034950089
37,3,6,1.716232657,1.000000358,0.984469831,0.153443009
37,3,7,1.448740482,1.000000238,0.99083519,0.122766681
37,3,8,1.50637269,1.000000358,0.987159193,0.124253228
37,3,9,1.59381175,1,0.993976235,0.071763568
37,3,10,1.822223544,1,0.993277907,0.158912674
37,3,11,1.770496368,1.000000119,0.99200052,0.102360494
37,4,0,1.217649221,1.000000119,0.916539609,0.061447989
37,4,1,1.541840196,1,0.917698801,0.066448793
37,4,2,2.125963926,1,0.914930701,0.015459295
37,4,3,1.585559607,1.000000119,0.917180479,0.071549095
37,4,4,3.036630869,1,0.916854262,0.043280009
37,4,5,1.435050368,1,0.915907323,0.058736391
37,4,6,2.063913345,1,0.917321205,0.049510937
37,4,7,1.850765944,1.000000358,0.920058429,0.474176556
37,4,8,3.303079128,1,0.917531788,0.015883299
37,4,9,1.804784417,1,0.916814566,0.034854524
37,4,10,3.312791109,1,0.916478693,0.015338313
37,4,11,0.010069367,1.000029325,0.138135821,0.003834438
37,5,0,1.73395741,1,0.997291028,0.011183282
37,5,1,0.325808644,1,0.9968822,0.004204961
37,5,2,1.401879191,1,0.997238159,0.022732114
37,5,3,2.249948978,1.000000119,0.99520129,0.036402389
37,5,4,1.4617939,1,0.99725914,0.051879995
37,5,5,1.942105889,1,0.997390568,0.01167011
37,5,6,0.673211396,1,0.99705714,0.025741464
37,5,7,0.993180692,1,0.997064412,0.040550813
37,5,8,1.087381005,1,0.997199118,0.027239745
37,5,9,2.73844552,1,0.997598827,0.008656939
37,5,10,3.574671268,1.000000358,0.97822684,0.031953998
37,5,11,2.813137293,1,0.997324944,0.10743928
37,6,0,1.82005918,1,0.996772707,0.035799664
37,6,1,0.782318234,1,0.998150229,0.022774152
37,6,2,3.49679184,1,0.997907221,0.014254276
37,6,3,1.629262209,1,0.998547971,0.017498957
37,6,4,3.558124781,1.000000119,0.994310796,0.017440652
37,6,5,1.668430328,1,0.998579979,0.062979944
37,6,6,2.893029451,1,0.998699009,0.078337416
37,6,7,2.293653488,1,0.997900426,0.043098364
37,6,8,1.26931417,1,0.998471677,0.030171635
37,6,9,0.875894845,1,0.998151839,0.005434279
37,6,10,3.228251696,1,0.998188078,0.011261539
37,6,11,1.532728672,1,0.998376846,0.047089908
37,7,0,1.058571696,1,0.999094367,0.026270946
37,7,1,2.286864281,1,0.999063432,0.010827667
37,7,2,0.59958452,1,0.99917227,0.003590483
37,7,3,1.482935786,1,0.999380112,0.044902347
37,7,4,0.938013434,1,0.999299228,0.015857564
37,7,5,2.768855095,1.000000119,0.996674001,0.022842366
37,7,6,3.078288794,1,0.999094009,0.01176801
37,7,7,1.428783894,1,0.999306321,0.011507202
37,7,8,1.403598666,1,0.998971164,0.036922585
37,7,9,1.404156327,1,0.999288023,0.029016275
37,7,10,0.868310273,1,0.999214113,0.004515956
37,7,11,1.96288538,1,0.99926734,0.007623677
37,8,0,3.257400513,1,0.997388065,0.024709208
37,8,1,1.08020997,1,0.997273862,0.00718969
37,8,2,4.231044292,1.000000358,0.98347038,0.011555051
37,8,3,2.13756299,1,0.997766137,0.018234622
37,8,4,1.248557448,1,0.997555017,0.049705043
37,8,5,1.954848886,1,0.997358859,0.042782027
37,8,6,1.957941771,1,0.997698545,0.01612957
37,8,7,1.297367811,1,0.997448385,0.059151467
37,8,8,2.481403112,1,0.996970594,0.029763702
37,8,9,2.309684515,1,0.997766256,0.028955027
37,8,10,2.379196167,1,0.997929156,0.058964562
37,8,11,1.911447287,1,0.997356951,0.013911405
37,9,0,2.295690775,1,0.997943699,0.018237216
37,9,1,2.007503748,1,0.998249948,0.010478473
37,9,2,2.477082729,1,0.997879922,0.014384244
37,9,3,1.621088505,1,0.997946322,0.046082366
37,9,4,1.749217153,1,0.998538435,0.010863457
37,9,5,2.15494895,1,0.998661458,0.027253596
37,9,6,1.340292573,1,0.998540878,0.004259261
37,9,7,1.986697674,1,0.998500407,0.019193606
37,9,8,3.012447596,1,0.992703497,0.011716262
37,9,9,1.535477638,1,0.998455822,0.005065697
37,9,10,1.203085542,1,0.998340428,0.043236192
37,9,11,2.467092991,1,0.997078478,0.006432477
37,10,0,2.269771099,1,0.99646759,0.008080008
37,10,1,1.604244232,1,0.998182535,0.007174233
37,10,2,2.090562344,1,0.997381747,0.009353909
37,10,3,3.197497606,1,0.994026005,0.012546637
37,10,4,3.027048111,1,0.996727943,0.017895835
37,10,5,1.049195766,1,0.997972906,0.028553128
37,10,6,2.172564268,1,0.998050511,0.00906569
37,10,7,2.958111286,1,0.997535467,0.02680072
37,10,8,2.048681736,1,0.998075843,0.011701168
37,10,9,1.337994456,1,0.998141468,0.066161752
37,10,10,1.69144237,1,0.998197615,0.006239911
37,10,11,1.840548396,1,0.99805522,0.032141972
37,11,0,4.630012512,1.000001073,0.894237936,0.030116109
37,11,1,2.921315193,1,0.909707606,0.020416683
37,11,2,2.737997293,1,0.907039285,0.008211236
37,11,3,2.104566336,1,0.907491446,0.026211077
37,11,4,3.939425945,1.000000119,0.912058592,0.01673051
37,11,5,2.156722546,1,0.907287955,0.009459063
37,11,6,1.929155111,1,0.906689107,0.005945048
37,11,7,2.751744986,1,0.90905267,0.017295238
37,11,8,3.71604681,1.000022054,0.09823823,0.103649564
37,11,9,1.706080675,1,0.906131983,0.006271118
37,11,10,2.89155817,1,0.912019908,0.04252011
37,11,11,2.676716089,1,0.911121011,0.039686613
38,0,0,4.414409161,1.000017047,0.804017484,0.02081611
38,0,1,0.562485874,1.000029802,0.800258815,0.818129122
38,0,2,4.495313168,1.000011563,0.78099817,0.041260652
38,0,3,0.445866078,1.000029087,0.77830565,0.816555679
38,0,4,1.211704016,1.000026941,0.779857218,0.565210402
38,0,5,1.588168859,1.000023007,0.754890501,0.549692929
38,0,6,4.232485771,1.000020742,0.735926867,0.032121461
38,0,7,1.876174808,1.000026822,0.752393007,0.167012036
38,0,8,4.201102734,1.000022411,0.799331665,0.062410109
38,0,9,4.61677742,1.000016332,0.840592623,0.021850614
38,0,10,4.212709904,1.000023603,0.87519151,0.149417818
38,0,11,5.325056553,1.000014067,0.734329939,0.008376463
38,1,0,2.387619495,1.000026107,0.720500231,0.110754661
38,1,1,2.665787697,1.0000211,0.689794898,0.094409376
38,1,2,4.696509361,1.00001657,0.635478318,0.027730575
38,1,3,4.185100555,1.000001192,0.673844874,0.036511745
38,1,4,3.735793591,1.000008702,0.799561322,0.069427416
38,1,5,4.40524292,1.000012159,0.815316141,0.086230509
38,1,6,4.237854481,1.000010014,0.794757426,0.037994828
38,1,7,4.832039833,1.000011921,0.820011854,0.020144938
38,1,8,5.242264748,1.000004411,0.789843976,0.010408493
38,1,9,5.24092865,1.000007153,0.755588591,0.008017329
38,1,10,4.389412403,1.000013232,0.588519812,0.041955426
38,1,11,1.790690064,1.00002718,0.745013595,0.640842497
38,2,0,2.473811865,1.000001431,0.876339674,0.105925784
38,2,1,4.6308074,1.000001192,0.863274515,0.012738916
38,2,2,1.109050155,1.00000608,0.873568177,0.123693295
38,2,3,1.911201477,1.000004649,0.854442835,0.132881284
38,2,4,1.689380765,1.000000238,0.855294406,0.085798696
38,2,5,1.780090213,1.000004649,0.863196969,0.137666762
38,2,6,2.738919497,1.000007868,0.780212224,0.080166504
38,2,7,2.730374813,1,0.828417718,0.033554118
38,2,8,1.809166551,1.000002623,0.881417096,0.109664097
38,2,9,1.736328483,1.000007033,0.841834128,0.131073102
38,2,10,3.105041504,1.00002718,0.528014123,0.124635458
38,2,11,3.01516819,1.000000358,0.867872953,0.105249956
38,3,0,2.882642269,1,0.992228687,0.069840237
38,3,1,1.965646625,1.000000238,0.991416991,0.062806375
38,3,2,1.432129622,1.000000596,0.983962595,0.121278226
38,3,3,0.951654196,1,0.991526365,0.060353432
38,3,4,3.799838781,1,0.992665529,0.010688051
38,3,5,2.761490822,1,0.993331492,0.03660246
38,3,6,1.726546288,1.000000358,0.980921388,0.162035704
38,3,7,1.468213797,1.000000238,0.990232229,0.121216364
38,3,8,1.533233881,1.000000358,0.984463751,0.12034186
38,3,9,1.615232944,1,0.992998302,0.075699791
38,3,10,1.810800791,1,0.991961062,0.156936109
38,3,11,1.797620416,1.000000238,0.990934968,0.105498888
38,4,0,1.21688199,1,0.916292131,0.06157263
38,4,1,1.5752455,1,0.918325245,0.066767849
38,4,2,2.294153452,1,0.915076017,0.01656602
38,4,3,1.588095069,1,0.917005479,0.068642564
38,4,4,3.126945257,1,0.916845918,0.045098852
38,4,5,1.422836781,1,0.915638387,0.06248647
38,4,6,2.106969833,1,0.917371929,0.04699396
38,4,7,1.80497539,1.000000477,0.918805182,0.494692117
38,4,8,3.47867465,1,0.917911708,0.017413637
38,4,9,1.866998792,1,0.916796088,0.03706238
38,4,10,3.249899387,1,0.916002631,0.012829898
38,4,11,0.010693453,1.000030041,0.145490393,0.004299976
38,5,0,1.923098564,1,0.996734679,0.012786344
38,5,1,0.317289591,1,0.996060133,0.004340461
38,5,2,1.427468061,1,0.99672693,0.022080284
38,5,3,2.368314266,1.000000119,0.992358565,0.036651123
38,5,4,1.510427952,1,0.996661782,0.052307446
38,5,5,2.202550888,1,0.996727943,0.013113087
38,5,6,0.685506463,1,0.996320784,0.025611527
38,5,7,0.984607697,1,0.996426225,0.037565045
38,5,8,1.180783391,1,0.996568859,0.028429596
38,5,9,3.133625507,1,0.997100592,0.007967375
38,5,10,3.720738649,1.000000477,0.976537168,0.038207088
38,5,11,2.836990356,1,0.99689585,0.113965377
38,6,0,1.814974308,1,0.99512291,0.040822327
38,6,1,0.798569202,1,0.997582197,0.022655291
38,6,2,3.620738029,1,0.997360229,0.013373412
38,6,3,1.745006561,1,0.998075247,0.018982535
38,6,4,3.645587683,1.000000119,0.99245888,0.021632612
38,6,5,1.750884175,1,0.998095274,0.062706694
38,6,6,3.008899212,1,0.998228431,0.080867827
38,6,7,2.344642162,1,0.997218549,0.044507682
38,6,8,1.293602824,1,0.998019218,0.030321127
38,6,9,0.941275358,1,0.997560859,0.005923861
38,6,10,3.25860095,1,0.997801065,0.011812436
38,6,11,1.633142591,1,0.997686386,0.05237215
38,7,0,1.068675756,1,0.998964071,0.026132358
38,7,1,2.72516489,1,0.998292029,0.01577298
38,7,2,0.59974438,1,0.999014258,0.004348512
38,7,3,1.593586445,1,0.999285519,0.04857948
38,7,4,0.964457035,1,0.999187291,0.015807981
38,7,5,2.707726717,1,0.997210264,0.024067134
38,7,6,3.239940405,1,0.999041378,0.011174566
38,7,7,1.512531519,1,0.99921155,0.013669992
38,7,8,1.440595031,1,0.998845339,0.037505686
38,7,9,1.56112957,1,0.999174297,0.035552196
38,7,10,1.168853283,1,0.999149323,0.007454498
38,7,11,1.976188421,1,0.999206543,0.00697744
38,8,0,3.297423363,1,0.997515321,0.023245782
38,8,1,1.222290277,1,0.997101843,0.008599789
38,8,2,4.271486759,1.000000358,0.98348254,0.012200333
38,8,3,2.373803616,1,0.997437119,0.020007813
38,8,4,1.26937902,1,0.99741894,0.05449339
38,8,5,1.973235011,1,0.996912062,0.041619599
38,8,6,2.061589718,1,0.997582853,0.016249087
38,8,7,1.225876331,1,0.997083485,0.051319178
38,8,8,2.506816626,1,0.996751428,0.031401794
38,8,9,2.490947962,1,0.997643232,0.031114072
38,8,10,2.360185146,1,0.997829676,0.061855096
38,8,11,2.057287931,1,0.997406602,0.013648693
38,9,0,2.5385077,1,0.99586314,0.028967457
38,9,1,2.015239954,1,0.998365581,0.009561433
38,9,2,2.709937096,1,0.997754514,0.01668942
38,9,3,1.662831664,1,0.997939289,0.046223938
38,9,4,2.113941193,1,0.998746157,0.012090479
38,9,5,2.314995527,1,0.998810947,0.028943637
38,9,6,1.833646894,1,0.998524845,0.005127181
38,9,7,2.06289506,1,0.998602808,0.019441249
38,9,8,2.495479345,1,0.997225702,0.00725229
38,9,9,2.028624773,1,0.998724937,0.006951719
38,9,10,1.24596715,1,0.998508692,0.047622502
38,9,11,2.545619011,1,0.998051286,0.005430455
38,10,0,2.635362625,1,0.99503994,0.008328675
38,10,1,2.124131203,1,0.997082114,0.009522038
38,10,2,2.621672153,1,0.997146428,0.007429566
38,10,3,2.963140249,1.000000119,0.994804144,0.010567545
38,10,4,3.438069344,1.000000119,0.99424082,0.021970171
38,10,5,1.046118379,1,0.996976614,0.028103845
38,10,6,2.145058155,1,0.996973276,0.00811666
38,10,7,2.947657824,1,0.996670544,0.029138783
38,10,8,2.299241066,1,0.997164369,0.011967388
38,10,9,1.373843074,1,0.99730283,0.061695863
38,10,10,2.158368587,1,0.996953964,0.006141315
38,10,11,2.042543411,1,0.997199655,0.042216703
38,11,0,4.736129761,1.000001073,0.897616208,0.024069523
38,11,1,3.321086884,1.000000119,0.909459054,0.017496137
38,11,2,2.946864605,1,0.908609033,0.00905197
38,11,3,2.512170553,1,0.908484817,0.026800923
38,11,4,4.187489033,1.000000119,0.912192881,0.016709704
38,11,5,2.576615095,1,0.907507002,0.01217
38,11,6,2.284931183,1,0.906541109,0.005627945
38,11,7,2.87036109,1,0.9084059,0.018266538
38,11,8,3.726293802,1.000020742,0.108713262,0.089819342
38,11,9,2.309755325,1,0.906554043,0.007348471
38,11,10,2.999287367,1.000000119,0.913051605,0.047163974
38,11,11,3.051804066,1,0.911992073,0.037363689
39,0,0,4.396513939,1.000017762,0.801489234,0.018619617
39,0,1,0.557318211,1.000029683,0.805701494,0.819780707
39,0,2,4.583251476,1.000011802,0.79306376,0.039578561
39,0,3,0.423076183,1.000029087,0.784946442,0.836501658
39,0,4,1.198065758,1.000027061,0.796912193,0.596666038
39,0,5,1.533947945,1.000022888,0.755506575,0.537368596
39,0,6,4.267730236,1.000020385,0.742400706,0.03061419
39,0,7,1.875244021,1.000027061,0.750065386,0.1689132
39,0,8,4.21765852,1.000022531,0.81590116,0.062077753
39,0,9,4.621637821,1.000015974,0.843098879,0.021982942
39,0,10,4.201249599,1.000023246,0.879828513,0.157665342
39,0,11,5.335616589,1.000014544,0.734574676,0.00819887
39,1,0,2.34969902,1.000026941,0.707525194,0.108721428
39,1,1,2.709942579,1.000020504,0.700755715,0.098035157
39,1,2,4.707990646,1.000016689,0.644561589,0.027907426
39,1,3,4.209833145,1.000000954,0.683637857,0.036221288
39,1,4,3.748467922,1.000009179,0.805234671,0.069922052
39,1,5,4.511300564,1.000012398,0.827220321,0.081615329
39,1,6,4.618257999,1.000009179,0.807018042,0.034153745
39,1,7,4.931146622,1.000010729,0.828353822,0.019507892
39,1,8,5.232882023,1.000004053,0.788808405,0.010071814
39,1,9,5.29860878,1.00000596,0.766581118,0.007430907
39,1,10,4.393692017,1.000012994,0.588530064,0.041309163
39,1,11,1.750926971,1.000026941,0.74237442,0.646081805
39,2,0,2.520103216,1.000001073,0.878114879,0.101108365
39,2,1,4.636271,1.000000954,0.859856188,0.010993188
39,2,2,1.134325147,1.000005364,0.877121031,0.127842501
39,2,3,1.921956897,1.000006199,0.846690416,0.133426011
39,2,4,1.687344909,1.000000119,0.85791868,0.087507382
39,2,5,1.806908607,1.000004053,0.863752544,0.138800517
39,2,6,2.767460823,1.000006199,0.778043687,0.078063883
39,2,7,2.740597725,1,0.834229887,0.033888947
39,2,8,1.858406544,1.000002503,0.884630919,0.112124488
39,2,9,1.810806274,1.000003815,0.861355603,0.132209688
39,2,10,3.130897284,1.000027299,0.498719186,0.124766044
39,2,11,3.0415411,1.000000358,0.870806158,0.104108676
39,3,0,2.852655411,1,0.992796957,0.069860995
39,3,1,1.915702462,1,0.993264258,0.061895031
39,3,2,1.448530793,1.000000358,0.986421168,0.119436599
39,3,3,0.956640422,1,0.993244112,0.064093575
39,3,4,3.911928892,1,0.993229628,0.010852482
39,3,5,2.626727343,1,0.994610727,0.032365516
39,3,6,1.70737052,1.000000358,0.985735536,0.154284552
39,3,7,1.45593822,1.000000119,0.991686881,0.115328297
39,3,8,1.533692002,1.000000358,0.988124251,0.121545561
39,3,9,1.543176532,1,0.9941324,0.072368734
39,3,10,1.790799379,1,0.99357754,0.164428845
39,3,11,1.729671955,1,0.992272377,0.094526522
39,4,0,1.259175539,1.000000119,0.916239977,0.06068128
39,4,1,1.574811339,1,0.917961061,0.061207298
39,4,2,2.187194586,1,0.914543509,0.01491888
39,4,3,1.607650995,1.000000119,0.917551279,0.06724748
39,4,4,3.269160509,1,0.917281389,0.04612368
39,4,5,1.461893201,1,0.915998995,0.062159982
39,4,6,2.106458426,1,0.917159677,0.04536052
39,4,7,1.876802683,1.000000596,0.920304358,0.478404939
39,4,8,3.479308605,1,0.917546034,0.015369864
39,4,9,1.872179508,1,0.916859627,0.03702024
39,4,10,3.314594746,1,0.915923178,0.011985149
39,4,11,0.009440629,1.000029683,0.144673735,0.00389194
39,5,0,1.914047122,1,0.996012092,0.011045371
39,5,1,0.376385659,1,0.995405555,0.004209283
39,5,2,1.437925458,1,0.995857596,0.021217296
39,5,3,2.314690828,1.000000119,0.992589414,0.036060557
39,5,4,1.474531293,1,0.995803237,0.050594382
39,5,5,2.139300585,1,0.995910704,0.012846998
39,5,6,0.649827719,1,0.995519817,0.024062809
39,5,7,0.970892012,1,0.995592296,0.039458103
39,5,8,1.100543499,1,0.995737672,0.028211027
39,5,9,3.223401785,1,0.996343791,0.008510653
39,5,10,3.738584518,1.000000596,0.967031479,0.038124017
39,5,11,2.813684464,1,0.996236861,0.115944728
39,6,0,1.837731361,1,0.995896757,0.037471268
39,6,1,0.781720579,1,0.99820441,0.02172512
39,6,2,3.589540005,1,0.997599602,0.013326299
39,6,3,1.726186633,1,0.998610735,0.018561615
39,6,4,3.342077971,1,0.996552408,0.018567186
39,6,5,1.694485784,1,0.998642206,0.062821589
39,6,6,3.059021235,1,0.998630583,0.08206778
39,6,7,2.332397938,1,0.997439981,0.043205228
39,6,8,1.282781124,1,0.998475313,0.028761346
39,6,9,1.002876997,1,0.998162448,0.006255871
39,6,10,2.88405776,1,0.998449683,0.009299045
39,6,11,1.581399798,1,0.998295546,0.048092961
39,7,0,1.076970339,1,0.998965681,0.027467402
39,7,1,2.514549255,1,0.998567641,0.012776424
39,7,2,0.582834303,1,0.999234915,0.003951177
39,7,3,1.517389536,1,0.999459207,0.045243312
39,7,4,0.903828979,1,0.999347746,0.015044599
39,7,5,2.46720767,1,0.998473704,0.023116885
39,7,6,3.053376436,1,0.999154985,0.0119934
39,7,7,1.356922984,1,0.999373078,0.012029374
39,7,8,1.317786217,1,0.998975575,0.034748707
39,7,9,1.504930854,1,0.99930805,0.034788944
39,7,10,1.114732146,1,0.999287844,0.00615598
39,7,11,1.858819604,1,0.999366164,0.007436106
39,8,0,3.114304304,1,0.998291373,0.022598971
39,8,1,1.133170128,1,0.998037279,0.011108994
39,8,2,3.99760294,1.000000238,0.990649164,0.011766695
39,8,3,2.101475239,1,0.998398602,0.018558783
39,8,4,1.090613008,1,0.998237073,0.047817346
39,8,5,1.870155454,1,0.997972429,0.037531078
39,8,6,1.953906178,1,0.998401403,0.016901126
39,8,7,1.232145905,1,0.99777776,0.050013173
39,8,8,2.542012691,1,0.996667802,0.031132316
39,8,9,2.302297831,1,0.998471975,0.030242089
39,8,10,2.236503363,1,0.998541772,0.066499636
39,8,11,1.716751218,1,0.998226523,0.011285022
39,9,0,2.404336452,1,0.996929169,0.022033306
39,9,1,2.078902006,1,0.998495996,0.010588652
39,9,2,2.819437027,1,0.997134149,0.01680926
39,9,3,1.645278215,1,0.997901738,0.043968938
39,9,4,1.984304667,1,0.998825669,0.012160221
39,9,5,2.373829126,1,0.99890399,0.029796224
39,9,6,1.734948039,1,0.998681962,0.006111341
39,9,7,1.950992107,1,0.99869293,0.018399537
39,9,8,2.311805725,1,0.99880749,0.007830389
39,9,9,1.926977634,1,0.998718441,0.007479925
39,9,10,1.113850951,1,0.998600781,0.03949818
39,9,11,2.434571505,1,0.996689379,0.005576482
39,10,0,2.790128231,1,0.992832959,0.011088278
39,10,1,2.042477846,1,0.996639192,0.010397252
39,10,2,2.235335112,1,0.996039391,0.009270893
39,10,3,2.737206221,1.000000238,0.990320146,0.011699075
39,10,4,3.16323328,1,0.99538672,0.019703511
39,10,5,1.027065754,1,0.996563137,0.02788844
39,10,6,1.733311415,1,0.996511042,0.007409741
39,10,7,2.856028557,1,0.996774077,0.027287344
39,10,8,2.382045269,1,0.996762693,0.012190407
39,10,9,1.353388906,1,0.996829629,0.063627236
39,10,10,2.119601488,1,0.996754289,0.00813159
39,10,11,2.188139677,1,0.996432126,0.045659784
39,11,0,4.67879343,1.000000954,0.90005213,0.024617437
39,11,1,2.931955099,1,0.909859478,0.01637945
39,11,2,2.649978876,1,0.907190681,0.010432483
39,11,3,2.170265675,1,0.908228874,0.021913512
39,11,4,3.911470175,1.000000238,0.911001027,0.018385468
39,11,5,2.270768881,1,0.908108354,0.012208905
39,11,6,2.271995306,1,0.907495856,0.007627596
39,11,7,2.837990284,1,0.909550607,0.022133965
39,11,8,3.794377089,1.000020862,0.098181874,0.090967737
39,11,9,1.930047393,1,0.906869471,0.00732248
39,11,10,2.78467679,1,0.912309408,0.047213219
39,11,11,2.966539145,1.000000119,0.910982072,0.038638223
40,0,0,4.453536987,1.000018358,0.797468364,0.0178317
40,0,1,0.637690187,1.000030756,0.800844431,0.795417666
40,0,2,4.572162628,1.000013471,0.792744458,0.043863375
40,0,3,0.477578431,1.000029564,0.777812064,0.805701733
40,0,4,1.254496455,1.000028729,0.78646332,0.565578222
40,0,5,1.738013029,1.00002265,0.739537597,0.509232342
40,0,6,4.189869404,1.000020266,0.708302736,0.032435779
40,0,7,1.889094234,1.000027299,0.746454477,0.170575708
40,0,8,4.209391594,1.000023007,0.78213805,0.057465818
40,0,9,4.635846138,1.000016332,0.842839062,0.022363499
40,0,10,4.222942352,1.000024557,0.874346495,0.150181204
40,0,11,5.367452621,1.000014305,0.727893054,0.007926996
40,1,0,2.323529482,1.000028253,0.694380522,0.108285628
40,1,1,2.727375507,1.000021935,0.697322667,0.095027462
40,1,2,4.734818935,1.000017047,0.653943777,0.026844757
40,1,3,4.261609554,1.000001311,0.682232141,0.035544999
40,1,4,3.764600277,1.000010252,0.80486685,0.068570308
40,1,5,4.446293831,1.000013232,0.820327163,0.09064807
40,1,6,4.464023113,1.000009894,0.80852586,0.028225571
40,1,7,4.973420143,1.000012636,0.829700291,0.01970681
40,1,8,5.283912659,1.000004292,0.788500547,0.009617226
40,1,9,5.303412914,1.00000596,0.76102072,0.007136544
40,1,10,4.421557426,1.000013113,0.598160505,0.041356828
40,1,11,1.850003719,1.000027418,0.747261763,0.62189126
40,2,0,2.501503944,1.000001311,0.872032404,0.10530474
40,2,1,4.582177639,1.000000477,0.853770673,0.009360615
40,2,2,1.133787513,1.000004888,0.872531652,0.12404006
40,2,3,1.928074002,1.000006318,0.841430843,0.132149398
40,2,4,1.70526123,1.000000238,0.854087114,0.095117085
40,2,5,1.761312842,1.000006795,0.846346855,0.144042045
40,2,6,2.838642359,1.000007272,0.758634508,0.078510806
40,2,7,2.721849203,1,0.825438678,0.032625284
40,2,8,1.914641023,1.000002623,0.88184303,0.112554051
40,2,9,1.773072839,1.000006557,0.845005393,0.129192367
40,2,10,3.147408009,1.000028253,0.512477577,0.12232469
40,2,11,3.087254286,1.000000119,0.865566671,0.102620468
40,3,0,2.881260872,1,0.990939379,0.057094615
40,3,1,2.050840616,1.000000238,0.990463197,0.05798303
40,3,2,1.459165931,1.000000596,0.977886021,0.11330691
40,3,3,1.042088151,1,0.990676522,0.070783161
40,3,4,3.864169836,1,0.99148941,0.011095668
40,3,5,2.793475628,1,0.9921785,0.033875816
40,3,6,1.753797531,1.000000596,0.978859842,0.151643619
40,3,7,1.475030899,1.000000358,0.987754107,0.12080685
40,3,8,1.555204272,1.000000358,0.981990755,0.11929287
40,3,9,1.667409897,1,0.991666734,0.078110926
40,3,10,1.8401618,1,0.990736961,0.160580009
40,3,11,1.851574421,1.000000119,0.990254402,0.102548167
40,4,0,1.278902769,1,0.915177763,0.054013252
40,4,1,1.680866599,1,0.918211043,0.06489414
40,4,2,2.539219618,1,0.915471613,0.015277834
40,4,3,1.70296514,1.000000119,0.917534113,0.067297705
40,4,4,3.281927109,1,0.916861892,0.043339919
40,4,5,1.486549258,1,0.915397048,0.054120176
40,4,6,2.162719011,1,0.917077243,0.047835488
40,4,7,1.903867245,1.000000477,0.919283628,0.469978124
40,4,8,3.562258959,1,0.917627096,0.016332425
40,4,9,1.940639138,1,0.91674006,0.035134822
40,4,10,3.387023926,1,0.915723801,0.01281888
40,4,11,0.012421901,1.000030279,0.146500766,0.003862823
40,5,0,1.92238605,1,0.996810973,0.010741888
40,5,1,0.416196585,1,0.996369421,0.004076185
40,5,2,1.509926677,1,0.996843755,0.021285981
40,5,3,2.36988759,1.000000119,0.994032681,0.033543706
40,5,4,1.515507579,1,0.996716559,0.049771935
40,5,5,2.138381958,1,0.996743917,0.01140496
40,5,6,0.73679769,1,0.996580184,0.027713761
40,5,7,1.001731277,1,0.996589422,0.036114156
40,5,8,1.229490519,1,0.996749341,0.029732892
40,5,9,3.078622341,1,0.997250319,0.008259613
40,5,10,3.70046258,1.000000477,0.976442277,0.029897045
40,5,11,2.97818923,1,0.996881485,0.112230174
40,6,0,1.887141347,1,0.995214224,0.038082715
40,6,1,0.87644887,1,0.997824609,0.024521044
40,6,2,3.720876217,1,0.996827304,0.014164903
40,6,3,1.695423484,1,0.998205781,0.017326916
40,6,4,3.575307608,1,0.99403739,0.018817581
40,6,5,1.736285806,1,0.99829179,0.060815454
40,6,6,3.066310644,1,0.998339713,0.079355732
40,6,7,2.266644716,1,0.997957051,0.041275755
40,6,8,1.314171314,1,0.998193681,0.028151514
40,6,9,0.90758574,1,0.997769415,0.005601897
40,6,10,3.13303709,1,0.998050511,0.010902318
40,6,11,1.65151155,1,0.997951925,0.049533889
40,7,0,1.136441469,1,0.998949766,0.026131209
40,7,1,2.515937328,1,0.998826265,0.010050156
40,7,2,0.765819609,1,0.999240279,0.004093535
40,7,3,1.563527346,1,0.999422789,0.045413382
40,7,4,0.986487389,1,0.999336064,0.014607019
40,7,5,2.657451391,1,0.998052776,0.022948686
40,7,6,3.135999441,1,0.999203086,0.010781775
40,7,7,1.52862525,1,0.999332011,0.012128482
40,7,8,1.367924929,1,0.999092817,0.03458545
40,7,9,1.528769732,1,0.999310315,0.030852212
40,7,10,1.177982688,1,0.999234021,0.005503201
40,7,11,1.971599817,1,0.999289095,0.008247889
40,8,0,3.233264923,1,0.997848928,0.022160955
40,8,1,1.41889143,1,0.997829616,0.008314751
40,8,2,4.15062809,1.000000358,0.986813903,0.011961737
40,8,3,2.261251688,1,0.998118579,0.018509662
40,8,4,1.246930599,1,0.99795568,0.048546087
40,8,5,2.054469347,1,0.997361362,0.03818148
40,8,6,2.060143948,1,0.998055518,0.017435538
40,8,7,1.340393543,1,0.99757266,0.051963743
40,8,8,2.060637474,1,0.998058856,0.023727305
40,8,9,2.192737818,1,0.998090029,0.024448579
40,8,10,2.400376797,1,0.998256683,0.058743156
40,8,11,1.814985156,1,0.997812867,0.012040597
40,9,0,2.483527422,1,0.996235251,0.019940091
40,9,1,2.114358664,1,0.997948468,0.009432841
40,9,2,2.51288414,1,0.997750342,0.014196359
40,9,3,1.684957743,1,0.997546434,0.044944678
40,9,4,2.000302315,1,0.998383939,0.010407875
40,9,5,2.663341999,1,0.998420954,0.029849179
40,9,6,1.866733551,1,0.998265028,0.004514488
40,9,7,2.105405807,1,0.998226345,0.018569399
40,9,8,2.730382681,1.000000119,0.996544242,0.008173163
40,9,9,2.019483805,1,0.998378336,0.005410158
40,9,10,1.230698943,1,0.998100817,0.040321019
40,9,11,2.700390339,1.000000119,0.993166506,0.006194358
40,10,0,2.726294041,1.000000238,0.989985228,0.006408782
40,10,1,2.122927904,1,0.995169282,0.006734593
40,10,2,2.677449703,1.000000119,0.991643548,0.008177749
40,10,3,3.143667698,1.000000119,0.990018904,0.010084535
40,10,4,3.440314054,1.000000119,0.990023792,0.019963464
40,10,5,1.063752294,1,0.994649947,0.023887092
40,10,6,2.224365234,1,0.994961381,0.007449466
40,10,7,3.069065332,1,0.994915545,0.025876174
40,10,8,2.513430119,1,0.994998932,0.012075138
40,10,9,1.403659344,1,0.995019555,0.06421867
40,10,10,2.106194973,1,0.995316148,0.005525941
40,10,11,2.032336712,1,0.995378911,0.027325409
40,11,0,4.750742435,1.000001669,0.882847548,0.024355585
40,11,1,3.186534166,1,0.907048404,0.016840294
40,11,2,2.927769661,1.000000358,0.901901186,0.008059252
40,11,3,2.273392916,1,0.904512405,0.027143499
40,11,4,4.088984966,1.000000119,0.911089361,0.013734985
40,11,5,2.682978153,1,0.905207396,0.010384051
40,11,6,2.415579319,1,0.904789746,0.005761945
40,11,7,2.705680132,1,0.905400872,0.016106395
40,11,8,3.668579102,1.000021935,0.110045284,0.10008052
40,11,9,2.285731792,1,0.904267073,0.006167579
40,11,10,3.103668213,1,0.910950601,0.040968571
40,11,11,2.896765709,1,0.908107162,0.031820018
41,0,0,4.364611626,1.000016212,0.791974008,0.020102309
41,0,1,0.58188194,1.000029325,0.802803576,0.814633965
41,0,2,4.556979656,1.000012159,0.789413273,0.042914912
41,0,3,0.445087135,1.000027776,0.783916652,0.835517347
41,0,4,1.322736979,1.000026703,0.793475866,0.559884489
41,0,5,1.605895042,1.000022054,0.757797301,0.565084815
41,0,6,4.18167305,1.000020266,0.710095644,0.031419929
41,0,7,1.862678409,1.000025868,0.74023211,0.168733314
41,0,8,4.212392807,1.000021696,0.790289819,0.057509132
41,0,9,4.597539425,1.000015378,0.843699515,0.023482297
41,0,10,4.180905819,1.000023246,0.875475645,0.153737202
41,0,11,5.30821228,1.000013471,0.731319427,0.00841897
41,1,0,2.387508869,1.000025272,0.725187898,0.104624197
41,1,1,2.714113712,1.000020027,0.699821711,0.094333276
41,1,2,4.68944025,1.000017285,0.632195234,0.028083842
41,1,3,4.182733059,1.000000834,0.679126978,0.036888544
41,1,4,3.750156641,1.00000906,0.805879951,0.069032192
41,1,5,4.449465752,1.000011563,0.82709235,0.087701678
41,1,6,4.398300171,1.000008464,0.796620905,0.036579028
41,1,7,4.849858284,1.000012279,0.815231264,0.020184508
41,1,8,5.217506886,1.000003576,0.78706646,0.00989307
41,1,9,5.27634716,1.000006318,0.766128182,0.007106487
41,1,10,4.383085728,1.000011921,0.588669062,0.042051036
41,1,11,1.749864578,1.000026822,0.75009501,0.641233563
41,2,0,2.510093212,1.000001431,0.878298044,0.103736892
41,2,1,4.686946869,1.000001431,0.858756483,0.012127286
41,2,2,1.132896185,1.000004649,0.877936184,0.120099254
41,2,3,1.951393366,1.000005484,0.854546368,0.126442418
41,2,4,1.741241336,1.000000119,0.860129118,0.082728036
41,2,5,1.827052355,1.000004172,0.868335903,0.126966417
41,2,6,2.803091288,1.000005841,0.795713484,0.078231722
41,2,7,2.776978254,1,0.834178388,0.033510447
41,2,8,1.860405087,1.000002265,0.885143697,0.109015383
41,2,9,1.789185166,1.000004053,0.860321283,0.120311439
41,2,10,3.141273022,1.00002718,0.515628099,0.121480279
41,2,11,3.038416624,1.000000358,0.870950878,0.102334499
41,3,0,2.880384207,1,0.99236238,0.073859133
41,3,1,1.970354557,1.000000119,0.992469609,0.059662141
41,3,2,1.459899902,1.000000358,0.985133529,0.109910309
41,3,3,0.996544361,1,0.992489278,0.061219551
41,3,4,3.693227053,1,0.993132532,0.01115416
41,3,5,2.756984711,1,0.993858933,0.035247985
41,3,6,1.726750851,1.000000358,0.983827174,0.145587772
41,3,7,1.469012976,1.000000119,0.989946008,0.109648429
41,3,8,1.533260703,1.000000358,0.985742211,0.115598917
41,3,9,1.626251698,1,0.993481398,0.075313523
41,3,10,1.848446727,1,0.992671072,0.154964224
41,3,11,1.795316815,1.000000358,0.990685225,0.100101799
41,4,0,1.241706133,1,0.916082203,0.061598171
41,4,1,1.641992211,1.000000119,0.917891681,0.068018094
41,4,2,2.221242666,1,0.914054632,0.015217313
41,4,3,1.586931109,1,0.91664356,0.065679461
41,4,4,3.185998917,1,0.916412354,0.042824078
41,4,5,1.446661711,1,0.915365636,0.061409809
41,4,6,2.105006218,1,0.916655958,0.044619218
41,4,7,1.827698588,1.000000596,0.916347563,0.495373696
41,4,8,3.545162439,1,0.91760844,0.015315495
41,4,9,1.913013101,1,0.916400552,0.038979352
41,4,10,3.16184473,1,0.915110052,0.01283438
41,4,11,0.010574351,1.00002861,0.149042308,0.004583195
41,5,0,1.951696754,1,0.995392025,0.011384768
41,5,1,0.332430929,1,0.994637311,0.004376661
41,5,2,1.488578081,1,0.995312452,0.020407887
41,5,3,2.388821602,1.000000119,0.991743982,0.035021674
41,5,4,1.57483077,1,0.99526906,0.053230803
41,5,5,2.2696383,1,0.995492876,0.015151942
41,5,6,0.708877504,1,0.994904935,0.025066508
41,5,7,1.069293857,1,0.995061874,0.036885474
41,5,8,1.19208324,1,0.995132387,0.027519701
41,5,9,3.168911695,1,0.995904922,0.009025697
41,5,10,3.872375011,1.000000834,0.9615767,0.03534821
41,5,11,2.821414948,1,0.995649278,0.119168766
41,6,0,1.865509868,1,0.99513793,0.033863004
41,6,1,0.83591336,1,0.9978863,0.023272326
41,6,2,3.59532547,1,0.997828722,0.01338189
41,6,3,1.704019666,1,0.99830687,0.0170779
41,6,4,3.627043247,1.000000119,0.994825602,0.019050358
41,6,5,1.826344728,1,0.998438597,0.064313106
41,6,6,3.029131174,1,0.998450637,0.081164189
41,6,7,2.404289246,1,0.99757117,0.04018984
41,6,8,1.327678561,1,0.998249114,0.027804932
41,6,9,0.965011597,1,0.997892141,0.007457627
41,6,10,3.062984228,1,0.998242974,0.009700079
41,6,11,1.677708983,1,0.997943342,0.048192896
41,7,0,1.074058414,1,0.998832524,0.026568672
41,7,1,2.868728876,1,0.997879207,0.014762552
41,7,2,0.489053577,1,0.998915493,0.004144477
41,7,3,1.666990638,1,0.999218166,0.047522653
41,7,4,0.997178137,1,0.999096453,0.015324941
41,7,5,2.780477047,1,0.997011185,0.021420021
41,7,6,3.136101723,1,0.999045968,0.01183979
41,7,7,1.462093592,1,0.999085248,0.012218146
41,7,8,1.361142516,1,0.9988603,0.032041565
41,7,9,1.62274456,1,0.999029875,0.031968903
41,7,10,1.12716186,1,0.999077559,0.006967915
41,7,11,1.936966538,1,0.999134779,0.007893357
41,8,0,3.159996033,1,0.997243822,0.026619093
41,8,1,1.202292681,1,0.996655107,0.009395272
41,8,2,4.287213326,1.000000358,0.984076142,0.011867256
41,8,3,2.497727156,1,0.997172534,0.019582139
41,8,4,1.196033001,1,0.996905863,0.045907147
41,8,5,1.947755814,1,0.996671736,0.036379986
41,8,6,1.857806563,1,0.997073948,0.016770724
41,8,7,1.255149722,1,0.99664396,0.052645203
41,8,8,2.767635584,1.000000119,0.992862701,0.029627491
41,8,9,2.687719345,1,0.997268677,0.032005683
41,8,10,2.480001926,1,0.997518778,0.063680016
41,8,11,1.98360455,1,0.997045159,0.015677346
41,9,0,2.532013655,1,0.998082221,0.024580268
41,9,1,2.199916601,1,0.998470902,0.014318638
41,9,2,2.757229805,1,0.996035933,0.016280228
41,9,3,1.631155849,1,0.997997999,0.04331607
41,9,4,1.966290712,1,0.998783171,0.011444995
41,9,5,2.362339497,1,0.998836756,0.032609016
41,9,6,1.628703356,1,0.99876827,0.00566711
41,9,7,1.91579628,1,0.998696506,0.017220397
41,9,8,2.797903061,1,0.997008383,0.009018894
41,9,9,1.884522676,1,0.998631477,0.006547664
41,9,10,1.252787709,1,0.998567045,0.041210271
41,9,11,2.193958282,1,0.997513175,0.005603356
41,10,0,2.330533981,1,0.994024336,0.008301657
41,10,1,2.117117167,1,0.993884861,0.009779745
41,10,2,2.666716337,1,0.993239641,0.009645593
41,10,3,3.329708099,1.000000596,0.962123156,0.014325598
41,10,4,3.318629503,1.000000119,0.992282152,0.020196809
41,10,5,1.050479174,1,0.993383646,0.026791414
41,10,6,2.162612915,1,0.99355799,0.008547355
41,10,7,3.238933325,1.000000119,0.992726266,0.024388613
41,10,8,2.367096424,1,0.993992746,0.012594855
41,10,9,1.370469928,1,0.993939221,0.067882583
41,10,10,1.898393631,1,0.994315147,0.006673674
41,10,11,2.3902421,1,0.993636072,0.037799168
41,11,0,4.784231663,1.000002265,0.862646341,0.026518775
41,11,1,2.733544827,1,0.903982222,0.011810212
41,11,2,2.572080612,1,0.902635574,0.006997798
41,11,3,2.38035655,1,0.904573619,0.027438369
41,11,4,3.819475174,1.000000119,0.908848166,0.015702769
41,11,5,2.510386467,1,0.903455794,0.010657439
41,11,6,1.951435804,1,0.901413143,0.005962882
41,11,7,2.834313393,1,0.90480876,0.018295115
41,11,8,3.714223146,1.0000211,0.112970874,0.10010425
41,11,9,2.155591488,1,0.902364373,0.007622726
41,11,10,3.143498421,1,0.909566343,0.046243951
41,11,11,2.873944521,1.000000119,0.907339036,0.03237151
42,0,0,4.416582108,1.000017285,0.809152186,0.019410597
42,0,1,0.552502155,1.000030398,0.804956079,0.823102772
42,0,2,4.564564228,1.000012398,0.793987334,0.044046767
42,0,3,0.441774875,1.000029922,0.789205134,0.836137533
42,0,4,1.181434035,1.000027657,0.786436617,0.583048403
42,0,5,1.589347363,1.000023961,0.755586624,0.552282155
42,0,6,4.242451191,1.000020862,0.728535414,0.03090159
42,0,7,1.884050131,1.000027061,0.752635002,0.169309348
42,0,8,4.199396133,1.000023365,0.811050653,0.061547183
42,0,9,4.622434616,1.000016689,0.842387021,0.022408294
42,0,10,4.22860527,1.000024438,0.87895143,0.149137288
42,0,11,5.362631321,1.000014067,0.731439829,0.007611924
42,1,0,2.343165159,1.00002718,0.69619751,0.10720101
42,1,1,2.706708908,1.000021219,0.69470042,0.096887343
42,1,2,4.73114109,1.000017285,0.652846277,0.027101744
42,1,3,4.243035316,1.000001431,0.685460329,0.035801034
42,1,4,3.755602837,1.000010014,0.806040764,0.069043972
42,1,5,4.427083492,1.00001204,0.819815814,0.086518422
42,1,6,4.552071095,1.000008225,0.81450361,0.031070385
42,1,7,4.918255806,1.000013232,0.822070062,0.020034326
42,1,8,5.269412994,1.000004411,0.786139131,0.010073758
42,1,9,5.312289238,1.00000608,0.762938142,0.00745518
42,1,10,4.407654762,1.000013113,0.593043983,0.04135327
42,1,11,1.847861052,1.000027776,0.750718892,0.630793929
42,2,0,2.521656036,1.000001073,0.879410505,0.103348762
42,2,1,4.740739822,1.000001073,0.865096867,0.010501092
42,2,2,1.148532987,1.000005484,0.875252664,0.135314211
42,2,3,1.958009839,1.00000453,0.862791836,0.137006298
42,2,4,1.736155391,1.000000119,0.861709416,0.091559999
42,2,5,1.800618529,1.000004768,0.86479336,0.140920237
42,2,6,2.7908957,1.000007629,0.777324855,0.080255367
42,2,7,2.719115257,1,0.834503233,0.033356041
42,2,8,1.888527274,1.000002503,0.885567665,0.111932419
42,2,9,1.801301241,1.000004172,0.862179339,0.136083573
42,2,10,3.132321358,1.00002861,0.513353467,0.125372961
42,2,11,3.080413342,1.000000358,0.873234332,0.105409041
42,3,0,2.904838324,1,0.992778361,0.06957332
42,3,1,1.934482336,1.000000119,0.992505968,0.060410343
42,3,2,1.451559067,1.000000358,0.986080408,0.111971922
42,3,3,0.986069262,1,0.992591858,0.068385892
42,3,4,3.872363091,1,0.993217051,0.011913415
42,3,5,2.726510525,1,0.994097531,0.032638147
42,3,6,1.723251939,1.000000477,0.983809054,0.153385445
42,3,7,1.476234436,1.000000119,0.990386426,0.118213311
42,3,8,1.530940652,1.000000358,0.985910654,0.127486467
42,3,9,1.598600626,1,0.993476689,0.07482218
42,3,10,1.806102037,1,0.992746592,0.154079974
42,3,11,1.803006411,1.000000119,0.991477072,0.101018831
42,4,0,1.275049567,1,0.916186571,0.060682662
42,4,1,1.584553719,1.000000119,0.917853594,0.067200221
42,4,2,2.213582754,1,0.914687335,0.015218436
42,4,3,1.615658522,1,0.917291701,0.070274472
42,4,4,3.176839828,1,0.916981101,0.046476137
42,4,5,1.486423612,1,0.915811777,0.058488414
42,4,6,2.103019476,1,0.917109132,0.046632286
42,4,7,1.864592314,1.000000596,0.919258296,0.479319602
42,4,8,3.438194036,1,0.917444646,0.01535754
42,4,9,1.876279116,1,0.916706443,0.037394006
42,4,10,3.374301434,1,0.916139364,0.013245384
42,4,11,0.012720639,1.00003016,0.141905934,0.004212333
42,5,0,1.77089572,1,0.995899439,0.012034528
42,5,1,0.317279488,1,0.995477676,0.004467095
42,5,2,1.420982003,1,0.995850563,0.020327561
42,5,3,2.277588129,1.000000119,0.993681133,0.035367746
42,5,4,1.448100805,1,0.99585402,0.046919845
42,5,5,1.959079027,1,0.995988131,0.012904242
42,5,6,0.677390695,1,0.995619595,0.025991138
42,5,7,0.970180213,1,0.995694578,0.036496889
42,5,8,1.121476293,1,0.99576968,0.029626917
42,5,9,2.984801292,1,0.996294916,0.008494576
42,5,10,3.6425879,1.000000715,0.963842571,0.036763284
42,5,11,2.79560256,1,0.996038437,0.121324882
42,6,0,1.85004425,1.000000119,0.996701181,0.038230434
42,6,1,0.836856663,1,0.998347044,0.024784178
42,6,2,3.530427933,1,0.998083889,0.014061502
42,6,3,1.713441372,1,0.998682797,0.018401669
42,6,4,3.491618872,1.000000119,0.995770276,0.017315513
42,6,5,1.665344357,1,0.998715401,0.062177081
42,6,6,2.941355944,1,0.998775423,0.079905286
42,6,7,2.31070137,1,0.997941911,0.042674012
42,6,8,1.281253576,1,0.998584926,0.02886207
42,6,9,0.901150644,1,0.998316824,0.006253568
42,6,10,3.064940453,1,0.998559058,0.00946676
42,6,11,1.581006408,1,0.998432338,0.048135608
42,7,0,1.053071499,1,0.999071479,0.028206976
42,7,1,2.270638943,1,0.999172926,0.01158009
42,7,2,0.597133636,1,0.99928689,0.003814393
42,7,3,1.450378299,1,0.999460638,0.044059321
42,7,4,0.95002377,1,0.999384642,0.015298755
42,7,5,2.603468895,1,0.997945786,0.021988112
42,7,6,3.050564051,1,0.999234021,0.01117796
42,7,7,1.588088393,1,0.999405503,0.011691636
42,7,8,1.390893817,1,0.9989416,0.0395233
42,7,9,1.393866062,1,0.99932915,0.029871043
42,7,10,0.997267067,1,0.999308169,0.005125049
42,7,11,2.039092541,1,0.999405146,0.00769904
42,8,0,3.220818281,1,0.997769117,0.021222759
42,8,1,1.154173136,1,0.997620523,0.008122874
42,8,2,4.164963245,1.000000238,0.985409141,0.012499776
42,8,3,2.221478701,1,0.998001993,0.017466474
42,8,4,1.101435781,1,0.997771859,0.041710261
42,8,5,1.905977726,1,0.997842371,0.03933106
42,8,6,2.135378838,1,0.997921407,0.017216541
42,8,7,1.370704293,1,0.997451961,0.059390202
42,8,8,2.34802413,1,0.997446299,0.027834071
42,8,9,2.290823221,1,0.998025537,0.029657541
42,8,10,2.297577858,1,0.9981336,0.062033724
42,8,11,1.775713682,1,0.997833312,0.013705283
42,9,0,2.459555149,1.000000119,0.99510473,0.02722396
42,9,1,1.901410818,1,0.998083651,0.008985769
42,9,2,2.47293973,1,0.997768641,0.015099846
42,9,3,1.634974122,1,0.997628987,0.046875231
42,9,4,1.984977722,1,0.998436987,0.011620083
42,9,5,2.298788786,1,0.998457015,0.028691188
42,9,6,1.70467186,1,0.998393476,0.006512274
42,9,7,2.002816677,1,0.998286605,0.017355112
42,9,8,2.649594784,1,0.995049059,0.008741186
42,9,9,1.743828535,1,0.998374999,0.006906968
42,9,10,1.170977354,1,0.998171866,0.041585229
42,9,11,2.532433987,1,0.995765626,0.005659088
42,10,0,2.747039318,1.000000119,0.992386401,0.013444251
42,10,1,1.927392602,1,0.997279704,0.008797802
42,10,2,2.190659761,1,0.99650532,0.00804901
42,10,3,3.109023333,1.000000119,0.993791163,0.012953459
42,10,4,3.140796423,1,0.996268332,0.018662464
42,10,5,1.030646086,1,0.996979296,0.025865542
42,10,6,1.721350908,1,0.997456729,0.006471001
42,10,7,2.864001513,1,0.996529341,0.029267667
42,10,8,2.385215998,1,0.997167408,0.0110076
42,10,9,1.355492234,1,0.997247338,0.070510581
42,10,10,2.037726879,1,0.996972322,0.007807671
42,10,11,2.07599926,1,0.997270763,0.035104129
42,11,0,4.68020153,1.000001073,0.897284865,0.028121512
42,11,1,2.935844183,1,0.909976184,0.016571375
42,11,2,2.754337549,1.000000119,0.908362985,0.009557673
42,11,3,1.773025751,1,0.906861484,0.019792145
42,11,4,3.87418437,1.000000119,0.912570953,0.017439449
42,11,5,2.380982161,1,0.908326507,0.012117052
42,11,6,2.261888504,1,0.90759474,0.007423315
42,11,7,2.596436262,1,0.908865213,0.01992481
42,11,8,3.726195574,1.000021815,0.101325944,0.104237519
42,11,9,1.917734623,1,0.907224238,0.006755872
42,11,10,2.909638643,1,0.912733614,0.04828915
42,11,11,2.951891899,1.000000119,0.910839081,0.040843707
43,0,0,4.44841671,1.000017524,0.806442261,0.018192897
43,0,1,0.584898233,1.000031829,0.81254214,0.812912047
43,0,2,4.463207245,1.000013471,0.796425998,0.049437277
43,0,3,0.44085294,1.000030637,0.798591673,0.84568876
43,0,4,1.27834177,1.000028253,0.803465843,0.580074251
43,0,5,1.686077595,1.000022888,0.767506003,0.539130926
43,0,6,4.259811401,1.000021219,0.725281954,0.031687573
43,0,7,1.914653182,1.000028014,0.755326807,0.165537506
43,0,8,4.201579571,1.00002408,0.804615259,0.058998592
43,0,9,4.625635147,1.000017881,0.852686346,0.021526985
43,0,10,4.218393803,1.000024796,0.881614923,0.150617063
43,0,11,5.387235165,1.000014186,0.729267716,0.007801308
43,1,0,2.419705868,1.000026703,0.723407328,0.105328768
43,1,1,2.716505289,1.000021815,0.703358293,0.092180789
43,1,2,4.745405674,1.000017405,0.659039915,0.026701575
43,1,3,4.26978302,1.000001192,0.686419904,0.035062633
43,1,4,3.764312983,1.00001061,0.811697423,0.067486711
43,1,5,4.404942989,1.000013709,0.830105543,0.090711795
43,1,6,4.39688158,1.000009656,0.814604044,0.034770198
43,1,7,4.860431194,1.000013232,0.834808886,0.020542411
43,1,8,5.290081978,1.000003576,0.793564618,0.009782896
43,1,9,5.333425999,1.000006318,0.770772755,0.007244311
43,1,10,4.439045906,1.000013709,0.596586764,0.041111708
43,1,11,1.838285089,1.000027537,0.759051681,0.630990028
43,2,0,2.559810638,1.000001192,0.876730502,0.101925403
43,2,1,4.611806393,1.000000596,0.862652719,0.009567449
43,2,2,1.176723957,1.000003457,0.886376441,0.131486446
43,2,3,1.974576831,1.000005841,0.846322477,0.126869783
43,2,4,1.738236666,1.000000119,0.858690321,0.096168421
43,2,5,1.780207634,1.000005722,0.846618593,0.135258153
43,2,6,2.768393517,1.000008821,0.753496706,0.079866834
43,2,7,2.684888601,1,0.83203721,0.032779671
43,2,8,1.91962409,1.000002384,0.88547492,0.106256902
43,2,9,1.754100323,1.000004649,0.852884233,0.115457401
43,2,10,3.130730629,1.000027895,0.5309394,0.121861562
43,2,11,3.116979122,1.000000238,0.872933805,0.100367941
43,3,0,2.799193621,1,0.992529452,0.060605444
43,3,1,2.022938967,1.000000238,0.991592348,0.058395844
43,3,2,1.462899446,1.000000358,0.986057043,0.117690541
43,3,3,1.012603879,1,0.992427468,0.068659775
43,3,4,3.722881079,1,0.993165255,0.011278486
43,3,5,2.705631971,1,0.993696928,0.034153543
43,3,6,1.687731147,1.000000477,0.978898942,0.15182586
43,3,7,1.453173518,1.000000238,0.99029541,0.107536137
43,3,8,1.526451111,1.000000477,0.986085653,0.120403394
43,3,9,1.614855409,1,0.993322968,0.073743992
43,3,10,1.86084938,1,0.992778838,0.156399652
43,3,11,1.838647127,1.000000119,0.991696954,0.10608647
43,4,0,1.222302437,1,0.915141344,0.055991691
43,4,1,1.611860394,1,0.917580664,0.064251557
43,4,2,2.394004107,1,0.914923429,0.015348936
43,4,3,1.623625636,1.000000119,0.916901648,0.068591177
43,4,4,3.243093491,1,0.916734278,0.041774627
43,4,5,1.485095382,1,0.915272355,0.05838228
43,4,6,2.157484293,1,0.917189777,0.049546733
43,4,7,1.963302135,1.000000477,0.918926775,0.467702299
43,4,8,3.467691898,1,0.917222202,0.015833216
43,4,9,1.912668943,1,0.91664201,0.036790743
43,4,10,3.487955332,1,0.915922344,0.013481782
43,4,11,0.010681117,1.00003016,0.142896518,0.003669998
43,5,0,1.985997558,1,0.996680796,0.010059508
43,5,1,0.399733603,1,0.996225774,0.003882167
43,5,2,1.503277063,1,0.996731222,0.023722271
43,5,3,2.379261017,1.000000119,0.99351424,0.03507445
43,5,4,1.501084924,1,0.996585667,0.048704918
43,5,5,2.011087656,1,0.996740401,0.011948979
43,5,6,0.754338503,1,0.996500731,0.027622059
43,5,7,1.006075382,1,0.996538699,0.038997784
43,5,8,1.173739314,1,0.996656954,0.027736202
43,5,9,2.976219654,1,0.997133195,0.008090004
43,5,10,3.64744544,1.000000477,0.975526094,0.036648761
43,5,11,2.935583591,1,0.996845484,0.105182588
43,6,0,1.851616025,1.000000119,0.995461643,0.036065213
43,6,1,0.871028543,1,0.997982204,0.02570126
43,6,2,3.669857502,1,0.997423112,0.014472414
43,6,3,1.537707806,1,0.998296022,0.016231241
43,6,4,3.529414415,1.000000119,0.995100737,0.018297121
43,6,5,1.680112958,1,0.998410225,0.061060932
43,6,6,3.039102554,1,0.998427749,0.077490404
43,6,7,2.260360479,1,0.997281134,0.045415182
43,6,8,1.278482795,1,0.998268485,0.030892035
43,6,9,0.923068285,1,0.997915208,0.005856354
43,6,10,3.315030336,1,0.998145103,0.01030343
43,6,11,1.573987365,1,0.998128831,0.045587998
43,7,0,1.129594922,1,0.998873532,0.025522595
43,7,1,2.118238688,1,0.999216139,0.008883376
43,7,2,0.750619709,1,0.99912256,0.003985106
43,7,3,1.437758565,1,0.999351442,0.043273259
43,7,4,0.981786728,1,0.999270499,0.016294934
43,7,5,2.740555048,1,0.99645406,0.02258027
43,7,6,3.089040518,1,0.999098957,0.010586767
43,7,7,1.815586925,1,0.999283016,0.011854957
43,7,8,1.339040518,1,0.999048293,0.03513116
43,7,9,1.469921947,1,0.999305546,0.028795991
43,7,10,0.999624491,1,0.999155998,0.007870755
43,7,11,2.242769957,1,0.999172986,0.008217539
43,8,0,3.293943882,1,0.99714905,0.023981631
43,8,1,1.322852612,1,0.996814966,0.007878768
43,8,2,4.366164684,1.000000477,0.978968799,0.01281763
43,8,3,1.96265471,1,0.997205734,0.016012624
43,8,4,1.242474437,1,0.99707377,0.053386725
43,8,5,2.030418396,1,0.996644437,0.041993544
43,8,6,2.098047733,1,0.997211695,0.017694162
43,8,7,1.316830158,1,0.996630251,0.054395631
43,8,8,2.318011284,1,0.996129096,0.033286761
43,8,9,2.298639297,1,0.997245252,0.032082729
43,8,10,2.354373693,1,0.997422159,0.057496253
43,8,11,1.846992254,1,0.996775568,0.013566232
43,9,0,2.492903948,1,0.99391669,0.029861942
43,9,1,1.905827284,1,0.998299539,0.009581735
43,9,2,2.25063324,1,0.998231173,0.015155111
43,9,3,1.680682302,1,0.997594774,0.050664932
43,9,4,1.757777691,1,0.998551726,0.010790212
43,9,5,2.361642361,1,0.998648465,0.030013418
43,9,6,1.468935251,1,0.998582304,0.004698399
43,9,7,1.939783573,1,0.99850297,0.018692462
43,9,8,2.234967232,1,0.998343825,0.007407815
43,9,9,1.506123185,1,0.998617589,0.005597145
43,9,10,1.273815513,1,0.998383105,0.040383186
43,9,11,2.65334487,1,0.995239794,0.006442639
43,10,0,2.201211452,1,0.996430159,0.008893784
43,10,1,1.684237242,1,0.997831106,0.007599735
43,10,2,2.457321167,1,0.996123731,0.008633168
43,10,3,2.886416912,1,0.995028317,0.011663442
43,10,4,3.383751154,1.000000119,0.995412469,0.01943895
43,10,5,1.090602636,1,0.997615099,0.026556809
43,10,6,2.11263442,1,0.997746408,0.010318226
43,10,7,3.106055975,1.000000119,0.99637717,0.030943012
43,10,8,2.204114199,1,0.997783124,0.010117556
43,10,9,1.332807422,1,0.997787535,0.062599823
43,10,10,1.771180868,1,0.997619092,0.006384918
43,10,11,2.05262208,1,0.997630715,0.039382067
43,11,0,4.820000648,1.000001907,0.873684347,0.024614295
43,11,1,2.57082963,1,0.905233622,0.011865252
43,11,2,2.696507454,1,0.90566504,0.008750638
43,11,3,2.414540052,1,0.906287909,0.032698609
43,11,4,4.007184982,1.000000119,0.909819186,0.01634993
43,11,5,2.232861042,1,0.903797507,0.00907378
43,11,6,1.872631669,1,0.903559864,0.005357228
43,11,7,3.001661777,1,0.907184243,0.017874064
43,11,8,3.818710566,1.000021696,0.102484681,0.094924524
43,11,9,1.821721315,1,0.903181434,0.006339925
43,11,10,3.122717619,1,0.910175085,0.043846473
43,11,11,2.731826544,1,0.908410072,0.035873003
44,0,0,4.417901993,1.000016689,0.804922819,0.020372862
44,0,1,0.563871264,1.000030756,0.812436044,0.828038514
44,0,2,4.478823185,1.000012636,0.792396963,0.047594011
44,0,3,0.44927007,1.00003016,0.792577803,0.836899281
44,0,4,1.208461523,1.000028729,0.794275641,0.594846129
44,0,5,1.630991578,1.000024557,0.776537716,0.561148882
44,0,6,4.245905399,1.000021815,0.735473573,0.031437203
44,0,7,1.912902951,1.000027537,0.744192481,0.174700007
44,0,8,4.221132755,1.00002408,0.798915267,0.059387505
44,0,9,4.605668068,1.000017047,0.846628904,0.021567727
44,0,10,4.221448421,1.000025153,0.87998575,0.148385212
44,0,11,5.390556812,1.000013828,0.730465829,0.00802653
44,1,0,2.429265022,1.000027537,0.721706629,0.109433234
44,1,1,2.689024687,1.000021458,0.694734156,0.093705744
44,1,2,4.748445511,1.000016689,0.666097283,0.026364177
44,1,3,4.274106503,1.000001073,0.681549668,0.035575643
44,1,4,3.759054899,1.000010848,0.810836852,0.068611346
44,1,5,4.445529938,1.000014305,0.833594263,0.085315034
44,1,6,4.401642323,1.000011086,0.820464671,0.038628846
44,1,7,4.834337711,1.00001514,0.819677293,0.020989191
44,1,8,5.29958725,1.000004768,0.794933081,0.009822368
44,1,9,5.355011463,1.000006676,0.772251487,0.007173927
44,1,10,4.430203438,1.000013471,0.60607028,0.041533191
44,1,11,1.858961344,1.000028014,0.768789351,0.638828695
44,2,0,2.504786015,1.000001311,0.876640081,0.104972579
44,2,1,4.784612179,1.000001073,0.862856865,0.010815134
44,2,2,1.165229917,1.000003934,0.884661257,0.139086753
44,2,3,1.951683879,1.000004888,0.85327059,0.135187075
44,2,4,1.699257255,1.000000119,0.855389595,0.095637023
44,2,5,1.755380988,1.000005364,0.858237684,0.138958529
44,2,6,2.772863626,1.000008345,0.766695917,0.081141785
44,2,7,2.685204983,1,0.827601612,0.033175208
44,2,8,1.833035231,1.000002861,0.88284266,0.111024342
44,2,9,1.746764064,1.000005007,0.850938797,0.125746801
44,2,10,3.110698223,1.000028372,0.518981695,0.12423072
44,2,11,3.088859797,1.000000238,0.869706333,0.104004584
44,3,0,3.140194893,1,0.993547678,0.067435503
44,3,1,1.929437399,1.000000238,0.992880225,0.064093791
44,3,2,1.4448452,1.000000358,0.988634288,0.119081147
44,3,3,1.000443459,1,0.992925406,0.06994611
44,3,4,3.949025393,1,0.993854165,0.010375111
44,3,5,2.724349499,1,0.994410157,0.037605751
44,3,6,1.720045686,1.000000596,0.984741449,0.160659969
44,3,7,1.44333756,1.000000238,0.990686595,0.125058115
44,3,8,1.499900937,1.000000238,0.987059951,0.123831108
44,3,9,1.600356698,1,0.994016588,0.074469224
44,3,10,1.841810584,1,0.993366599,0.161273941
44,3,11,1.829494834,1.000000238,0.991970956,0.108168758
44,4,0,1.187254906,1,0.915609777,0.058684442
44,4,1,1.556036234,1,0.917341292,0.067593075
44,4,2,2.098742485,1,0.914085329,0.015408182
44,4,3,1.550282955,1.000000119,0.916439295,0.073309004
44,4,4,3.253634214,1,0.916727245,0.040364709
44,4,5,1.430576801,1,0.91506654,0.060456242
44,4,6,2.08865881,1,0.916789651,0.049811501
44,4,7,1.898214459,1.000000596,0.917835832,0.479425699
44,4,8,3.592805386,1,0.917586863,0.015158248
44,4,9,1.899466753,1,0.916680157,0.037608352
44,4,10,3.528930187,1,0.916311681,0.013890227
44,4,11,0.009694631,1.000029802,0.140516907,0.004044035
44,5,0,2.222917557,1,0.997071445,0.010367033
44,5,1,0.363089144,1,0.996439993,0.004412348
44,5,2,1.428307056,1,0.996990025,0.022306902
44,5,3,2.318276405,1.000000119,0.994590938,0.037455272
44,5,4,1.473554254,1,0.996895254,0.054469243
44,5,5,2.360663891,1,0.997039199,0.012498126
44,5,6,0.669234514,1,0.996646464,0.02463511
44,5,7,1.051696897,1,0.996764421,0.044577911
44,5,8,1.19286561,1,0.996867597,0.030034846
44,5,9,3.123863697,1,0.997381151,0.008250367
44,5,10,3.838127613,1.000000477,0.976975501,0.040932406
44,5,11,3.013489246,1,0.997032523,0.108007699
44,6,0,1.780971527,1,0.997181177,0.038172569
44,6,1,0.810252428,1,0.998228967,0.024450632
44,6,2,3.713204384,1,0.997783124,0.014465038
44,6,3,1.692413926,1,0.998603046,0.019352375
44,6,4,3.430608988,1,0.996746004,0.016540514
44,6,5,1.723330736,1,0.998680294,0.064753771
44,6,6,3.253154278,1,0.998602271,0.074288443
44,6,7,2.270459414,1,0.997566462,0.04218122
44,6,8,1.279254913,1,0.998587191,0.031953912
44,6,9,1.141471744,1,0.998298645,0.006918909
44,6,10,3.726829052,1,0.997556925,0.010277113
44,6,11,1.578663588,1,0.998411894,0.050535943
44,7,0,1.039158583,1,0.999019206,0.026025705
44,7,1,2.720642567,1,0.998775661,0.012708443
44,7,2,0.721393228,1,0.999026716,0.004325234
44,7,3,1.564083219,1,0.999269664,0.047326263
44,7,4,0.966030777,1,0.999158502,0.016283516
44,7,5,2.854283333,1,0.996635854,0.023982747
44,7,6,3.379606009,1,0.999025404,0.010619299
44,7,7,1.893521428,1,0.999191284,0.01249134
44,7,8,1.375053167,1,0.998832107,0.040044505
44,7,9,1.52045691,1,0.999192476,0.031704523
44,7,10,1.126878262,1,0.999126494,0.007229486
44,7,11,2.486763954,1,0.999138474,0.007044313
44,8,0,3.389950752,1,0.996813178,0.025092116
44,8,1,1.512355089,1,0.996555865,0.01019822
44,8,2,4.520553589,1.000000477,0.977514684,0.011463561
44,8,3,2.479052782,1,0.997002244,0.019432735
44,8,4,1.343901753,1,0.996840715,0.059827659
44,8,5,1.95887804,1,0.996684313,0.042420596
44,8,6,2.32067585,1,0.996961355,0.017099915
44,8,7,1.238324761,1,0.996587396,0.060038596
44,8,8,2.570385218,1,0.995842516,0.031609125
44,8,9,2.540841818,1,0.997081697,0.031837434
44,8,10,2.462539673,1,0.997237265,0.060063709
44,8,11,1.961950421,1,0.996588349,0.015091631
44,9,0,2.420543194,1,0.997486651,0.027894706
44,9,1,2.37227273,1,0.99764061,0.010858305
44,9,2,2.666235685,1,0.997114122,0.016688105
44,9,3,1.58333087,1,0.997893333,0.04241449
44,9,4,2.271502256,1,0.998433173,0.011371334
44,9,5,2.393324852,1,0.998464346,0.028717585
44,9,6,1.734728932,1,0.998236895,0.004535803
44,9,7,1.931312203,1,0.998259366,0.018653829
44,9,8,2.834539652,1.000000119,0.995676398,0.010250652
44,9,9,1.880936623,1,0.998388231,0.006073505
44,9,10,1.269270062,1,0.998179376,0.047179997
44,9,11,2.893755198,1,0.993044257,0.005638957
44,10,0,2.295552731,1,0.995561182,0.008145664
44,10,1,1.96025908,1,0.996204197,0.007521885
44,10,2,2.44471097,1,0.994711876,0.006365908
44,10,3,3.634006262,1.000000119,0.991000414,0.011677492
44,10,4,3.353162289,1.000000119,0.994861841,0.01795008
44,10,5,1.052229643,1,0.996282935,0.026982801
44,10,6,2.17306757,1,0.996423185,0.00879848
44,10,7,3.264045715,1,0.995175183,0.025877513
44,10,8,2.715139866,1,0.996631682,0.012936916
44,10,9,1.364456654,1,0.996666908,0.072904885
44,10,10,1.799759269,1,0.996355772,0.005668181
44,10,11,2.316371918,1,0.996315002,0.045751087
44,11,0,4.883327484,1.000002146,0.867753744,0.026243163
44,11,1,2.971854448,1,0.903970897,0.012976247
44,11,2,3.015493631,1.000000119,0.900692165,0.007179779
44,11,3,2.608635664,1,0.905036151,0.033883408
44,11,4,4.175002098,1.000000238,0.910402238,0.014189341
44,11,5,2.572074652,1,0.901437163,0.008615793
44,11,6,2.06608367,1,0.900906622,0.005866352
44,11,7,2.961410046,1,0.904784739,0.014277103
44,11,8,3.971997738,1.000022173,0.114291318,0.085648969
44,11,9,2.165786982,1,0.901554525,0.006848251
44,11,10,3.260677338,1,0.909493625,0.044363972
44,11,11,2.990410566,1,0.908200443,0.036484521
45,0,0,4.375595093,1.000015855,0.802635789,0.021179343
45,0,1,0.597275794,1.00002861,0.800911188,0.80801332
45,0,2,4.471641541,1.000011683,0.79778868,0.046544638
45,0,3,0.468577921,1.000027657,0.783925414,0.823919713
45,0,4,1.243487835,1.00002563,0.793226838,0.579892755
45,0,5,1.598330975,1.000022411,0.766656816,0.580543697
45,0,6,4.157167435,1.000018597,0.711538911,0.029760856
45,0,7,1.851080775,1.000025272,0.748005509,0.171111822
45,0,8,4.207678318,1.0000211,0.789704144,0.057264362
45,0,9,4.592795849,1.000015378,0.841539025,0.022827113
45,0,10,4.188347816,1.00002265,0.876819849,0.151207358
45,0,11,5.259189129,1.000013232,0.729713023,0.008054268
45,1,0,2.442419052,1.000024438,0.717995822,0.109440275
45,1,1,2.705915213,1.00001955,0.691361785,0.094228089
45,1,2,4.666462421,1.000015497,0.631659448,0.028954804
45,1,3,4.161763668,1.000000834,0.67404902,0.037081044
45,1,4,3.754030466,1.000008464,0.802989542,0.068755597
45,1,5,4.419550419,1.000011563,0.82948184,0.083279535
45,1,6,4.466371536,1.000008821,0.807397842,0.032186523
45,1,7,4.862468243,1.000011444,0.830257952,0.020815177
45,1,8,5.198320389,1.00000453,0.792660356,0.010507037
45,1,9,5.191204071,1.000006795,0.759747565,0.007964368
45,1,10,4.374870777,1.000011563,0.586449564,0.041515999
45,1,11,1.911250949,1.000024557,0.757057786,0.614668489
45,2,0,2.48387289,1.00000155,0.875480235,0.106900729
45,2,1,4.488118649,1.000000596,0.863776565,0.010747904
45,2,2,1.160210848,1.000003099,0.888995409,0.125002429
45,2,3,1.957042933,1.000006557,0.844387114,0.133507147
45,2,4,1.721754074,1.000000238,0.861114264,0.089731276
45,2,5,1.809070587,1.000003815,0.861467123,0.135291249
45,2,6,2.802049875,1.000006557,0.7675156,0.07820677
45,2,7,2.852063894,1,0.83423692,0.034259953
45,2,8,1.884496212,1.000002384,0.883531928,0.10721609
45,2,9,1.784481168,1.000004888,0.852598011,0.118555114
45,2,10,3.137851715,1.000025272,0.501698434,0.121839732
45,2,11,3.018117905,1.000000238,0.868287325,0.100646667
45,3,0,2.844755411,1,0.992287099,0.067169793
45,3,1,1.951211452,1.000000119,0.991868734,0.059671186
45,3,2,1.469122529,1.000000596,0.983575642,0.119890295
45,3,3,0.994460285,1,0.991989732,0.061998397
45,3,4,3.634276628,1,0.99265635,0.010728266
45,3,5,2.738826036,1,0.993504763,0.032994449
45,3,6,1.732735038,1.000000477,0.982636631,0.161380693
45,3,7,1.473961711,1.000000119,0.989399374,0.116807468
45,3,8,1.528383732,1.000000358,0.984962523,0.117859729
45,3,9,1.657644749,1,0.993257463,0.075535633
45,3,10,1.846305609,1,0.992304981,0.157174423
45,3,11,1.815726042,1.000000358,0.989100456,0.102260463
45,4,0,1.267048001,1,0.91672498,0.055327736
45,4,1,1.589347124,1,0.918368518,0.063392267
45,4,2,2.254663467,1,0.915116072,0.015538933
45,4,3,1.589546204,1,0.917884827,0.067886785
45,4,4,3.175753593,1,0.917497456,0.040709738
45,4,5,1.485455513,1,0.91626209,0.062749125
45,4,6,2.079020262,1,0.917517602,0.049158022
45,4,7,1.857715726,1.000000596,0.920298219,0.480159551
45,4,8,3.702635765,1,0.919407606,0.015562732
45,4,9,1.892291665,1,0.917490363,0.035516363
45,4,10,3.456168652,1,0.917236924,0.015661055
45,4,11,0.011530573,1.00002718,0.149837792,0.004388644
45,5,0,1.814571261,1,0.997187972,0.009561951
45,5,1,0.270478487,1,0.996583939,0.003915899
45,5,2,1.457650423,1,0.997153997,0.020897103
45,5,3,2.288107157,1.000000119,0.99425447,0.035067197
45,5,4,1.51325798,1,0.997089446,0.050166741
45,5,5,1.867510438,1,0.997201145,0.011415667
45,5,6,0.668582141,1,0.996839523,0.024457527
45,5,7,1.094335318,1,0.996965945,0.036892824
45,5,8,1.147475958,1,0.997038066,0.025147045
45,5,9,2.565553665,1,0.997392416,0.008407629
45,5,10,3.599220037,1.000000358,0.978088617,0.039844219
45,5,11,2.896922588,1,0.997127175,0.11175324
45,6,0,1.86883986,1,0.996177614,0.038221776
45,6,1,0.848450959,1,0.998196244,0.022979962
45,6,2,3.553071737,1,0.997939527,0.014201292
45,6,3,1.731991529,1,0.998579264,0.01726182
45,6,4,3.286962986,1,0.995652735,0.015637869
45,6,5,1.699873447,1,0.998597324,0.061672136
45,6,6,3.018604994,1,0.998624742,0.075749077
45,6,7,2.266832352,1,0.997500837,0.042602371
45,6,8,1.2901299,1,0.998565495,0.028544033
45,6,9,0.725136459,1,0.998016417,0.005104782
45,6,10,3.31485796,1,0.998261273,0.011228885
45,6,11,1.63965559,1,0.9985165,0.044613905
45,7,0,1.100302339,1,0.999042094,0.026583938
45,7,1,2.352681398,1,0.998940289,0.014033068
45,7,2,0.557891786,1,0.999003589,0.004491328
45,7,3,1.516484022,1,0.999291003,0.043096341
45,7,4,0.987653196,1,0.999181151,0.015844252
45,7,5,2.828641653,1,0.996365786,0.021556148
45,7,6,3.039090633,1,0.999040425,0.012023854
45,7,7,1.880895495,1,0.999126196,0.014124665
45,7,8,1.367224097,1,0.998675168,0.034494989
45,7,9,1.400952101,1,0.999169528,0.027716154
45,7,10,0.924025536,1,0.999114573,0.00533738
45,7,11,2.145527363,1,0.999191523,0.008666163
45,8,0,3.239805222,1,0.997402191,0.02355185
45,8,1,1.261022568,1,0.997220635,0.009932535
45,8,2,4.160153866,1.000000358,0.984342217,0.012748997
45,8,3,2.076253891,1,0.997722268,0.018867239
45,8,4,1.32547307,1,0.997566402,0.049527746
45,8,5,1.946842551,1,0.9972983,0.037492108
45,8,6,2.252215147,1,0.997567177,0.018189156
45,8,7,1.352095842,1,0.997098327,0.05784642
45,8,8,2.375867367,1,0.997436762,0.0267746
45,8,9,2.345157862,1,0.997722864,0.030606706
45,8,10,2.38694334,1,0.997879744,0.060845267
45,8,11,2.039115906,1,0.996854365,0.019822912
45,9,0,1.909255028,1,0.999042511,0.023796493
45,9,1,2.200180292,1,0.998747766,0.012512504
45,9,2,2.324409246,1,0.998582244,0.016369032
45,9,3,1.541828752,1,0.998787105,0.040806614
45,9,4,1.772849083,1,0.999170661,0.011340575
45,9,5,2.124209404,1,0.999278605,0.028190823
45,9,6,1.211280704,1,0.99910742,0.004856393
45,9,7,1.984931946,1,0.999114275,0.019102337
45,9,8,2.537373304,1,0.996419549,0.011811527
45,9,9,1.187510967,1,0.999113679,0.005427959
45,9,10,1.263005972,1,0.999013484,0.045057461
45,9,11,2.508946657,1,0.998890936,0.007178008
45,10,0,2.227136612,1,0.996733487,0.011676217
45,10,1,1.449507952,1,0.998043001,0.006530275
45,10,2,2.078458786,1,0.998310268,0.009715296
45,10,3,3.207532644,1,0.99446106,0.013192191
45,10,4,3.127818584,1.000000119,0.994069099,0.017800765
45,10,5,1.024395704,1,0.997986555,0.026046555
45,10,6,1.756735921,1,0.998155177,0.00991274
45,10,7,2.898489237,1,0.996881664,0.027935805
45,10,8,2.084096432,1,0.998080432,0.010941705
45,10,9,1.261134505,1,0.998156905,0.064408906
45,10,10,1.344297528,1,0.997993529,0.006603811
45,10,11,1.884634614,1,0.997960627,0.034475811
45,11,0,4.556911469,1.000001192,0.894216299,0.028388552
45,11,1,2.782427549,1,0.909665167,0.017514784
45,11,2,2.440331459,1,0.908537865,0.009784055
45,11,3,2.150341511,1,0.908941984,0.026784984
45,11,4,3.883448839,1.000000119,0.912603199,0.01882568
45,11,5,2.006775141,1,0.90748769,0.010505865
45,11,6,1.823260665,1,0.906680703,0.007030522
45,11,7,2.483598709,1,0.909086049,0.018178785
45,11,8,3.821291447,1.000019908,0.095967576,0.090058103
45,11,9,1.738957763,1,0.906796455,0.007443258
45,11,10,3.000174761,1,0.913297832,0.049524598
45,11,11,2.73221302,1.000000119,0.912107468,0.039643887
46,0,0,4.434174061,1.000017524,0.812017858,0.018189706
46,0,1,0.597795129,1.000029325,0.806985676,0.81203109
46,0,2,4.554811478,1.000011921,0.786145627,0.042704903
46,0,3,0.45366022,1.000028849,0.788716912,0.832303226
46,0,4,1.266399264,1.00002718,0.790144861,0.576186836
46,0,5,1.601867199,1.000021815,0.759358168,0.572159111
46,0,6,4.180092335,1.000020742,0.716099739,0.029510546
46,0,7,1.861399293,1.000025988,0.749024034,0.171799213
46,0,8,4.190590858,1.000022411,0.803491771,0.061249614
46,0,9,4.610301018,1.00001514,0.841165543,0.022713521
46,0,10,4.196001053,1.000023127,0.877550185,0.154498622
46,0,11,5.300227642,1.000014424,0.739498138,0.008861091
46,1,0,2.373950958,1.000026107,0.709883332,0.106499329
46,1,1,2.734120846,1.000019431,0.70239526,0.094302565
46,1,2,4.697939396,1.000016451,0.637539923,0.027629577
46,1,3,4.20764637,1.000000954,0.681767046,0.036251582
46,1,4,3.765599012,1.000009418,0.804890454,0.068167411
46,1,5,4.43539381,1.000011206,0.826762438,0.087295808
46,1,6,4.455729485,1.000009775,0.811397731,0.032089505
46,1,7,4.894358635,1.000011325,0.830748022,0.020122902
46,1,8,5.235872746,1.000004053,0.796230853,0.010489509
46,1,9,5.236519814,1.00000596,0.764192998,0.007509056
46,1,10,4.397367001,1.000011563,0.592834294,0.041334022
46,1,11,1.818764806,1.000026226,0.747751176,0.633685112
46,2,0,2.489388943,1.000001431,0.871333063,0.103063054
46,2,1,4.590837002,1.000000596,0.858992398,0.010871548
46,2,2,1.136497617,1.000007391,0.862760186,0.12279617
46,2,3,1.910981536,1.00000751,0.828199744,0.133727163
46,2,4,1.689755917,1.000000119,0.856642127,0.085819721
46,2,5,1.821441412,1.000004888,0.861697435,0.139125869
46,2,6,2.795718193,1.000005007,0.784820378,0.077147357
46,2,7,2.81161809,1,0.828149736,0.033576157
46,2,8,1.881240487,1.000002623,0.881676257,0.112017661
46,2,9,1.781337857,1.000005722,0.843679965,0.126752049
46,2,10,3.135290623,1.000026941,0.521241903,0.122712173
46,2,11,3.036307335,1.000000238,0.865560293,0.103610061
46,3,0,2.862457037,1,0.992015898,0.066032887
46,3,1,1.976218224,1.000000119,0.99207139,0.060616277
46,3,2,1.431071401,1.000000715,0.978013813,0.117173538
46,3,3,0.986625314,1,0.991918623,0.063147552
46,3,4,3.776767015,1,0.992300034,0.010637907
46,3,5,2.753051519,1,0.993442535,0.034246869
46,3,6,1.743344188,1.000000238,0.983730316,0.15823622
46,3,7,1.476042747,1.000000238,0.990175009,0.11669793
46,3,8,1.559262753,1.000000358,0.985052347,0.116049387
46,3,9,1.633627653,1,0.992966413,0.075847812
46,3,10,1.842302799,1,0.992181063,0.165910751
46,3,11,1.815734148,1.000000238,0.991238654,0.102246948
46,4,0,1.312596083,1,0.916517258,0.060911514
46,4,1,1.626519442,1,0.918126106,0.061860614
46,4,2,2.309572697,1,0.91472584,0.01422025
46,4,3,1.644687057,1,0.91759783,0.073461287
46,4,4,3.181627274,1,0.916807175,0.044664979
46,4,5,1.490204215,1,0.915744424,0.062777311
46,4,6,2.090736389,1,0.916855991,0.044506174
46,4,7,1.860169053,1.000000596,0.918458581,0.47715053
46,4,8,3.491676092,1,0.917697728,0.016438432
46,4,9,1.94799912,1,0.917019248,0.035634197
46,4,10,3.418557405,1,0.916349411,0.015525083
46,4,11,0.012393371,1.000028849,0.148746356,0.004185965
46,5,0,1.679224253,1,0.996665061,0.011035799
46,5,1,0.264090836,1,0.996133208,0.003920518
46,5,2,1.523247957,1,0.996746421,0.023027601
46,5,3,2.365751028,1.000000238,0.993242443,0.036235809
46,5,4,1.579427242,1,0.996501505,0.052445352
46,5,5,1.98933053,1,0.996798456,0.011716409
46,5,6,0.704471231,1,0.996401429,0.026236879
46,5,7,1.063069463,1,0.996530294,0.043043483
46,5,8,1.114403129,1,0.996530354,0.027366361
46,5,9,2.836904526,1,0.997074664,0.007673865
46,5,10,3.7002635,1.000000596,0.975056291,0.033143386
46,5,11,2.9026649,1,0.996876359,0.114908718
46,6,0,1.91658771,1,0.995498121,0.038836081
46,6,1,0.775398731,1,0.998007417,0.021902373
46,6,2,3.576065302,1,0.997384012,0.013379826
46,6,3,1.71828413,1,0.998500466,0.017233364
46,6,4,3.475317717,1,0.995641351,0.020351851
46,6,5,1.724747777,1,0.998524904,0.061075412
46,6,6,2.888278484,1,0.998621345,0.077812791
46,6,7,2.330286741,1,0.9979074,0.041436151
46,6,8,1.336122274,1,0.998428762,0.029549297
46,6,9,0.805884361,1,0.998001456,0.004740659
46,6,10,3.063599348,1,0.998290062,0.009872784
46,6,11,1.632408142,1,0.998156369,0.048666704
46,7,0,1.121386647,1,0.998991549,0.028028121
46,7,1,2.599880695,1,0.998554409,0.013154246
46,7,2,0.530261397,1,0.999144971,0.003471912
46,7,3,1.572624922,1,0.99938339,0.047933251
46,7,4,0.925805211,1,0.999281168,0.013532892
46,7,5,2.726427317,1,0.997846842,0.024138475
46,7,6,3.146672964,1,0.9989838,0.011839204
46,7,7,1.425646186,1,0.999301672,0.011590692
46,7,8,1.40459621,1,0.998865306,0.035363484
46,7,9,1.463580012,1,0.999283373,0.029162996
46,7,10,0.937865257,1,0.99923116,0.004310551
46,7,11,1.77383554,1,0.999318898,0.006935346
46,8,0,3.236423969,1,0.997844636,0.022783112
46,8,1,1.197789073,1,0.997643113,0.008492009
46,8,2,4.194937229,1.000000238,0.987166047,0.011294355
46,8,3,2.375371933,1,0.998104632,0.018243002
46,8,4,1.225991368,1,0.997904718,0.046093103
46,8,5,2.022194862,1,0.997551501,0.039577942
46,8,6,1.903614283,1,0.998031437,0.016260333
46,8,7,1.305745125,1,0.997461855,0.057777043
46,8,8,2.431873083,1,0.997917712,0.027581839
46,8,9,2.470382929,1,0.998135746,0.028991461
46,8,10,2.363265038,1,0.998258352,0.059809275
46,8,11,1.922585249,1,0.997784972,0.013637153
46,9,0,2.632847786,1,0.996514916,0.023830855
46,9,1,1.968588352,1,0.998225927,0.010078224
46,9,2,2.673302889,1,0.99769628,0.015718231
46,9,3,1.674992681,1,0.997499645,0.046740133
46,9,4,2.066638947,1,0.998606324,0.011954285
46,9,5,2.466071367,1,0.998675764,0.030248707
46,9,6,1.604452252,1,0.99851054,0.004778348
46,9,7,2.080549955,1,0.998469889,0.019237613
46,9,8,2.714437962,1,0.996655881,0.009572884
46,9,9,1.849900723,1,0.998475075,0.005977874
46,9,10,1.219734073,1,0.998318851,0.04020495
46,9,11,2.381536007,1,0.99571377,0.006143774
46,10,0,2.587692976,1.000000119,0.994564652,0.008401109
46,10,1,1.939297557,1,0.997203231,0.007744913
46,10,2,2.507175207,1,0.996901751,0.009217896
46,10,3,2.916646004,1,0.994357526,0.011187418
46,10,4,3.320523024,1.000000119,0.994952977,0.021530159
46,10,5,1.016639352,1,0.99725759,0.024538331
46,10,6,1.971709847,1,0.99753195,0.007204283
46,10,7,2.874084711,1.000000119,0.997084677,0.025672941
46,10,8,2.219964266,1,0.997435808,0.011171733
46,10,9,1.436788797,1,0.997516215,0.064768031
46,10,10,2.045371771,1,0.997173131,0.00671652
46,10,11,2.122144222,1,0.997490823,0.039245546
46,11,0,4.705010891,1.000001311,0.887273788,0.025268413
46,11,1,3.205064297,1.000000119,0.908709347,0.019566705
46,11,2,2.590419769,1.000000119,0.905980349,0.008242508
46,11,3,2.200175524,1,0.906037271,0.024586886
46,11,4,3.866245508,1.000000238,0.908679903,0.015723601
46,11,5,2.448899984,1,0.905837595,0.010810596
46,11,6,2.244314909,1,0.905380487,0.006899698
46,11,7,2.671724558,1,0.907003939,0.016374448
46,11,8,3.691132069,1.000021338,0.110222965,0.102609664
46,11,9,2.125247002,1,0.905221701,0.007307031
46,11,10,2.949884415,1,0.911648571,0.042910516
46,11,11,3.027115107,1.000000119,0.910546362,0.03669519
47,0,0,4.252195358,1.000016689,0.75196892,0.017858492
47,0,1,0.62153393,1.000028849,0.800744057,0.802124202
47,0,2,4.579007149,1.000011802,0.79611361,0.04335022
47,0,3,0.440149635,1.000027776,0.774769843,0.82113862
47,0,4,1.275300622,1.000026703,0.790562689,0.569867909
47,0,5,1.596027255,1.000021696,0.754850388,0.52921623
47,0,6,4.247198105,1.000020027,0.736234128,0.029724063
47,0,7,1.904683352,1.000026464,0.747328162,0.170306072
47,0,8,4.19907999,1.00002265,0.806013525,0.062581271
47,0,9,4.606842041,1.000017047,0.84108603,0.022381017
47,0,10,4.214783192,1.000023246,0.874607146,0.145450085
47,0,11,5.282750607,1.000013232,0.720369339,0.008556016
47,1,0,2.419434071,1.00002563,0.708544314,0.111407377
47,1,1,2.697263241,1.000020266,0.679313064,0.095109038
47,1,2,4.693175316,1.000016332,0.630377412,0.027955038
47,1,3,4.202023506,1.000000834,0.674923658,0.036497615
47,1,4,3.768159151,1.000009418,0.798596799,0.068447486
47,1,5,4.43754673,1.000012159,0.826863348,0.085265413
47,1,6,4.519806385,1.000009775,0.800087154,0.033671178
47,1,7,4.824455261,1.000011921,0.808441222,0.020073347
47,1,8,5.209471703,1.000004768,0.784193277,0.010940351
47,1,9,5.222305775,1.000006557,0.753864229,0.008244402
47,1,10,4.395299911,1.000011325,0.586163282,0.040627718
47,1,11,1.943376303,1.000025153,0.752943277,0.603827596
47,2,0,2.45356369,1.000001073,0.870659828,0.103956707
47,2,1,4.483172417,1.000000477,0.853147447,0.010183764
47,2,2,1.153735518,1.000007033,0.861440897,0.122859612
47,2,3,1.92189157,1.000004768,0.852638602,0.130533755
47,2,4,1.711583376,1.000000238,0.851366222,0.089841805
47,2,5,1.77647233,1.000005126,0.857530951,0.137257621
47,2,6,2.759587288,1.000007272,0.758597791,0.079572007
47,2,7,2.801763058,1,0.827963233,0.033837616
47,2,8,1.835761905,1.000002503,0.877236962,0.113543347
47,2,9,1.745403767,1.000005722,0.846558988,0.122313581
47,2,10,3.120047331,1.000026584,0.484003842,0.123839796
47,2,11,3.011970043,1.000000358,0.863760233,0.103647299
47,3,0,2.978391647,1,0.992537439,0.07246425
47,3,1,1.952742219,1,0.992015064,0.063988537
47,3,2,1.454103827,1.000000358,0.987425268,0.121964604
47,3,3,0.998541653,1,0.992439628,0.065075353
47,3,4,3.902309895,1,0.993095636,0.011654374
47,3,5,2.730968475,1,0.99402386,0.036171716
47,3,6,1.725432873,1.000000596,0.983069241,0.151892394
47,3,7,1.414723635,1.000000238,0.989190817,0.113471799
47,3,8,1.49464941,1.000000358,0.98650527,0.130481377
47,3,9,1.573953986,1,0.993436813,0.075071245
47,3,10,1.850421429,1,0.992825508,0.163389251
47,3,11,1.748526335,1.000000119,0.992080748,0.099165365
47,4,0,1.220458269,1.000000119,0.916143596,0.059848972
47,4,1,1.574720502,1.000000119,0.917883873,0.066014074
47,4,2,2.098751783,1,0.914029479,0.015193162
47,4,3,1.56149137,1.000000358,0.917165995,0.082057297
47,4,4,3.47829628,1,0.917899728,0.044865582
47,4,5,1.447455525,1,0.915614843,0.059297685
47,4,6,2.128731251,1,0.917580605,0.047658283
47,4,7,1.888677001,1.000000477,0.919989169,0.484927922
47,4,8,3.579757452,1,0.918025374,0.016367659
47,4,9,1.877494931,1,0.916690111,0.037215445
47,4,10,3.34397459,1,0.916266024,0.01322026
47,4,11,0.009354995,1.000028253,0.150093019,0.003840757
47,5,0,1.805452943,1,0.996403098,0.010368201
47,5,1,0.347862542,1,0.995830953,0.004341327
47,5,2,1.445803881,1,0.996421754,0.022132913
47,5,3,2.258834839,1.000000119,0.992618918,0.035527356
47,5,4,1.450013161,1,0.996432304,0.052800287
47,5,5,2.062277794,1,0.996302783,0.013009714
47,5,6,0.645414948,1,0.996049106,0.022414993
47,5,7,0.943028092,1,0.996152699,0.034125306
47,5,8,1.15215838,1,0.99628675,0.026607227
47,5,9,3.135643482,1,0.996761143,0.009935167
47,5,10,3.677844048,1.000000477,0.97211653,0.043511119
47,5,11,2.88127923,1,0.996605635,0.114857249
47,6,0,1.828622341,1.000000119,0.99603802,0.044038836
47,6,1,0.862923205,1,0.998291075,0.025422011
47,6,2,3.618835211,1,0.997637749,0.013727176
47,6,3,1.667912006,1,0.998616993,0.018549023
47,6,4,3.291255236,1,0.997100592,0.019744704
47,6,5,1.709050298,1,0.998658717,0.0606937
47,6,6,3.080799103,1,0.998615682,0.07815709
47,6,7,2.376328945,1,0.99732554,0.04762654
47,6,8,1.28910327,1,0.998542547,0.027588002
47,6,9,0.975681543,1,0.99821049,0.006114373
47,6,10,2.87199378,1,0.998405278,0.009225772
47,6,11,1.567745328,1,0.998435915,0.046630871
47,7,0,1.07628119,1,0.998959184,0.028047012
47,7,1,2.554500103,1,0.998202503,0.014950691
47,7,2,0.557740927,1,0.99909246,0.003821201
47,7,3,1.564112425,1,0.999339521,0.045662727
47,7,4,0.983666241,1,0.999240935,0.014971822
47,7,5,2.581022501,1,0.997672141,0.024202395
47,7,6,2.991410255,1,0.999130607,0.012007191
47,7,7,1.352444887,1,0.999254167,0.011967047
47,7,8,1.357423902,1,0.998663664,0.042398401
47,7,9,1.555726528,1,0.999138892,0.033585623
47,7,10,1.158286452,1,0.999209404,0.005777689
47,7,11,1.804483533,1,0.999261081,0.005991525
47,8,0,3.141784906,1,0.997580886,0.02443859
47,8,1,1.110967398,1,0.997195959,0.008046149
47,8,2,4.08570528,1.000000358,0.987342298,0.011640975
47,8,3,2.304880857,1,0.997599959,0.021710677
47,8,4,1.207139611,1,0.997540891,0.048058819
47,8,5,1.94024682,1,0.997021616,0.039808251
47,8,6,1.83355248,1,0.997665644,0.018438315
47,8,7,1.262274623,1,0.997238517,0.055438049
47,8,8,2.6637218,1.000000119,0.993352652,0.035117045
47,8,9,2.210240841,1,0.997718275,0.02974046
47,8,10,2.400867224,1,0.997944772,0.064589582
47,8,11,1.751925111,1,0.997509956,0.012631974
47,9,0,2.54331708,1,0.996543467,0.029415753
47,9,1,2.253303051,1,0.998047829,0.011659109
47,9,2,2.828552961,1,0.996241033,0.017255152
47,9,3,1.666617393,1,0.997964799,0.044849247
47,9,4,2.035579443,1,0.998822272,0.013337826
47,9,5,2.522195816,1,0.998915315,0.029253624
47,9,6,1.762015462,1,0.998680651,0.005308739
47,9,7,1.940398097,1,0.998685062,0.019951176
47,9,8,2.063093185,1,0.998827338,0.005924518
47,9,9,1.948472619,1,0.998579383,0.006349087
47,9,10,1.22320497,1,0.998562276,0.044820115
47,9,11,2.381840706,1,0.998311043,0.005490763
47,10,0,2.496013641,1,0.997062743,0.00855257
47,10,1,1.99576509,1,0.997459471,0.009525608
47,10,2,2.393022776,1,0.997655928,0.008332103
47,10,3,2.885873556,1.000000119,0.993504345,0.010956246
47,10,4,3.161114693,1,0.995292068,0.020483434
47,10,5,1.078744411,1,0.997410834,0.030218799
47,10,6,1.928929687,1,0.997510195,0.007543406
47,10,7,3.091821671,1,0.995941401,0.025451845
47,10,8,2.269934654,1,0.996712625,0.010728579
47,10,9,1.338249803,1,0.997724295,0.074791744
47,10,10,2.058447123,1,0.997453332,0.007919982
47,10,11,2.172146797,1,0.997432888,0.039390605
47,11,0,4.614410877,1.000000954,0.898875177,0.024712656
47,11,1,3.158502102,1.000000119,0.908528507,0.013706965
47,11,2,2.493610382,1,0.908449948,0.007818525
47,11,3,1.861021996,1,0.906894863,0.019578775
47,11,4,3.934109926,1.000000119,0.913130939,0.017546399
47,11,5,2.415112257,1,0.908125699,0.011377546
47,11,6,2.115497589,1,0.906783879,0.007101256
47,11,7,2.742269278,1,0.908303618,0.017147593
47,11,8,3.787603617,1.000021815,0.100069351,0.091790065
47,11,9,1.804608583,1,0.906223536,0.006229167
47,11,10,2.99407959,1,0.91261667,0.044950604
47,11,11,3.069645166,1.000000119,0.912103593,0.036682431
48,0,0,4.30970335,1.000016212,0.782198012,0.020377234
48,0,1,0.580510736,1.000029206,0.798172772,0.818266213
48,0,2,4.54628706,1.000011206,0.778398931,0.039850757
48,0,3,0.477530271,1.000028491,0.774562597,0.818923712
48,0,4,1.303170919,1.000026703,0.781571448,0.564033449
48,0,5,1.671378732,1.000023246,0.756056726,0.522686601
48,0,6,4.200480461,1.000021219,0.718532383,0.029652849
48,0,7,1.915548682,1.000026345,0.742443502,0.173194006
48,0,8,4.149272919,1.000021458,0.793649614,0.060689967
48,0,9,4.596890926,1.000015259,0.83636117,0.023044059
48,0,10,4.190114975,1.000023007,0.872579753,0.152219251
48,0,11,5.308521748,1.000013828,0.722484648,0.008242743
48,1,0,2.395621538,1.000026107,0.714682519,0.106110021
48,1,1,2.723731518,1.000020266,0.709862947,0.098797828
48,1,2,4.695307255,1.000016451,0.63621676,0.027790537
48,1,3,4.19945097,1.000000954,0.685083926,0.036820546
48,1,4,3.754706383,1.000008821,0.807300806,0.069267072
48,1,5,4.429818153,1.000012279,0.828748465,0.089276075
48,1,6,4.507903576,1.000007272,0.797818244,0.029702827
48,1,7,4.879812717,1.000011086,0.822830617,0.01892674
48,1,8,5.23484087,1.000004411,0.792676568,0.010329857
48,1,9,5.26942873,1.000006557,0.766865134,0.007671715
48,1,10,4.384941101,1.000012398,0.588632166,0.041848704
48,1,11,1.868602395,1.000026226,0.756430566,0.62655741
48,2,0,2.495265961,1.000001431,0.878611326,0.104428515
48,2,1,4.564621925,1.000000834,0.861464441,0.010543321
48,2,2,1.141604066,1.000005603,0.879669905,0.122854002
48,2,3,1.929568529,1.00000596,0.844707072,0.133980557
48,2,4,1.743064642,1.000000238,0.859864056,0.088896111
48,2,5,1.815761447,1.000004411,0.863442421,0.13815172
48,2,6,2.772878647,1.000006437,0.788494647,0.078657627
48,2,7,2.771709681,1,0.835117698,0.033034954
48,2,8,1.841594696,1.000002623,0.885399222,0.11279279
48,2,9,1.745507598,1.000004292,0.851768136,0.125339359
48,2,10,3.126239777,1.000026464,0.503921449,0.122511245
48,2,11,3.041518211,1.000000238,0.872259498,0.103280745
48,3,0,2.878095865,1,0.993690729,0.069517814
48,3,1,1.939018965,1.000000119,0.993372738,0.062406775
48,3,2,1.446777582,1.000000358,0.987317622,0.113308817
48,3,3,0.968630672,1,0.993571818,0.067853361
48,3,4,3.81307292,1,0.994029641,0.010170436
48,3,5,2.622347593,1,0.994760156,0.03202413
48,3,6,1.735974312,1.000000358,0.98655951,0.153162524
48,3,7,1.449270844,1.000000238,0.991027832,0.113540538
48,3,8,1.540416002,1.000000358,0.988196731,0.118570529
48,3,9,1.582813382,1,0.994373262,0.07256072
48,3,10,1.825017333,1,0.993919373,0.154941052
48,3,11,1.772186399,1.000000119,0.992930412,0.093169361
48,4,0,1.220108271,1.000000238,0.915195048,0.058727082
48,4,1,1.633328795,1.000000119,0.91792506,0.067844927
48,4,2,2.084683657,1,0.91342169,0.014829807
48,4,3,1.607035995,1.000000119,0.916442931,0.072117858
48,4,4,3.365281105,1,0.916963339,0.044977304
48,4,5,1.417950034,1,0.914683521,0.063226014
48,4,6,2.141894817,1,0.916839004,0.045038991
48,4,7,1.861954212,1.000000596,0.918593645,0.493626535
48,4,8,3.649847269,1,0.917607307,0.013639593
48,4,9,1.897410512,1,0.916440606,0.03656422
48,4,10,3.379959822,1,0.91548878,0.012112262
48,4,11,0.010055298,1.000028253,0.15000014,0.004817995
48,5,0,2.077188492,1,0.995982409,0.010317946
48,5,1,0.374890357,1,0.995188475,0.00485353
48,5,2,1.466497064,1,0.995871544,0.020774152
48,5,3,2.323411703,1.000000119,0.992156446,0.034088898
48,5,4,1.534706116,1,0.995883584,0.054340083
48,5,5,2.29453373,1,0.995913565,0.014638836
48,5,6,0.645258367,1,0.995401621,0.022628328
48,5,7,1.065776587,1,0.995613515,0.040118791
48,5,8,1.134497166,1,0.995676577,0.027151346
48,5,9,3.219980478,1,0.99636668,0.008293681
48,5,10,3.868940353,1.000000596,0.968029439,0.038272537
48,5,11,2.95694232,1,0.996147156,0.117131479
48,6,0,1.910810709,1.000000119,0.994839907,0.042163592
48,6,1,0.846786439,1,0.99779135,0.024601154
48,6,2,3.704306364,1,0.997029543,0.012624328
48,6,3,1.854500532,1,0.998299539,0.018049648
48,6,4,3.362969398,1,0.996333838,0.016606171
48,6,5,1.772069216,1,0.998280525,0.064794481
48,6,6,3.311717272,1,0.99823606,0.075118393
48,6,7,2.471054316,1,0.996583343,0.047161419
48,6,8,1.313719392,1,0.99817127,0.026501827
48,6,9,1.026690722,1,0.997757554,0.006665321
48,6,10,3.030823708,1,0.998093009,0.009060837
48,6,11,1.685620904,1,0.997798026,0.051874906
48,7,0,1.077017546,1,0.998979568,0.028054103
48,7,1,2.883464336,1,0.997964442,0.012361413
48,7,2,0.738365412,1,0.998954535,0.004512079
48,7,3,1.564379215,1,0.999217033,0.039939974
48,7,4,1.047977686,1,0.999136686,0.015080119
48,7,5,2.70403409,1,0.997643054,0.022183353
48,7,6,3.37552619,1,0.998889387,0.010398099
48,7,7,1.752937317,1,0.99917239,0.011823176
48,7,8,1.458073258,1,0.998368204,0.038351998
48,7,9,1.658319354,1,0.999041557,0.033738155
48,7,10,1.337948203,1,0.999103308,0.006509544
48,7,11,2.150845289,1,0.999177516,0.007483134
48,8,0,3.202233076,1,0.996884406,0.024201585
48,8,1,1.329565883,1,0.996164382,0.009256397
48,8,2,4.369054794,1.000000477,0.977547228,0.011839771
48,8,3,2.502804041,1,0.996724486,0.020566041
48,8,4,1.277417421,1,0.996506274,0.051796485
48,8,5,2.026322842,1,0.995717108,0.037833545
48,8,6,2.230949402,1,0.996767223,0.016834559
48,8,7,1.264516592,1,0.996047378,0.056740388
48,8,8,2.731365442,1,0.994158983,0.029694617
48,8,9,2.504496574,1,0.996863306,0.028812466
48,8,10,2.474027395,1,0.997024357,0.063930213
48,8,11,1.848305583,1,0.996457279,0.012053465
48,9,0,2.570835114,1,0.997157276,0.025991365
48,9,1,2.389277935,1,0.997938693,0.011132375
48,9,2,2.820230246,1.000000119,0.996955633,0.013438598
48,9,3,1.680272222,1,0.997991621,0.041540116
48,9,4,2.305398464,1,0.998723745,0.012402068
48,9,5,2.884927273,1,0.998706102,0.029869569
48,9,6,1.987618566,1,0.998499453,0.005499955
48,9,7,2.117719412,1,0.998654783,0.017180851
48,9,8,2.593596935,1,0.998463869,0.007204416
48,9,9,2.160272121,1,0.998238146,0.008037088
48,9,10,1.265896559,1,0.998368263,0.043903708
48,9,11,2.7146523,1,0.997544527,0.005068227
48,10,0,2.803150892,1,0.993842483,0.010457868
48,10,1,2.135365248,1,0.996795714,0.008756078
48,10,2,2.626331568,1,0.99493289,0.007979053
48,10,3,3.144364834,1.000000119,0.994100511,0.010801355
48,10,4,3.370708704,1.000000119,0.994603217,0.017003139
48,10,5,1.018679023,1,0.996478796,0.024422608
48,10,6,1.901571035,1,0.996733129,0.006814124
48,10,7,3.207314014,1.000000119,0.995787382,0.023082599
48,10,8,2.623504877,1,0.996662736,0.010470709
48,10,9,1.316469073,1,0.99686414,0.062793344
48,10,10,2.051595211,1,0.996327579,0.006670218
48,10,11,2.280297995,1,0.996785104,0.045856338
48,11,0,4.847243309,1.000002146,0.870022178,0.023043685
48,11,1,2.911723614,1,0.905450106,0.011051709
48,11,2,2.624207735,1.000000119,0.902719915,0.007731948
48,11,3,1.91952157,1,0.902234495,0.018805424
48,11,4,4.074791431,1.000000238,0.907958448,0.014776292
48,11,5,2.571988821,1,0.904140234,0.011795108
48,11,6,2.22885561,1,0.902480721,0.005573607
48,11,7,3.012686491,1,0.905906856,0.018537067
48,11,8,3.792201042,1.000021219,0.109936826,0.091281116
48,11,9,2.218975544,1,0.902705193,0.007231858
48,11,10,3.204452515,1,0.910259306,0.047111861
48,11,11,3.075252295,1.000000119,0.908392191,0.036212988
49,0,0,4.389716625,1.000017762,0.801627219,0.019630458
49,0,1,0.516652703,1.000031114,0.804162085,0.839602292
49,0,2,4.608441353,1.00001204,0.796349704,0.039050475
49,0,3,0.458461821,1.000029325,0.786395669,0.830951512
49,0,4,1.265339971,1.000026464,0.787026763,0.573730111
49,0,5,1.513520598,1.000025034,0.772749901,0.594082415
49,0,6,4.206624508,1.0000211,0.722850561,0.030895256
49,0,7,1.927019477,1.00002718,0.744070411,0.17064634
49,0,8,4.220283508,1.000022054,0.801141381,0.059352852
49,0,9,4.615038872,1.00001514,0.842834651,0.022223208
49,0,10,4.201655388,1.000023007,0.87756902,0.154842451
49,0,11,5.329279423,1.000014305,0.726271272,0.008226871
49,1,0,2.407305479,1.000026464,0.705686986,0.106251501
49,1,1,2.714430332,1.000020504,0.704687476,0.09490367
49,1,2,4.707931995,1.000016689,0.641176999,0.027736776
49,1,3,4.219376087,1.000001073,0.686776221,0.036364879
49,1,4,3.74635148,1.000008702,0.808084428,0.068816401
49,1,5,4.4781847,1.000011921,0.829993784,0.087869115
49,1,6,4.505664825,1.000009179,0.811217904,0.034775376
49,1,7,4.934215546,1.000012279,0.827374876,0.019630447
49,1,8,5.246501923,1.000003815,0.79260695,0.010069731
49,1,9,5.240851402,1.000006199,0.762087822,0.007512789
49,1,10,4.404321671,1.000013351,0.590666234,0.0415667
49,1,11,1.752700686,1.000027418,0.757242799,0.651432633
49,2,0,2.496857643,1.000001311,0.8792032,0.104167573
49,2,1,4.546159267,1.000000596,0.86513865,0.011623267
49,2,2,1.132184267,1.000005245,0.881257296,0.129832461
49,2,3,1.90530026,1.000007033,0.840501428,0.133594722
49,2,4,1.655345201,1.000000238,0.860282004,0.085456714
49,2,5,1.778764725,1.000004053,0.866397142,0.137713119
49,2,6,2.763133526,1.000005364,0.810051203,0.078309424
49,2,7,2.706106424,1,0.83552438,0.033392634
49,2,8,1.801400185,1.000003219,0.885608137,0.107500181
49,2,9,1.723236322,1.000006676,0.846465647,0.125509769
49,2,10,3.104406118,1.000027657,0.498909742,0.124634817
49,2,11,3.038443565,1.000000238,0.873440742,0.103729963
49,3,0,2.808609724,1,0.993313849,0.07836286
49,3,1,1.928046703,1.000000119,0.992810786,0.062774815
49,3,2,1.405279875,1.000000358,0.985644937,0.127152175
49,3,3,0.936289012,1,0.992829859,0.061763775
49,3,4,3.738959074,1,0.993666589,0.010134366
49,3,5,2.66825819,1,0.994408786,0.039368436
49,3,6,1.70163238,1.000000358,0.984092891,0.169211358
49,3,7,1.42856884,1.000000238,0.990822732,0.118612215
49,3,8,1.518641829,1.000000119,0.98814559,0.119388975
49,3,9,1.563042521,1,0.993861794,0.072460875
49,3,10,1.81681025,1,0.993254304,0.169531241
49,3,11,1.773715377,1.000000119,0.992011666,0.10460645
49,4,0,1.213124394,1.000000119,0.916648507,0.063514732
49,4,1,1.581330657,1.000000119,0.9181481,0.064685121
49,4,2,2.365096331,1,0.915011168,0.015329799
49,4,3,1.538643241,1.000000119,0.916695237,0.071779788
49,4,4,3.117590904,1,0.916448355,0.044477768
49,4,5,1.388966441,1,0.915009439,0.063350968
49,4,6,2.096862316,1,0.916946828,0.047322281
49,4,7,1.846053958,1.000000596,0.917798936,0.486392736
49,4,8,3.373710871,1,0.917107761,0.015714563
49,4,9,1.881110668,1,0.917206347,0.037646055
49,4,10,3.172384262,1,0.9154284,0.013388084
49,4,11,0.010703376,1.000029206,0.146590173,0.004372736
49,5,0,1.941564083,1,0.997105539,0.012705402
49,5,1,0.316408485,1,0.996435225,0.004440221
49,5,2,1.392186642,1,0.997048438,0.023981733
49,5,3,2.316565514,1,0.99382633,0.0349776
49,5,4,1.531812549,1,0.996948302,0.062065136
49,5,5,2.237874985,1,0.997131944,0.012757756
49,5,6,0.673735261,1,0.996685922,0.025984164
49,5,7,1.047166109,1,0.996911466,0.04559372
49,5,8,1.173741102,1,0.996924818,0.029683599
49,5,9,2.996245384,1,0.997411728,0.008247791
49,5,10,3.623347044,1.000000477,0.978746235,0.041558407
49,5,11,2.909716129,1,0.997081041,0.122589804
49,6,0,1.808049083,1,0.997145236,0.043140158
49,6,1,0.747223079,1,0.998459041,0.021698449
49,6,2,3.663547754,1,0.997693837,0.013417576
49,6,3,1.729307294,1,0.998875678,0.020546112
49,6,4,3.133605957,1,0.997781396,0.018305095
49,6,5,1.79470706,1,0.998936474,0.062906437
49,6,6,2.986835241,1,0.998898506,0.077014163
49,6,7,2.305066824,1,0.998159349,0.042337537
49,6,8,1.305725574,1,0.998769343,0.03090846
49,6,9,0.882669806,1,0.998403907,0.00541465
49,6,10,3.14996314,1,0.998646319,0.009153336
49,6,11,1.604066372,1,0.998475611,0.050613202
49,7,0,1.029072762,1,0.99902916,0.026644217
49,7,1,2.831372976,1,0.997472048,0.015800901
49,7,2,0.601395786,1,0.999010265,0.003695449
49,7,3,1.631319165,1,0.999275386,0.053329598
49,7,4,0.965340614,1,0.999174476,0.015958179
49,7,5,2.525830507,1,0.998231113,0.024137279
49,7,6,3.226291895,1,0.99888742,0.012295517
49,7,7,1.694156408,1,0.999245584,0.013725124
49,7,8,1.298285723,1,0.998963952,0.037474338
49,7,9,1.621557951,1,0.999078333,0.036667656
49,7,10,1.14206028,1,0.999142826,0.005670076
49,7,11,2.14164567,1,0.999222934,0.006735068
49,8,0,3.224156141,1,0.997811735,0.026178252
49,8,1,1.3854388,1,0.997511923,0.009826104
49,8,2,4.267096519,1.000000358,0.986447513,0.011766866
49,8,3,2.521953583,1,0.997809231,0.021296676
49,8,4,1.186529994,1,0.997694373,0.056477319
49,8,5,1.916590691,1,0.997153699,0.039493896
49,8,6,1.820883989,1,0.997783482,0.016174514
49,8,7,1.144481063,1,0.997512877,0.051789057
49,8,8,2.465766191,1,0.996389985,0.028948279
49,8,9,2.475589275,1,0.997929335,0.026207684
49,8,10,2.369432211,1,0.998128653,0.065519527
49,8,11,1.86116004,1,0.997640252,0.014478175
49,9,0,2.402398109,1,0.997286022,0.024450161
49,9,1,2.258956909,1,0.998005271,0.012570666
49,9,2,2.780571461,1,0.995317221,0.015369858
49,9,3,1.614990592,1,0.997677803,0.044591837
49,9,4,2.086181879,1,0.998407423,0.012372712
49,9,5,2.497480869,1,0.998481512,0.034138631
49,9,6,1.927302122,1,0.998377264,0.005343392
49,9,7,1.967525005,1,0.998267353,0.019052709
49,9,8,2.418319941,1,0.998118639,0.008411822
49,9,9,2.093221664,1,0.998299837,0.006118119
49,9,10,1.128203034,1,0.998135507,0.041611683
49,9,11,2.628600121,1.000000119,0.993152678,0.005789844
49,10,0,2.482462883,1.000000119,0.995144904,0.008104518
49,10,1,2.286801815,1,0.995002508,0.008653435
49,10,2,2.702714443,1,0.994486451,0.008796209
49,10,3,2.934806824,1,0.99304527,0.011101398
49,10,4,3.333229542,1.000000119,0.99365145,0.022733193
49,10,5,0.998251021,1,0.996218443,0.027176503
49,10,6,2.072306395,1,0.996711731,0.007039601
49,10,7,3.023572445,1,0.995702565,0.024342889
49,10,8,2.489037514,1,0.996604383,0.011928469
49,10,9,1.32018435,1,0.996575356,0.065965675
49,10,10,1.987963557,1,0.997026384,0.006172226
49,10,11,2.197708607,1,0.996870935,0.035985585
49,11,0,4.767974854,1.000001669,0.878636599,0.023752633
49,11,1,3.002013922,1,0.906601965,0.013789166
49,11,2,2.549172878,1,0.902346015,0.008481341
49,11,3,2.201102734,1,0.905046821,0.02123734
49,11,4,4.041661263,1.000000119,0.911469281,0.017185347
49,11,5,2.679028988,1,0.90625912,0.012055329
49,11,6,2.17538023,1,0.904301584,0.006558487
49,11,7,2.824694872,1,0.906438231,0.017125029
49,11,8,3.689967155,1.0000211,0.103830338,0.093312502
49,11,9,2.337722301,1,0.904960454,0.007213759
49,11,10,2.971053123,1,0.910011232,0.048102241
49,11,11,2.959795952,1.000000119,0.909727454,0.03416194
50,0,0,4.409183979,1.000016689,0.797900259,0.019416852
50,0,1,0.633206785,1.000030994,0.803174734,0.797056079
50,0,2,4.600322247,1.000013232,0.799039245,0.042147033
50,0,3,0.49751693,1.000030518,0.790201128,0.824419439
50,0,4,1.285746098,1.000028014,0.792234421,0.56594032
50,0,5,1.770645618,1.000022531,0.748949826,0.4978562
50,0,6,4.14584446,1.000021696,0.695297241,0.03340831
50,0,7,1.886376858,1.000026941,0.747629344,0.169491187
50,0,8,4.209327221,1.00002408,0.796327353,0.062885791
50,0,9,4.624803066,1.000017405,0.84540391,0.022899915
50,0,10,4.220442772,1.000024557,0.87471652,0.14883247
50,0,11,5.361642838,1.000014067,0.723052084,0.007922072
50,1,0,2.347048283,1.00002718,0.706562579,0.107660241
50,1,1,2.701900721,1.000021338,0.710497439,0.094852902
50,1,2,4.732100964,1.000017047,0.653577566,0.027143015
50,1,3,4.234770298,1.000001073,0.683338106,0.036205363
50,1,4,3.736528397,1.000009775,0.810198963,0.069536433
50,1,5,4.437427521,1.000013947,0.830043256,0.093364082
50,1,6,4.487999439,1.000010014,0.81540525,0.035214227
50,1,7,4.913189411,1.000012755,0.829681575,0.019618528
50,1,8,5.293306351,1.000003576,0.793620348,0.0097584
50,1,9,5.343912125,1.000006557,0.770660758,0.007011245
50,1,10,4.407132149,1.000012994,0.598486304,0.041862801
50,1,11,1.887554526,1.000027537,0.756745279,0.613807499
50,2,0,2.504871845,1.000001669,0.869105399,0.10636124
50,2,1,4.690855503,1.000000596,0.856833816,0.011518704
50,2,2,1.100131035,1.000008702,0.854236245,0.112790763
50,2,3,1.893725514,1.000007868,0.829499424,0.133278072
50,2,4,1.713701606,1.000000238,0.857288361,0.088910818
50,2,5,1.815947533,1.000005126,0.860609412,0.133928776
50,2,6,2.777848721,1.000005364,0.794325769,0.08068677
50,2,7,2.678365231,1,0.822951376,0.033077214
50,2,8,1.87465024,1.000003099,0.876584053,0.106123976
50,2,9,1.74020803,1.000005364,0.837726951,0.12741527
50,2,10,3.118150949,1.000028133,0.512057841,0.12336731
50,2,11,3.093580723,1.000000238,0.8653723,0.10383442
50,3,0,2.874842167,1,0.991948307,0.063307904
50,3,1,2.008217096,1.000000119,0.991992533,0.06328807
50,3,2,1.42499423,1.000000596,0.978680789,0.111297414
50,3,3,1.004485846,1,0.991820097,0.064774111
50,3,4,3.884231091,1,0.992474973,0.011132655
50,3,5,2.796499252,1,0.993182242,0.034731895
50,3,6,1.71882534,1.000000477,0.983626723,0.160049915
50,3,7,1.471933484,1.000000358,0.989622831,0.117940091
50,3,8,1.55322814,1.000000238,0.984428227,0.115573004
50,3,9,1.656050444,1,0.992857158,0.072698034
50,3,10,1.840191126,1,0.991808712,0.167083785
50,3,11,1.840566278,1.000000119,0.991898537,0.098112479
50,4,0,1.299525857,1.000000119,0.916272342,0.05773598
50,4,1,1.654261231,1,0.918462574,0.063032791
50,4,2,2.528972387,1,0.915582895,0.017488254
50,4,3,1.655780196,1.000000238,0.917324424,0.066980734
50,4,4,3.200345278,1,0.916772485,0.04623678
50,4,5,1.489364147,1,0.915472806,0.058155123
50,4,6,2.164574623,1,0.917340875,0.04766332
50,4,7,1.938990235,1.000000477,0.920786083,0.461960137
50,4,8,3.405763149,1,0.917057991,0.016594214
50,4,9,2.038822174,1,0.917875707,0.03991884
50,4,10,3.421069145,1,0.916130245,0.014404239
50,4,11,0.010476346,1.000030756,0.145515665,0.003586032
50,5,0,1.680750847,1,0.996110141,0.011596536
50,5,1,0.414013982,1,0.995736182,0.004723335
50,5,2,1.456611872,1,0.996046305,0.020283874
50,5,3,2.360512972,1,0.99370265,0.034607396
50,5,4,1.518255711,1,0.99600029,0.052435424
50,5,5,1.958647966,1,0.996159494,0.011980566
50,5,6,0.648540437,1,0.995772958,0.023064809
50,5,7,1.030537486,1,0.995933533,0.042114865
50,5,8,1.065825343,1,0.995892942,0.030550668
50,5,9,3.045989752,1,0.996588111,0.008110482
50,5,10,3.693205833,1.000000596,0.967869699,0.035317488
50,5,11,2.892533541,1,0.99634248,0.119431816
50,6,0,1.884140849,1,0.995585859,0.035343621
50,6,1,0.736378253,1,0.997817814,0.021130161
50,6,2,3.637080908,1,0.997077882,0.013530324
50,6,3,1.787306547,1,0.99833107,0.017905662
50,6,4,3.585644245,1.000000119,0.994270325,0.021955021
50,6,5,1.765997052,1,0.998362124,0.064745337
50,6,6,3.017971754,1,0.99842602,0.080348842
50,6,7,2.34783268,1,0.997726023,0.041927677
50,6,8,1.294935822,1,0.998284698,0.027801096
50,6,9,0.886743784,1,0.997828841,0.005758577
50,6,10,3.077510595,1,0.998091877,0.010633591
50,6,11,1.678358793,1,0.998050094,0.046489298
50,7,0,1.08514154,1,0.999040604,0.026402926
50,7,1,2.446734428,1,0.998626709,0.010653891
50,7,2,0.724565208,1,0.999201179,0.003442269
50,7,3,1.451835752,1,0.999337912,0.046077702
50,7,4,0.974737644,1,0.999250829,0.014507898
50,7,5,2.710082769,1.000000119,0.997235298,0.025637059
50,7,6,3.169111252,1,0.999103308,0.012071019
50,7,7,1.541312099,1,0.999275565,0.010699242
50,7,8,1.399206161,1,0.998789012,0.033552278
50,7,9,1.390979528,1,0.999251008,0.028957726
50,7,10,1.095059514,1,0.999235213,0.00416013
50,7,11,1.640707493,1,0.999288976,0.005929001
50,8,0,3.317057848,1,0.997874975,0.022004109
50,8,1,1.476192713,1,0.997802556,0.007012614
50,8,2,4.23731041,1.000000238,0.98730588,0.012062506
50,8,3,2.256773472,1,0.998064101,0.019168258
50,8,4,1.283451438,1,0.997942865,0.046720404
50,8,5,2.105621576,1,0.996921718,0.042109687
50,8,6,2.046383381,1,0.998082221,0.015966294
50,8,7,1.315095901,1,0.997509897,0.056534033
50,8,8,2.157883883,1,0.997994602,0.025784044
50,8,9,2.199121475,1,0.998085797,0.027674703
50,8,10,2.381507874,1,0.998237252,0.066549078
50,8,11,2.015284777,1,0.997819006,0.013236183
50,9,0,2.609600067,1.000000119,0.994928896,0.024225915
50,9,1,2.110113382,1,0.997969449,0.009162338
50,9,2,2.756743193,1,0.995898306,0.014886614
50,9,3,1.732477427,1,0.997215807,0.05088868
50,9,4,2.081033707,1,0.998374999,0.01214564
50,9,5,2.439842939,1,0.99853158,0.033829603
50,9,6,1.697053432,1,0.998436868,0.004465007
50,9,7,2.135783434,1,0.998208106,0.02033497
50,9,8,2.781266212,1,0.997002542,0.009114752
50,9,9,2.045416594,1,0.998229563,0.005628337
50,9,10,1.201665521,1,0.998069763,0.037384883
50,9,11,2.549976826,1,0.997779667,0.006220571
50,10,0,2.652685404,1.000000119,0.993362188,0.009238186
50,10,1,2.177582502,1,0.997051239,0.008417507
50,10,2,2.382914305,1,0.997361004,0.00925348
50,10,3,3.144919395,1.000000119,0.994415879,0.011741304
50,10,4,3.229090452,1,0.995715201,0.018588254
50,10,5,1.1278795,1,0.996654332,0.026624519
50,10,6,2.335221529,1,0.996726394,0.008509093
50,10,7,2.983805895,1.000000119,0.995075822,0.032915756
50,10,8,2.514152527,1,0.996798873,0.010992249
50,10,9,1.42294085,1,0.997055948,0.062597685
50,10,10,2.201536179,1,0.997166216,0.007104338
50,10,11,2.092047215,1,0.997122228,0.033584602
50,11,0,4.816747189,1.000001431,0.882463098,0.026142359
50,11,1,3.100749254,1,0.908118606,0.018098576
50,11,2,2.672394514,1.000000119,0.905098021,0.007869657
50,11,3,2.239742517,1,0.905215859,0.025287613
50,11,4,3.955623388,1.000000119,0.908378601,0.013663203
50,11,5,2.645042181,1,0.906373799,0.010426015
50,11,6,2.26614213,1,0.904152632,0.005859087
50,11,7,3.044266939,1,0.907549322,0.017925294
50,11,8,3.740725517,1.000022173,0.108225062,0.106388651
50,11,9,2.305669785,1,0.90497303,0.0065594
50,11,10,2.881505728,1,0.910019279,0.043305919
50,11,11,2.918973446,1.000000119,0.909516156,0.04212271
51,0,0,4.387494564,1.00001502,0.781225026,0.0179858
51,0,1,0.676880598,1.000028729,0.792863309,0.781013668
51,0,2,4.386991024,1.000012875,0.770316839,0.045825943
51,0,3,0.506994963,1.000028014,0.778041124,0.819433212
51,0,4,1.3045789,1.000025749,0.781568885,0.558000803
51,0,5,1.777293801,1.000021577,0.74328655,0.512780607
51,0,6,4.152359486,1.000018954,0.700157523,0.029359942
51,0,7,1.89563632,1.00002563,0.73834902,0.172796413
51,0,8,4.197284698,1.000021219,0.772358656,0.057269581
51,0,9,4.600588799,1.000015497,0.834577978,0.022731602
51,0,10,4.204902172,1.000022531,0.868456841,0.14284873
51,0,11,5.26880312,1.000012875,0.719480276,0.008524754
51,1,0,2.383945465,1.000025511,0.698805809,0.113402627
51,1,1,2.693930149,1.000019908,0.695091307,0.093198143
51,1,2,4.665113926,1.000016093,0.623585939,0.028603077
51,1,3,4.158864975,1.000001073,0.677826285,0.037227467
51,1,4,3.760432959,1.000007987,0.803078651,0.068189807
51,1,5,4.38009119,1.000012398,0.822683692,0.088424638
51,1,6,4.410316467,1.000008941,0.813944399,0.033052828
51,1,7,4.824669838,1.000010848,0.827059388,0.022528827
51,1,8,5.202055931,1.000004053,0.78832972,0.010321161
51,1,9,5.216436863,1.000006318,0.759178221,0.00779645
51,1,10,4.373943329,1.000012159,0.57537514,0.041751128
51,1,11,1.973289728,1.000025272,0.754797041,0.589706838
51,2,0,2.514726877,1.000001669,0.879570782,0.10691192
51,2,1,4.570020199,1.000000834,0.863685369,0.011711183
51,2,2,1.15870595,1.00000596,0.879497886,0.130433485
51,2,3,1.89844048,1.000005126,0.847418964,0.133878022
51,2,4,1.728973985,1.000000119,0.862747371,0.096427962
51,2,5,1.788589835,1.000004292,0.86518836,0.138579071
51,2,6,2.767104626,1.000007272,0.76619947,0.079162873
51,2,7,2.822960377,1,0.834688902,0.034654479
51,2,8,1.840529442,1.000002384,0.884641588,0.1120096
51,2,9,1.743770719,1.000004053,0.855237365,0.122689053
51,2,10,3.113900423,1.00002563,0.541509509,0.123255938
51,2,11,2.981649876,1.000000119,0.868938982,0.102311842
51,3,0,2.9049263,1,0.992853165,0.063071005
51,3,1,1.970126033,1.000000119,0.992108881,0.062877409
51,3,2,1.433916926,1.000000596,0.982389808,0.118042111
51,3,3,1.017452836,1,0.992595077,0.065757558
51,3,4,3.679819822,1,0.993247449,0.012527881
51,3,5,2.750106812,1,0.994002283,0.034941293
51,3,6,1.72222054,1.000000358,0.983431637,0.152661189
51,3,7,1.465347171,1.000000119,0.990811527,0.109605066
51,3,8,1.547458887,1.000000358,0.987309098,0.125834823
51,3,9,1.649914742,1,0.99370271,0.08000192
51,3,10,1.818573236,1,0.992685139,0.151946589
51,3,11,1.813105702,1.000000119,0.992139876,0.103776328
51,4,0,1.232690334,1.000000119,0.916801393,0.058995597
51,4,1,1.581712246,1.000000119,0.918811798,0.068335302
51,4,2,2.28062892,1,0.915458918,0.016741047
51,4,3,1.603445768,1,0.917445898,0.066796325
51,4,4,3.137388229,1,0.917554259,0.043450486
51,4,5,1.432068825,1,0.915808678,0.056399889
51,4,6,2.087208986,1,0.917723894,0.048635162
51,4,7,1.889745951,1.000000477,0.920836866,0.467204869
51,4,8,3.533016205,1,0.91887933,0.01721891
51,4,9,1.883502364,1,0.917536557,0.03646354
51,4,10,3.339383364,1,0.916615069,0.013520738
51,4,11,0.010293544,1.000027299,0.147930086,0.003959717
51,5,0,1.934114099,1,0.99657023,0.015261441
51,5,1,0.375232697,1,0.996071875,0.005496283
51,5,2,1.406216621,1,0.996604681,0.021564918
51,5,3,2.276843071,1.000000119,0.993612528,0.036433514
51,5,4,1.479187727,1,0.996553361,0.052498065
51,5,5,2.062744856,1,0.996658325,0.012184049
51,5,6,0.701442361,1,0.99630934,0.024767032
51,5,7,0.965767086,1,0.996387124,0.037564345
51,5,8,1.205580711,1,0.996563137,0.027589938
51,5,9,2.887008429,1,0.996979773,0.009583353
51,5,10,3.617449045,1.000000596,0.973710775,0.036064196
51,5,11,2.738070726,1,0.996768713,0.116032995
51,6,0,1.856124163,1.000000119,0.995651484,0.039248563
51,6,1,0.952852726,1,0.997901022,0.026363958
51,6,2,3.477353096,1,0.997725666,0.014104605
51,6,3,1.657432795,1,0.998220444,0.017784689
51,6,4,3.50105834,1.000000119,0.992595673,0.018922228
51,6,5,1.700613141,1,0.99825722,0.062611558
51,6,6,2.942455769,1,0.99837476,0.07782378
51,6,7,2.292124033,1,0.997117102,0.045534469
51,6,8,1.291572571,1,0.998114526,0.029782351
51,6,9,0.916383922,1,0.997727931,0.006489833
51,6,10,3.265575886,1,0.998017311,0.01153471
51,6,11,1.518547535,1,0.998071909,0.042850912
51,7,0,1.090105176,1,0.998995364,0.026539966
51,7,1,2.276974201,1,0.999017715,0.014039687
51,7,2,0.640071154,1,0.999061048,0.005214875
51,7,3,1.50834167,1,0.999326527,0.046273597
51,7,4,0.969914794,1,0.999226928,0.016064132
51,7,5,2.678559303,1,0.996638238,0.021908684
51,7,6,3.089517593,1,0.999067128,0.01173105
51,7,7,1.923328757,1,0.99920994,0.016260406
51,7,8,1.323530316,1,0.998880386,0.039956141
51,7,9,1.439428449,1,0.999229968,0.030310322
51,7,10,1.060514569,1,0.999156058,0.007124838
51,7,11,2.208829165,1,0.999185324,0.009024908
51,8,0,3.195844412,1,0.997517228,0.02448681
51,8,1,1.246515036,1,0.997278035,0.01095027
51,8,2,4.274783134,1.000000358,0.984105885,0.012086242
51,8,3,2.081975222,1,0.997689486,0.018944453
51,8,4,1.190523028,1,0.997487664,0.048352707
51,8,5,1.961310148,1,0.996831954,0.041348901
51,8,6,2.060279369,1,0.997684896,0.019322772
51,8,7,1.270535707,1,0.997176945,0.058406565
51,8,8,2.320950747,1,0.99689573,0.028121129
51,8,9,2.31325841,1,0.997750521,0.031206267
51,8,10,2.33255887,1,0.997916639,0.064518958
51,8,11,1.981964946,1,0.9973436,0.014297047
51,9,0,2.079618454,1,0.998073339,0.024343867
51,9,1,1.904739738,1,0.998023629,0.01300633
51,9,2,2.154082298,1,0.998044968,0.017143641
51,9,3,1.687721729,1,0.997447431,0.046903431
51,9,4,1.774594665,1,0.998410046,0.013078189
51,9,5,2.139050961,1,0.998475313,0.027811002
51,9,6,1.461476445,1,0.998377979,0.006130407
51,9,7,1.991988063,1,0.998306692,0.019803692
51,9,8,2.829416752,1,0.989875257,0.01035025
51,9,9,1.488179207,1,0.998416007,0.007018055
51,9,10,1.241895437,1,0.998203039,0.039253391
51,9,11,2.787694216,1,0.996945798,0.007058469
51,10,0,1.812546968,1,0.997904718,0.008367625
51,10,1,1.670114279,1,0.998263299,0.010936628
51,10,2,2.206338882,1,0.997133076,0.008611447
51,10,3,3.2121768,1,0.996496797,0.015749214
51,10,4,3.039129019,1,0.996497214,0.020143351
51,10,5,1.101972938,1,0.998145819,0.025832687
51,10,6,2.341873646,1,0.997916579,0.012322532
51,10,7,3.128707886,1,0.996597052,0.030456301
51,10,8,2.222361565,1,0.998205364,0.012795013
51,10,9,1.359498978,1,0.998271525,0.063193351
51,10,10,1.722925663,1,0.998415053,0.007578042
51,10,11,1.794165492,1,0.99801594,0.036252111
51,11,0,4.65573597,1.000001431,0.892245352,0.026222585
51,11,1,3.029103994,1,0.910230279,0.019647418
51,11,2,2.635047197,1,0.908565938,0.009272338
51,11,3,2.164355755,1,0.908278108,0.02729623
51,11,4,3.970669746,1.000000119,0.91339916,0.018608401
51,11,5,1.959616065,1,0.906655669,0.010231832
51,11,6,1.877414346,1,0.906505525,0.00621658
51,11,7,2.5176301,1,0.908254385,0.014823738
51,11,8,3.686722994,1.000022173,0.100501649,0.101622723
51,11,9,1.514409661,1,0.905862451,0.006874185
51,11,10,3.133715391,1,0.913521528,0.051379319
51,11,11,2.600640297,1.000000119,0.910779953,0.037215311
52,0,0,4.375680447,1.000017166,0.805244446,0.022904109
52,0,1,0.506839395,1.000029922,0.80801791,0.841153324
52,0,2,4.554015636,1.000012398,0.804622591,0.045333602
52,0,3,0.440602183,1.000029087,0.787472963,0.822596669
52,0,4,1.227022052,1.00002718,0.797040761,0.585551858
52,0,5,1.475797057,1.000023842,0.7767151,0.604222
52,0,6,4.262315273,1.000020623,0.726943254,0.030042375
52,0,7,1.89953649,1.000026703,0.744782269,0.170264721
52,0,8,4.215441227,1.000023603,0.805820107,0.060921088
52,0,9,4.617403984,1.00001812,0.849991381,0.022733729
52,0,10,4.215000153,1.000023603,0.880751193,0.150475353
52,0,11,5.332251072,1.000013709,0.729033828,0.008094917
52,1,0,2.440026999,1.000026703,0.716901362,0.107519194
52,1,1,2.709439039,1.000020742,0.697089612,0.095065773
52,1,2,4.712944031,1.000016689,0.64516902,0.02757019
52,1,3,4.215188503,1.000001192,0.681883276,0.03635437
52,1,4,3.756268501,1.000009775,0.808970809,0.068716206
52,1,5,4.427517891,1.000013113,0.832827389,0.084766865
52,1,6,4.494807243,1.000008941,0.813930869,0.034914937
52,1,7,4.892760754,1.000012159,0.827127218,0.019784365
52,1,8,5.246837616,1.000004768,0.790791512,0.01016897
52,1,9,5.28319025,1.000007153,0.766140938,0.007468706
52,1,10,4.39864254,1.000012755,0.594340861,0.041884024
52,1,11,1.893932462,1.000026107,0.761383116,0.632636726
52,2,0,2.533644676,1.000001073,0.876669526,0.100768752
52,2,1,4.559167385,1.000000596,0.859575093,0.009740463
52,2,2,1.146831512,1.000004888,0.878962874,0.133991495
52,2,3,1.965981245,1.000004649,0.857916594,0.138117954
52,2,4,1.686966896,1.000000119,0.857602358,0.089685172
52,2,5,1.753341913,1.000005364,0.855141997,0.140328586
52,2,6,2.751564741,1.000007391,0.755060196,0.079742379
52,2,7,2.716120958,1,0.833073974,0.033570018
52,2,8,1.853871703,1.000002503,0.882777154,0.115656346
52,2,9,1.746627688,1.000004172,0.85096091,0.126204222
52,2,10,3.111638784,1.000028133,0.510433733,0.123850018
52,2,11,3.040076494,1.000000119,0.871014178,0.104777507
52,3,0,2.934844017,1,0.993798077,0.071792111
52,3,1,1.92284441,1,0.993278503,0.062200289
52,3,2,1.484906077,1.000000358,0.989854872,0.116967164
52,3,3,0.963331878,1,0.993472517,0.064770751
52,3,4,3.768779516,1,0.994197309,0.011539742
52,3,5,2.652385235,1,0.994791806,0.033878941
52,3,6,1.702793479,1.000000358,0.984291613,0.161482498
52,3,7,1.42309916,1.000000238,0.990467489,0.117049694
52,3,8,1.500669956,1.000000238,0.988531113,0.128047392
52,3,9,1.604636073,1,0.994483054,0.078605756
52,3,10,1.843891501,1,0.993945122,0.155411363
52,3,11,1.78097558,1.000000119,0.992403567,0.111531734
52,4,0,1.243862033,1,0.915316582,0.059168153
52,4,1,1.52191484,1,0.917508721,0.064349376
52,4,2,2.096497774,1,0.913942516,0.015022302
52,4,3,1.589129925,1.000000119,0.916821122,0.073043555
52,4,4,3.309489727,1,0.917178869,0.046552833
52,4,5,1.45487535,1,0.915347815,0.063200459
52,4,6,2.109907627,1,0.917049229,0.049537554
52,4,7,1.874151945,1.000000596,0.917809665,0.492788047
52,4,8,3.542203426,1,0.917551041,0.015801011
52,4,9,1.917412996,1,0.916761935,0.041236505
52,4,10,3.336928606,1,0.915747643,0.014213071
52,4,11,0.009861411,1.000029445,0.146495774,0.004024615
52,5,0,2.037026644,1,0.996844828,0.010500726
52,5,1,0.337207586,1,0.996222496,0.003907523
52,5,2,1.441053033,1,0.996724844,0.023361469
52,5,3,2.267846823,1,0.994091094,0.039941531
52,5,4,1.445932627,1,0.996687889,0.054209959
52,5,5,2.125500679,1,0.99685365,0.013234576
52,5,6,0.661374927,1,0.996407747,0.023323478
52,5,7,0.984297395,1,0.996471405,0.040211324
52,5,8,1.181552291,1,0.996703744,0.025893111
52,5,9,2.994133234,1,0.997129679,0.008894958
52,5,10,3.717692852,1.000000596,0.974035621,0.037426807
52,5,11,2.845348358,1,0.996849239,0.117870726
52,6,0,1.829677343,1.000000119,0.994951308,0.039541934
52,6,1,0.935778022,1,0.99801749,0.027203515
52,6,2,3.627554655,1,0.997615993,0.014624105
52,6,3,1.724794984,1,0.998429239,0.019359654
52,6,4,3.530887365,1,0.996219635,0.017126575
52,6,5,1.708479881,1,0.99845928,0.064685836
52,6,6,3.180950403,1,0.99840492,0.077976473
52,6,7,2.329237938,1,0.997271478,0.046611801
52,6,8,1.271924853,1,0.998357713,0.030057322
52,6,9,0.997229695,1,0.997983754,0.005707211
52,6,10,3.249146223,1,0.998156965,0.010938979
52,6,11,1.587549925,1,0.998223066,0.052633993
52,7,0,1.045580626,1,0.999022841,0.026595261
52,7,1,2.499495268,1,0.998723567,0.011299315
52,7,2,0.704196155,1,0.999150097,0.004084581
52,7,3,1.495116234,1,0.999370813,0.048606884
52,7,4,0.932003617,1,0.999256551,0.016448077
52,7,5,2.628102541,1,0.99783057,0.021742214
52,7,6,3.267782688,1,0.998997748,0.012035443
52,7,7,1.964305878,1,0.999339342,0.015319277
52,7,8,1.345244169,1,0.998777211,0.043347299
52,7,9,1.516530037,1,0.999158442,0.036002211
52,7,10,1.0723809,1,0.999240637,0.005355026
52,7,11,2.126461029,1,0.9993276,0.007797863
52,8,0,3.256983042,1,0.996845305,0.024369447
52,8,1,1.376189709,1,0.996604979,0.009872148
52,8,2,4.328451633,1.000000477,0.976434648,0.013363576
52,8,3,2.150056362,1,0.997004092,0.019306641
52,8,4,1.182696819,1,0.996714771,0.057636496
52,8,5,1.924722433,1,0.996665418,0.044891477
52,8,6,2.293307781,1,0.996965766,0.020577008
52,8,7,1.283027291,1,0.996439397,0.063766375
52,8,8,2.381024361,1,0.995256007,0.02923364
52,8,9,2.348917723,1,0.997012317,0.032727115
52,8,10,2.306618929,1,0.997194707,0.062162869
52,8,11,1.676781774,1,0.996709585,0.014346664
52,9,0,2.238936186,1,0.997980654,0.025444206
52,9,1,2.155088186,1,0.998732984,0.010328774
52,9,2,2.574858904,1,0.998230577,0.015707547
52,9,3,1.628518939,1,0.998359919,0.050080936
52,9,4,1.889000773,1,0.999179244,0.01233302
52,9,5,2.428962708,1,0.999235749,0.030370466
52,9,6,1.553769469,1,0.999173224,0.005537344
52,9,7,1.883045793,1,0.999087512,0.017754225
52,9,8,2.31897378,1,0.998456776,0.007621743
52,9,9,1.683251143,1,0.999128878,0.006371955
52,9,10,1.208429694,1,0.99896276,0.046902973
52,9,11,2.314689875,1,0.99864161,0.006080028
52,10,0,2.538084507,1,0.995182276,0.010280044
52,10,1,1.799163342,1,0.997172773,0.008364473
52,10,2,2.160592318,1,0.997856379,0.009171849
52,10,3,3.01907444,1.000000119,0.991255045,0.013254286
52,10,4,3.322953701,1,0.995599508,0.019513827
52,10,5,1.004428864,1,0.9972229,0.027478503
52,10,6,1.537418842,1,0.997425258,0.005705249
52,10,7,2.988441706,1.000000119,0.995832622,0.026491277
52,10,8,2.363895178,1,0.997368753,0.013602588
52,10,9,1.310923934,1,0.997471869,0.072448477
52,10,10,1.662249327,1,0.997549653,0.007145192
52,10,11,2.13427639,1,0.997315049,0.041412059
52,11,0,4.775156021,1.000002027,0.87255615,0.028242594
52,11,1,2.767910004,1,0.906415403,0.015283971
52,11,2,2.384235382,1,0.904728532,0.00842168
52,11,3,1.971341014,1,0.904666185,0.022541005
52,11,4,3.858225822,1,0.911097765,0.018424641
52,11,5,2.428931475,1,0.905545592,0.01314502
52,11,6,1.862640619,1,0.903599918,0.006521793
52,11,7,2.59250617,1,0.906219482,0.018051237
52,11,8,3.832641363,1.00002265,0.105615899,0.102010369
52,11,9,1.86902833,1,0.903770208,0.006815145
52,11,10,2.952155352,1,0.910078406,0.049989339
52,11,11,2.957262993,1,0.909566164,0.037958164
53,0,0,4.382492065,1.000015497,0.788101912,0.018794611
53,0,1,0.598334491,1.00003016,0.800974488,0.805727541
53,0,2,4.539385796,1.000012875,0.795174956,0.046001151
53,0,3,0.476898372,1.00003016,0.785233915,0.829384029
53,0,4,1.30807519,1.000028133,0.79627949,0.576000571
53,0,5,1.67216599,1.000022411,0.753615022,0.551105678
53,0,6,4.182201862,1.000020504,0.706146777,0.031679973
53,0,7,1.924397469,1.000026464,0.740150988,0.178103849
53,0,8,4.125749588,1.000022888,0.787617922,0.063748226
53,0,9,4.616539478,1.000017762,0.840435982,0.022772383
53,0,10,4.218204975,1.000023961,0.874499559,0.146991745
53,0,11,5.334499359,1.000013709,0.727717161,0.008054795
53,1,0,2.44639945,1.000026941,0.703275859,0.110508561
53,1,1,2.706196308,1.000020862,0.683168054,0.098977372
53,1,2,4.710168839,1.00001657,0.639732003,0.027894625
53,1,3,4.215067863,1.000001073,0.673887193,0.036643334
53,1,4,3.750342846,1.000009656,0.802101374,0.068792306
53,1,5,4.46424818,1.000013232,0.82269609,0.083793722
53,1,6,4.395849705,1.000008702,0.795902014,0.035859134
53,1,7,4.861008167,1.000011206,0.811833024,0.020756558
53,1,8,5.245035172,1.000004172,0.789215863,0.010962212
53,1,9,5.254721642,1.000007153,0.757346511,0.008093343
53,1,10,4.392105579,1.000012875,0.592766702,0.041727994
53,1,11,1.892156482,1.000026703,0.750514984,0.616421044
53,2,0,2.507392645,1.000001192,0.871665955,0.099803947
53,2,1,4.605907917,1.000001073,0.851006687,0.011398811
53,2,2,1.163718939,1.000005245,0.875476837,0.132854939
53,2,3,1.899863839,1.000006557,0.840462863,0.133610591
53,2,4,1.766609073,1.000000238,0.850433409,0.091629684
53,2,5,1.766197324,1.000005364,0.854206085,0.139361769
53,2,6,2.747426748,1.000008225,0.751495719,0.082698584
53,2,7,2.769856691,1,0.825416386,0.03468715
53,2,8,1.860972166,1.000002384,0.88001895,0.112574317
53,2,9,1.732695222,1.000005484,0.845285416,0.125627995
53,2,10,3.113973379,1.000028133,0.501927435,0.124597847
53,2,11,3.02447176,1.000000238,0.86348033,0.104524516
53,3,0,3.050193548,1,0.992471933,0.07184834
53,3,1,1.946437716,1.000000238,0.992326498,0.065845817
53,3,2,1.441256046,1.000000596,0.983611166,0.115987122
53,3,3,0.979920685,1,0.992200136,0.067042448
53,3,4,3.937031031,1,0.993129551,0.012256082
53,3,5,2.737603188,1,0.993958235,0.034491293
53,3,6,1.752035975,1.000000596,0.985446572,0.16158396
53,3,7,1.442678571,1.000000238,0.989087999,0.12048842
53,3,8,1.481001973,1.000000358,0.986205161,0.125944719
53,3,9,1.573571682,1,0.993378401,0.075102717
53,3,10,1.842647195,1,0.992811143,0.156325117
53,3,11,1.780224085,1.000000119,0.99265331,0.105272144
53,4,0,1.230784535,1.000000119,0.915610075,0.059715249
53,4,1,1.547876239,1,0.917632043,0.068838984
53,4,2,2.043905735,1,0.91397208,0.014556995
53,4,3,1.611035585,1.000000119,0.916892231,0.073158905
53,4,4,3.307631254,1,0.917045236,0.041323803
53,4,5,1.452730298,1,0.91553247,0.063872725
53,4,6,2.110499382,1,0.91717267,0.051423971
53,4,7,1.858631968,1.000000477,0.918222427,0.490955442
53,4,8,3.391153336,1,0.917164028,0.016737184
53,4,9,1.875382066,1,0.91643846,0.037001353
53,4,10,3.33529067,1,0.916000903,0.013042792
53,4,11,0.008591098,1.000029206,0.145099252,0.003551295
53,5,0,1.943769813,1,0.996721685,0.012213167
53,5,1,0.334503621,1,0.996117592,0.004342485
53,5,2,1.470328689,1,0.996651411,0.022082744
53,5,3,2.285490036,1,0.993975699,0.039475448
53,5,4,1.474834204,1,0.99659735,0.052151017
53,5,5,2.178564548,1,0.996699393,0.013548575
53,5,6,0.683941662,1,0.996334314,0.027642414
53,5,7,0.895061314,1,0.996404469,0.038125746
53,5,8,1.138783097,1,0.996549368,0.027369704
53,5,9,3.072820902,1,0.997040331,0.010240478
53,5,10,3.79863143,1.000000715,0.973887503,0.035644446
53,5,11,2.800836563,1,0.996869147,0.10996297
53,6,0,1.831991673,1,0.995845556,0.040707182
53,6,1,0.935388803,1,0.998045683,0.027118128
53,6,2,3.531692505,1,0.997726798,0.01420983
53,6,3,1.693923473,1,0.998414576,0.018996309
53,6,4,3.593768597,1.000000119,0.99549675,0.022684019
53,6,5,1.681865096,1,0.998431265,0.063148938
53,6,6,3.11034584,1,0.99846971,0.080779731
53,6,7,2.422991514,1,0.997110009,0.046823002
53,6,8,1.298043609,1,0.998356879,0.02964947
53,6,9,0.916119397,1,0.997933805,0.00599985
53,6,10,3.11873436,1,0.998185337,0.010529169
53,6,11,1.598856091,1,0.998197317,0.05143718
53,7,0,1.060331583,1,0.99900651,0.027817126
53,7,1,2.659482718,1,0.998680353,0.0147415
53,7,2,0.563732147,1,0.999222696,0.003869307
53,7,3,1.515383005,1,0.999440014,0.044381272
53,7,4,0.989272952,1,0.999369979,0.015141779
53,7,5,2.551063776,1,0.998225033,0.024740838
53,7,6,3.147010088,1,0.999245644,0.012502425
53,7,7,1.59949851,1,0.999334395,0.016381077
53,7,8,1.370337129,1,0.998964548,0.035000645
53,7,9,1.467674136,1,0.999330163,0.03217404
53,7,10,1.056750774,1,0.999328673,0.005948003
53,7,11,1.920830727,1,0.999365449,0.006888297
53,8,0,3.168476105,1,0.997134447,0.023452669
53,8,1,1.182998896,1,0.996710718,0.008596662
53,8,2,4.300659657,1.000000358,0.980659723,0.012124533
53,8,3,2.282254934,1,0.997200906,0.021140317
53,8,4,1.127747059,1,0.996912003,0.048328806
53,8,5,1.906590462,1,0.996889174,0.0426169
53,8,6,1.966632128,1,0.997112453,0.019048139
53,8,7,1.229075432,1,0.996604919,0.054285042
53,8,8,2.649723768,1.000000119,0.994044721,0.036487561
53,8,9,2.439055204,1,0.997268736,0.030898361
53,8,10,2.28391242,1,0.997417629,0.063835569
53,8,11,1.665427923,1,0.99690038,0.012910666
53,9,0,2.781938553,1.000000119,0.990256548,0.023593824
53,9,1,2.090934992,1,0.997836828,0.01160704
53,9,2,2.671869278,1,0.997445524,0.011819551
53,9,3,1.706881762,1,0.997241437,0.048705302
53,9,4,2.098958015,1,0.998261988,0.012376176
53,9,5,2.114232302,1,0.998267949,0.028024206
53,9,6,1.668875456,1,0.998301089,0.006169771
53,9,7,2.008770943,1,0.998101234,0.019550664
53,9,8,2.340006828,1,0.998077154,0.007087356
53,9,9,1.958551526,1,0.998304188,0.007590065
53,9,10,1.256973386,1,0.997954369,0.04370483
53,9,11,2.434793472,1,0.997147977,0.006054103
53,10,0,2.853525639,1.000000358,0.984505296,0.012473763
53,10,1,2.070607662,1,0.995922446,0.010571298
53,10,2,2.532827854,1,0.995396256,0.010091648
53,10,3,2.892726183,1,0.994464874,0.011777646
53,10,4,3.408989429,1.000000119,0.993746817,0.019961955
53,10,5,1.144938111,1,0.995543122,0.030559083
53,10,6,2.052364826,1,0.996306777,0.007725112
53,10,7,3.183904171,1.000000119,0.993968368,0.028331609
53,10,8,2.294676304,1,0.995675862,0.010521729
53,10,9,1.42338264,1,0.995899618,0.071741223
53,10,10,2.082739115,1,0.996088088,0.009156342
53,10,11,2.16053319,1,0.99626565,0.037720788
53,11,0,4.841813564,1.000002742,0.856794178,0.025853911
53,11,1,3.553473949,1.000000119,0.905713856,0.021858668
53,11,2,2.419902086,1,0.899763465,0.008062341
53,11,3,1.900416732,1,0.899533093,0.020521976
53,11,4,4.047403812,1.000000238,0.90536505,0.016239613
53,11,5,2.705077648,1,0.901561499,0.013275363
53,11,6,2.44427681,1,0.900819719,0.009038727
53,11,7,3.125401735,1,0.904021084,0.024085868
53,11,8,3.815070629,1.000021338,0.122159697,0.092842132
53,11,9,2.200024366,1,0.899611413,0.008730718
53,11,10,3.077941418,1,0.90802294,0.048885111
53,11,11,3.256012678,1.000000119,0.908581734,0.035774693
54,0,0,4.393570423,1.000018239,0.803692877,0.019383088
54,0,1,0.617365777,1.00003016,0.812473297,0.808213532
54,0,2,4.4430933,1.000013947,0.793199003,0.051260307
54,0,3,0.448382139,1.000030518,0.792351484,0.834563971
54,0,4,1.233553171,1.000028014,0.800635755,0.593953371
54,0,5,1.637160063,1.000023961,0.770467162,0.566018701
54,0,6,4.225585938,1.000021815,0.730073988,0.031272572
54,0,7,1.910831928,1.000027776,0.747498512,0.174013048
54,0,8,4.198880196,1.00002408,0.803267658,0.059455186
54,0,9,4.618281364,1.000017524,0.848449767,0.02162105
54,0,10,4.22522831,1.000024319,0.880429029,0.147685319
54,0,11,5.400798321,1.000014544,0.728930533,0.007779709
54,1,0,2.391773224,1.00002718,0.718729258,0.113723606
54,1,1,2.674503803,1.000022173,0.693588674,0.095981464
54,1,2,4.74349308,1.000016689,0.658649504,0.026768895
54,1,3,4.269937992,1.000001192,0.684057474,0.035918664
54,1,4,3.749354124,1.000010252,0.812822759,0.068542711
54,1,5,4.428569794,1.000012994,0.828084707,0.084973097
54,1,6,4.383726597,1.000010371,0.812414885,0.039332181
54,1,7,4.83306694,1.000014067,0.827702284,0.020921281
54,1,8,5.306214333,1.000004411,0.789884746,0.009644531
54,1,9,5.357367516,1.000007868,0.771733642,0.007429382
54,1,10,4.418616772,1.000013471,0.598983884,0.041634642
54,1,11,1.904146314,1.000028372,0.763962388,0.624585986
54,2,0,2.550904751,1.000000954,0.88284874,0.10376098
54,2,1,4.6936903,1.000001311,0.866613567,0.01157787
54,2,2,1.168078303,1.000003695,0.889533579,0.140948698
54,2,3,1.934934378,1.000004649,0.866346717,0.141521052
54,2,4,1.702746034,1.000000119,0.860169828,0.099942029
54,2,5,1.762655258,1.000003934,0.864309371,0.144046068
54,2,6,2.764645815,1.000008583,0.771256864,0.083055452
54,2,7,2.66220355,1,0.837701559,0.03316737
54,2,8,1.86942625,1.000001907,0.891271353,0.116739698
54,2,9,1.737652063,1.000004888,0.856953084,0.128972724
54,2,10,3.105220318,1.000028491,0.513587356,0.124020144
54,2,11,3.081677914,1.000000358,0.878132045,0.104366384
54,3,0,2.907326221,1,0.993131638,0.075435236
54,3,1,1.982332826,1.000000119,0.992457569,0.06268537
54,3,2,1.444011211,1.000000358,0.986645341,0.125334755
54,3,3,1.001837969,1,0.992624521,0.073319368
54,3,4,3.772753954,1,0.993518293,0.012044102
54,3,5,2.742717981,1,0.994188249,0.035995629
54,3,6,1.705366135,1.000000358,0.983806431,0.163712323
54,3,7,1.425696135,1.000000358,0.989471436,0.121076681
54,3,8,1.498287439,1.000000358,0.986803949,0.130665436
54,3,9,1.596212387,1,0.993681312,0.081110202
54,3,10,1.862515211,1,0.993109345,0.157731205
54,3,11,1.811326742,1.000000119,0.992472589,0.109851472
54,4,0,1.241360307,1,0.915880799,0.064438045
54,4,1,1.540984511,1,0.917493999,0.068684258
54,4,2,2.254714966,1,0.914733946,0.016011089
54,4,3,1.55273056,1,0.916941822,0.07829196
54,4,4,3.234770298,1,0.916895092,0.045504544
54,4,5,1.437252402,1,0.915237963,0.059930388
54,4,6,2.122983217,1,0.917227805,0.052019473
54,4,7,1.867355704,1.000000596,0.917901099,0.482376546
54,4,8,3.423889399,1,0.917351723,0.016990101
54,4,9,1.890075207,1,0.91662842,0.037158001
54,4,10,3.322490215,1,0.916006327,0.015709091
54,4,11,0.010102781,1.000028491,0.139813915,0.003829438
54,5,0,2.059940338,1,0.996935129,0.012640958
54,5,1,0.347248942,1,0.996341527,0.004407953
54,5,2,1.475896239,1,0.996871531,0.024306512
54,5,3,2.303460598,1,0.994492948,0.03772248
54,5,4,1.471371174,1,0.996817648,0.052785024
54,5,5,2.036837339,1,0.997006059,0.012746273
54,5,6,0.69868505,1,0.996576071,0.024627613
54,5,7,0.938004375,1,0.996657789,0.033615172
54,5,8,1.172572613,1,0.996778846,0.029698392
54,5,9,2.996457815,1,0.997250497,0.008935872
54,5,10,3.756441593,1.000000596,0.974467337,0.036351826
54,5,11,2.808088779,1,0.997023582,0.10707058
54,6,0,1.840430975,1,0.995589674,0.039750818
54,6,1,0.974792838,1,0.998151839,0.027986655
54,6,2,3.654778004,1,0.997887194,0.01463458
54,6,3,1.662277102,1,0.998459399,0.018693291
54,6,4,3.609890461,1.000000119,0.995127618,0.020009981
54,6,5,1.723294854,1,0.998533964,0.06503626
54,6,6,3.029188871,1,0.998604357,0.074497066
54,6,7,2.322245836,1,0.997806311,0.045124702
54,6,8,1.288200617,1,0.998469353,0.031625669
54,6,9,1.001305938,1,0.998101652,0.006026575
54,6,10,3.196623087,1,0.998331606,0.010806643
54,6,11,1.609347701,1,0.998230398,0.051219508
54,7,0,1.10369885,1,0.998961687,0.026898487
54,7,1,2.561187506,1,0.998907506,0.013007481
54,7,2,0.585701108,1,0.999083757,0.003793701
54,7,3,1.524813175,1,0.999341965,0.049002957
54,7,4,1.023397803,1,0.999259531,0.017590262
54,7,5,2.815436602,1,0.996957242,0.023403574
54,7,6,3.293333292,1,0.999022305,0.012081906
54,7,7,1.816398859,1,0.999271154,0.016349562
54,7,8,1.312514305,1,0.999019206,0.038741551
54,7,9,1.504454494,1,0.999272704,0.030417625
54,7,10,1.004074454,1,0.99918884,0.005471128
54,7,11,2.319025517,1,0.999240935,0.008232963
54,8,0,3.213463306,1,0.996912241,0.02665667
54,8,1,1.248512387,1,0.996480703,0.00996499
54,8,2,4.454828262,1.000000477,0.975760877,0.013513234
54,8,3,2.237872601,1,0.996974587,0.019957796
54,8,4,1.264781713,1,0.996764123,0.0546447
54,8,5,1.970141768,1,0.996739984,0.044511303
54,8,6,2.172684908,1,0.996807039,0.020674765
54,8,7,1.30541575,1,0.996492386,0.056563392
54,8,8,2.5508883,1,0.996023238,0.029932834
54,8,9,2.513835192,1,0.996939898,0.03440119
54,8,10,2.330430984,1,0.997145116,0.062720187
54,8,11,1.788124442,1,0.996618629,0.013749033
54,9,0,2.577773094,1,0.995693207,0.031872455
54,9,1,2.119168043,1,0.997925758,0.010552616
54,9,2,2.755852699,1,0.996844232,0.018751159
54,9,3,1.668009877,1,0.997718453,0.047501553
54,9,4,2.038100243,1,0.998364627,0.012870617
54,9,5,2.374157906,1,0.998526752,0.031475075
54,9,6,1.650973797,1,0.99834764,0.005383758
54,9,7,2.066809893,1,0.998333573,0.020007348
54,9,8,2.919531822,1,0.996688068,0.010795636
54,9,9,1.712578297,1,0.998436987,0.006252604
54,9,10,1.292937517,1,0.998152196,0.046719205
54,9,11,2.841378927,1,0.995349705,0.006865753
54,10,0,2.53851366,1,0.995753646,0.010503803
54,10,1,1.829169393,1,0.996684015,0.007916654
54,10,2,2.560381413,1,0.99560827,0.009463967
54,10,3,3.398073673,1.000000119,0.989273608,0.012736886
54,10,4,3.371748209,1.000000119,0.994633436,0.020543482
54,10,5,1.120864034,1,0.996427536,0.0317325
54,10,6,2.253231049,1,0.996663868,0.010132674
54,10,7,3.163614035,1.000000119,0.993579805,0.031039894
54,10,8,2.361269712,1,0.996473491,0.012334038
54,10,9,1.393397331,1,0.996741235,0.072950609
54,10,10,1.875344872,1,0.996563137,0.006424596
54,10,11,2.1571908,1,0.996325314,0.03555553
54,11,0,4.85682106,1.000002503,0.868505657,0.028047385
54,11,1,2.929757833,1,0.904733419,0.014291518
54,11,2,2.743684769,1,0.90075016,0.006956197
54,11,3,2.310901403,1,0.904314816,0.030824458
54,11,4,4.068925858,1.000000238,0.907956898,0.016277922
54,11,5,2.308684587,1,0.90298754,0.009717708
54,11,6,2.310895681,1,0.902976274,0.006697947
54,11,7,2.963214397,1,0.905405283,0.017907143
54,11,8,3.739440203,1.000022173,0.109800212,0.101565033
54,11,9,1.956677437,1,0.902272582,0.006454438
54,11,10,3.053842068,1,0.909272254,0.048712377
54,11,11,2.943415642,1,0.908318698,0.038543727
55,0,0,4.405519485,1.000016212,0.810923219,0.019825634
55,0,1,0.581977129,1.000029087,0.804029107,0.814144254
55,0,2,4.515544415,1.000012636,0.792053044,0.042231474
55,0,3,0.433004797,1.000028014,0.78485471,0.839035571
55,0,4,1.243818998,1.000026703,0.789714098,0.580054224
55,0,5,1.566995621,1.000023246,0.75668335,0.548382461
55,0,6,4.214402676,1.000020027,0.723914206,0.030556053
55,0,7,1.869326234,1.000025868,0.741174519,0.166747227
55,0,8,4.230601311,1.000021338,0.792269647,0.057531908
55,0,9,4.619168758,1.000015736,0.844061315,0.021321399
55,0,10,4.218847275,1.000022173,0.876989424,0.150390133
55,0,11,5.290934563,1.000013351,0.736164629,0.008598889
55,1,0,2.352168322,1.00002563,0.694815278,0.113751739
55,1,1,2.708550692,1.000021219,0.693918228,0.091888174
55,1,2,4.701029778,1.000016212,0.633501232,0.028054861
55,1,3,4.210971355,1.000000954,0.679645896,0.03586423
55,1,4,3.766069412,1.000010014,0.802509248,0.068124279
55,1,5,4.349221706,1.000011563,0.820070326,0.090376094
55,1,6,4.456923962,1.000009656,0.826880991,0.037630416
55,1,7,4.863801003,1.000012398,0.830758095,0.020893669
55,1,8,5.230200768,1.000004768,0.794745386,0.010416139
55,1,9,5.240686417,1.000004768,0.762428999,0.007524952
55,1,10,4.395186901,1.000011921,0.587716103,0.041059107
55,1,11,1.834298372,1.00002563,0.763477385,0.625235677
55,2,0,2.500363588,1.000001431,0.868426383,0.108310185
55,2,1,4.458934784,1.000000358,0.852295101,0.010681082
55,2,2,1.147409916,1.00000751,0.865924597,0.141634613
55,2,3,1.899281383,1.000006676,0.822519124,0.131159157
55,2,4,1.672885895,1.000000238,0.850766182,0.095431015
55,2,5,1.785351872,1.000006557,0.847565651,0.137586653
55,2,6,2.801234722,1.000007153,0.765886724,0.079345226
55,2,7,2.769622803,1,0.822562039,0.033326127
55,2,8,1.882232785,1.000002503,0.87814486,0.109458715
55,2,9,1.755989909,1.000004768,0.842630208,0.126843795
55,2,10,3.123434544,1.000026941,0.511023164,0.123815477
55,2,11,3.029819489,1.000000238,0.860231578,0.102838561
55,3,0,2.70258975,1,0.991149902,0.058953866
55,3,1,1.980958104,1.000000119,0.990802586,0.059416022
55,3,2,1.404478788,1.000000596,0.979793191,0.117941417
55,3,3,0.978216529,1,0.991096854,0.066341519
55,3,4,3.600113869,1,0.99176085,0.010884901
55,3,5,2.667882681,1,0.99259764,0.033735748
55,3,6,1.712851763,1.000000477,0.97772032,0.157677963
55,3,7,1.433262587,1.000000238,0.988627851,0.118310638
55,3,8,1.533606887,1.000000358,0.983024836,0.125237972
55,3,9,1.594941258,1,0.992227972,0.075348608
55,3,10,1.815080404,1,0.991303682,0.163428068
55,3,11,1.80735302,1.000000119,0.989873469,0.111135557
55,4,0,1.259942174,1.000000119,0.915901244,0.059527148
55,4,1,1.65585506,1.000000119,0.918550909,0.064350396
55,4,2,2.393151522,1,0.915333211,0.015337583
55,4,3,1.561578155,1.000000119,0.916502774,0.071738429
55,4,4,3.152752876,1,0.916565895,0.040959578
55,4,5,1.496959329,1,0.915715456,0.064883858
55,4,6,2.142166853,1,0.917250991,0.04685384
55,4,7,1.888014078,1.000000596,0.918885469,0.472812891
55,4,8,3.312392712,1,0.916992784,0.016621461
55,4,9,1.911841869,1,0.916991413,0.038128283
55,4,10,3.202594519,1,0.915507853,0.012716978
55,4,11,0.011258356,1.000028133,0.14902167,0.004337387
55,5,0,1.660110831,1,0.996880293,0.011811071
55,5,1,0.40466252,1,0.996479988,0.004587691
55,5,2,1.415352464,1,0.996849239,0.021954764
55,5,3,2.334086418,1.000000119,0.992768288,0.034776986
55,5,4,1.533589959,1,0.996720374,0.051817842
55,5,5,1.94439435,1,0.996923983,0.012215568
55,5,6,0.676397562,1,0.996631563,0.027110336
55,5,7,0.948713124,1,0.996675432,0.040480971
55,5,8,1.093552709,1,0.996787012,0.02938287
55,5,9,2.84913969,1,0.997291386,0.007792455
55,5,10,3.65885067,1.000000358,0.978194833,0.037325457
55,5,11,2.900653601,1,0.997044981,0.109472118
55,6,0,1.846454501,1,0.995193124,0.039657876
55,6,1,0.788435042,1,0.998002291,0.025196083
55,6,2,3.576259136,1,0.997430623,0.013541773
55,6,3,1.633914351,1,0.998394012,0.016237982
55,6,4,3.39078474,1.000000119,0.994964242,0.020136029
55,6,5,1.753799319,1,0.998497367,0.064108044
55,6,6,2.962683678,1,0.998552561,0.074394286
55,6,7,2.273966551,1,0.998022139,0.045796018
55,6,8,1.292455554,1,0.998377621,0.03173779
55,6,9,0.897289991,1,0.99800992,0.005315543
55,6,10,2.968592405,1,0.998280287,0.011667143
55,6,11,1.606663346,1,0.99800241,0.05271174
55,7,0,1.09540987,1,0.998961806,0.029674528
55,7,1,2.583755016,1,0.998563349,0.011578729
55,7,2,0.805332601,1,0.999192953,0.004222468
55,7,3,1.529989719,1,0.999382079,0.049565159
55,7,4,0.954200864,1,0.999266624,0.015555508
55,7,5,2.617657661,1,0.997808456,0.024231574
55,7,6,3.208655834,1,0.99893117,0.012372999
55,7,7,1.463984132,1,0.999302089,0.010387945
55,7,8,1.378756523,1,0.999096155,0.036746822
55,7,9,1.471010447,1,0.999251425,0.033757508
55,7,10,1.190660477,1,0.999214172,0.006973451
55,7,11,1.875644088,1,0.999284565,0.007769158
55,8,0,3.289657116,1,0.997319758,0.024831291
55,8,1,1.242116928,1,0.997299373,0.007977538
55,8,2,4.197528839,1.000000358,0.983753204,0.011800037
55,8,3,2.323512554,1,0.997608542,0.020548493
55,8,4,1.227657557,1,0.997421801,0.051536743
55,8,5,1.989933729,1,0.996928751,0.03839159
55,8,6,1.911689281,1,0.997646928,0.017330306
55,8,7,1.246621609,1,0.997076035,0.05274405
55,8,8,2.318352461,1,0.997329712,0.030835383
55,8,9,2.452005625,1,0.997724712,0.029021274
55,8,10,2.357049942,1,0.997867942,0.06516277
55,8,11,1.975741625,1,0.996945441,0.015129197
55,9,0,2.637407064,1,0.99409014,0.028266003
55,9,1,1.99932301,1,0.997610629,0.010983858
55,9,2,2.547483206,1.000000119,0.996192515,0.014137883
55,9,3,1.630152822,1,0.997060001,0.045541041
55,9,4,1.998863935,1,0.998004913,0.011904964
55,9,5,2.525268078,1,0.998156965,0.037614983
55,9,6,1.689683557,1,0.99790293,0.005011593
55,9,7,2.10130024,1,0.99786514,0.022280142
55,9,8,2.62685585,1,0.994634271,0.010647058
55,9,9,1.834124088,1,0.99803412,0.005906688
55,9,10,1.215415359,1,0.99765873,0.040648609
55,9,11,2.469663858,1,0.996458828,0.007381466
55,10,0,2.586852074,1.000000119,0.989287376,0.009077467
55,10,1,1.873338342,1,0.996449709,0.006830861
55,10,2,2.418811083,1,0.995969832,0.01011127
55,10,3,3.087245464,1.000000119,0.992040634,0.012704404
55,10,4,3.345746279,1.000000119,0.993807375,0.024898034
55,10,5,1.030853271,1,0.996085167,0.02809725
55,10,6,2.231888056,1,0.996551514,0.009610099
55,10,7,2.937407255,1,0.996248841,0.030695703
55,10,8,2.347273827,1,0.99610287,0.01214132
55,10,9,1.352566481,1,0.996364653,0.064271495
55,10,10,1.959093451,1,0.99650687,0.006921709
55,10,11,2.08375597,1,0.996581852,0.034830231
55,11,0,4.704700947,1.000001907,0.874799907,0.027381286
55,11,1,3.202308893,1,0.90785104,0.023279022
55,11,2,2.746134043,1.000000119,0.905207872,0.009417303
55,11,3,2.467954874,1,0.905665159,0.030022684
55,11,4,4.017486095,1.000000238,0.907125115,0.017795585
55,11,5,2.437018871,1,0.903960168,0.01026521
55,11,6,2.060369253,1,0.902692378,0.006307904
55,11,7,2.774749279,1,0.9056952,0.019877246
55,11,8,3.618501425,1.000020146,0.109556109,0.102895558
55,11,9,2.130122185,1,0.903153956,0.006425367
55,11,10,2.940102339,1,0.909871519,0.043381646
55,11,11,2.916579008,1.000000119,0.908815205,0.039569993
56,0,0,4.31888628,1.000018835,0.778171718,0.020163752
56,0,1,0.576383054,1.000029922,0.805386186,0.817621112
56,0,2,4.609762669,1.000011921,0.793152034,0.041687053
56,0,3,0.446475685,1.000029325,0.778456688,0.825290501
56,0,4,1.23247242,1.000027537,0.793494284,0.589542687
56,0,5,1.608305812,1.000022054,0.765174329,0.542720139
56,0,6,4.259165764,1.000020385,0.722293258,0.030541416
56,0,7,1.929916143,1.000027299,0.743602574,0.170429483
56,0,8,4.223876953,1.000023961,0.802438796,0.057249319
56,0,9,4.625431061,1.000017047,0.845639825,0.022288466
56,0,10,4.2272439,1.000023484,0.877465844,0.150549158
56,0,11,5.342724323,1.000013947,0.724648654,0.007757726
56,1,0,2.421999693,1.000025392,0.716319799,0.101672485
56,1,1,2.720620871,1.000020504,0.699057996,0.095975161
56,1,2,4.722606182,1.000016809,0.651534081,0.027166234
56,1,3,4.240050316,1.000001073,0.685722768,0.035757434
56,1,4,3.764195681,1.000009775,0.808562279,0.068891548
56,1,5,4.528324127,1.000013351,0.830949068,0.081422418
56,1,6,4.562152863,1.000009298,0.81397444,0.033011906
56,1,7,4.912568569,1.000011802,0.823728204,0.01922751
56,1,8,5.261432171,1.000004053,0.796976626,0.009818575
56,1,9,5.289763927,1.000006557,0.766872644,0.007421418
56,1,10,4.412895203,1.000012636,0.596366942,0.041230705
56,1,11,1.812901258,1.000027537,0.75111258,0.635557294
56,2,0,2.478757381,1.000001311,0.881930292,0.09982571
56,2,1,4.573106766,1.000000834,0.863350689,0.009910308
56,2,2,1.127045631,1.000004649,0.880870759,0.119915076
56,2,3,1.924684405,1.000005484,0.857857525,0.132609576
56,2,4,1.71374917,1.000000119,0.863696694,0.085954674
56,2,5,1.81012404,1.000004053,0.870258152,0.133842319
56,2,6,2.790768862,1.000006437,0.800873578,0.077080488
56,2,7,2.734786272,1,0.839919448,0.033311162
56,2,8,1.842386365,1.000002265,0.8893978,0.110080518
56,2,9,1.766844392,1.000004411,0.85769403,0.119671755
56,2,10,3.136986017,1.000027657,0.51188457,0.122370966
56,2,11,3.08655262,1.000000238,0.878360689,0.102391563
56,3,0,2.969204426,1,0.993246436,0.072333388
56,3,1,1.95080328,1.000000119,0.993377745,0.064101286
56,3,2,1.450302482,1.000000358,0.987508833,0.115112714
56,3,3,0.976246893,1,0.993383944,0.064253375
56,3,4,3.898544788,1,0.993770182,0.010635501
56,3,5,2.67751646,1,0.994548976,0.035154592
56,3,6,1.736880422,1.000000358,0.986098349,0.146674007
56,3,7,1.444703579,1.000000238,0.990800858,0.111121796
56,3,8,1.525607944,1.000000238,0.987438202,0.122000523
56,3,9,1.603057981,1,0.994258642,0.075259686
56,3,10,1.841703892,1,0.993581355,0.163002804
56,3,11,1.743676662,1.000000119,0.992870748,0.095926203
56,4,0,1.215593338,1,0.916268528,0.059862703
56,4,1,1.593278527,1.000000119,0.917980731,0.064984456
56,4,2,2.181806087,1,0.914227486,0.014260754
56,4,3,1.574673891,1.000000119,0.916878521,0.067980058
56,4,4,3.400314569,1,0.917344451,0.044232666
56,4,5,1.445950747,1,0.915633619,0.058715813
56,4,6,2.136641979,1,0.917132199,0.046777569
56,4,7,1.872652054,1.000000477,0.91944927,0.490513951
56,4,8,3.727860212,1,0.918345213,0.014771462
56,4,9,1.891235471,1,0.916729331,0.038367566
56,4,10,3.390598297,1,0.915979147,0.0116232
56,4,11,0.008947532,1.000029922,0.145424694,0.003726292
56,5,0,2.054789782,1,0.996051848,0.011081582
56,5,1,0.335171431,1,0.995412111,0.004606384
56,5,2,1.460434556,1,0.995893478,0.02083618
56,5,3,2.293354511,1.000000119,0.993354976,0.034416538
56,5,4,1.499112129,1,0.995928407,0.05495685
56,5,5,2.15382266,1,0.995972693,0.014459899
56,5,6,0.655390143,1,0.995549262,0.021712625
56,5,7,0.981466711,1,0.995658934,0.040945485
56,5,8,1.10400188,1,0.995714188,0.026516011
56,5,9,3.256811619,1,0.9964329,0.009251786
56,5,10,3.876433611,1.000000834,0.965936422,0.038859595
56,5,11,2.821370602,1,0.996218741,0.110379808
56,6,0,1.884119272,1.000000119,0.995339215,0.038843043
56,6,1,0.88847816,1,0.99819243,0.025063302
56,6,2,3.664151907,1,0.997830153,0.012840621
56,6,3,1.799170613,1,0.998556674,0.018686077
56,6,4,3.465612411,1,0.996512175,0.01733321
56,6,5,1.760428905,1,0.998590708,0.062709942
56,6,6,3.115860462,1,0.998586118,0.076952495
56,6,7,2.453135967,1,0.997588694,0.042212188
56,6,8,1.306491017,1,0.998508096,0.026704635
56,6,9,0.960835576,1,0.998164117,0.006089125
56,6,10,3.053093433,1,0.998367369,0.008672699
56,6,11,1.638615251,1,0.998274744,0.050518099
56,7,0,1.071240425,1,0.998790503,0.026375649
56,7,1,2.984610558,1,0.996973455,0.016669031
56,7,2,0.693405986,1,0.99886322,0.004714421
56,7,3,1.672686934,1,0.999109626,0.047600079
56,7,4,1.006419778,1,0.998997927,0.015234235
56,7,5,2.735038996,1,0.997359991,0.022664625
56,7,6,3.348175526,1,0.998892844,0.011617295
56,7,7,1.760860801,1,0.999075711,0.012895448
56,7,8,1.440902948,1,0.998707414,0.040639561
56,7,9,1.590057731,1,0.998946011,0.034027476
56,7,10,1.4306463,1,0.999003351,0.00955876
56,7,11,2.216823339,1,0.99906677,0.007158646
56,8,0,3.218272924,1,0.997079134,0.02275409
56,8,1,1.36149621,1,0.99682641,0.010814985
56,8,2,4.249799728,1.000000358,0.984329939,0.011847422
56,8,3,2.699398279,1,0.997114956,0.022981454
56,8,4,1.158599257,1,0.997019947,0.050256301
56,8,5,1.966902256,1,0.996784925,0.036405139
56,8,6,2.203732967,1,0.997289836,0.017272834
56,8,7,1.22522819,1,0.996770144,0.049158949
56,8,8,2.817322493,1.000000238,0.992480636,0.036756568
56,8,9,2.402770281,1,0.997344077,0.028399032
56,8,10,2.428496361,1,0.997502387,0.066090263
56,8,11,1.840422034,1,0.99707216,0.01201117
56,9,0,2.675457478,1,0.996383846,0.025843138
56,9,1,2.396961212,1,0.997590303,0.011096126
56,9,2,3.030465603,1.000000119,0.993715823,0.018521341
56,9,3,1.642383695,1,0.997318089,0.042685319
56,9,4,2.472867966,1,0.998233557,0.012674772
56,9,5,2.471616268,1,0.998282492,0.028030463
56,9,6,2.184047461,1,0.997888625,0.005791492
56,9,7,2.055704355,1,0.998023629,0.021258408
56,9,8,2.523401499,1,0.998163164,0.007535584
56,9,9,2.237727404,1,0.998036623,0.006864417
56,9,10,1.195667148,1,0.997803867,0.046006616
56,9,11,2.767493248,1,0.99487251,0.005934402
56,10,0,2.80556035,1.000000119,0.993246973,0.007799014
56,10,1,2.530168533,1,0.994858146,0.010058972
56,10,2,2.732049465,1,0.99568218,0.008871228
56,10,3,3.314832449,1.000000119,0.990651906,0.010897746
56,10,4,3.412282228,1.000000119,0.993305564,0.017965656
56,10,5,1.069961667,1,0.995076597,0.027709842
56,10,6,2.408378363,1,0.995330095,0.007133718
56,10,7,3.268651247,1,0.994794667,0.024182657
56,10,8,2.88550663,1,0.994975269,0.011508549
56,10,9,1.314563513,1,0.995512962,0.069425151
56,10,10,2.423394918,1,0.995446146,0.008119476
56,10,11,2.562096834,1,0.9945997,0.036265709
56,11,0,4.716077805,1.000001669,0.869815648,0.022898132
56,11,1,3.384591579,1.000000358,0.89733392,0.01549926
56,11,2,2.822875261,1,0.900850058,0.008132068
56,11,3,2.00742197,1,0.899847567,0.019900883
56,11,4,4.153614998,1.000000238,0.905292273,0.01702133
56,11,5,2.930375814,1,0.901565909,0.012488279
56,11,6,2.637346029,1,0.901000023,0.007628355
56,11,7,3.058753967,1.000000119,0.895500362,0.014121636
56,11,8,3.863748789,1.000021696,0.113269441,0.093270138
56,11,9,2.532953024,1,0.901150167,0.007294667
56,11,10,3.219646215,1.000000119,0.907180846,0.041052107
56,11,11,3.222844601,1.000000238,0.907442868,0.042472493
57,0,0,4.309895039,1.000015974,0.7767874,0.021245779
57,0,1,0.56151396,1.000029683,0.796546161,0.82112813
57,0,2,4.598222256,1.000011444,0.78467983,0.035991307
57,0,3,0.456093818,1.00002861,0.781109214,0.84370935
57,0,4,1.411355138,1.000027061,0.785866022,0.529254377
57,0,5,1.573987603,1.000022173,0.745545208,0.523552001
57,0,6,4.171143055,1.000018835,0.68614918,0.035880461
57,0,7,1.923166394,1.000026941,0.747736394,0.168918237
57,0,8,4.172597885,1.000022411,0.781281412,0.061503369
57,0,9,4.578546047,1.000016212,0.839062691,0.024808176
57,0,10,4.15441227,1.00002408,0.871575713,0.155235693
57,0,11,5.288243771,1.000012875,0.72092253,0.008113462
57,1,0,2.33213973,1.00002563,0.695793331,0.097513616
57,1,1,2.724039316,1.000020981,0.70914644,0.09526293
57,1,2,4.673942089,1.000016212,0.628142595,0.028801803
57,1,3,4.168169975,1.000000954,0.680042684,0.037291799
57,1,4,3.742528915,1.000008345,0.805130005,0.070211872
57,1,5,4.35050869,1.000011802,0.828319311,0.103591859
57,1,6,4.391317368,1.000008941,0.786731124,0.031067686
57,1,7,4.817267418,1.00001204,0.811939955,0.020359403
57,1,8,5.218634129,1.000003695,0.784968615,0.010655972
57,1,9,5.253828049,1.000004411,0.763439953,0.007891118
57,1,10,4.37786293,1.000011563,0.573835611,0.041781411
57,1,11,1.693525076,1.000025749,0.739319205,0.650061905
57,2,0,2.544548988,1.000001431,0.88298285,0.106771104
57,2,1,4.651229858,1.000001073,0.864559114,0.010766062
57,2,2,1.126715541,1.000007033,0.867020965,0.111686788
57,2,3,1.940898776,1.000005245,0.857225358,0.129180908
57,2,4,1.748220205,1.000000238,0.864144921,0.080748618
57,2,5,1.822466493,1.000004649,0.875338495,0.133855462
57,2,6,2.885487318,1.00000596,0.812409818,0.08082395
57,2,7,2.800029039,1,0.837461829,0.034665436
57,2,8,1.851309419,1.000002146,0.886789083,0.106391467
57,2,9,1.784005284,1.000003219,0.86819005,0.126445293
57,2,10,3.134849072,1.000026345,0.508167326,0.123771317
57,2,11,3.035605669,1.000000119,0.873883486,0.104267374
57,3,0,2.938833952,1,0.992987871,0.071992189
57,3,1,1.997733951,1,0.992599487,0.063014627
57,3,2,1.438422561,1.000000477,0.984112561,0.112179495
57,3,3,1.019585013,1,0.992465734,0.05790852
57,3,4,3.842948914,1,0.993231595,0.014045679
57,3,5,2.845531225,1,0.994241178,0.036323
57,3,6,1.752836466,1.000000358,0.986390471,0.149824217
57,3,7,1.496249795,1.000000238,0.990945041,0.114260517
57,3,8,1.542962193,1.000000358,0.98712039,0.119382113
57,3,9,1.665010333,1.000000119,0.993401349,0.073411301
57,3,10,1.837049603,1,0.992641449,0.154151648
57,3,11,1.805917501,1.000000238,0.991385698,0.096259311
57,4,0,1.206682324,1.000000119,0.916282892,0.059366621
57,4,1,1.607896686,1.000000238,0.918551505,0.066822872
57,4,2,2.251042843,1,0.914781749,0.016289191
57,4,3,1.617087603,1,0.91694206,0.068260998
57,4,4,3.22595644,1,0.917485058,0.044788308
57,4,5,1.427170038,1,0.915339291,0.062487792
57,4,6,2.127970219,1,0.917650819,0.046585526
57,4,7,1.873648643,1.000000477,0.920887232,0.477647722
57,4,8,3.674030066,1,0.918743491,0.016578505
57,4,9,1.978925109,1,0.918181062,0.037521973
57,4,10,3.329900742,1,0.916362226,0.012579352
57,4,11,0.00954597,1.000028014,0.148456112,0.004335906
57,5,0,2.068255424,1,0.995404422,0.012208279
57,5,1,0.384795159,1,0.994642794,0.004282936
57,5,2,1.529743195,1,0.995277584,0.020872921
57,5,3,2.388938904,1.000000238,0.989881158,0.037342846
57,5,4,1.581888556,1,0.995325625,0.056312528
57,5,5,2.449655056,1,0.995492756,0.013587181
57,5,6,0.704702973,1,0.994857848,0.026509345
57,5,7,1.139569044,1,0.994914114,0.039230347
57,5,8,1.203215003,1,0.99514097,0.028119631
57,5,9,3.311056852,1,0.995950162,0.008835441
57,5,10,3.898457289,1.000000715,0.965527475,0.030936729
57,5,11,2.87063241,1,0.995761514,0.129796937
57,6,0,1.789318919,1,0.996366322,0.039124355
57,6,1,0.852936745,1,0.998065531,0.025527954
57,6,2,3.604648829,1,0.997851431,0.013566898
57,6,3,1.88594985,1,0.998587847,0.019046145
57,6,4,3.474316359,1,0.996454179,0.016313035
57,6,5,1.785786748,1,0.9985376,0.06071189
57,6,6,3.229296207,1,0.998455942,0.083763145
57,6,7,2.459054708,1,0.997698605,0.044398166
57,6,8,1.371414065,1,0.998472393,0.028080042
57,6,9,1.108834863,1,0.99805814,0.006859546
57,6,10,3.145138741,1,0.998410225,0.009826899
57,6,11,1.729272485,1,0.997628629,0.047300003
57,7,0,1.019165277,1,0.998417616,0.024818031
57,7,1,3.17775631,1,0.995722055,0.013865123
57,7,2,0.818941057,1,0.998402357,0.004601444
57,7,3,1.682585835,1,0.998762727,0.046332899
57,7,4,1.041250467,1,0.99855715,0.015962247
57,7,5,2.820624828,1,0.997004747,0.024372116
57,7,6,3.462260008,1,0.998436034,0.01140561
57,7,7,1.64823246,1,0.998622358,0.011195515
57,7,8,1.51121974,1,0.996426523,0.035856988
57,7,9,1.702976108,1,0.99827081,0.035667144
57,7,10,1.619004726,1,0.998595238,0.009950923
57,7,11,2.085247993,1,0.998584747,0.008169696
57,8,0,3.349890709,1,0.996725321,0.028513359
57,8,1,1.499294996,1,0.996050894,0.011164587
57,8,2,4.376591682,1.000000477,0.977626801,0.013133473
57,8,3,2.885294199,1,0.996321917,0.025678113
57,8,4,1.211868167,1,0.996239245,0.045209978
57,8,5,2.014587641,1.000000119,0.995392203,0.039046708
57,8,6,2.050830603,1,0.996497095,0.020232711
57,8,7,1.188874364,1,0.99602145,0.047374718
57,8,8,2.849718332,1.000000119,0.992738187,0.030979622
57,8,9,2.586865425,1,0.996660471,0.027500147
57,8,10,2.517963409,1,0.99686712,0.068671808
57,8,11,1.781389832,1,0.996251285,0.012547713
57,9,0,2.458389044,1,0.997753739,0.021636857
57,9,1,2.508306503,1,0.998241186,0.012771593
57,9,2,2.761973619,1,0.997375071,0.015073474
57,9,3,1.703859687,1,0.997833431,0.041579083
57,9,4,2.1486516,1,0.998858035,0.011142929
57,9,5,2.575928211,1,0.998953223,0.029239748
57,9,6,1.89710474,1,0.998645186,0.005396799
57,9,7,2.073570251,1,0.998787522,0.020528242
57,9,8,2.094160318,1,0.998810768,0.006232382
57,9,9,2.255651474,1,0.998361349,0.00772286
57,9,10,1.298569679,1,0.998526931,0.044943597
57,9,11,2.699253082,1,0.997134984,0.007138356
57,10,0,2.337496281,1,0.996431172,0.008101117
57,10,1,2.405408144,1,0.995100617,0.009104492
57,10,2,2.817098141,1.000000119,0.995319366,0.009266227
57,10,3,3.378273726,1.000000358,0.988759458,0.012056488
57,10,4,3.366199017,1.000000119,0.993975997,0.021357147
57,10,5,1.174628615,1,0.996158361,0.030326774
57,10,6,1.679950237,1,0.99638629,0.005148453
57,10,7,3.292321682,1.000000119,0.995224059,0.020777686
57,10,8,2.606689453,1,0.99637264,0.011770276
57,10,9,1.456979632,1,0.996497869,0.073532186
57,10,10,1.90479219,1,0.996844053,0.006221043
57,10,11,2.295145273,1,0.996668577,0.031732835
57,11,0,4.825133324,1.000002861,0.836579859,0.025205242
57,11,1,3.155462742,1,0.902283251,0.012242761
57,11,2,2.494646788,1,0.900251448,0.007638314
57,11,3,2.25470233,1,0.90037632,0.022399271
57,11,4,3.965612411,1.000000119,0.905691504,0.013857342
57,11,5,2.715375662,1,0.901874125,0.013635717
57,11,6,2.081342459,1,0.89885515,0.005673988
57,11,7,2.950833797,1,0.901895881,0.016946865
57,11,8,3.733121872,1.000020742,0.113985889,0.094384484
57,11,9,2.144385815,1,0.899312615,0.006160899
57,11,10,3.233363152,1,0.906179249,0.040033188
57,11,11,3.008127928,1,0.905082941,0.030780183
58,0,0,4.273333549,1.000015616,0.783465624,0.02263844
58,0,1,0.637378216,1.000028133,0.799668491,0.795757413
58,0,2,4.523369789,1.000010252,0.791029036,0.041241229
58,0,3,0.487356514,1.000029087,0.782841146,0.82692194
58,0,4,1.29575336,1.000026703,0.785002887,0.554793715
58,0,5,1.675665617,1.0000211,0.74692589,0.504136324
58,0,6,4.203095436,1.000020027,0.713002443,0.031543702
58,0,7,1.927351117,1.00002563,0.744429052,0.171356648
58,0,8,4.153980732,1.00002265,0.801985383,0.062644035
58,0,9,4.588188171,1.000015259,0.836659074,0.023311723
58,0,10,4.194657803,1.00002265,0.873970628,0.146512806
58,0,11,5.262310505,1.000013471,0.71580714,0.008152463
58,1,0,2.428581953,1.000025392,0.711417973,0.105249859
58,1,1,2.701543331,1.000020027,0.7008093,0.094480708
58,1,2,4.683002949,1.000015378,0.629941225,0.028597167
58,1,3,4.183341503,1.000001192,0.677980959,0.037295491
58,1,4,3.76520896,1.000008941,0.804894209,0.068797193
58,1,5,4.40893507,1.000012875,0.826024771,0.089122064
58,1,6,4.431426525,1.00000751,0.798737764,0.029754233
58,1,7,4.795382977,1.000012517,0.810655057,0.019589342
58,1,8,5.208694935,1.000004649,0.790771246,0.010860408
58,1,9,5.213634968,1.000006676,0.756487131,0.008143106
58,1,10,4.383452892,1.000012398,0.584427118,0.041711662
58,1,11,1.90311718,1.000025868,0.752862394,0.606239438
58,2,0,2.516302109,1.000001431,0.873269677,0.104074046
58,2,1,4.496983051,1.000000834,0.849509001,0.011165145
58,2,2,1.148053646,1.000006437,0.867356479,0.133118466
58,2,3,1.924447417,1.00000608,0.844288886,0.132778004
58,2,4,1.75061512,1.000000238,0.851971269,0.094372198
58,2,5,1.78608048,1.000004649,0.853592455,0.136512503
58,2,6,2.765976906,1.000007868,0.765347302,0.080331512
58,2,7,2.776316881,1,0.82566607,0.034427829
58,2,8,1.831614733,1.000002623,0.8784284,0.107240669
58,2,9,1.754138827,1.000005126,0.837766647,0.127723202
58,2,10,3.110583067,1.000026584,0.525762558,0.124172375
58,2,11,2.982553005,1.000000238,0.862236083,0.105671622
58,3,0,2.977141857,1,0.992422104,0.072509684
58,3,1,1.924075007,1.000000238,0.991519153,0.063030452
58,3,2,1.461277127,1.000000477,0.983393669,0.117799044
58,3,3,1.025696874,1,0.991674185,0.066278316
58,3,4,3.912039518,1,0.992850244,0.011162523
58,3,5,2.740749359,1,0.993602753,0.036477707
58,3,6,1.753359199,1.000000358,0.983208895,0.161869347
58,3,7,1.443342328,1.000000238,0.987717628,0.107152455
58,3,8,1.534254551,1.000000238,0.985854208,0.121706903
58,3,9,1.585276723,1,0.992737353,0.075803444
58,3,10,1.857553482,1,0.992178321,0.157093748
58,3,11,1.779391885,1.000000119,0.991749585,0.102175348
58,4,0,1.206038594,1.000000238,0.915950358,0.059695072
58,4,1,1.599622846,1.000000119,0.918113172,0.071297087
58,4,2,2.115557909,1,0.914072931,0.016583521
58,4,3,1.591938615,1.000000238,0.916631877,0.077270873
58,4,4,3.394060373,1,0.917798221,0.04384001
58,4,5,1.405868649,1,0.915168166,0.059266765
58,4,6,2.137779713,1,0.917707026,0.046372931
58,4,7,1.887512684,1.000000477,0.920104563,0.480671555
58,4,8,3.645828724,1,0.918262482,0.014538619
58,4,9,1.930873632,1,0.917249084,0.040510204
58,4,10,3.339946747,1,0.916142702,0.012907334
58,4,11,0.011143802,1.000028133,0.152257621,0.005040907
58,5,0,2.078393459,1,0.995745599,0.012357497
58,5,1,0.425314158,1,0.995026529,0.004967228
58,5,2,1.424442172,1,0.995630085,0.019730391
58,5,3,2.304129362,1.000000119,0.992379546,0.037695456
58,5,4,1.486880779,1,0.995559633,0.056129351
58,5,5,2.310691357,1,0.995631993,0.014723044
58,5,6,0.669941783,1,0.995194256,0.023409277
58,5,7,1.031372547,1,0.995359659,0.036317039
58,5,8,1.203915715,1,0.995504558,0.028273493
58,5,9,3.194230318,1,0.996210098,0.008985542
58,5,10,3.819604874,1.000000834,0.964997649,0.043757092
58,5,11,2.88413763,1,0.995954275,0.11859417
58,6,0,1.84954226,1,0.995932579,0.042974375
58,6,1,0.892751873,1,0.998112321,0.02489911
58,6,2,3.576859474,1,0.997880936,0.01389195
58,6,3,1.919118881,1,0.998612642,0.021252438
58,6,4,3.223242521,1,0.997510493,0.017580001
58,6,5,1.754074812,1,0.998555243,0.06267143
58,6,6,3.317737579,1,0.998439014,0.081405252
58,6,7,2.456437826,1,0.997282207,0.046097197
58,6,8,1.324344397,1,0.998557031,0.025567796
58,6,9,1.125276923,1,0.99812299,0.006508039
58,6,10,3.349947453,1,0.99815309,0.009928895
58,6,11,1.654284,1,0.998023927,0.051741622
58,7,0,0.997479916,1,0.99882561,0.025227359
58,7,1,3.031122923,1,0.997454882,0.014910308
58,7,2,0.882857859,1,0.998792291,0.005342836
58,7,3,1.618083358,1,0.999032021,0.045414172
58,7,4,1.018711686,1,0.998907685,0.016419282
58,7,5,2.784333229,1,0.996918082,0.024024596
58,7,6,3.446166039,1,0.998768032,0.01209131
58,7,7,1.879815698,1,0.999044836,0.012787414
58,7,8,1.482299447,1,0.99821049,0.040802952
58,7,9,1.662920952,1,0.998813689,0.035538759
58,7,10,1.495005727,1,0.998928487,0.00800251
58,7,11,2.190373421,1,0.998989284,0.007670275
58,8,0,3.280169487,1,0.996511519,0.027749781
58,8,1,1.634419918,1,0.996068537,0.011709616
58,8,2,4.37737751,1.000000596,0.975856781,0.012426876
58,8,3,2.546259165,1,0.996383131,0.022662714
58,8,4,1.340664029,1,0.996310472,0.052121367
58,8,5,2.003674984,1,0.995798647,0.040667765
58,8,6,2.396962404,1,0.996574819,0.017699858
58,8,7,1.219142199,1,0.995982885,0.057524391
58,8,8,2.757163048,1,0.993246794,0.033495702
58,8,9,2.54692173,1,0.996616781,0.030890262
58,8,10,2.51004982,1,0.996783257,0.066049762
58,8,11,1.81099534,1,0.996046245,0.014643266
58,9,0,2.329372406,1,0.997593462,0.027761428
58,9,1,2.498953342,1,0.997708321,0.012128625
58,9,2,2.66291213,1,0.997155011,0.017133359
58,9,3,1.681212306,1,0.997902453,0.044515651
58,9,4,2.351773977,1,0.998637378,0.012711011
58,9,5,2.632725954,1,0.998757124,0.029165456
58,9,6,1.962349772,1,0.998416126,0.005507288
58,9,7,2.087406158,1,0.998550177,0.020353986
58,9,8,2.375860691,1,0.998669684,0.008725248
58,9,9,2.083436489,1,0.998304725,0.007924043
58,9,10,1.320085526,1,0.99837929,0.045071986
58,9,11,2.72916913,1,0.995790243,0.005073492
58,10,0,2.559173584,1,0.994826674,0.0120962
58,10,1,2.278193474,1,0.996202826,0.009270571
58,10,2,2.586368561,1,0.994467556,0.0075021
58,10,3,3.191585541,1.000000238,0.991704583,0.011126715
58,10,4,3.408342123,1.000000119,0.993775904,0.020107264
58,10,5,1.147689462,1,0.995766997,0.030095167
58,10,6,1.818235636,1,0.996112227,0.006899085
58,10,7,3.302133083,1.000000119,0.992758751,0.024236904
58,10,8,2.591345787,1,0.995976627,0.009706282
58,10,9,1.382794142,1,0.996174037,0.067898288
58,10,10,1.907735229,1,0.996641517,0.006761916
58,10,11,2.446916819,1,0.996097147,0.041168571
58,11,0,4.81733799,1.000002503,0.855240583,0.025467085
58,11,1,2.8594625,1,0.903261364,0.012265662
58,11,2,2.576441526,1,0.901416004,0.008575231
58,11,3,1.958524942,1,0.900682449,0.021129573
58,11,4,3.931064367,1,0.908408105,0.016696678
58,11,5,2.613139629,1,0.902270734,0.012100679
58,11,6,2.084491014,1,0.900719464,0.006427252
58,11,7,3.101982832,1,0.904764593,0.019980501
58,11,8,3.751196146,1.000021458,0.114524953,0.093275413
58,11,9,2.215461731,1,0.901211023,0.007511817
58,11,10,3.289271355,1,0.909134924,0.044422708
58,11,11,2.998543262,1.000000119,0.906971157,0.031349871
59,0,0,4.342319965,1.000015855,0.788907051,0.020498853
59,0,1,0.605043173,1.000029683,0.800918221,0.803574443
59,0,2,4.578282356,1.000011683,0.788205564,0.042051546
59,0,3,0.46783933,1.000028968,0.784190536,0.825311244
59,0,4,1.268725157,1.000026941,0.783711255,0.555316806
59,0,5,1.722708702,1.00002265,0.753494978,0.505111694
59,0,6,4.201375961,1.000020742,0.710594594,0.033404287
59,0,7,1.937176943,1.000026584,0.744858146,0.170950472
59,0,8,4.141477585,1.000023723,0.785901427,0.065240428
59,0,9,4.601483345,1.00001657,0.841116846,0.023654271
59,0,10,4.200950146,1.000024796,0.873539686,0.146686107
59,0,11,5.345823288,1.000013232,0.72681886,0.007951318
59,1,0,2.428202629,1.000026703,0.714739203,0.108331151
59,1,1,2.721840143,1.000020862,0.707516074,0.094830245
59,1,2,4.72428894,1.000017524,0.647975862,0.027248595
59,1,3,4.231530666,1.000001073,0.679859221,0.036265392
59,1,4,3.762636185,1.00000906,0.809118867,0.068536103
59,1,5,4.333920956,1.000014067,0.825495303,0.09136755
59,1,6,4.531738758,1.000009775,0.815818787,0.03215966
59,1,7,4.866669655,1.000011802,0.822562635,0.02017648
59,1,8,5.274627686,1.000003934,0.792572975,0.010382227
59,1,9,5.29673624,1.000007033,0.766370833,0.008099895
59,1,10,4.406105518,1.000012875,0.602009833,0.041775733
59,1,11,1.937707901,1.000026226,0.759433925,0.606957138
59,2,0,2.505954504,1.000001431,0.874265432,0.106136814
59,2,1,4.54523325,1.000000834,0.851186156,0.008591312
59,2,2,1.152854562,1.000006676,0.865906894,0.121109061
59,2,3,1.940951109,1.00000608,0.846071601,0.131649435
59,2,4,1.732088923,1.000000238,0.855279207,0.089245915
59,2,5,1.803520679,1.000005126,0.862793922,0.137655333
59,2,6,2.869555712,1.000007391,0.774839997,0.079381131
59,2,7,2.718212128,1,0.827301919,0.033862766
59,2,8,1.856204987,1.000002623,0.87811619,0.105298594
59,2,9,1.768238664,1.000004292,0.854943871,0.131335437
59,2,10,3.125179768,1.000027537,0.515449166,0.123747602
59,2,11,3.062278032,1.000000238,0.866582155,0.104295373
59,3,0,2.93898797,1,0.992987454,0.062689841
59,3,1,1.95718205,1,0.992678463,0.064004183
59,3,2,1.438736558,1.000000477,0.985287249,0.114263803
59,3,3,1.031564951,1,0.99284476,0.064793848
59,3,4,3.851196527,1,0.993402064,0.012860394
59,3,5,2.741566658,1,0.99435252,0.03577444
59,3,6,1.741673708,1.000000358,0.985242784,0.154215038
59,3,7,1.480903864,1.000000238,0.990901768,0.121154234
59,3,8,1.523141265,1.000000238,0.986316621,0.124200866
59,3,9,1.619798899,1,0.993578494,0.075993076
59,3,10,1.817883968,1,0.992942631,0.1561836
59,3,11,1.760908484,1.000000119,0.99126935,0.102424189
59,4,0,1.24779129,1,0.916413844,0.058638826
59,4,1,1.577426434,1.000000119,0.918504894,0.067934036
59,4,2,2.138069868,1,0.914504468,0.015250137
59,4,3,1.648802519,1.000000119,0.917259634,0.071931317
59,4,4,3.282485247,1,0.917411983,0.040590417
59,4,5,1.47133708,1,0.916028798,0.064395413
59,4,6,2.123523235,1,0.917540133,0.051312089
59,4,7,1.857326031,1.000000596,0.921369731,0.478308558
59,4,8,3.686426163,1,0.918458939,0.015299045
59,4,9,1.945350766,1,0.917705178,0.040903423
59,4,10,3.34571147,1,0.915938199,0.011624007
59,4,11,0.009652282,1.000029802,0.144820556,0.004347928
59,5,0,2.109759808,1,0.992389262,0.012439103
59,5,1,0.463140488,1,0.99171102,0.004324827
59,5,2,1.435184836,1,0.992283881,0.01948774
59,5,3,2.28104353,1,0.989793599,0.037041757
59,5,4,1.452164173,1,0.99219054,0.050856125
59,5,5,2.402969122,1,0.992517292,0.012740221
59,5,6,0.672955155,1,0.991736472,0.024307879
59,5,7,1.033712626,1,0.991795182,0.041079123
59,5,8,1.19524312,1,0.992098987,0.02885606
59,5,9,3.310848475,1,0.993020952,0.009584302
59,5,10,3.838595867,1.000001431,0.92797184,0.030045645
59,5,11,2.933843851,1,0.99263382,0.130002603
59,6,0,1.833926201,1.000000119,0.993551791,0.035743117
59,6,1,0.823516607,1,0.99755758,0.025009369
59,6,2,3.541235924,1,0.997552812,0.014682845
59,6,3,1.849360347,1,0.998131573,0.019634312
59,6,4,3.414773464,1,0.995486677,0.015018733
59,6,5,1.739764929,1,0.998087466,0.064879157
59,6,6,3.263706446,1,0.998004913,0.083384402
59,6,7,2.414433718,1,0.996226907,0.047091492
59,6,8,1.300068021,1,0.997992694,0.026281593
59,6,9,1.139569044,1,0.997629583,0.006129852
59,6,10,3.435522556,1,0.997317851,0.010501569
59,6,11,1.622436523,1,0.997698069,0.049456585
59,7,0,0.991498351,1,0.998773754,0.024794882
59,7,1,3.063532829,1,0.9972651,0.011982487
59,7,2,1.022139192,1,0.998899639,0.005126449
59,7,3,1.569405556,1,0.999085665,0.048313569
59,7,4,0.92005229,1,0.998889565,0.014478713
59,7,5,2.704591274,1,0.997613549,0.022348523
59,7,6,3.431999207,1,0.998739302,0.011391654
59,7,7,2.133180618,1,0.999038517,0.011555478
59,7,8,1.430817366,1,0.998268366,0.034658767
59,7,9,1.503456354,1,0.998935938,0.032706596
59,7,10,1.411638141,1,0.998950779,0.005908154
59,7,11,2.210013151,1,0.998918593,0.007334692
59,8,0,3.325026274,1,0.99700582,0.025848705
59,8,1,1.508216977,1,0.996854067,0.008102219
59,8,2,4.324446678,1.000000358,0.980018437,0.010652525
59,8,3,2.284669876,1,0.997286856,0.017880695
59,8,4,1.170228243,1,0.996904552,0.051979583
59,8,5,1.920443058,1,0.996918678,0.041968245
59,8,6,2.230449438,1,0.99722594,0.015450105
59,8,7,1.265348315,1,0.996745169,0.05846177
59,8,8,2.519804716,1,0.994885623,0.027147558
59,8,9,2.438257694,1,0.997269809,0.029772913
59,8,10,2.422299623,1,0.997411132,0.066037729
59,8,11,1.850092888,1,0.996836662,0.013666525
59,9,0,2.463413477,1,0.994966686,0.022083249
59,9,1,2.353461027,1,0.997893929,0.011503609
59,9,2,2.606564522,1,0.997353315,0.014730352
59,9,3,1.60100019,1,0.997758627,0.046163004
59,9,4,1.991864443,1,0.998405278,0.01052158
59,9,5,2.603087664,1,0.998492956,0.030723879
59,9,6,1.674595475,1,0.998407423,0.004992954
59,9,7,1.916108608,1,0.998291254,0.01654443
59,9,8,2.140182972,1,0.998261034,0.007274816
59,9,9,1.879986048,1,0.998409867,0.007048477
59,9,10,1.237420082,1,0.998120904,0.045041498
59,9,11,2.569074631,1.000000119,0.992738008,0.005741999
59,10,0,2.446026087,1,0.996519089,0.010194638
59,10,1,1.983593464,1,0.996683836,0.00766921
59,10,2,2.445082426,1.000000119,0.995416701,0.009402394
59,10,3,3.052905321,1.000000358,0.98796922,0.011338244
59,10,4,3.141632557,1,0.996054232,0.018533666
59,10,5,1.061944723,1,0.996816874,0.028795002
59,10,6,1.508897901,1,0.997091889,0.005369414
59,10,7,3.224446535,1,0.995684385,0.021880787
59,10,8,2.453769684,1,0.996935248,0.010601376
59,10,9,1.413815498,1,0.997045279,0.073179558
59,10,10,1.770994306,1,0.997167349,0.006720309
59,10,11,2.270557404,1,0.99690932,0.03381684
59,11,0,4.815552235,1.000002265,0.876150906,0.025894776
59,11,1,3.183475494,1,0.907602668,0.01761274
59,11,2,2.481196642,1,0.904806554,0.008968063
59,11,3,1.703078508,1,0.903078616,0.017814226
59,11,4,3.907503366,1.000000119,0.910888672,0.017739847
59,11,5,2.578357458,1,0.905279934,0.012060567
59,11,6,1.971395373,1,0.903255045,0.006176944
59,11,7,2.979357719,1,0.907531798,0.019517379
59,11,8,3.855131149,1.000021458,0.109941483,0.095294967
59,11,9,1.831534147,1,0.902950466,0.006309185
59,11,10,3.171718597,1,0.911223471,0.042921435
59,11,11,3.069747448,1,0.910673559,0.034173086
60,0,0,4.348351002,1.000016093,0.777818739,0.022570502
60,0,1,0.606679082,1.000028968,0.798762262,0.811374485
60,0,2,4.568165779,1.000013113,0.795966864,0.038479708
60,0,3,0.475206286,1.000028491,0.776739299,0.816084146
60,0,4,1.309720278,1.000026703,0.784787953,0.549666345
60,0,5,1.67463696,1.000021458,0.743747175,0.525141776
60,0,6,4.135210991,1.00001955,0.698199868,0.033677697
60,0,7,1.879178047,1.00002563,0.738854587,0.170759737
60,0,8,4.247580528,1.000022888,0.770011663,0.059590898
60,0,9,4.612312317,1.000016689,0.842884243,0.023200514
60,0,10,4.205347538,1.000023246,0.871333897,0.148758665
60,0,11,5.300829411,1.000013232,0.722872138,0.008147918
60,1,0,2.402902842,1.000025988,0.713742971,0.107670277
60,1,1,2.69326663,1.000019908,0.698203266,0.091267385
60,1,2,4.685216427,1.000015974,0.635965586,0.028453356
60,1,3,4.175220013,1.000001073,0.683560967,0.036694869
60,1,4,3.750170946,1.000008821,0.810784757,0.068648003
60,1,5,4.452919006,1.000011683,0.832715034,0.089041084
60,1,6,4.402486324,1.000009775,0.813458383,0.033415858
60,1,7,4.881793976,1.000011325,0.834080875,0.022112329
60,1,8,5.239658356,1.000003815,0.79921031,0.010018973
60,1,9,5.249470711,1.000005126,0.767020226,0.007402227
60,1,10,4.382230282,1.000012398,0.584818661,0.042250019
60,1,11,1.845934749,1.000025511,0.761072516,0.627464712
60,2,0,2.514281988,1.000001788,0.876874208,0.106790237
60,2,1,4.557322979,1.000000596,0.858979046,0.011598366
60,2,2,1.152205348,1.000005364,0.882410049,0.122942261
60,2,3,1.918119788,1.000005722,0.840199411,0.131769434
60,2,4,1.735351801,1.000000119,0.862062871,0.088282622
60,2,5,1.83021605,1.000005126,0.871982396,0.133273184
60,2,6,2.799790859,1.000007153,0.782012522,0.07909701
60,2,7,2.763763905,1,0.832456529,0.034249522
60,2,8,1.821294069,1.000003815,0.878462791,0.10171847
60,2,9,1.773671389,1.000003934,0.858442068,0.123860762
60,2,10,3.118300676,1.000026226,0.542059004,0.123015553
60,2,11,3.022433996,1.000000119,0.870238245,0.103126518
60,3,0,2.843302965,1,0.992882311,0.058752526
60,3,1,1.97798574,1,0.992522478,0.060198724
60,3,2,1.41169858,1.000000358,0.983578622,0.11270871
60,3,3,0.967987597,1,0.992667556,0.059407201
60,3,4,3.647096157,1,0.993298173,0.011082283
60,3,5,2.777323246,1,0.994348466,0.034535877
60,3,6,1.736705184,1.000000358,0.986000061,0.151451021
60,3,7,1.4602561,1.000000238,0.990977645,0.111731701
60,3,8,1.554716468,1.000000358,0.98655051,0.114125431
60,3,9,1.654038072,1,0.993849516,0.067366965
60,3,10,1.813379049,1,0.992923796,0.156240821
60,3,11,1.773631573,1.000000238,0.990226805,0.09783379
60,4,0,1.198332071,1.000000119,0.916590333,0.060860522
60,4,1,1.612484217,1.000000119,0.918118536,0.06287431
60,4,2,2.232510567,1,0.914874256,0.015760258
60,4,3,1.545876503,1.000000119,0.91704601,0.06731911
60,4,4,3.165638685,1,0.916974604,0.040359452
60,4,5,1.371370196,1,0.915130556,0.058271028
60,4,6,2.067261934,1,0.917019069,0.045446847
60,4,7,1.86962986,1.000000358,0.920878351,0.476782471
60,4,8,3.703032017,1,0.918874025,0.016565012
60,4,9,1.980382442,1,0.918076515,0.039761476
60,4,10,3.362759829,1,0.916236162,0.013600229
60,4,11,0.010913579,1.000028372,0.146786302,0.003701777
60,5,0,1.851246595,1,0.995266914,0.010539765
60,5,1,0.36519599,1,0.994739354,0.004021013
60,5,2,1.385206819,1,0.995383799,0.021667421
60,5,3,2.352679014,1.000000119,0.991888046,0.035682525
60,5,4,1.503609419,1,0.995360374,0.053151
60,5,5,2.196424961,1,0.995459139,0.011790713
60,5,6,0.683809161,1,0.994965911,0.0236488
60,5,7,1.107587457,1,0.995223224,0.044927392
60,5,8,1.166765332,1,0.995162904,0.026756877
60,5,9,2.890346289,1,0.995790124,0.008374047
60,5,10,3.683681726,1.000000596,0.960170507,0.032078646
60,5,11,2.927204132,1,0.995587587,0.114997558
60,6,0,1.837471962,1,0.996469498,0.038913842
60,6,1,0.717866004,1,0.998116076,0.022146452
60,6,2,3.5882442,1,0.997562051,0.014526322
60,6,3,1.709513545,1,0.998602331,0.017707074
60,6,4,3.405599117,1.000000119,0.996236444,0.01923348
60,6,5,1.726802111,1,0.998633444,0.060592163
60,6,6,2.994849205,1,0.998732984,0.07546103
60,6,7,2.303670883,1,0.997743547,0.040037524
60,6,8,1.27312088,1,0.998562217,0.027502259
60,6,9,0.880627334,1,0.998142779,0.005226012
60,6,10,3.320457697,1,0.998320639,0.010543681
60,6,11,1.626970053,1,0.998169541,0.047052335
60,7,0,1.046231389,1,0.999066412,0.026090836
60,7,1,2.692195177,1,0.99877584,0.011420771
60,7,2,0.685639977,1,0.999107897,0.003974409
60,7,3,1.650076151,1,0.99932158,0.049600765
60,7,4,0.868016422,1,0.999211907,0.013556805
60,7,5,2.727162838,1,0.997336745,0.024211222
60,7,6,3.213814497,1,0.999015033,0.010523287
60,7,7,1.9033463,1,0.999312937,0.011232658
60,7,8,1.378450155,1,0.998911798,0.039539367
60,7,9,1.518648028,1,0.999132097,0.033288877
60,7,10,1.032025337,1,0.99916935,0.005884093
60,7,11,2.116721869,1,0.999263048,0.006788276
60,8,0,3.204180479,1,0.997579634,0.026676062
60,8,1,1.259210706,1,0.997303247,0.008098045
60,8,2,4.310154438,1.000000358,0.984354615,0.011907583
60,8,3,2.230756283,1,0.997804046,0.019123645
60,8,4,1.256983757,1,0.997569025,0.056545414
60,8,5,1.948944092,1,0.996909738,0.041412748
60,8,6,1.930519223,1,0.997660577,0.015574917
60,8,7,1.211042285,1,0.997184753,0.053824987
60,8,8,2.414636374,1,0.99689728,0.028785683
60,8,9,2.235363483,1,0.997710168,0.027584841
60,8,10,2.347084761,1,0.997912347,0.05967639
60,8,11,2.117634535,1,0.99690783,0.014740002
60,9,0,2.203111887,1,0.997776985,0.0245413
60,9,1,2.069435358,1,0.998272955,0.01195296
60,9,2,2.26853013,1,0.998071611,0.01596895
60,9,3,1.632553339,1,0.997674167,0.043573052
60,9,4,1.758324504,1,0.998536527,0.012390695
60,9,5,2.244479656,1,0.998641074,0.028836695
60,9,6,1.26886797,1,0.998536289,0.004389763
60,9,7,1.976269841,1,0.998507261,0.019144511
60,9,8,2.486582279,1.000000119,0.996208012,0.008235841
60,9,9,1.416496038,1,0.998581827,0.005654972
60,9,10,1.182412863,1,0.998353243,0.043453109
60,9,11,2.620652676,1,0.993176699,0.006267995
60,10,0,2.010245323,1.000000119,0.994625986,0.006768719
60,10,1,1.666289568,1,0.997509599,0.009232716
60,10,2,2.377612591,1,0.995678484,0.009982763
60,10,3,2.975056171,1,0.99424386,0.010697467
60,10,4,3.123079777,1,0.996010363,0.022330895
60,10,5,1.032715917,1,0.997165084,0.028625835
60,10,6,2.410126448,1,0.996886492,0.01340596
60,10,7,3.149874687,1,0.996080041,0.028211508
60,10,8,2.369446278,1,0.997380435,0.012457487
60,10,9,1.361667991,1,0.997422576,0.067904629
60,10,10,1.608577371,1,0.997712076,0.006542101
60,10,11,1.989905953,1,0.997095704,0.038632445
60,11,0,4.724442482,1.000001669,0.876301765,0.025745502
60,11,1,3.151088953,1,0.908333957,0.0216974
60,11,2,2.539300442,1.000000119,0.904298365,0.009506372
60,11,3,2.309291601,1,0.906234801,0.029615445
60,11,4,4.00622797,1.000000119,0.910849333,0.016617265
60,11,5,2.04877615,1,0.90466249,0.011372162
60,11,6,1.599362493,1,0.903818846,0.005523134
60,11,7,2.379182577,1,0.905504763,0.013111014
60,11,8,3.736747265,1.000020385,0.098168522,0.101267226
60,11,9,1.710872769,1,0.903996468,0.007310498
60,11,10,3.057577848,1,0.910488904,0.04863891
60,11,11,2.657852173,1,0.908547401,0.037282288
61,0,0,4.460267067,1.000017762,0.810348272,0.018437663
61,0,1,0.559825599,1.000030994,0.8072083,0.817179143
61,0,2,4.604495525,1.000013113,0.798093796,0.04251653
61,0,3,0.400847912,1.000031352,0.789861441,0.848752439
61,0,4,1.165764809,1.000027776,0.788297892,0.598496079
61,0,5,1.595764875,1.000024676,0.761833966,0.534850836
61,0,6,4.283297539,1.000020623,0.725288153,0.03146179
61,0,7,1.898389339,1.000028133,0.754363835,0.162521496
61,0,8,4.224631786,1.000024319,0.805832803,0.060176708
61,0,9,4.626948833,1.000017524,0.847320318,0.021965602
61,0,10,4.221124172,1.00002563,0.878970861,0.153835714
61,0,11,5.412859917,1.00001514,0.735243738,0.00772349
61,1,0,2.338444948,1.000027776,0.714091539,0.108112931
61,1,1,2.711526155,1.000022173,0.699835598,0.096415102
61,1,2,4.750198364,1.000017405,0.669716895,0.026594993
61,1,3,4.269154072,1.000001431,0.684353113,0.035481986
61,1,4,3.753351212,1.000010014,0.810833871,0.068807095
61,1,5,4.46470499,1.000012755,0.829140604,0.091862306
61,1,6,4.441485405,1.000010252,0.789257407,0.030803667
61,1,7,4.915527821,1.000013232,0.826628625,0.019760085
61,1,8,5.319060326,1.000004292,0.790139377,0.009647394
61,1,9,5.372913361,1.000006199,0.772888243,0.007039807
61,1,10,4.431688786,1.000013709,0.600906789,0.041366961
61,1,11,1.760765195,1.000029087,0.751239777,0.644085705
61,2,0,2.541936636,1.000001073,0.876434743,0.103632912
61,2,1,4.854000568,1.00000155,0.86071372,0.010466337
61,2,2,1.174791932,1.000005841,0.877335012,0.128784239
61,2,3,1.971574187,1.000005364,0.853406549,0.128809661
61,2,4,1.759267688,1.000000358,0.85744971,0.087768726
61,2,5,1.813311815,1.000005484,0.857870817,0.132989541
61,2,6,2.838055372,1.000006437,0.78624177,0.079082586
61,2,7,2.696285963,1,0.829494298,0.03270885
61,2,8,1.88241899,1.000002503,0.880513012,0.105443045
61,2,9,1.832027555,1.000004053,0.863878787,0.132726669
61,2,10,3.153769255,1.000029087,0.513199687,0.12284936
61,2,11,3.137869835,1.000000358,0.871676862,0.1033438
61,3,0,2.914690971,1,0.993139982,0.0651692
61,3,1,1.966778398,1.000000119,0.993181944,0.057301197
61,3,2,1.437095523,1.000000358,0.985935569,0.104422502
61,3,3,1.030114055,1,0.993160605,0.069188043
61,3,4,3.94187355,1,0.993599176,0.012258254
61,3,5,2.738815308,1,0.994547665,0.031343907
61,3,6,1.747963786,1.000000358,0.985351622,0.150329888
61,3,7,1.472858191,1.000000119,0.991504669,0.112954758
61,3,8,1.573341966,1.000000238,0.987706721,0.118957862
61,3,9,1.628053904,1,0.993963659,0.072461911
61,3,10,1.82276082,1,0.993249536,0.155304208
61,3,11,1.825067401,1.000000238,0.992001712,0.095125213
61,4,0,1.29425025,1,0.916161358,0.051994044
61,4,1,1.642754674,1,0.918135285,0.063081369
61,4,2,2.24614501,1,0.914747775,0.015616023
61,4,3,1.64199996,1,0.917002499,0.062885456
61,4,4,3.213158131,1,0.916778803,0.041853752
61,4,5,1.504965782,1,0.915954173,0.05903405
61,4,6,2.094449997,1,0.91684109,0.044797439
61,4,7,1.885935187,1.000000596,0.920083225,0.479364455
61,4,8,3.439350843,1,0.917036653,0.014327927
61,4,9,1.918963313,1,0.917011201,0.035105504
61,4,10,3.36638999,1,0.915754139,0.012422889
61,4,11,0.009810898,1.000028491,0.138743073,0.003972846
61,5,0,1.87730515,1,0.994369328,0.010567744
61,5,1,0.442671925,1,0.993966997,0.004299058
61,5,2,1.469382524,1,0.994432688,0.021435451
61,5,3,2.319837093,1,0.992180586,0.034220304
61,5,4,1.48550427,1,0.99434799,0.043447517
61,5,5,2.192599535,1,0.994477332,0.011129006
61,5,6,0.68526113,1,0.99409616,0.027463384
61,5,7,1.016478658,1,0.994142711,0.036154434
61,5,8,1.086370587,1,0.994254112,0.027964415
61,5,9,3.178158283,1,0.994962752,0.008426402
61,5,10,3.768699646,1.000001073,0.949669659,0.029268427
61,5,11,2.9503932,1,0.994609237,0.118352458
61,6,0,1.860091567,1.000000238,0.996186018,0.034100544
61,6,1,0.729795456,1,0.998081148,0.021118615
61,6,2,3.614001989,1.000000119,0.997695923,0.013349835
61,6,3,1.74195683,1,0.998519838,0.017289937
61,6,4,3.561077833,1.000000119,0.995518506,0.017069267
61,6,5,1.720396876,1,0.998559535,0.062242832
61,6,6,3.156028271,1,0.99856019,0.078984417
61,6,7,2.360877991,1,0.997878432,0.041280288
61,6,8,1.267305017,1,0.998432934,0.027264128
61,6,9,1.036156774,1,0.998164237,0.006291616
61,6,10,3.276288748,1,0.998198748,0.010328256
61,6,11,1.622595429,1,0.998188972,0.046387017
61,7,0,1.083849072,1,0.998923361,0.027193921
61,7,1,2.701729774,1,0.998617709,0.009484558
61,7,2,0.8930794,1,0.999142826,0.004834854
61,7,3,1.550349593,1,0.999342024,0.048047103
61,7,4,0.925644636,1,0.999218702,0.013345528
61,7,5,2.702460766,1,0.998029947,0.022621466
61,7,6,3.401076555,1,0.998914897,0.011585333
61,7,7,1.756477714,1,0.999289095,0.010399612
61,7,8,1.43769896,1,0.998679161,0.034258883
61,7,9,1.408465505,1,0.999242365,0.029822409
61,7,10,1.189291,1,0.999165535,0.006661755
61,7,11,2.132022381,1,0.999167681,0.008839185
61,8,0,3.363670826,1,0.997842848,0.02273888
61,8,1,1.495931625,1,0.997907579,0.008331694
61,8,2,4.230559826,1.000000358,0.987569809,0.010560968
61,8,3,2.273633718,1,0.998118341,0.016293848
61,8,4,1.207397461,1,0.997917116,0.052049626
61,8,5,1.972263098,1,0.997855008,0.039137557
61,8,6,2.003162384,1,0.998140872,0.014234344
61,8,7,1.35253346,1,0.997487009,0.059140224
61,8,8,2.279761791,1,0.997925341,0.024626603
61,8,9,2.513225794,1,0.998206079,0.030941684
61,8,10,2.40664959,1,0.998303652,0.05813789
61,8,11,1.976546645,1,0.99790293,0.013201674
61,9,0,2.467814922,1,0.99699074,0.021278046
61,9,1,1.983442664,1,0.998170316,0.009345683
61,9,2,2.580193758,1,0.997697592,0.014619229
61,9,3,1.638169169,1,0.997726381,0.045648396
61,9,4,2.019066572,1,0.998549998,0.010235216
61,9,5,2.419790268,1,0.998590469,0.030644378
61,9,6,1.768573284,1,0.998496056,0.005189385
61,9,7,1.848905444,1,0.998414218,0.01563954
61,9,8,2.585229635,1,0.996128023,0.009362768
61,9,9,1.978253603,1,0.99835813,0.007108751
61,9,10,1.112730145,1,0.998317361,0.034563411
61,9,11,2.677046299,1,0.993987143,0.006146262
61,10,0,2.79724884,1.000000119,0.994181454,0.010929476
61,10,1,2.123215437,1,0.996791661,0.007273017
61,10,2,2.257493734,1,0.996621132,0.007865636
61,10,3,3.131857157,1.000000119,0.992613733,0.011485689
61,10,4,3.115613937,1,0.996593416,0.017656673
61,10,5,1.000969887,1,0.997169137,0.024292897
61,10,6,1.952188253,1,0.997375906,0.006911769
61,10,7,3.113058329,1,0.99644047,0.023530154
61,10,8,2.389265299,1,0.99739033,0.010838321
61,10,9,1.373584509,1,0.997395575,0.064801596
61,10,10,1.974337459,1,0.99737072,0.006432788
61,10,11,2.176138878,1,0.997106552,0.033732854
61,11,0,4.856355667,1.00000155,0.885994136,0.026884353
61,11,1,2.778092146,1,0.907897413,0.013129679
61,11,2,2.694041252,1,0.906893551,0.008100105
61,11,3,1.83003819,1,0.905484617,0.020250825
61,11,4,3.871934414,1.000000119,0.910969555,0.014635381
61,11,5,2.604557276,1,0.907324374,0.012891795
61,11,6,2.221462727,1,0.906115592,0.006813214
61,11,7,2.725821018,1,0.907564104,0.016965212
61,11,8,3.813483477,1.000022292,0.100983232,0.108858988
61,11,9,2.100671768,1,0.905982375,0.006643666
61,11,10,3.022848845,1,0.911206007,0.040566672
61,11,11,3.056718349,1,0.910835624,0.038019706
62,0,0,4.337670326,1.000015855,0.774593771,0.022912778
62,0,1,0.636244595,1.000028491,0.795344353,0.802655339
62,0,2,4.471796989,1.000012994,0.792679429,0.046476353
62,0,3,0.496596605,1.000026822,0.772165835,0.807223022
62,0,4,1.334297895,1.00002563,0.780212402,0.539593041
62,0,5,1.73851192,1.000020623,0.742809236,0.519994199
62,0,6,4.153993607,1.000018477,0.68996501,0.034010395
62,0,7,1.852153778,1.000025988,0.743120253,0.17364119
62,0,8,4.20771265,1.000020623,0.767771482,0.058010541
62,0,9,4.594132423,1.000016212,0.838104248,0.023737425
62,0,10,4.201255798,1.000023484,0.869066954,0.144935042
62,0,11,5.256268024,1.000013471,0.72085917,0.00842257
62,1,0,2.326282501,1.000025153,0.70012641,0.110587269
62,1,1,2.699463367,1.000020146,0.696932733,0.093558341
62,1,2,4.659746647,1.000015974,0.623882949,0.028970519
62,1,3,4.147306919,1.000000834,0.674929023,0.037563033
62,1,4,3.757527828,1.00000906,0.804781675,0.068770997
62,1,5,4.424528599,1.000012279,0.830565035,0.090058967
62,1,6,4.451241493,1.000009775,0.807359099,0.03413992
62,1,7,4.821883202,1.000010967,0.828666627,0.022142278
62,1,8,5.199942589,1.000004053,0.790457726,0.010248099
62,1,9,5.209670067,1.000006199,0.765129149,0.007814746
62,1,10,4.37529707,1.000011683,0.582524419,0.041529279
62,1,11,1.89884901,1.00002563,0.756077826,0.615797758
62,2,0,2.479551315,1.000001907,0.873000324,0.105843931
62,2,1,4.540880203,1.000000596,0.856494486,0.010723704
62,2,2,1.167073011,1.000007033,0.86917901,0.123521224
62,2,3,1.905186653,1.000005364,0.83839184,0.131947085
62,2,4,1.737187505,1.000000358,0.859935701,0.093230866
62,2,5,1.828745604,1.000004649,0.865261972,0.134503722
62,2,6,2.86677146,1.000007033,0.767212927,0.078609616
62,2,7,2.832525253,1,0.828569174,0.033742692
62,2,8,1.872181177,1.000002623,0.883839786,0.10885594
62,2,9,1.761503339,1.000004649,0.851541936,0.121664211
62,2,10,3.148803234,1.00002563,0.529553711,0.119972892
62,2,11,3.015842199,1.000000119,0.863751352,0.099930413
62,3,0,2.864562273,1,0.991248906,0.060669936
62,3,1,2.029751301,1,0.991403937,0.060058445
62,3,2,1.46353209,1.000000715,0.981555164,0.116464287
62,3,3,1.041710019,1,0.991164386,0.065261967
62,3,4,3.644673586,1,0.991652429,0.010650732
62,3,5,2.851316452,1,0.992857993,0.032956485
62,3,6,1.744543314,1.000000477,0.98018533,0.159078091
62,3,7,1.505690336,1.000000238,0.989115655,0.108400352
62,3,8,1.561323285,1.000000477,0.982670426,0.118753687
62,3,9,1.698138833,1,0.992334962,0.075337678
62,3,10,1.863310218,1,0.99134773,0.156843439
62,3,11,1.84506619,1.000000358,0.98852247,0.106157638
62,4,0,1.310051322,1.000000119,0.916612864,0.067028366
62,4,1,1.662568331,1,0.918515444,0.064993367
62,4,2,2.39630723,1,0.91539824,0.015814809
62,4,3,1.604833007,1.000000119,0.916669428,0.071333177
62,4,4,3.228819609,1,0.917382002,0.045080461
62,4,5,1.45936656,1,0.915456951,0.061941862
62,4,6,2.112174034,1,0.9172768,0.046067461
62,4,7,1.886889219,1.000000477,0.920885623,0.471649528
62,4,8,3.571398735,1,0.91829592,0.015402145
62,4,9,2.013692617,1,0.91795218,0.037020434
62,4,10,3.46058917,1,0.916556358,0.015301528
62,4,11,0.012461093,1.000027299,0.151876017,0.004383774
62,5,0,1.763362527,1,0.9970783,0.011504265
62,5,1,0.363730043,1,0.996538162,0.004471397
62,5,2,1.508787394,1,0.997048318,0.023514507
62,5,3,2.414388895,1.000000119,0.992854536,0.036651075
62,5,4,1.568609476,1,0.997000873,0.055485573
62,5,5,1.995133758,1,0.997152686,0.01218983
62,5,6,0.719680965,1,0.996761262,0.024990613
62,5,7,1.10340333,1,0.996818125,0.04122065
62,5,8,1.183685064,1,0.996947527,0.027793396
62,5,9,2.717251539,1,0.997389197,0.007879984
62,5,10,3.591123104,1.000000358,0.979959488,0.033332236
62,5,11,2.924314976,1,0.997073114,0.123033188
62,6,0,1.908020139,1.000000119,0.995318592,0.039518766
62,6,1,0.839355469,1,0.99788481,0.022342602
62,6,2,3.644735813,1,0.997505903,0.013929836
62,6,3,1.734534502,1,0.998378158,0.017721958
62,6,4,3.409196615,1.000000119,0.995475411,0.018790774
62,6,5,1.784404397,1,0.998446524,0.061115284
62,6,6,2.977812052,1,0.998508692,0.078269288
62,6,7,2.410021067,1,0.997371852,0.040624641
62,6,8,1.331661105,1,0.998395145,0.0288349
62,6,9,0.860509098,1,0.997853279,0.005620572
62,6,10,3.208612919,1,0.998151839,0.010199523
62,6,11,1.679847598,1,0.998039782,0.044281773
62,7,0,1.108154297,1,0.999058366,0.026183365
62,7,1,2.563460827,1,0.998827934,0.012056228
62,7,2,0.606586874,1,0.998965979,0.003810101
62,7,3,1.579779625,1,0.999273539,0.04653671
62,7,4,1.006932735,1,0.999136031,0.015295999
62,7,5,2.851798534,1.000000119,0.996411562,0.024897322
62,7,6,3.177408457,1,0.998859823,0.011204596
62,7,7,1.658973336,1,0.999189973,0.011423754
62,7,8,1.440616131,1,0.998578668,0.035187379
62,7,9,1.619986415,1,0.999102652,0.031417701
62,7,10,1.021528363,1,0.999057174,0.00457061
62,7,11,2.07250905,1,0.999182165,0.007732289
62,8,0,3.42399478,1,0.995482385,0.02755042
62,8,1,1.151298881,1,0.994807601,0.007574995
62,8,2,4.482694149,1.000000834,0.965396702,0.013543356
62,8,3,2.463028669,1,0.99574244,0.020194933
62,8,4,1.348149419,1,0.995379806,0.052561395
62,8,5,2.051774025,1,0.995096564,0.040730242
62,8,6,1.961601734,1,0.995455742,0.016878756
62,8,7,1.32051158,1,0.99513489,0.056022819
62,8,8,2.592660189,1,0.994451463,0.026373329
62,8,9,2.494125128,1,0.995688379,0.027874133
62,8,10,2.51087451,1,0.996027529,0.068021044
62,8,11,2.168183565,1,0.994990885,0.015140926
62,9,0,2.249981403,1,0.996700346,0.023716807
62,9,1,1.969054341,1,0.998089015,0.010370874
62,9,2,2.512809038,1,0.996472359,0.015120502
62,9,3,1.707663774,1,0.997269273,0.044000965
62,9,4,1.767707705,1,0.998297274,0.012446672
62,9,5,2.370340586,1,0.998464346,0.032326136
62,9,6,1.288378716,1,0.998239517,0.004474296
62,9,7,2.103264093,1,0.998282075,0.01754313
62,9,8,2.998128891,1,0.99426198,0.011255879
62,9,9,1.560827136,1,0.998326123,0.005501053
62,9,10,1.244252205,1,0.99807626,0.039396584
62,9,11,2.516984701,1,0.996636212,0.00698059
62,10,0,2.273321152,1,0.994933307,0.008353939
62,10,1,1.592613339,1,0.99678266,0.007142663
62,10,2,2.213206768,1,0.996658146,0.009589108
62,10,3,3.102870703,1.000000238,0.986747682,0.012520854
62,10,4,3.284397602,1,0.993743956,0.023024989
62,10,5,1.081981301,1,0.996543825,0.02709496
62,10,6,2.166922808,1,0.996394098,0.010714202
62,10,7,3.108562231,1,0.994990528,0.028721157
62,10,8,2.15261507,1,0.996882021,0.012020991
62,10,9,1.375227571,1,0.996805191,0.066387929
62,10,10,1.666059375,1,0.997063637,0.006505742
62,10,11,1.875246644,1,0.996761739,0.027320387
62,11,0,4.76271534,1.000002861,0.843859851,0.02844868
62,11,1,3.087146282,1,0.903538942,0.017464638
62,11,2,2.492758036,1,0.900101662,0.008569968
62,11,3,2.540754795,1,0.903080761,0.03060629
62,11,4,4.075824261,1.000000238,0.908056438,0.016810887
62,11,5,2.073212624,1,0.899579763,0.009957903
62,11,6,1.885304689,1,0.898975611,0.005783661
62,11,7,2.82327199,1,0.903005183,0.017565578
62,11,8,3.754172325,1.00001967,0.113797493,0.095400602
62,11,9,1.83538866,1,0.899136007,0.00653567
62,11,10,3.047241926,1,0.907221198,0.047352511
62,11,11,2.99435854,1.000000119,0.906731784,0.040380791
63,0,0,4.243276119,1.000017047,0.746572435,0.019075861
63,0,1,0.646014333,1.000030041,0.799910188,0.787884533
63,0,2,4.622887135,1.000012159,0.782542467,0.035690479
63,0,3,0.501329482,1.000029802,0.792190194,0.839503169
63,0,4,1.359725356,1.000026226,0.779762626,0.538954616
63,0,5,1.790334344,1.000021338,0.740273297,0.452606142
63,0,6,4.188475132,1.000020027,0.698501766,0.032415625
63,0,7,1.981924057,1.00002718,0.755299747,0.171089575
63,0,8,4.230128288,1.000023484,0.776080072,0.062295698
63,0,9,4.599907398,1.000018001,0.838671625,0.024706498
63,0,10,4.183689117,1.000024557,0.869680762,0.148278624
63,0,11,5.353280067,1.00001359,0.729086637,0.00796678
63,1,0,2.413651228,1.000026584,0.716875792,0.111783437
63,1,1,2.729919195,1.00002265,0.71781522,0.093118683
63,1,2,4.731464386,1.000017166,0.65330404,0.027778285
63,1,3,4.244697094,1.000001192,0.677507937,0.036215894
63,1,4,3.757604122,1.000009894,0.80532974,0.069746159
63,1,5,4.372020245,1.000014901,0.830422819,0.100512333
63,1,6,4.629106522,1.000009775,0.800673485,0.026806673
63,1,7,4.963553429,1.000012159,0.815079629,0.019362222
63,1,8,5.28229332,1.000004172,0.792569339,0.010178575
63,1,9,5.324695587,1.000006318,0.765686393,0.007371487
63,1,10,4.411640167,1.000013113,0.603507102,0.041799512
63,1,11,1.958401918,1.000026226,0.755626082,0.585656583
63,2,0,2.503401995,1.000001669,0.86325115,0.112099051
63,2,1,4.245366096,1.000000358,0.825456262,0.008944607
63,2,2,1.150497913,1.000014067,0.807818055,0.123871967
63,2,3,1.870265722,1.000009418,0.803099871,0.135874555
63,2,4,1.832538962,1.000000119,0.834243357,0.091562688
63,2,5,1.808462381,1.000007391,0.843467355,0.1339515
63,2,6,2.937862158,1.000006437,0.803804576,0.084133767
63,2,7,2.727735281,1,0.804207444,0.033571072
63,2,8,1.842251062,1.000004649,0.856419504,0.111533053
63,2,9,1.752775431,1.000006795,0.826169252,0.135604963
63,2,10,3.14080739,1.000027657,0.536477983,0.12180502
63,2,11,3.091747046,1.000000238,0.848367333,0.101915605
63,3,0,2.885439396,1,0.991058707,0.082891792
63,3,1,2.031968117,1.000000119,0.991498709,0.069238953
63,3,2,1.404344678,1.000000596,0.977874041,0.121653162
63,3,3,1.063254833,1,0.990979195,0.071702659
63,3,4,3.946844101,1,0.991797268,0.017742947
63,3,5,2.688787222,1,0.992334425,0.034041718
63,3,6,1.723434329,1.000000596,0.983126283,0.168778926
63,3,7,1.453162789,1.000000358,0.985921264,0.116537035
63,3,8,1.535953879,1.000000477,0.983861685,0.131283686
63,3,9,1.658105969,1,0.991995096,0.078207172
63,3,10,1.875259399,1,0.990942061,0.165899783
63,3,11,1.800568938,1.000000119,0.991522968,0.101010747
63,4,0,1.304070234,1,0.916670978,0.067417778
63,4,1,1.668139338,1.000000119,0.918711603,0.073286526
63,4,2,2.489256144,1,0.914898276,0.018081274
63,4,3,1.655384779,1.000000119,0.91721344,0.075085506
63,4,4,3.412058115,1,0.917469382,0.053870045
63,4,5,1.470117569,1,0.914992154,0.066125609
63,4,6,2.209167957,1,0.917573154,0.055309612
63,4,7,1.835740089,1.000000596,0.918209314,0.505352199
63,4,8,3.20809412,1,0.91593796,0.019424258
63,4,9,2.013195753,1,0.917397261,0.043721594
63,4,10,3.082478762,1,0.914485395,0.012377406
63,4,11,0.009030348,1.000029325,0.151903912,0.004179527
63,5,0,1.666813731,1,0.997243524,0.013756633
63,5,1,0.422516614,1,0.996741116,0.004044312
63,5,2,1.469901085,1,0.997155726,0.022572182
63,5,3,2.395392895,1.000000119,0.991871059,0.039931823
63,5,4,1.542889357,1,0.997236431,0.056312494
63,5,5,2.195731401,1,0.996915638,0.014511984
63,5,6,0.698643029,1,0.996837854,0.025735769
63,5,7,1.000483155,1,0.996890068,0.035029657
63,5,8,1.137492299,1,0.996997654,0.028447142
63,5,9,3.167432308,1,0.997601092,0.011185437
63,5,10,3.879044533,1.000000358,0.983884394,0.032344762
63,5,11,2.897273064,1,0.997325838,0.137904257
63,6,0,1.858037353,1.000000119,0.995337725,0.0420141
63,6,1,0.8491413,1,0.997815132,0.024079518
63,6,2,3.644488335,1,0.997746289,0.01337252
63,6,3,1.970276117,1,0.998475432,0.02416008
63,6,4,3.529576778,1,0.996976256,0.018814877
63,6,5,1.941611171,1,0.998527884,0.071525499
63,6,6,3.24032402,1,0.998270392,0.098126963
63,6,7,2.546639681,1.000000119,0.997459412,0.041349113
63,6,8,1.377546906,1,0.998322129,0.029383048
63,6,9,1.109762549,1,0.997927427,0.00562898
63,6,10,2.864378691,1,0.998207271,0.013310595
63,6,11,1.764961243,1,0.99772048,0.050696433
63,7,0,1.017906427,1,0.998891652,0.026855288
63,7,1,3.191077471,1.000000119,0.996344984,0.014238314
63,7,2,0.80864501,1,0.998961031,0.005285243
63,7,3,1.657152772,1,0.999145091,0.054670017
63,7,4,1.039695501,1,0.999003828,0.016891122
63,7,5,2.490715504,1,0.998686969,0.020425741
63,7,6,3.491872072,1,0.998751402,0.013133777
63,7,7,1.632537127,1,0.999087334,0.013187823
63,7,8,1.327036142,1,0.998669684,0.029872186
63,7,9,1.622346044,1,0.998893678,0.038675968
63,7,10,1.65766263,1,0.998819768,0.006830635
63,7,11,1.845356345,1,0.999091148,0.007550012
63,8,0,3.381086349,1,0.996545613,0.031158373
63,8,1,1.550020933,1,0.996539712,0.009794857
63,8,2,4.174393177,1.000000358,0.98200947,0.012927
63,8,3,2.852661371,1,0.99676156,0.022243105
63,8,4,1.148240209,1,0.996506631,0.040892329
63,8,5,2.016466618,1,0.995826542,0.039955094
63,8,6,1.910339952,1,0.996747375,0.020787641
63,8,7,1.173408985,1,0.996537209,0.049824245
63,8,8,2.923173904,1,0.99304086,0.029650357
63,8,9,2.531161785,1,0.997064054,0.028712988
63,8,10,2.549292803,1,0.997225821,0.07378538
63,8,11,1.969014883,1,0.996434212,0.012877111
63,9,0,2.750951529,1,0.997245967,0.017532296
63,9,1,2.320093393,1,0.99782294,0.011423655
63,9,2,2.770702124,1,0.996732473,0.011122967
63,9,3,1.653375149,1,0.997482061,0.044924151
63,9,4,2.493559837,1,0.998414218,0.011783789
63,9,5,2.392913103,1,0.998428285,0.029027198
63,9,6,2.24550581,1,0.997847736,0.005584138
63,9,7,2.052987337,1,0.998170912,0.022136768
63,9,8,2.250306368,1,0.998497963,0.005480855
63,9,9,2.552185059,1,0.997002661,0.008611445
63,9,10,1.112063885,1,0.997959733,0.033902962
63,9,11,2.339869022,1,0.996127129,0.006100091
63,10,0,2.706869602,1,0.991728365,0.007423404
63,10,1,2.763755322,1,0.989876986,0.012265623
63,10,2,3.244312048,1.000000238,0.989795625,0.011376509
63,10,3,3.21204257,1.000000358,0.983169317,0.013654743
63,10,4,3.47312212,1.000000238,0.988842607,0.02147904
63,10,5,1.156796455,1,0.991090715,0.0289359
63,10,6,2.363093376,1,0.992204905,0.007469409
63,10,7,3.595598459,1.000000358,0.986067951,0.020417936
63,10,8,3.026090622,1,0.991936624,0.01339071
63,10,9,1.354897022,1,0.991630912,0.059719589
63,10,10,2.785616636,1,0.991052628,0.009064707
63,10,11,2.611486197,1.000000119,0.989635468,0.027224584
63,11,0,4.929305077,1.000005126,0.799740374,0.024964532
63,11,1,2.976955891,1,0.894013047,0.011179179
63,11,2,2.956120014,1,0.89400351,0.007739189
63,11,3,2.605212212,1,0.893972933,0.024977567
63,11,4,4.183191776,1.000000358,0.898665965,0.014453253
63,11,5,3.207038879,1.000000119,0.895352125,0.013225216
63,11,6,2.641405106,1,0.892815053,0.00831521
63,11,7,3.220061541,1,0.896535337,0.014804237
63,11,8,3.721489906,1.000022531,0.134992555,0.12009903
63,11,9,2.735018969,1,0.893553019,0.007981712
63,11,10,3.433096409,1.000000119,0.90201205,0.036675077
63,11,11,3.405871391,1.000000119,0.899645627,0.029313061
64,0,0,4.422302723,1.000017166,0.799759626,0.021929298
64,0,1,0.567907393,1.000031829,0.806892216,0.822662532
64,0,2,4.589549541,1.000014067,0.789434195,0.040090736
64,0,3,0.452038258,1.00003159,0.790386915,0.840786695
64,0,4,1.246287823,1.000028372,0.779638886,0.555301189
64,0,5,1.583014011,1.000024796,0.752626956,0.540664732
64,0,6,4.268807888,1.000022411,0.726127684,0.028137473
64,0,7,1.866545916,1.000028253,0.745299876,0.165734053
64,0,8,4.267220497,1.000023961,0.789014459,0.058031958
64,0,9,4.623318672,1.000017881,0.844545364,0.020959301
64,0,10,4.222443581,1.000024557,0.876107812,0.154135659
64,0,11,5.42021513,1.000014424,0.728313982,0.007592718
64,1,0,2.320937872,1.000028014,0.720912337,0.106901653
64,1,1,2.70173192,1.000022173,0.70443815,0.093749814
64,1,2,4.754462242,1.000017166,0.676983774,0.026216989
64,1,3,4.295834064,1.000001311,0.695318997,0.035201084
64,1,4,3.768968821,1.000010729,0.816335618,0.068503931
64,1,5,4.556348801,1.000011921,0.838897109,0.085590862
64,1,6,4.496587276,1.000010848,0.83176446,0.034399554
64,1,7,4.900950909,1.000012517,0.837392628,0.021057904
64,1,8,5.333200455,1.000003815,0.799600363,0.009630048
64,1,9,5.39437294,1.000006557,0.78000164,0.007303829
64,1,10,4.441380978,1.000014186,0.602797687,0.04119049
64,1,11,1.729841948,1.000028014,0.765165865,0.649146795
64,2,0,2.55804801,1.000001073,0.881987154,0.104671806
64,2,1,4.774629593,1.000001311,0.85947001,0.010124926
64,2,2,1.139628887,1.000004292,0.887590349,0.124187216
64,2,3,1.910872459,1.000007749,0.834376514,0.131843477
64,2,4,1.775612116,1.000000119,0.864028692,0.087719783
64,2,5,1.854958653,1.000003815,0.878232241,0.133940443
64,2,6,2.847679138,1.000007272,0.786763608,0.079507701
64,2,7,2.659920216,1,0.83667618,0.032539316
64,2,8,1.868174553,1.000002503,0.889077783,0.104186274
64,2,9,1.78993845,1.000003457,0.867675185,0.126637533
64,2,10,3.142672062,1.000029087,0.514961481,0.122666635
64,2,11,3.131207228,1.000000358,0.878567338,0.104450248
64,3,0,2.939548254,1,0.992927969,0.059735354
64,3,1,1.987493992,1.000000119,0.992080152,0.060324807
64,3,2,1.403352141,1.000000715,0.980537474,0.109385155
64,3,3,0.972160935,1,0.99263519,0.059610069
64,3,4,3.937201977,1,0.993442178,0.010333152
64,3,5,2.824002743,1,0.994367063,0.034655701
64,3,6,1.776098728,1.000000358,0.98672694,0.154838815
64,3,7,1.482741117,1.000000119,0.991604447,0.114950374
64,3,8,1.569210768,1.000000477,0.988358438,0.11442367
64,3,9,1.609285712,1,0.993844271,0.0708948
64,3,10,1.819124937,1,0.992891729,0.155497074
64,3,11,1.785769582,1.000000119,0.991485059,0.096067011
64,4,0,1.22178185,1,0.916274488,0.061119519
64,4,1,1.65095377,1.000000119,0.918070436,0.062700242
64,4,2,2.345527172,1,0.915048361,0.015865924
64,4,3,1.609225035,1.000000119,0.917025208,0.067950502
64,4,4,3.189644814,1,0.916441381,0.038768515
64,4,5,1.446589947,1,0.915323675,0.057718471
64,4,6,2.094129324,1,0.916770577,0.043784101
64,4,7,1.890399575,1.000000596,0.919562578,0.481714487
64,4,8,3.65682745,1,0.917958498,0.01526643
64,4,9,1.912917614,1,0.917218208,0.03708278
64,4,10,3.481621265,1,0.916104257,0.012819015
64,4,11,0.009731517,1.000029206,0.139245138,0.004169455
64,5,0,1.889576077,1,0.996820211,0.010918329
64,5,1,0.387823015,1,0.996368587,0.00408606
64,5,2,1.420014739,1,0.99678725,0.02006519
64,5,3,2.366052866,1.000000119,0.993729949,0.036705647
64,5,4,1.514702439,1,0.996758223,0.0528442
64,5,5,2.213169813,1,0.996858776,0.011180998
64,5,6,0.65551424,1,0.996523261,0.02338068
64,5,7,1.038635135,1,0.996627212,0.040278394
64,5,8,1.115305066,1,0.996699274,0.026647327
64,5,9,3.039040089,1,0.997230709,0.007519577
64,5,10,3.796692133,1.000000477,0.976183295,0.031853855
64,5,11,3.018109798,1,0.996994257,0.108877733
64,6,0,1.804152966,1,0.996955097,0.031611141
64,6,1,0.624330521,1,0.997892976,0.017628381
64,6,2,3.58652091,1,0.997991562,0.013211463
64,6,3,1.728545666,1,0.998410463,0.018437844
64,6,4,3.712272406,1.000000119,0.992186546,0.017816382
64,6,5,1.764860392,1,0.998437643,0.061952744
64,6,6,3.126121521,1,0.998476982,0.075769894
64,6,7,2.333960533,1,0.997988105,0.041085511
64,6,8,1.284264445,1,0.998337328,0.028207894
64,6,9,0.924164474,1,0.997957826,0.005507306
64,6,10,3.507963419,1,0.997986197,0.009491247
64,6,11,1.566151738,1,0.998149335,0.046948329
64,7,0,1.06347394,1,0.998910189,0.027129894
64,7,1,2.840437412,1,0.998395026,0.011571248
64,7,2,0.810712397,1,0.998995721,0.004065648
64,7,3,1.590496063,1,0.999252677,0.044048134
64,7,4,0.908423007,1,0.999118865,0.015212801
64,7,5,2.863298655,1,0.997712731,0.02644711
64,7,6,3.453392029,1,0.998663962,0.01078156
64,7,7,1.741268396,1,0.999199688,0.007253996
64,7,8,1.410228491,1,0.998668134,0.039946619
64,7,9,1.509375811,1,0.999114633,0.029549992
64,7,10,1.14408803,1,0.999082625,0.006281945
64,7,11,2.20044136,1,0.998876512,0.007666881
64,8,0,3.34879303,1,0.997454703,0.020458501
64,8,1,1.343198419,1,0.997216046,0.007510148
64,8,2,4.385009289,1.000000358,0.981536329,0.009914467
64,8,3,2.431311131,1,0.997631252,0.018778704
64,8,4,1.268094897,1,0.997427881,0.054980043
64,8,5,2.004326344,1,0.996983349,0.04092342
64,8,6,1.990855932,1,0.997521996,0.016146939
64,8,7,1.274900198,1,0.997142732,0.052735824
64,8,8,2.449176788,1,0.997391105,0.02544076
64,8,9,2.564687729,1,0.997675538,0.029692555
64,8,10,2.54075861,1,0.997762859,0.062713645
64,8,11,1.948490262,1,0.997090399,0.012209116
64,9,0,2.452680588,1,0.997128427,0.022607327
64,9,1,2.189562798,1,0.997436106,0.0101455
64,9,2,2.513940334,1,0.997509778,0.015353649
64,9,3,1.620816469,1,0.997083247,0.044734746
64,9,4,2.064540863,1,0.997837126,0.00974548
64,9,5,2.420868874,1,0.997931242,0.027747523
64,9,6,1.737508416,1,0.997822762,0.004651691
64,9,7,1.988170147,1,0.997815669,0.018016631
64,9,8,2.643109083,1,0.994838297,0.009134187
64,9,9,1.920679688,1,0.997895658,0.005403834
64,9,10,1.167351365,1,0.997618735,0.038803618
64,9,11,2.875309706,1.000000119,0.98669219,0.006105676
64,10,0,2.480221033,1.000000119,0.991662621,0.008150971
64,10,1,2.024264574,1,0.995830953,0.007493178
64,10,2,2.522205591,1,0.993893027,0.008629714
64,10,3,3.115863085,1.000000238,0.988270044,0.011185569
64,10,4,3.205543995,1,0.995182633,0.017874407
64,10,5,1.002722621,1,0.995940149,0.024703287
64,10,6,2.421861172,1,0.996217012,0.009987579
64,10,7,3.124059439,1,0.996265233,0.026014837
64,10,8,2.554236889,1,0.996376574,0.010429737
64,10,9,1.34401989,1,0.996194839,0.058872849
64,10,10,1.968391299,1,0.996447504,0.006003425
64,10,11,2.161445141,1,0.996125042,0.03319823
64,11,0,4.753973007,1.000001311,0.891797006,0.02616881
64,11,1,2.954200029,1,0.907871783,0.015474111
64,11,2,2.780836105,1.000000119,0.900643408,0.006917589
64,11,3,2.141604662,1,0.905972838,0.022800859
64,11,4,4.121705532,1.000000238,0.909852445,0.014204171
64,11,5,2.290201902,1,0.905623794,0.00975049
64,11,6,2.41779089,1,0.906121194,0.006004157
64,11,7,2.376790524,1,0.905997515,0.011159723
64,11,8,3.898356438,1.000022173,0.100671895,0.091557011
64,11,9,1.987403154,1,0.905276299,0.005891066
64,11,10,3.020718575,1,0.910580575,0.035250414
64,11,11,2.852695942,1,0.909769595,0.035279915
65,0,0,4.452340603,1.000017524,0.801103413,0.019761607
65,0,1,0.651723981,1.000030518,0.805761874,0.788912892
65,0,2,4.566764832,1.000012636,0.795851469,0.041898619
65,0,3,0.457710803,1.000030756,0.791315675,0.836535811
65,0,4,1.246018529,1.000028014,0.791188836,0.582460821
65,0,5,1.786480308,1.000023842,0.752315104,0.490602076
65,0,6,4.218421936,1.000020742,0.710409105,0.02927712
65,0,7,1.882842779,1.000027776,0.747363448,0.17282401
65,0,8,4.210145473,1.000023961,0.797371507,0.06080965
65,0,9,4.623560429,1.000017524,0.843948305,0.022594467
65,0,10,4.218125343,1.000024557,0.875709355,0.151079804
65,0,11,5.398446083,1.000014901,0.735649824,0.007562747
65,1,0,2.357249498,1.000028133,0.705114126,0.108066887
65,1,1,2.7134161,1.000022054,0.702384591,0.095979035
65,1,2,4.741461754,1.000017405,0.668347597,0.026786951
65,1,3,4.268312931,1.000001192,0.685152411,0.035742871
65,1,4,3.751609564,1.000010014,0.809603751,0.069812171
65,1,5,4.473903656,1.000012517,0.832187057,0.092002034
65,1,6,4.489483356,1.000009775,0.80661869,0.034061495
65,1,7,4.899213791,1.000012875,0.825926542,0.019625634
65,1,8,5.314074516,1.000004053,0.792784929,0.009539041
65,1,9,5.374964714,1.000007153,0.774499834,0.007200814
65,1,10,4.428201675,1.000013351,0.603215635,0.0415604
65,1,11,1.801250458,1.000026464,0.751100898,0.626912475
65,2,0,2.51306057,1.000001431,0.872950137,0.107097939
65,2,1,4.782080173,1.000001431,0.856829405,0.011407506
65,2,2,1.116595507,1.000006557,0.867320299,0.124717087
65,2,3,1.889441609,1.000007153,0.830827892,0.133918136
65,2,4,1.732123613,1.000000238,0.855065942,0.091566846
65,2,5,1.819086075,1.000004292,0.867732406,0.137233943
65,2,6,2.793783426,1.000008464,0.776052535,0.079315409
65,2,7,2.671131611,1,0.825762808,0.0329578
65,2,8,1.870275259,1.000002742,0.882489979,0.112248592
65,2,9,1.76617229,1.000004292,0.855751276,0.128837705
65,2,10,3.126903296,1.000028253,0.5209921,0.123383336
65,2,11,3.105251312,1.000000358,0.867957175,0.104252137
65,3,0,2.977820873,1,0.991998255,0.062912397
65,3,1,1.976295471,1,0.992394984,0.06639535
65,3,2,1.40719223,1.000000477,0.981051028,0.106323533
65,3,3,0.991071343,1,0.992019475,0.062893763
65,3,4,4.039754868,1.000000119,0.992921114,0.011602777
65,3,5,2.770879269,1,0.99394232,0.03255688
65,3,6,1.761707306,1.000000358,0.984799564,0.153829291
65,3,7,1.456442356,1.000000358,0.990484774,0.116460182
65,3,8,1.571703911,1.000000358,0.986543894,0.123867616
65,3,9,1.620013237,1,0.993333995,0.073421046
65,3,10,1.816894531,1,0.992302716,0.161045805
65,3,11,1.821051002,1.000000119,0.991517127,0.098599583
65,4,0,1.290521502,1,0.916410685,0.056495383
65,4,1,1.626661062,1,0.918367803,0.066547409
65,4,2,2.384927511,1,0.914864004,0.016450323
65,4,3,1.63166976,1.000000238,0.916799724,0.070680149
65,4,4,3.302137375,1,0.916832983,0.041525867
65,4,5,1.502742171,1,0.915641189,0.061072323
65,4,6,2.140746355,1,0.916950762,0.047935285
65,4,7,1.906363368,1.000000596,0.919517934,0.48204422
65,4,8,3.632725,1,0.917553008,0.014944626
65,4,9,1.927845716,1,0.916922212,0.036189422
65,4,10,3.472180605,1,0.916123927,0.012541099
65,4,11,0.009571374,1.000027895,0.143625781,0.004011187
65,5,0,2.141867399,1,0.994494498,0.011872182
65,5,1,0.508138299,1,0.99381882,0.004074507
65,5,2,1.446821451,1,0.99437052,0.020245414
65,5,3,2.325608492,1,0.991369665,0.036131822
65,5,4,1.505603194,1,0.994234443,0.051672719
65,5,5,2.354817152,1,0.994216383,0.011742632
65,5,6,0.653217614,1,0.993862331,0.023367198
65,5,7,0.977766156,1,0.994051039,0.038120449
65,5,8,1.121941686,1,0.994049847,0.028895022
65,5,9,3.42737174,1,0.995054245,0.008207968
65,5,10,3.91395998,1.000000954,0.952377915,0.028839976
65,5,11,2.987917662,1,0.994818449,0.115674667
65,6,0,1.853313446,1.000000119,0.995896399,0.035637219
65,6,1,0.711216211,1,0.997761905,0.020782238
65,6,2,3.788222551,1,0.997168005,0.013382929
65,6,3,1.811598539,1,0.99831003,0.018197957
65,6,4,3.646226168,1.000000119,0.994880259,0.019806737
65,6,5,1.84112072,1,0.998376608,0.069394678
65,6,6,3.252708197,1,0.998349607,0.080008507
65,6,7,2.416212559,1,0.997833312,0.042277686
65,6,8,1.291773677,1,0.998236597,0.028206788
65,6,9,1.265059233,1,0.997969449,0.006220606
65,6,10,3.393277407,1,0.997978449,0.009937721
65,6,11,1.62764883,1,0.997961819,0.049591158
65,7,0,1.057837844,1,0.998735964,0.025624968
65,7,1,3.01251483,1,0.996516466,0.013538516
65,7,2,1.024355054,1,0.998842776,0.004388006
65,7,3,1.599806786,1,0.999034703,0.049636714
65,7,4,0.872412503,1,0.998833895,0.013166911
65,7,5,2.776976824,1,0.997122049,0.023971338
65,7,6,3.545498133,1,0.998579085,0.011584472
65,7,7,1.968367696,1,0.999007821,0.012111371
65,7,8,1.346555233,1,0.998755097,0.029390721
65,7,9,1.525862813,1,0.998936892,0.033929497
65,7,10,1.542120576,1,0.998895466,0.007766011
65,7,11,2.250458241,1,0.998930693,0.007726818
65,8,0,3.444997549,1,0.997443974,0.023722783
65,8,1,1.784852505,1,0.997606456,0.008491428
65,8,2,4.259969711,1.000000238,0.984763086,0.01021409
65,8,3,2.517205954,1,0.997738481,0.018755879
65,8,4,1.224648714,1,0.997603834,0.051421218
65,8,5,1.974549174,1,0.997364998,0.037981126
65,8,6,2.316337109,1,0.997836292,0.016447728
65,8,7,1.321006417,1,0.997247159,0.055291045
65,8,8,2.437545061,1,0.997633994,0.025789239
65,8,9,2.536477566,1,0.997852147,0.027597405
65,8,10,2.520665884,1,0.99798584,0.065043315
65,8,11,2.101093531,1,0.99752444,0.012681355
65,9,0,2.596278429,1,0.996334493,0.025626766
65,9,1,2.365816593,1,0.996757746,0.010021082
65,9,2,2.835050344,1,0.996482611,0.017010786
65,9,3,1.674628496,1,0.997025907,0.043827612
65,9,4,2.196433306,1,0.997825027,0.010772609
65,9,5,2.549705505,1,0.997874975,0.033057317
65,9,6,1.984859943,1,0.997725666,0.00558592
65,9,7,1.99770546,1,0.997643113,0.017602384
65,9,8,2.750172615,1,0.99513191,0.00887554
65,9,9,2.271113634,1,0.997599542,0.007401426
65,9,10,1.112649798,1,0.99751097,0.035799503
65,9,11,2.986626148,1.000000119,0.990304947,0.006240971
65,10,0,2.813780546,1.000000238,0.990220428,0.009783202
65,10,1,2.260147333,1,0.994075775,0.009002797
65,10,2,2.433559895,1,0.993995488,0.007172638
65,10,3,3.35294652,1.000000238,0.981022775,0.013753359
65,10,4,3.282459259,1.000000119,0.993841231,0.018100837
65,10,5,1.00345397,1,0.994490266,0.026058977
65,10,6,2.142018795,1,0.994585633,0.007498434
65,10,7,3.087985992,1,0.995232403,0.026056862
65,10,8,2.775838137,1,0.994820535,0.010567173
65,10,9,1.419640899,1,0.994919181,0.064306423
65,10,10,2.220730066,1,0.994659483,0.006760682
65,10,11,2.330221891,1,0.994610071,0.035353024
65,11,0,4.787611485,1.000001669,0.881386995,0.025368914
65,11,1,3.06228447,1,0.906863451,0.013643785
65,11,2,3.03973341,1.000000119,0.904529035,0.00822169
65,11,3,2.523018122,1,0.905807674,0.025912978
65,11,4,3.995902777,1.000000119,0.909473181,0.013898687
65,11,5,2.520100594,1,0.904721677,0.011091174
65,11,6,2.301208496,1,0.903760016,0.006048389
65,11,7,3.124945164,1,0.907065392,0.018340012
65,11,8,3.777534008,1.000020981,0.111312389,0.098311417
65,11,9,2.275113583,1,0.904204547,0.007363285
65,11,10,3.028687477,1.000000119,0.910321951,0.039534744
65,11,11,2.909585953,1.000000119,0.908227324,0.032950968
66,0,0,4.450202465,1.000016332,0.791773438,0.018607901
66,0,1,0.605015159,1.00003171,0.803255439,0.801973045
66,0,2,4.56944561,1.000013232,0.794049203,0.045838829
66,0,3,0.453668863,1.000030637,0.792740762,0.84593457
66,0,4,1.229236841,1.000028729,0.793789089,0.582355917
66,0,5,1.716615319,1.00002265,0.746430337,0.525575638
66,0,6,4.217943668,1.000021338,0.705796778,0.031736769
66,0,7,1.896367431,1.000028849,0.745103061,0.17042248
66,0,8,4.239047527,1.000025034,0.797097921,0.060194716
66,0,9,4.624597549,1.00001967,0.847546518,0.022458736
66,0,10,4.219988823,1.000025392,0.876675367,0.151752174
66,0,11,5.404091358,1.000013709,0.729032338,0.007540677
66,1,0,2.378062725,1.000028014,0.715402842,0.108786859
66,1,1,2.722106934,1.000021815,0.703214288,0.096948661
66,1,2,4.743874073,1.000017405,0.669371188,0.026780659
66,1,3,4.268857002,1.000001073,0.687038481,0.035658423
66,1,4,3.74872303,1.000010371,0.813273966,0.070080929
66,1,5,4.477729797,1.000013471,0.831712544,0.087869756
66,1,6,4.545035839,1.000009537,0.819933355,0.03700494
66,1,7,4.892759323,1.000012994,0.834020436,0.020933561
66,1,8,5.321160316,1.000004292,0.794356704,0.009305287
66,1,9,5.374172211,1.000006557,0.77400589,0.007178071
66,1,10,4.434650421,1.000013828,0.60510236,0.041548118
66,1,11,1.911690593,1.000027537,0.758261859,0.610521495
66,2,0,2.574188232,1.000001431,0.880633712,0.104978196
66,2,1,4.81276083,1.000001073,0.865424931,0.010184406
66,2,2,1.154418588,1.000004292,0.884468615,0.130901054
66,2,3,1.959576845,1.000006437,0.850744843,0.134486422
66,2,4,1.766116738,1.000000358,0.862976313,0.094014525
66,2,5,1.812491775,1.000004053,0.865590513,0.139670476
66,2,6,2.830445051,1.000007629,0.780015767,0.080978423
66,2,7,2.67779088,1,0.833871245,0.033342406
66,2,8,1.896098375,1.000002742,0.886066258,0.110282622
66,2,9,1.793495774,1.000003815,0.863509774,0.12880519
66,2,10,3.130862713,1.000028849,0.510919034,0.125566423
66,2,11,3.116961241,1.000000238,0.875688195,0.105135001
66,3,0,3.064127684,1,0.993251085,0.058730487
66,3,1,1.991615534,1.000000119,0.993216276,0.059691165
66,3,2,1.4417454,1.000000477,0.986276209,0.109604858
66,3,3,1.00924623,1,0.992989779,0.066234872
66,3,4,3.945978165,1,0.993724823,0.010171297
66,3,5,2.772805929,1,0.994544268,0.032904871
66,3,6,1.753258586,1.000000477,0.984989345,0.155029774
66,3,7,1.48835206,1.000000238,0.99136281,0.119903296
66,3,8,1.556751966,1.000000238,0.987094462,0.117773458
66,3,9,1.636413217,1,0.993843853,0.070954002
66,3,10,1.83509624,1,0.993335485,0.160295591
66,3,11,1.817482471,1.000000119,0.991381049,0.103705585
66,4,0,1.294740081,1.000000119,0.91632849,0.056675971
66,4,1,1.622514129,1,0.91833055,0.063221455
66,4,2,2.232756376,1,0.915030837,0.015357124
66,4,3,1.616187096,1,0.917060852,0.065104313
66,4,4,3.298243999,1,0.917305768,0.040429704
66,4,5,1.462085128,1,0.915758193,0.05515492
66,4,6,2.086509943,1,0.916999221,0.045944061
66,4,7,1.899684429,1.000000358,0.920738161,0.461300135
66,4,8,3.418341875,1,0.917222023,0.013395261
66,4,9,1.905042887,1,0.91708982,0.036919095
66,4,10,3.520298719,1,0.916436911,0.012871341
66,4,11,0.009837269,1.000029325,0.137359962,0.003835917
66,5,0,1.899121046,1,0.99629122,0.00970857
66,5,1,0.392603785,1,0.995917141,0.003702143
66,5,2,1.405456424,1,0.996265769,0.021712523
66,5,3,2.308589458,1,0.994510233,0.035482962
66,5,4,1.463635325,1,0.996240556,0.048809797
66,5,5,2.040295601,1,0.996341288,0.010360391
66,5,6,0.671814859,1,0.996031404,0.024272958
66,5,7,0.968310177,1,0.996014357,0.035741713
66,5,8,1.112401128,1,0.99619925,0.027434437
66,5,9,2.944481611,1,0.996673584,0.008052479
66,5,10,3.679850101,1.000000596,0.968140543,0.030169485
66,5,11,2.98349309,1,0.996255338,0.119495794
66,6,0,1.857026935,1,0.99602598,0.035244573
66,6,1,0.739324629,1,0.998030305,0.021071125
66,6,2,3.655457497,1,0.997319639,0.01419171
66,6,3,1.527222514,1,0.998354554,0.015965018
66,6,4,3.405781031,1,0.994931936,0.016100433
66,6,5,1.675867915,1,0.998467088,0.062547699
66,6,6,3.171493292,1,0.998441279,0.07519953
66,6,7,2.278604507,1,0.997559488,0.043948609
66,6,8,1.22178328,1,0.998352587,0.027518719
66,6,9,0.930228174,1,0.998075306,0.005349409
66,6,10,3.412931919,1,0.998013556,0.009708058
66,6,11,1.560499787,1,0.998075247,0.043584537
66,7,0,1.083632588,1,0.999181926,0.02599786
66,7,1,2.075977325,1,0.999299109,0.007596621
66,7,2,0.778612792,1,0.999387324,0.003865467
66,7,3,1.393405795,1,0.999522805,0.042348731
66,7,4,0.837131679,1,0.999436557,0.013521878
66,7,5,2.703773737,1,0.997933745,0.021447605
66,7,6,3.126271725,1,0.999254405,0.010189663
66,7,7,1.896121502,1,0.999455273,0.010887583
66,7,8,1.345848322,1,0.99915123,0.036511879
66,7,9,1.303246856,1,0.999451578,0.024859628
66,7,10,0.891334593,1,0.999383569,0.004619398
66,7,11,2.224066973,1,0.999392927,0.007266304
66,8,0,3.391296625,1,0.997566462,0.023253171
66,8,1,1.452066302,1,0.997584343,0.007634054
66,8,2,4.293250561,1.000000358,0.983761072,0.011288106
66,8,3,1.734350562,1,0.99769038,0.016012754
66,8,4,1.242615581,1,0.997658491,0.056761477
66,8,5,1.905503511,1,0.997708559,0.040157087
66,8,6,2.199178219,1,0.99785769,0.016114399
66,8,7,1.374491572,1,0.997228205,0.059297577
66,8,8,2.193004847,1,0.997530222,0.026433943
66,8,9,2.30362606,1,0.997895062,0.030968646
66,8,10,2.342866421,1,0.997997224,0.059528984
66,8,11,2.042180538,1,0.997251749,0.016479371
66,9,0,2.001335144,1,0.998225987,0.020038443
66,9,1,2.011923313,1,0.998018026,0.01006439
66,9,2,2.004886389,1,0.998265803,0.013764208
66,9,3,1.662721395,1,0.997404337,0.047994681
66,9,4,1.622369528,1,0.998395503,0.009848065
66,9,5,2.180936337,1,0.998446822,0.028913416
66,9,6,1.347313881,1,0.998379469,0.00468951
66,9,7,1.707889915,1,0.998305857,0.015687523
66,9,8,2.72552371,1.000000119,0.988373816,0.0094375
66,9,9,1.394916296,1,0.998370707,0.005481186
66,9,10,1.163740039,1,0.998217344,0.03436638
66,9,11,2.590047836,1,0.996592939,0.006266135
66,10,0,2.283607483,1,0.996781111,0.010295196
66,10,1,1.662656903,1,0.998377442,0.007980045
66,10,2,1.765154958,1,0.998114824,0.007864695
66,10,3,3.083710432,1,0.99653548,0.014301975
66,10,4,2.99193716,1,0.997943282,0.016640864
66,10,5,0.957200646,1,0.998130739,0.023181781
66,10,6,1.761487603,1,0.998356998,0.008250059
66,10,7,3.031196117,1,0.997332752,0.02858438
66,10,8,2.250975847,1,0.996342719,0.009840195
66,10,9,1.289410353,1,0.998268366,0.060150206
66,10,10,1.569207311,1,0.998042047,0.006191799
66,10,11,2.15433526,1,0.997885346,0.038201712
66,11,0,4.859201908,1.000001669,0.879875779,0.026676208
66,11,1,2.642127752,1,0.906580925,0.015223471
66,11,2,2.792159081,1.000000119,0.905664623,0.00948038
66,11,3,2.505341768,1,0.907555938,0.030525753
66,11,4,3.757475376,1.000000119,0.910039008,0.014147527
66,11,5,2.264661789,1,0.905618727,0.010419077
66,11,6,1.881320953,1,0.904822767,0.006626945
66,11,7,2.645017624,1,0.90694505,0.017188709
66,11,8,3.87057519,1.000021696,0.102169491,0.100946568
66,11,9,1.914965034,1,0.904640377,0.007048103
66,11,10,3.064527988,1,0.910666883,0.040058561
66,11,11,2.821084976,1,0.909558237,0.031580407
67,0,0,4.364909172,1.000017285,0.783236921,0.019642111
67,0,1,0.577313721,1.000030756,0.802333832,0.815009475
67,0,2,4.587303638,1.000012398,0.78756541,0.043000817
67,0,3,0.431169361,1.000030756,0.783902764,0.843699932
67,0,4,1.266298056,1.00002861,0.787121058,0.579158604
67,0,5,1.676137567,1.000022888,0.755667269,0.519464314
67,0,6,4.221970558,1.000020504,0.708296239,0.035524879
67,0,7,1.951588631,1.000027657,0.743018508,0.172010362
67,0,8,4.161923409,1.000023484,0.791211128,0.062548876
67,0,9,4.614764214,1.000017047,0.839492738,0.022979356
67,0,10,4.207191467,1.000024557,0.873554409,0.150572732
67,0,11,5.383545876,1.000014544,0.723907113,0.007604414
67,1,0,2.354186058,1.000026584,0.70642817,0.104401872
67,1,1,2.728964567,1.000021815,0.701661527,0.093187362
67,1,2,4.746105194,1.000016809,0.658906996,0.026627567
67,1,3,4.267858505,1.000001073,0.682052672,0.035860319
67,1,4,3.760634661,1.00001061,0.806785226,0.068490818
67,1,5,4.37684536,1.000013232,0.819485247,0.09027601
67,1,6,4.500884533,1.000010371,0.80211395,0.032952357
67,1,7,4.885611534,1.000013113,0.822468758,0.019754168
67,1,8,5.3027215,1.000004292,0.789630532,0.010183902
67,1,9,5.338402271,1.000006795,0.765295565,0.007598921
67,1,10,4.427733421,1.000012994,0.604504645,0.041357301
67,1,11,1.802669644,1.000027776,0.748778522,0.632528484
67,2,0,2.522046089,1.000001788,0.878647268,0.103562295
67,2,1,4.66411972,1.000000834,0.858874261,0.00948664
67,2,2,1.146714926,1.000005245,0.878645897,0.1223737
67,2,3,1.934259892,1.000005126,0.859760463,0.128750145
67,2,4,1.698180914,1.000000119,0.858297288,0.086296365
67,2,5,1.809595585,1.000004649,0.861644745,0.136127919
67,2,6,2.85088563,1.000007391,0.776492715,0.079129957
67,2,7,2.683763504,1,0.831370413,0.03332518
67,2,8,1.853736639,1.000002503,0.884133756,0.106473379
67,2,9,1.804540038,1.000004292,0.864727616,0.128587082
67,2,10,3.134912491,1.000028968,0.488743037,0.122950546
67,2,11,3.10257411,1.000000358,0.873083472,0.105125591
67,3,0,2.909920692,1,0.992949426,0.066172376
67,3,1,1.986300945,1,0.992840588,0.058338188
67,3,2,1.439768195,1.000000358,0.986214399,0.110694878
67,3,3,0.979732156,1,0.992750168,0.062963404
67,3,4,3.963759899,1,0.993274331,0.011102795
67,3,5,2.837690115,1,0.994443297,0.036236089
67,3,6,1.749997139,1.000000358,0.986173272,0.152582988
67,3,7,1.475486636,1.000000238,0.991220713,0.113711528
67,3,8,1.534145832,1.000000358,0.986963212,0.123619027
67,3,9,1.620757222,1,0.993919194,0.082555957
67,3,10,1.809628963,1,0.993004978,0.154245615
67,3,11,1.767435789,1.000000119,0.991271973,0.096983828
67,4,0,1.22927928,1,0.915910661,0.057678204
67,4,1,1.600265861,1.000000119,0.917452216,0.062589906
67,4,2,2.321464062,1,0.914722681,0.016177226
67,4,3,1.678316832,1.000000119,0.916699648,0.068128593
67,4,4,3.263899326,1,0.916835546,0.043319505
67,4,5,1.461270571,1,0.915626168,0.057905171
67,4,6,2.176228285,1,0.917439461,0.050005872
67,4,7,1.87597239,1.000000358,0.920199811,0.485469133
67,4,8,3.719340801,1,0.918148637,0.016099896
67,4,9,1.967246532,1,0.917457223,0.039750487
67,4,10,3.261871815,1,0.915454626,0.012321541
67,4,11,0.009791511,1.000027537,0.143881261,0.003619466
67,5,0,2.133561134,1,0.992941797,0.012733844
67,5,1,0.408823431,1,0.99207443,0.004497955
67,5,2,1.468350291,1,0.992771566,0.019664666
67,5,3,2.36908555,1.000000119,0.989029109,0.03666091
67,5,4,1.500971198,1,0.992755294,0.051093005
67,5,5,2.426827669,1,0.992870748,0.014386157
67,5,6,0.65630734,1,0.992182791,0.022445166
67,5,7,1.007313251,1,0.992360055,0.0384905
67,5,8,1.239619851,1,0.992580771,0.029637866
67,5,9,3.44632411,1,0.993539453,0.008973862
67,5,10,3.86604166,1.000001192,0.935757875,0.030655216
67,5,11,2.883119583,1,0.993292987,0.128956899
67,6,0,1.879990578,1.000000119,0.993235946,0.037341841
67,6,1,0.879901946,1,0.997829437,0.024219319
67,6,2,3.681994915,1,0.997622728,0.014271793
67,6,3,1.924237013,1,0.998316705,0.020018479
67,6,4,3.482826471,1,0.996439755,0.018058486
67,6,5,1.832357764,1,0.998311222,0.065905467
67,6,6,3.243131161,1,0.998269796,0.079800457
67,6,7,2.487931728,1,0.99717176,0.043622047
67,6,8,1.330864072,1,0.998242915,0.028354535
67,6,9,1.202052593,1,0.997892976,0.00757125
67,6,10,3.313398838,1,0.997926474,0.009171134
67,6,11,1.650022149,1,0.9980492,0.051753908
67,7,0,1.033896565,1,0.998897374,0.026033705
67,7,1,3.054796696,1,0.996542513,0.015882425
67,7,2,0.788163841,1,0.998847008,0.005100823
67,7,3,1.655195355,1,0.999108911,0.048656166
67,7,4,0.946136057,1,0.998936713,0.015902452
67,7,5,2.68987155,1,0.998015046,0.024451366
67,7,6,3.426207781,1,0.998799384,0.011394767
67,7,7,1.828832507,1,0.999038279,0.011921399
67,7,8,1.435948372,1,0.998500764,0.03057762
67,7,9,1.61668849,1,0.99883914,0.032638267
67,7,10,1.504394293,1,0.99901861,0.007509855
67,7,11,2.077079535,1,0.998949647,0.007089595
67,8,0,3.360315561,1,0.997445822,0.025638176
67,8,1,1.537959337,1,0.99708879,0.009949682
67,8,2,4.307226181,1.000000358,0.98209089,0.011411372
67,8,3,2.610510588,1,0.997290194,0.019542335
67,8,4,1.165339351,1,0.997172356,0.049159251
67,8,5,1.952091575,1,0.996879041,0.040023115
67,8,6,2.19625473,1,0.997393191,0.018514631
67,8,7,1.234439731,1,0.997159779,0.051262282
67,8,8,2.596738577,1,0.9959535,0.02829512
67,8,9,2.45773983,1,0.997454107,0.026722597
67,8,10,2.435497761,1,0.997621953,0.065244667
67,8,11,1.814510107,1,0.997205675,0.013287719
67,9,0,2.657992125,1.000000238,0.992955804,0.023127642
67,9,1,2.315200329,1,0.997332335,0.011062183
67,9,2,2.754736185,1,0.996449828,0.01363783
67,9,3,1.654357195,1,0.997194886,0.047094285
67,9,4,2.145362139,1,0.998003066,0.011057442
67,9,5,2.4582057,1,0.998007774,0.031902365
67,9,6,1.957118392,1,0.997889578,0.005752027
67,9,7,2.029160976,1,0.997754872,0.018250503
67,9,8,2.415491343,1,0.997523367,0.00892389
67,9,9,2.255168676,1,0.997756779,0.008830259
67,9,10,1.252494812,1,0.9976089,0.047280133
67,9,11,2.563650131,1.000000238,0.992245495,0.005387782
67,10,0,2.680005312,1.000000119,0.992733777,0.010112153
67,10,1,2.297654867,1,0.9943434,0.009558333
67,10,2,2.727018118,1,0.991710126,0.009398151
67,10,3,3.243682384,1.000000477,0.981565297,0.011889113
67,10,4,3.3449893,1.000000119,0.992157757,0.019708369
67,10,5,1.159999728,1,0.994244039,0.032067455
67,10,6,1.994510412,1,0.9946118,0.006763453
67,10,7,3.236449718,1.000000119,0.994691253,0.023368653
67,10,8,2.669599056,1,0.99440825,0.011538035
67,10,9,1.475042343,1,0.994702697,0.077585891
67,10,10,2.272724867,1,0.99410367,0.00675947
67,10,11,2.422675371,1,0.993794382,0.035298731
67,11,0,4.866537094,1.000001907,0.874726117,0.023302492
67,11,1,3.548616648,1.000000119,0.907751024,0.018915419
67,11,2,2.939866304,1.000000119,0.902769983,0.009164638
67,11,3,1.8912884,1,0.901065767,0.018617775
67,11,4,4.075829983,1.000000119,0.90945375,0.014821932
67,11,5,2.844002247,1,0.903988063,0.013413767
67,11,6,2.53926158,1,0.903041482,0.007005101
67,11,7,3.045266151,1,0.904655993,0.01977402
67,11,8,3.782928705,1.000021338,0.115924403,0.10257858
67,11,9,2.347074986,1,0.902287245,0.007380781
67,11,10,3.185746908,1.000000119,0.909594774,0.042527858
67,11,11,3.209800482,1.000000119,0.909337044,0.034896508
68,0,0,4.446603775,1.000018239,0.79362607,0.018084917
68,0,1,0.568596661,1.000031829,0.806082964,0.822093785
68,0,2,4.672216415,1.000014544,0.799805641,0.038080893
68,0,3,0.430442274,1.000030994,0.787401915,0.830549121
68,0,4,1.245161653,1.000028133,0.775474906,0.546976507
68,0,5,1.626853943,1.000023961,0.75605011,0.525563538
68,0,6,4.288664818,1.000021338,0.714527667,0.032557931
68,0,7,1.918510556,1.000028491,0.752835512,0.167505518
68,0,8,4.277052879,1.000023961,0.782498956,0.057904404
68,0,9,4.640021801,1.00001812,0.848877668,0.022493884
68,0,10,4.225871086,1.000025868,0.876144409,0.153354213
68,0,11,5.415260315,1.000014544,0.726043701,0.007390261
68,1,0,2.337566614,1.000027299,0.702561319,0.106611244
68,1,1,2.709818125,1.000022411,0.699173152,0.08998467
68,1,2,4.74927187,1.000016928,0.676685095,0.026289448
68,1,3,4.297404289,1.000001431,0.690193117,0.035290465
68,1,4,3.757189751,1.000011206,0.810718,0.068419486
68,1,5,4.488888264,1.000012636,0.832167983,0.089655243
68,1,6,4.459659576,1.00000906,0.80536741,0.031496555
68,1,7,4.976881504,1.000012279,0.828971326,0.019475382
68,1,8,5.331866264,1.000004888,0.796031952,0.009299471
68,1,9,5.385350704,1.000006199,0.771817803,0.006879854
68,1,10,4.449183464,1.000013709,0.607325733,0.040862117
68,1,11,1.658188462,1.000028253,0.754684448,0.661054552
68,2,0,2.546079874,1.000001431,0.866881013,0.107606336
68,2,1,4.742074013,1.000000596,0.846487761,0.009466251
68,2,2,1.139908791,1.000008345,0.862881303,0.122973092
68,2,3,1.930186629,1.000007629,0.827087939,0.131619811
68,2,4,1.719452381,1.000000238,0.844228387,0.085055947
68,2,5,1.805681229,1.000006318,0.852623999,0.134356022
68,2,6,2.886696577,1.000008702,0.75151521,0.080409244
68,2,7,2.651218891,1,0.812704802,0.032219324
68,2,8,1.886035204,1.000003815,0.87362045,0.107811034
68,2,9,1.747817278,1.000006437,0.834744513,0.124844335
68,2,10,3.141947508,1.000029564,0.522803843,0.121385835
68,2,11,3.128747463,1.000000358,0.858656645,0.103161231
68,3,0,2.934540033,1,0.99190104,0.058969706
68,3,1,2.042492628,1.000000119,0.991485059,0.05770053
68,3,2,1.415666699,1.000000477,0.979785204,0.109661065
68,3,3,0.982917368,1,0.991413474,0.06102708
68,3,4,3.995493889,1,0.992270529,0.009578951
68,3,5,2.743031025,1,0.993288934,0.033553425
68,3,6,1.77680409,1.000000477,0.982096732,0.145197749
68,3,7,1.482897401,1.000000358,0.989858449,0.110667065
68,3,8,1.579548478,1.000000358,0.98547554,0.117144503
68,3,9,1.645110965,1,0.992729545,0.073794179
68,3,10,1.813448191,1,0.991699815,0.155140966
68,3,11,1.82521081,1.000000119,0.990944088,0.101287723
68,4,0,1.260265231,1,0.915610313,0.058854751
68,4,1,1.711089015,1.000000119,0.918194175,0.06474264
68,4,2,2.532502174,1,0.915146291,0.016395394
68,4,3,1.627590418,1.000000119,0.916083395,0.066522919
68,4,4,3.236509562,1,0.916191518,0.040508177
68,4,5,1.453896284,1,0.914858282,0.052526303
68,4,6,2.156833887,1,0.916634798,0.045493122
68,4,7,1.934179783,1.000000596,0.918817878,0.474591106
68,4,8,3.648782253,1,0.917408884,0.016787378
68,4,9,1.942442894,1,0.916750491,0.038526487
68,4,10,3.277663469,1,0.914846003,0.011018995
68,4,11,0.011419459,1.000028372,0.143253714,0.003279625
68,5,0,1.967656016,1,0.995253921,0.010436005
68,5,1,0.401584566,1,0.994696021,0.004021508
68,5,2,1.447557807,1,0.995153427,0.019067962
68,5,3,2.381229877,1,0.99143225,0.034225877
68,5,4,1.526536345,1,0.995164275,0.051034026
68,5,5,2.384888411,1,0.995149255,0.012895546
68,5,6,0.692915678,1,0.994883478,0.025986828
68,5,7,1.008286119,1,0.994969368,0.038385045
68,5,8,1.147729278,1,0.995079756,0.028660754
68,5,9,3.32903409,1,0.995830297,0.007937641
68,5,10,3.797460556,1.000000834,0.961062074,0.032084841
68,5,11,2.932290316,1,0.995592177,0.117649436
68,6,0,1.839778185,1.000000119,0.995198429,0.035836678
68,6,1,0.75598079,1,0.997548699,0.021868782
68,6,2,3.754041672,1,0.99691236,0.013280502
68,6,3,1.751242876,1,0.99810636,0.017509868
68,6,4,3.658248186,1.000000238,0.992964983,0.019579081
68,6,5,1.874794126,1,0.998223543,0.064199559
68,6,6,3.162949562,1,0.998197496,0.076720558
68,6,7,2.328411579,1,0.997755826,0.039840728
68,6,8,1.345879436,1,0.997982919,0.027797734
68,6,9,1.031927586,1,0.997606993,0.005744816
68,6,10,3.287379026,1,0.997877836,0.008887246
68,6,11,1.663378358,1,0.997595012,0.053507663
68,7,0,1.060300827,1,0.998826981,0.026612958
68,7,1,3.115003347,1,0.997225404,0.012529634
68,7,2,0.859363914,1,0.998975754,0.003835075
68,7,3,1.680982113,1,0.999242365,0.052535225
68,7,4,0.977335751,1,0.999076784,0.014688554
68,7,5,2.751923084,1,0.997887373,0.023001049
68,7,6,3.426141739,1,0.998783052,0.010822748
68,7,7,1.579170346,1,0.999145329,0.008257807
68,7,8,1.365036726,1,0.998911083,0.033661786
68,7,9,1.617768168,1,0.999041915,0.037199091
68,7,10,1.270468593,1,0.999004722,0.007413901
68,7,11,2.049499989,1,0.999082744,0.006884886
68,8,0,3.407501459,1,0.99729079,0.023488699
68,8,1,1.395577669,1,0.997027814,0.007302153
68,8,2,4.349537849,1.000000477,0.98108691,0.012599813
68,8,3,2.505321503,1,0.997357607,0.017967466
68,8,4,1.232925892,1,0.997250617,0.053231288
68,8,5,2.037228823,1,0.996567786,0.04144159
68,8,6,1.973674655,1,0.997410715,0.015206022
68,8,7,1.263260484,1,0.997031569,0.051367946
68,8,8,2.371060133,1,0.99707675,0.025849972
68,8,9,2.344206095,1,0.997449815,0.025690742
68,8,10,2.487532139,1,0.997651517,0.062111344
68,8,11,1.901768088,1,0.997187018,0.010238703
68,9,0,2.616170168,1.000000119,0.994718909,0.022510426
68,9,1,2.377722979,1,0.997219682,0.010498735
68,9,2,2.728404284,1,0.995900333,0.012973212
68,9,3,1.665534616,1,0.99703145,0.04675702
68,9,4,2.172105551,1,0.997804821,0.010292294
68,9,5,2.750673294,1,0.997928083,0.03231043
68,9,6,1.981760502,1,0.997451425,0.004712308
68,9,7,2.130969524,1,0.997775495,0.020458169
68,9,8,2.526775837,1,0.997627318,0.006929732
68,9,9,2.23503685,1,0.997831881,0.005622945
68,9,10,1.205281496,1,0.997535527,0.03992689
68,9,11,2.726704121,1.000000119,0.991208673,0.006998927
68,10,0,2.629567623,1.000000238,0.98813647,0.006099985
68,10,1,2.280584812,1,0.993605375,0.00738742
68,10,2,2.791565895,1.000000119,0.990627646,0.008800738
68,10,3,3.244096279,1.000000358,0.985154152,0.009718349
68,10,4,3.617402077,1.000000238,0.988173485,0.02372553
68,10,5,1.092116475,1,0.99323386,0.027846577
68,10,6,2.420456886,1,0.993850529,0.006934684
68,10,7,3.072372437,1,0.994264245,0.021265801
68,10,8,2.802369595,1,0.99374944,0.01172057
68,10,9,1.476208687,1,0.993778229,0.06865111
68,10,10,2.125252485,1,0.994729578,0.005420937
68,10,11,2.324654102,1,0.994181991,0.033434451
68,11,0,4.875393867,1.000002742,0.857469976,0.023508016
68,11,1,3.110928059,1,0.903217852,0.013460128
68,11,2,2.831112623,1.000000238,0.899398386,0.007882067
68,11,3,2.403925419,1,0.901571691,0.027489087
68,11,4,4.15008831,1.000000238,0.908490419,0.013227036
68,11,5,2.915848255,1,0.901865363,0.010609639
68,11,6,2.302271843,1,0.900794268,0.005671625
68,11,7,2.967446566,1,0.902610362,0.017332779
68,11,8,3.762302637,1.000020862,0.118170649,0.098718643
68,11,9,2.620564222,1,0.9013111,0.007247773
68,11,10,3.144184589,1,0.907789469,0.043399341
68,11,11,3.057596922,1.000000119,0.906443357,0.03607434
69,0,0,4.414046288,1.000018001,0.805040002,0.021282597
69,0,1,0.615819454,1.000029683,0.806840956,0.803970218
69,0,2,4.622145653,1.000011921,0.790908217,0.038710725
69,0,3,0.442404896,1.000029683,0.78053546,0.823495209
69,0,4,1.225820065,1.000028491,0.788049638,0.590452075
69,0,5,1.66383636,1.000023127,0.755593657,0.512273014
69,0,6,4.275575638,1.000022531,0.735942304,0.029723702
69,0,7,1.909778476,1.000028253,0.754730761,0.170047686
69,0,8,4.179228306,1.000023484,0.806401968,0.061259694
69,0,9,4.624834061,1.000016809,0.841959417,0.021693457
69,0,10,4.220341206,1.000024676,0.878067791,0.153138474
69,0,11,5.389073372,1.000014067,0.729209661,0.00751574
69,1,0,2.386156559,1.000026584,0.719224393,0.100903116
69,1,1,2.704204798,1.000021577,0.705918133,0.0976431
69,1,2,4.732114315,1.000016093,0.667988718,0.026716869
69,1,3,4.249464512,1.000001311,0.687549829,0.036137309
69,1,4,3.746010065,1.000010967,0.810239255,0.069566905
69,1,5,4.499424458,1.000012398,0.832624197,0.084885806
69,1,6,4.550280571,1.000008583,0.804729283,0.032235086
69,1,7,4.912204742,1.000012159,0.824301779,0.018882964
69,1,8,5.293593884,1.000003576,0.795782983,0.009918507
69,1,9,5.366429806,1.000006437,0.772992313,0.007142601
69,1,10,4.418376923,1.000012875,0.605568647,0.041619301
69,1,11,1.775328636,1.000027537,0.752763927,0.642575085
69,2,0,2.517267704,1.000000954,0.884151101,0.098821782
69,2,1,4.728119373,1.000001311,0.858098567,0.009480369
69,2,2,1.120731354,1.000006557,0.877328336,0.128162682
69,2,3,1.90628624,1.000004053,0.868142545,0.135950252
69,2,4,1.735829473,1.000000119,0.8638677,0.081160694
69,2,5,1.806013107,1.000003934,0.871761084,0.137669116
69,2,6,2.774590015,1.000006199,0.793489695,0.079110056
69,2,7,2.681004524,1,0.842555642,0.033076853
69,2,8,1.823637128,1.000001907,0.892584085,0.10856954
69,2,9,1.784605861,1.000003815,0.8680107,0.124876082
69,2,10,3.11814785,1.00002861,0.487335771,0.124471903
69,2,11,3.085307598,1.000000358,0.881486833,0.1058404
69,3,0,2.989279985,1,0.994122922,0.065342441
69,3,1,1.890341878,1.000000119,0.994234622,0.064943373
69,3,2,1.419614553,1.000000238,0.989048958,0.114548117
69,3,3,0.946059048,1,0.994335711,0.058243413
69,3,4,4.055056095,1,0.994413555,0.009916207
69,3,5,2.568223953,1,0.995463431,0.032884885
69,3,6,1.734703779,1.000000238,0.989841521,0.152992949
69,3,7,1.436602831,1.000000238,0.993121326,0.11120259
69,3,8,1.495258689,1.000000358,0.989806354,0.11607869
69,3,9,1.540060282,1,0.995139122,0.072911814
69,3,10,1.800691962,1,0.994680405,0.159780324
69,3,11,1.715945244,1.000000119,0.994183004,0.092336588
69,4,0,1.189186692,1,0.916392863,0.062744983
69,4,1,1.518198729,1.000000119,0.917479932,0.062058166
69,4,2,1.93211782,1,0.913765311,0.013735694
69,4,3,1.590090871,1.000000119,0.917568803,0.078006595
69,4,4,3.348631382,1,0.917206407,0.042971332
69,4,5,1.374417186,1,0.91525501,0.061191712
69,4,6,2.113574505,1,0.917182386,0.045841329
69,4,7,1.865166187,1.000000477,0.919395208,0.483957738
69,4,8,3.664215565,1,0.917646229,0.013185494
69,4,9,1.897986054,1,0.917144418,0.039881174
69,4,10,3.305146217,1,0.915612757,0.011602449
69,4,11,0.0092942,1.000027537,0.140241802,0.003798708
69,5,0,2.227468967,1,0.995881259,0.00909726
69,5,1,0.474251479,1,0.99519217,0.00372226
69,5,2,1.386371613,1,0.995692968,0.018623373
69,5,3,2.306062937,1.000000119,0.99229151,0.036973588
69,5,4,1.395779729,1,0.995635271,0.048235133
69,5,5,2.386131525,1,0.995459616,0.01215506
69,5,6,0.63423115,1,0.995205104,0.022393815
69,5,7,0.893452942,1,0.995325029,0.03620363
69,5,8,1.086853743,1,0.995422542,0.028788218
69,5,9,3.420817137,1,0.996245563,0.008286291
69,5,10,4.061300278,1.000000715,0.965464175,0.034845121
69,5,11,2.927411556,1,0.996004105,0.112457819
69,6,0,1.791928768,1.000000119,0.996383667,0.039587684
69,6,1,0.756395578,1,0.998187423,0.022971483
69,6,2,3.660746574,1,0.997803092,0.012439534
69,6,3,1.914204955,1,0.998697698,0.019997638
69,6,4,3.539341927,1,0.996703744,0.015844693
69,6,5,1.795334935,1,0.998692572,0.066067219
69,6,6,3.33681345,1,0.998458087,0.07281024
69,6,7,2.425863266,1,0.99774909,0.043911617
69,6,8,1.290095687,1,0.998562276,0.027727639
69,6,9,1.204040408,1,0.998271406,0.00553251
69,6,10,2.955408573,1,0.998549879,0.006635048
69,6,11,1.610581994,1,0.998034477,0.051170506
69,7,0,1.010398507,1,0.998822808,0.026205409
69,7,1,3.163627625,1,0.995910466,0.011994311
69,7,2,0.991944194,1,0.998856485,0.003757409
69,7,3,1.656799197,1,0.999064624,0.046502508
69,7,4,0.955897033,1,0.998902261,0.014301418
69,7,5,2.729447603,1,0.997978985,0.022472091
69,7,6,3.632183313,1,0.998591006,0.010043783
69,7,7,1.910615444,1,0.999028742,0.00921303
69,7,8,1.353478551,1,0.998696685,0.039331917
69,7,9,1.606224895,1,0.998865545,0.033212986
69,7,10,1.63629508,1,0.99891907,0.006729543
69,7,11,2.235235453,1,0.999027848,0.006673877
69,8,0,3.22799921,1,0.997561514,0.020020021
69,8,1,1.603361487,1,0.997213542,0.008679622
69,8,2,4.324018478,1.000000358,0.983456016,0.010919426
69,8,3,2.562911987,1,0.99759084,0.018372471
69,8,4,1.122207642,1,0.997250557,0.049165901
69,8,5,1.948192954,1,0.996562958,0.03664992
69,8,6,2.19351697,1,0.997519255,0.013352823
69,8,7,1.17303884,1,0.997097433,0.052004337
69,8,8,2.797955751,1,0.99511838,0.030023562
69,8,9,2.642095804,1,0.997580349,0.029955795
69,8,10,2.499160767,1,0.997689664,0.063635856
69,8,11,1.801188946,1,0.99722141,0.010944951
69,9,0,2.836773634,1.000000119,0.994339883,0.02309363
69,9,1,2.525851965,1,0.997312129,0.009366504
69,9,2,3.224290371,1.000000119,0.995081902,0.013586895
69,9,3,1.622454643,1,0.997250199,0.040299281
69,9,4,2.510663986,1,0.998158872,0.01111419
69,9,5,2.79467082,1,0.998211086,0.026789436
69,9,6,2.317236662,1,0.997954369,0.004845741
69,9,7,2.150746107,1,0.997975945,0.019621685
69,9,8,2.518726349,1,0.997989595,0.006312859
69,9,9,2.605610371,1,0.996746957,0.006152324
69,9,10,1.14705801,1,0.997698069,0.042193182
69,9,11,2.612209558,1,0.997460306,0.004338359
69,10,0,2.994629622,1.000000119,0.989043593,0.008048307
69,10,1,2.630628109,1,0.993824422,0.008467715
69,10,2,2.565581083,1,0.99531275,0.006517251
69,10,3,3.369661093,1.000000358,0.980281055,0.009096392
69,10,4,3.421007872,1,0.993185639,0.015058612
69,10,5,1.064669013,1,0.993947804,0.026933687
69,10,6,2.33158946,1.000000119,0.993303359,0.005474781
69,10,7,3.174505949,1.000000119,0.993708789,0.02070892
69,10,8,2.873695135,1,0.994160414,0.010464823
69,10,9,1.31686604,1,0.994463563,0.068217926
69,10,10,2.374650955,1,0.993749976,0.006466723
69,10,11,2.392293453,1,0.994460702,0.032005474
69,11,0,4.855259418,1.000001669,0.88617605,0.022213334
69,11,1,3.592025042,1.000000119,0.908706248,0.013425849
69,11,2,2.951142311,1,0.906269014,0.007425487
69,11,3,2.05375433,1,0.903365135,0.017072907
69,11,4,4.158829689,1.000000119,0.911053658,0.014850562
69,11,5,2.916058064,1,0.906109989,0.010308087
69,11,6,2.632174253,1,0.903563142,0.005647154
69,11,7,3.030574322,1,0.906682968,0.016803686
69,11,8,3.921232939,1.000021338,0.109828539,0.08521121
69,11,9,2.673429728,1,0.90549159,0.006361584
69,11,10,3.168076277,1,0.910507023,0.042234655
69,11,11,3.180156946,1.000000119,0.909717739,0.036461271
70,0,0,4.372951984,1.000014901,0.786735117,0.020436315
70,0,1,0.666288793,1.000027299,0.800417662,0.782810748
70,0,2,4.471417427,1.000011325,0.796250761,0.050755616
70,0,3,0.473688185,1.000027657,0.788886309,0.837920666
70,0,4,1.243799686,1.000025272,0.790244281,0.578064144
70,0,5,1.720643878,1.000021696,0.754556477,0.51890558
70,0,6,4.158611298,1.000019431,0.712084234,0.032743018
70,0,7,1.918859959,1.00002563,0.746879339,0.174953043
70,0,8,4.159322262,1.000022292,0.786344171,0.059539661
70,0,9,4.593047619,1.000015497,0.840961397,0.023431033
70,0,10,4.192550182,1.000022173,0.875659704,0.145818055
70,0,11,5.24787569,1.000013351,0.728757441,0.008811557
70,1,0,2.411079884,1.000025392,0.706864417,0.113073431
70,1,1,2.680273771,1.00001967,0.691720366,0.095766298
70,1,2,4.653516293,1.000015497,0.622891188,0.02937646
70,1,3,4.128400803,1.000001073,0.669882953,0.038231399
70,1,4,3.73802495,1.000007868,0.796803415,0.069898285
70,1,5,4.320670128,1.000012875,0.817625582,0.091080427
70,1,6,4.366605759,1.000009298,0.790390372,0.032200385
70,1,7,4.787717819,1.000011563,0.814734876,0.021460494
70,1,8,5.178571224,1.000004292,0.783528924,0.010629565
70,1,9,5.143687248,1.000005364,0.743176401,0.008206079
70,1,10,4.361150265,1.00001204,0.576510489,0.042333767
70,1,11,1.897750616,1.000025034,0.743160307,0.6052953
70,2,0,2.435543537,1.000001431,0.870388925,0.109420449
70,2,1,4.488938332,1.000000954,0.84843272,0.011316542
70,2,2,1.145565391,1.000008583,0.858447671,0.131273255
70,2,3,1.932697415,1.000005841,0.846638501,0.139226452
70,2,4,1.712734103,1.000000119,0.848262072,0.095857121
70,2,5,1.762638211,1.000006557,0.848976552,0.13843213
70,2,6,2.823109865,1.000008464,0.762476146,0.083180539
70,2,7,2.79650116,1,0.82132268,0.03518685
70,2,8,1.847506285,1.000003695,0.875042975,0.113106854
70,2,9,1.748344898,1.000004649,0.843677163,0.131440297
70,2,10,3.096741676,1.000026107,0.535502195,0.126286805
70,2,11,2.945111036,1.000000358,0.856782973,0.105549738
70,3,0,2.9317348,1,0.991363943,0.070133418
70,3,1,1.971303105,1.000000119,0.991255522,0.065752126
70,3,2,1.440253258,1.000000596,0.984629214,0.125450954
70,3,3,1.039545178,1,0.991027892,0.073211364
70,3,4,3.818644285,1,0.991856992,0.011588282
70,3,5,2.804259062,1,0.992856801,0.03716556
70,3,6,1.703068137,1.000000358,0.982154846,0.157951042
70,3,7,1.429304361,1.000000477,0.98595643,0.123160958
70,3,8,1.533193231,1.000000358,0.982879877,0.133249253
70,3,9,1.68752718,1,0.992143035,0.082688503
70,3,10,1.843842268,1,0.991186202,0.16289264
70,3,11,1.795966983,1.000000238,0.988622606,0.103989668
70,4,0,1.249779701,1.000000119,0.916189551,0.060327649
70,4,1,1.588270187,1.000000119,0.918497443,0.065808915
70,4,2,2.189967155,1,0.914882839,0.014775156
70,4,3,1.581668258,1.000000119,0.917301357,0.070787527
70,4,4,3.295207739,1,0.917901278,0.043480285
70,4,5,1.455309749,1,0.915920436,0.05727255
70,4,6,2.101023912,1,0.917713404,0.05014633
70,4,7,1.838797688,1.000000477,0.920302331,0.482515991
70,4,8,3.519703388,1,0.918640316,0.017497975
70,4,9,1.935625076,1,0.917537153,0.037184749
70,4,10,3.425914288,1,0.917048633,0.016365046
70,4,11,0.011028926,1.000026822,0.151604652,0.004622589
70,5,0,1.931449771,1,0.995538294,0.011005579
70,5,1,0.395657063,1,0.994903564,0.0047567
70,5,2,1.478078723,1,0.995398104,0.02173103
70,5,3,2.332551479,1.000000119,0.992429793,0.035731025
70,5,4,1.509998441,1,0.995429456,0.052185714
70,5,5,2.183395863,1,0.995521367,0.014307568
70,5,6,0.711196721,1,0.995159686,0.02731283
70,5,7,1.019025683,1,0.995246291,0.035585765
70,5,8,1.169307709,1,0.995328009,0.028866319
70,5,9,2.965021372,1,0.995974302,0.009593843
70,5,10,3.63830924,1.000000715,0.962691069,0.039072689
70,5,11,2.906754971,1,0.995772362,0.11460048
70,6,0,1.822763801,1,0.995839179,0.038208827
70,6,1,0.829080939,1,0.998161554,0.024379991
70,6,2,3.614376545,1.000000119,0.997672498,0.014313196
70,6,3,1.664748311,1,0.998508394,0.016695868
70,6,4,3.205180168,1,0.997019708,0.017119672
70,6,5,1.677124977,1,0.998561859,0.059908956
70,6,6,3.10938406,1,0.998523653,0.084560171
70,6,7,2.354972363,1,0.997493684,0.041948523
70,6,8,1.307173848,1,0.998489559,0.029666863
70,6,9,1.02083087,1,0.998141348,0.006518864
70,6,10,3.354895592,1,0.998043001,0.012021646
70,6,11,1.644693375,1,0.998139918,0.046717539
70,7,0,1.06622231,1,0.998874485,0.026320158
70,7,1,2.569629192,1,0.99860692,0.012553618
70,7,2,0.760151386,1,0.998920083,0.004643954
70,7,3,1.607732534,1,0.999143958,0.048864439
70,7,4,1.023795485,1,0.999058902,0.016215492
70,7,5,2.787256479,1,0.996502459,0.022721039
70,7,6,3.231467485,1,0.998947501,0.012369573
70,7,7,1.858193159,1,0.999135971,0.01543832
70,7,8,1.387176633,1,0.998162985,0.033565883
70,7,9,1.550073385,1,0.99897176,0.03224171
70,7,10,1.199847817,1,0.999016225,0.008080835
70,7,11,2.109189272,1,0.999102533,0.007514902
70,8,0,3.20938015,1,0.996575534,0.024163384
70,8,1,1.402336001,1,0.996170819,0.010390376
70,8,2,4.302225113,1.000000596,0.975455344,0.011874376
70,8,3,2.349283934,1,0.996637702,0.01978231
70,8,4,1.321276546,1,0.996332884,0.05039959
70,8,5,1.924181223,1,0.996184766,0.03865499
70,8,6,2.178319931,1,0.996690929,0.021272162
70,8,7,1.318069458,1,0.996119857,0.056012191
70,8,8,2.566603661,1,0.99526161,0.029930346
70,8,9,2.395745516,1,0.99673003,0.029167518
70,8,10,2.504477024,1,0.99690938,0.062506363
70,8,11,2.122828007,1,0.996002555,0.019158652
70,9,0,2.324339151,1,0.996946514,0.027255749
70,9,1,2.174439907,1,0.997917414,0.011982675
70,9,2,2.263722181,1,0.99801898,0.015312925
70,9,3,1.665048599,1,0.997565866,0.049127299
70,9,4,2.07033968,1,0.998390377,0.011981339
70,9,5,2.31091094,1,0.998421848,0.030180838
70,9,6,1.411411047,1,0.998380244,0.005204165
70,9,7,1.932095051,1,0.998303354,0.016853083
70,9,8,2.588489056,1,0.994915903,0.010041418
70,9,9,1.789473295,1,0.998359919,0.008560961
70,9,10,1.339990258,1,0.998076975,0.043663688
70,9,11,2.523449421,1.000000119,0.99300915,0.005989747
70,10,0,2.112067938,1,0.996551335,0.00851274
70,10,1,1.914405107,1,0.997061372,0.009315032
70,10,2,2.253204823,1,0.996234536,0.00819259
70,10,3,3.135194063,1.000000119,0.994657695,0.014559054
70,10,4,3.213537455,1.000000119,0.994616747,0.019494327
70,10,5,1.075968266,1,0.996852458,0.025407758
70,10,6,1.835365891,1,0.997138083,0.008515779
70,10,7,3.115895987,1.000000119,0.994529665,0.023178732
70,10,8,2.348553658,1,0.996981978,0.012543095
70,10,9,1.464217305,1,0.997227311,0.074784763
70,10,10,1.946722031,1,0.99685955,0.007404512
70,10,11,2.306810856,1,0.996199012,0.045519583
70,11,0,4.780561447,1.000002503,0.853384614,0.026229691
70,11,1,3.006329775,1,0.90362972,0.017377248
70,11,2,2.854459047,1.000000119,0.901375532,0.010110318
70,11,3,2.42068696,1,0.90268898,0.029780565
70,11,4,3.987747669,1.000000238,0.902617514,0.016863093
70,11,5,2.446028233,1,0.901207924,0.011929007
70,11,6,2.351780176,1,0.900858879,0.008861134
70,11,7,2.706881762,1,0.902459502,0.016641701
70,11,8,3.755788803,1.00001955,0.117068052,0.093825527
70,11,9,1.928097248,1,0.899493933,0.008015813
70,11,10,3.184049368,1.000000119,0.907508612,0.041627321
70,11,11,2.748353243,1,0.905402005,0.027408581
71,0,0,4.350559235,1.000018477,0.805159986,0.021694465
71,0,1,0.597157001,1.000030994,0.80698508,0.813299835
71,0,2,4.602955818,1.000011444,0.783155382,0.041051231
71,0,3,0.452028394,1.000029087,0.785061777,0.812340558
71,0,4,1.184547663,1.000028014,0.786799967,0.573871613
71,0,5,1.574093819,1.000024199,0.759623289,0.544188917
71,0,6,4.288632393,1.000021815,0.744336307,0.028308026
71,0,7,1.875433087,1.000027537,0.749051034,0.167622477
71,0,8,4.193237782,1.000023127,0.810588896,0.061779559
71,0,9,4.628903389,1.000017643,0.842189193,0.021719664
71,0,10,4.22769022,1.000023842,0.87862277,0.149776921
71,0,11,5.364356518,1.00001514,0.725956142,0.00797201
71,1,0,2.458902597,1.000026941,0.725175142,0.108677261
71,1,1,2.725795507,1.000022173,0.706843436,0.09420988
71,1,2,4.745336533,1.000016928,0.65612179,0.026598519
71,1,3,4.266895771,1.000001192,0.68926388,0.035795778
71,1,4,3.764910221,1.000010014,0.810503185,0.06854409
71,1,5,4.506019115,1.000012875,0.831751108,0.07873708
71,1,6,4.482029915,1.000008583,0.808085084,0.03048351
71,1,7,4.911455631,1.000012279,0.827299118,0.018402833
71,1,8,5.283116817,1.000005126,0.796308577,0.010137326
71,1,9,5.332055569,1.000006795,0.772448182,0.007432231
71,1,10,4.420981884,1.000013351,0.60200268,0.041328281
71,1,11,1.873385668,1.000027418,0.760469198,0.620680571
71,2,0,2.526021481,1.000001192,0.874880016,0.096985988
71,2,1,4.47530508,1.000000596,0.853127658,0.00896983
71,2,2,1.151830673,1.000007391,0.865410864,0.129110143
71,2,3,1.917211175,1.00000596,0.8414042,0.131973997
71,2,4,1.712909102,1.000000119,0.855559886,0.083860628
71,2,5,1.815678477,1.000004411,0.86407125,0.132876515
71,2,6,2.833361149,1.000008106,0.776182592,0.076242626
71,2,7,2.747864008,1,0.831927478,0.032851789
71,2,8,1.837993026,1.000002146,0.88215214,0.104685403
71,2,9,1.794536829,1.000004053,0.854112267,0.126547724
71,2,10,3.150555134,1.000028014,0.492682546,0.120144278
71,2,11,3.101487637,1.000000238,0.871107519,0.103313796
71,3,0,3.020528555,1,0.992758989,0.071441554
71,3,1,1.91783309,1.000000119,0.992531419,0.063313119
71,3,2,1.443639159,1.000000358,0.984646082,0.111736119
71,3,3,0.994796038,1,0.992693543,0.058529824
71,3,4,4.038727283,1,0.993442774,0.009303596
71,3,5,2.702709436,1,0.994280636,0.032329079
71,3,6,1.741327047,1.000000477,0.985611737,0.16434519
71,3,7,1.470428467,1.000000119,0.989686012,0.111264631
71,3,8,1.545060396,1.000000358,0.987987697,0.118790992
71,3,9,1.580739498,1,0.993633866,0.07363908
71,3,10,1.878151774,1,0.993208289,0.157335326
71,3,11,1.790933132,1,0.992806852,0.100743063
71,4,0,1.269201636,1,0.916166544,0.05896293
71,4,1,1.625965238,1,0.918041825,0.068314023
71,4,2,2.051547289,1,0.913784802,0.014368284
71,4,3,1.657800198,1.000000119,0.917451084,0.079408824
71,4,4,3.392935276,1,0.917078733,0.040022861
71,4,5,1.508333564,1,0.915911078,0.066339143
71,4,6,2.14386487,1,0.917127669,0.043991577
71,4,7,1.906591773,1.000000596,0.919261694,0.481272697
71,4,8,3.725015163,1,0.918002129,0.013386205
71,4,9,1.939041495,1,0.917000771,0.040553723
71,4,10,3.340375662,1,0.91572094,0.011931834
71,4,11,0.010677255,1.000029922,0.145588413,0.004124003
71,5,0,2.24001956,1,0.995250762,0.010517089
71,5,1,0.404975057,1,0.99443984,0.003965066
71,5,2,1.455210209,1,0.995121181,0.020176036
71,5,3,2.345710754,1.000000119,0.99194026,0.03690001
71,5,4,1.520611405,1,0.994991899,0.056526311
71,5,5,2.379108906,1,0.9952057,0.013550799
71,5,6,0.629997313,1,0.99457401,0.022592224
71,5,7,0.999475658,1,0.994797111,0.038460694
71,5,8,1.159307003,1,0.994857013,0.027652692
71,5,9,3.339818716,1,0.995687246,0.00758691
71,5,10,3.979863882,1.000000834,0.958836138,0.036575355
71,5,11,3.034180403,1,0.995494604,0.110462964
71,6,0,1.882319093,1,0.99606055,0.042811837
71,6,1,0.849051714,1,0.998287916,0.024778644
71,6,2,3.640403271,1,0.99779439,0.012367062
71,6,3,1.894085884,1,0.998734236,0.018723665
71,6,4,3.391160011,1,0.997555137,0.014966828
71,6,5,1.766312957,1,0.998718619,0.064315416
71,6,6,3.378565073,1,0.998484552,0.072296917
71,6,7,2.442636967,1,0.99788183,0.046648346
71,6,8,1.317266464,1,0.998665571,0.02655871
71,6,9,1.13807416,1,0.998313367,0.005915488
71,6,10,3.163493156,1,0.998544693,0.008220331
71,6,11,1.681561232,1,0.998231351,0.053953473
71,7,0,1.019274235,1,0.998872697,0.026664332
71,7,1,3.051440239,1.000000119,0.996881425,0.01459346
71,7,2,0.889206946,1,0.998970091,0.004138286
71,7,3,1.631812811,1,0.999163866,0.045917451
71,7,4,0.972759664,1,0.999037564,0.014498241
71,7,5,2.705127954,1,0.99797684,0.022511259
71,7,6,3.451511621,1,0.998948038,0.01078542
71,7,7,1.829598546,1,0.999128282,0.011932048
71,7,8,1.430761695,1,0.99876672,0.039978758
71,7,9,1.623628378,1,0.998978436,0.03187165
71,7,10,1.481868744,1,0.999063551,0.006508063
71,7,11,2.19064045,1,0.99907726,0.006015954
71,8,0,3.236212969,1,0.997401237,0.021948501
71,8,1,1.389678478,1,0.997071445,0.008842519
71,8,2,4.344799042,1.000000358,0.982451081,0.010726504
71,8,3,2.739072084,1,0.997115552,0.023364907
71,8,4,1.15050602,1,0.997137785,0.046328112
71,8,5,1.949552059,1,0.996896029,0.036832839
71,8,6,2.134910345,1,0.997462809,0.01577675
71,8,7,1.238007784,1,0.996913314,0.057055723
71,8,8,2.617970705,1,0.99572283,0.028761432
71,8,9,2.474898338,1,0.997484565,0.030702475
71,8,10,2.524451494,1,0.997659922,0.07129924
71,8,11,1.768899918,1,0.997182429,0.012114236
71,9,0,2.715452909,1.000000119,0.995455205,0.028172048
71,9,1,2.479404211,1,0.997409463,0.010418207
71,9,2,2.822857618,1,0.997265995,0.0156397
71,9,3,1.602816701,1,0.997297466,0.043618578
71,9,4,2.526812315,1,0.998063087,0.012362266
71,9,5,2.573931217,1,0.998090386,0.026722042
71,9,6,2.082019806,1,0.997999191,0.005653527
71,9,7,2.097512007,1,0.997865498,0.017640714
71,9,8,2.520016432,1,0.997715533,0.007385681
71,9,9,2.426372766,1,0.997415721,0.006862557
71,9,10,1.160022497,1,0.997664094,0.038495693
71,9,11,2.856202602,1.000000238,0.990683496,0.005187391
71,10,0,2.923143387,1.000000119,0.992299795,0.009519923
71,10,1,2.371850729,1,0.993750036,0.008556207
71,10,2,2.688444614,1.000000119,0.990850389,0.007418596
71,10,3,3.328236341,1.000000358,0.975699186,0.009846494
71,10,4,3.482325315,1,0.992475688,0.016535053
71,10,5,1.034707665,1,0.993639231,0.026513383
71,10,6,2.042779922,1,0.99382937,0.005745879
71,10,7,3.228223562,1.000000119,0.992541254,0.025795404
71,10,8,2.687004566,1,0.994246542,0.010023004
71,10,9,1.325322747,1,0.994098663,0.06537123
71,10,10,2.205882072,1,0.994774818,0.006496643
71,10,11,2.157693148,1,0.994313955,0.033855908
71,11,0,4.844946384,1.000002146,0.869779944,0.024203923
71,11,1,3.443174601,1,0.907494545,0.01408715
71,11,2,2.926276207,1.000000119,0.904168487,0.007301756
71,11,3,1.882768035,1,0.901566565,0.018096961
71,11,4,4.13003397,1.000000238,0.910479784,0.01684133
71,11,5,2.849054098,1,0.904344738,0.011810759
71,11,6,2.582729101,1,0.903012514,0.006386951
71,11,7,3.289915562,1,0.906886816,0.017106734
71,11,8,3.832765579,1.000021338,0.114644811,0.092271306
71,11,9,2.402168751,1,0.902280748,0.0060487
71,11,10,3.260328293,1.000000119,0.909960568,0.040060509
71,11,11,3.043118715,1.000000119,0.907963037,0.032235958
72,0,0,4.417124748,1.000017166,0.798552454,0.016438186
72,0,1,0.634133458,1.000030518,0.80025351,0.790405452
72,0,2,4.584626675,1.000013351,0.798017502,0.04355846
72,0,3,0.482835412,1.000028491,0.786980271,0.823090792
72,0,4,1.257194757,1.000027657,0.785377085,0.558388114
72,0,5,1.738119721,1.000021815,0.747983694,0.514595747
72,0,6,4.229215622,1.000020146,0.716153741,0.030717481
72,0,7,1.905810952,1.000026941,0.741998851,0.167503893
72,0,8,4.223333359,1.000022769,0.785357416,0.060772911
72,0,9,4.625906467,1.000017285,0.846709013,0.022113696
72,0,10,4.216988087,1.00002408,0.876050174,0.149678573
72,0,11,5.321926117,1.00001359,0.733597577,0.008777443
72,1,0,2.388815403,1.000026703,0.714533269,0.114237413
72,1,1,2.700475693,1.000020742,0.692740023,0.093955323
72,1,2,4.707482338,1.000015855,0.636509478,0.027535407
72,1,3,4.218792915,1.000000954,0.678230047,0.036352422
72,1,4,3.757045746,1.000009298,0.803722203,0.068219133
72,1,5,4.428857327,1.000013113,0.825024366,0.08817891
72,1,6,4.404643059,1.000009418,0.808905602,0.034379847
72,1,7,4.890900135,1.000011683,0.83089155,0.020322531
72,1,8,5.242732048,1.00000453,0.79640919,0.010024155
72,1,9,5.285018921,1.000006199,0.766851246,0.007353927
72,1,10,4.402038574,1.000011683,0.59786272,0.041677352
72,1,11,1.814811707,1.000026464,0.759344816,0.6154356
72,2,0,2.500215054,1.000001907,0.862042665,0.105883226
72,2,1,4.604357719,1.000000596,0.842141867,0.009768805
72,2,2,1.145785093,1.000008345,0.859607637,0.13281168
72,2,3,1.883577108,1.00000906,0.813657343,0.1334849
72,2,4,1.723097801,1.000000238,0.842851102,0.09438581
72,2,5,1.76532793,1.000007033,0.840544164,0.139223367
72,2,6,2.767765045,1.000009418,0.745943308,0.082388662
72,2,7,2.742533445,1,0.80994457,0.033538971
72,2,8,1.838017225,1.000003338,0.86999315,0.110714942
72,2,9,1.72904706,1.000006557,0.824901164,0.122854747
72,2,10,3.11130023,1.000026941,0.527821898,0.123916917
72,2,11,3.034455776,1.000000358,0.850432038,0.103180975
72,3,0,2.85269165,1,0.991090238,0.057763804
72,3,1,2.00433898,1.000000119,0.990622163,0.064491637
72,3,2,1.418802738,1.000000477,0.976346791,0.115748294
72,3,3,1.002822638,1,0.990677595,0.064780228
72,3,4,3.850025177,1,0.991725028,0.011305264
72,3,5,2.788924217,1,0.992822587,0.035976104
72,3,6,1.746718526,1.000000715,0.981896758,0.164697871
72,3,7,1.461681366,1.000000358,0.989108086,0.119774632
72,3,8,1.526324749,1.000000358,0.982655942,0.117730752
72,3,9,1.647202611,1,0.992016852,0.074632965
72,3,10,1.853555799,1,0.991145313,0.167004257
72,3,11,1.791490436,1.000000119,0.989804983,0.104821995
72,4,0,1.218671203,1,0.915599406,0.058629028
72,4,1,1.633000493,1.000000119,0.918376684,0.071360707
72,4,2,2.322819471,1,0.914719164,0.015589545
72,4,3,1.566416621,1.000000238,0.917157531,0.073782958
72,4,4,3.184000969,1,0.916405141,0.039818428
72,4,5,1.425539136,1,0.915047884,0.061902411
72,4,6,2.127207279,1,0.917085052,0.046439063
72,4,7,1.872176409,1.000000596,0.918815792,0.490630835
72,4,8,3.705012798,1,0.918251932,0.015178989
72,4,9,1.948839068,1,0.917230785,0.037334379
72,4,10,3.251582861,1,0.915520847,0.011894055
72,4,11,0.011652281,1.00003016,0.148927823,0.00396221
72,5,0,2.216252089,1,0.996779978,0.010846825
72,5,1,0.418083668,1,0.99611187,0.004245853
72,5,2,1.41511929,1,0.99665606,0.021887099
72,5,3,2.370929003,1.000000119,0.993150115,0.035645854
72,5,4,1.517454743,1,0.996588528,0.052600455
72,5,5,2.280864239,1,0.996584952,0.012416463
72,5,6,0.655693054,1,0.996296704,0.024644289
72,5,7,1.038037181,1,0.996450067,0.045072291
72,5,8,1.224293828,1,0.996574819,0.030454755
72,5,9,3.24616003,1,0.99719137,0.009016889
72,5,10,3.819124699,1.000000477,0.977385879,0.038578611
72,5,11,3.023349047,1,0.996830404,0.111854419
72,6,0,1.842772722,1,0.995458543,0.040771179
72,6,1,0.778677821,1,0.997055054,0.023444343
72,6,2,3.679365873,1,0.996394515,0.013561518
72,6,3,1.813328266,1,0.997682631,0.019168586
72,6,4,3.713619471,1.000000238,0.989255488,0.019244974
72,6,5,1.787757158,1,0.997742832,0.062587373
72,6,6,3.198424816,1,0.997846425,0.081240065
72,6,7,2.27435112,1,0.997341692,0.042644095
72,6,8,1.30793047,1,0.997640848,0.028027639
72,6,9,0.994962573,1,0.997120261,0.004833114
72,6,10,3.638108969,1,0.99699682,0.010386392
72,6,11,1.673560739,1,0.99705261,0.048766553
72,7,0,1.088082433,1,0.999060988,0.026642602
72,7,1,2.851789713,1,0.998358667,0.013746869
72,7,2,0.868331254,1,0.999064505,0.003812648
72,7,3,1.658479691,1,0.999298334,0.046336055
72,7,4,0.945394874,1,0.999153495,0.014567635
72,7,5,2.734941959,1,0.997818232,0.023329707
72,7,6,3.495267868,1,0.998726845,0.009964067
72,7,7,1.752409101,1,0.999254167,0.012171637
72,7,8,1.360996366,1,0.999020815,0.038496729
72,7,9,1.592680097,1,0.999148011,0.032339737
72,7,10,1.259831309,1,0.999063075,0.00673763
72,7,11,2.407761812,1,0.999080718,0.006638745
72,8,0,3.330937386,1,0.996777892,0.02063128
72,8,1,1.267849207,1,0.996430457,0.00744553
72,8,2,4.434409618,1.000000477,0.97580719,0.011791116
72,8,3,2.399128199,1,0.996903479,0.019757105
72,8,4,1.265315652,1,0.996656835,0.054610424
72,8,5,2.037910223,1,0.996016741,0.037854347
72,8,6,2.169872522,1,0.996952415,0.014767358
72,8,7,1.266989112,1,0.996355414,0.056627408
72,8,8,2.257480621,1,0.996810317,0.024780078
72,8,9,2.515209198,1,0.996982515,0.02824826
72,8,10,2.481521845,1,0.997144341,0.063423112
72,8,11,1.991500735,1,0.996484041,0.011315987
72,9,0,2.522652626,1,0.996938109,0.029556489
72,9,1,2.465597868,1,0.997506559,0.010607087
72,9,2,2.740613699,1,0.996993124,0.01457728
72,9,3,1.627432704,1,0.997140467,0.041901018
72,9,4,2.369799614,1,0.997932255,0.012534987
72,9,5,2.651114941,1,0.998143971,0.031755511
72,9,6,2.01702857,1,0.997875154,0.00455522
72,9,7,2.231146812,1,0.997801423,0.018412257
72,9,8,2.796001911,1,0.995055437,0.006546606
72,9,9,2.212333918,1,0.997830391,0.005957687
72,9,10,1.23781991,1,0.997582674,0.041165985
72,9,11,2.954643965,1.000000119,0.993242502,0.005268612
72,10,0,2.576521873,1,0.991613746,0.006412366
72,10,1,2.245327711,1,0.992484808,0.007200389
72,10,2,2.739471197,1.000000238,0.989650548,0.007720812
72,10,3,3.255660772,1.000000358,0.985226035,0.010450388
72,10,4,3.620577097,1.000000238,0.98916477,0.018759588
72,10,5,1.071114779,1,0.993847072,0.024127711
72,10,6,2.474757195,1,0.993949473,0.008855329
72,10,7,2.950953007,1,0.9952088,0.028551316
72,10,8,2.684533358,1,0.994456887,0.011428305
72,10,9,1.394946337,1,0.994338572,0.064687699
72,10,10,2.042969465,1,0.994853079,0.005482325
72,10,11,2.114080191,1,0.994656622,0.043005142
72,11,0,4.81913662,1.000002146,0.872404695,0.02518042
72,11,1,3.269057512,1.000000119,0.904496372,0.014660939
72,11,2,2.874692202,1.000000119,0.900433123,0.007781044
72,11,3,2.585575104,1,0.904850245,0.034732182
72,11,4,4.110555649,1.000000238,0.908033967,0.014716366
72,11,5,2.652714252,1,0.903203249,0.011295054
72,11,6,2.321044683,1,0.902033091,0.005658934
72,11,7,2.857554197,1,0.903964579,0.01699415
72,11,8,3.675450802,1.000019908,0.111143917,0.097287379
72,11,9,2.416117668,1,0.902431428,0.006016782
72,11,10,3.028050423,1.000000119,0.909581423,0.048337083
72,11,11,2.886926889,1.000000119,0.907101214,0.042977732
73,0,0,4.418382645,1.000017047,0.808558524,0.020616982
73,0,1,0.608616233,1.000030637,0.80620265,0.80675745
73,0,2,4.521431446,1.000012398,0.789939106,0.046643589
73,0,3,0.449374348,1.000029206,0.791087687,0.842202127
73,0,4,1.222339988,1.000027776,0.794963479,0.592153609
73,0,5,1.65711534,1.000022888,0.755297422,0.531633496
73,0,6,4.250366211,1.000020862,0.726846099,0.032962661
73,0,7,1.870136738,1.000026703,0.754647434,0.170381412
73,0,8,4.180943966,1.000022769,0.806197941,0.062984034
73,0,9,4.611460209,1.000015616,0.839798033,0.02218709
73,0,10,4.21987915,1.000023961,0.879103303,0.148873925
73,0,11,5.356732368,1.000015378,0.733900011,0.00806963
73,1,0,2.35370183,1.000025988,0.707109451,0.111073554
73,1,1,2.721200228,1.000021815,0.710528135,0.097464569
73,1,2,4.719817638,1.000016928,0.642087579,0.027320363
73,1,3,4.233206272,1.000000834,0.681718469,0.035949241
73,1,4,3.749810696,1.000009298,0.807177722,0.069362491
73,1,5,4.377841949,1.000013947,0.826377273,0.088649496
73,1,6,4.51394558,1.000009179,0.816617906,0.031648073
73,1,7,4.848689556,1.000011802,0.830113471,0.020645654
73,1,8,5.275601864,1.00000453,0.790305316,0.010207516
73,1,9,5.308330059,1.000005603,0.76786387,0.007929837
73,1,10,4.408011913,1.000013471,0.590530872,0.041611113
73,1,11,1.883872986,1.000026107,0.759914637,0.616364181
73,2,0,2.532678604,1.000001192,0.876587927,0.104698054
73,2,1,4.606709003,1.000000596,0.858758926,0.009471809
73,2,2,1.15671432,1.000006557,0.870858192,0.130401194
73,2,3,1.923094869,1.000007153,0.834594011,0.132897928
73,2,4,1.743985295,1.000000119,0.859087408,0.095088184
73,2,5,1.800902009,1.000005484,0.857645988,0.141256377
73,2,6,2.841047287,1.000006557,0.77923876,0.080727018
73,2,7,2.721501589,1,0.831191778,0.033454392
73,2,8,1.886211157,1.000002742,0.884379208,0.112342425
73,2,9,1.795748591,1.000003695,0.857884228,0.124527156
73,2,10,3.134244919,1.000027776,0.514690459,0.12503168
73,2,11,3.070022583,1.000000358,0.870256782,0.105111085
73,3,0,2.85803175,1,0.992939234,0.062721863
73,3,1,1.969119906,1.000000119,0.992353082,0.060576007
73,3,2,1.428633451,1.000000358,0.983781636,0.107199632
73,3,3,1.004815221,1,0.992693663,0.06731806
73,3,4,3.768081903,1,0.993317425,0.010575706
73,3,5,2.742946625,1,0.99423486,0.033751864
73,3,6,1.733772039,1.000000358,0.984102428,0.149739802
73,3,7,1.485263467,1.000000238,0.991216123,0.108750343
73,3,8,1.56169188,1.000000358,0.98762989,0.124194406
73,3,9,1.600942373,1,0.993742883,0.072487369
73,3,10,1.834507585,1,0.993000031,0.154805437
73,3,11,1.788482904,1.000000119,0.991173208,0.107459225
73,4,0,1.278560877,1.000000119,0.915811479,0.058801185
73,4,1,1.612424374,1,0.918063164,0.063339323
73,4,2,2.251954317,1,0.914835155,0.015643381
73,4,3,1.642861962,1.000000119,0.916736603,0.072146505
73,4,4,3.283656836,1,0.917388558,0.043719877
73,4,5,1.500653386,1,0.916084111,0.061301433
73,4,6,2.116575956,1,0.917354643,0.046488918
73,4,7,1.908797264,1.000000358,0.921063483,0.464745611
73,4,8,3.549106836,1,0.917847991,0.0153106
73,4,9,1.905272126,1,0.917018652,0.03915013
73,4,10,3.43247056,1,0.916621208,0.014792589
73,4,11,0.009814122,1.000029564,0.142960832,0.003865899
73,5,0,1.909567118,1,0.996254325,0.010507321
73,5,1,0.403625399,1,0.995777369,0.00427126
73,5,2,1.490799904,1,0.99614054,0.021582002
73,5,3,2.330025196,1,0.993709922,0.034661315
73,5,4,1.497994304,1,0.995941103,0.048553742
73,5,5,2.080344439,1,0.996375263,0.011371498
73,5,6,0.720570743,1,0.995950103,0.02630409
73,5,7,0.997563183,1,0.995927751,0.037468173
73,5,8,1.14039886,1,0.996106744,0.027139986
73,5,9,2.971918344,1,0.996626496,0.007450181
73,5,10,3.789238691,1.000000596,0.968755901,0.031882852
73,5,11,2.97218132,1,0.996340036,0.115206219
73,6,0,1.898228526,1,0.995321274,0.038622636
73,6,1,0.876765251,1,0.998241961,0.022475664
73,6,2,3.591238737,1,0.99784714,0.014004709
73,6,3,1.69753933,1,0.998567581,0.016917264
73,6,4,3.226020098,1,0.997440934,0.014989182
73,6,5,1.655260563,1,0.998588741,0.059090007
73,6,6,3.136332512,1,0.998524249,0.075127974
73,6,7,2.33097291,1,0.997549474,0.043865211
73,6,8,1.298226476,1,0.998528421,0.028028088
73,6,9,0.953239143,1,0.998201311,0.005611674
73,6,10,3.153816462,1,0.998383164,0.010376035
73,6,11,1.649792194,1,0.998157263,0.050278302
73,7,0,1.098693132,1,0.998969495,0.026670318
73,7,1,2.472454071,1,0.998903871,0.008890139
73,7,2,0.778380036,1,0.999207318,0.004418242
73,7,3,1.489166737,1,0.999386847,0.043944992
73,7,4,1.015363812,1,0.99930954,0.015366867
73,7,5,2.68191123,1,0.998122633,0.022700191
73,7,6,3.236451149,1,0.999081433,0.011034941
73,7,7,1.82322371,1,0.999360085,0.012819937
73,7,8,1.414610744,1,0.99872607,0.033732064
73,7,9,1.456593871,1,0.999307275,0.028968692
73,7,10,1.017284393,1,0.999234259,0.006111505
73,7,11,2.18936944,1,0.999215305,0.009061777
73,8,0,3.334353209,1,0.997725725,0.02188901
73,8,1,1.279064298,1,0.997713447,0.0077044
73,8,2,4.163898468,1.000000358,0.986590624,0.010962432
73,8,3,2.086963654,1,0.998010457,0.015381539
73,8,4,1.255721927,1,0.997913897,0.052296527
73,8,5,1.992066383,1,0.997604549,0.040377162
73,8,6,2.147052765,1,0.997873485,0.01590893
73,8,7,1.34970355,1,0.997359335,0.059392624
73,8,8,2.258400679,1,0.997543752,0.02650921
73,8,9,2.366778851,1,0.998109102,0.028109005
73,8,10,2.367964745,1,0.998214543,0.055200789
73,8,11,1.845804691,1,0.997790098,0.014832357
73,9,0,2.078544855,1,0.997094929,0.020954713
73,9,1,1.968447566,1,0.997968137,0.00858766
73,9,2,2.081765175,1,0.99817425,0.01182574
73,9,3,1.64097321,1,0.997507095,0.046172038
73,9,4,1.868736386,1,0.9983024,0.010717762
73,9,5,2.417085886,1,0.998351157,0.028998839
73,9,6,1.494093895,1,0.998308361,0.005085069
73,9,7,1.905280113,1,0.998253763,0.016540812
73,9,8,2.319830418,1,0.995943964,0.008883975
73,9,9,1.53620708,1,0.998289168,0.005642666
73,9,10,1.188603044,1,0.998116851,0.038264532
73,9,11,2.580056429,1,0.989296198,0.005858299
73,10,0,2.570311546,1.000000119,0.995476127,0.010780786
73,10,1,1.655836463,1,0.997269392,0.006856224
73,10,2,2.065895319,1.000000119,0.995044887,0.006489739
73,10,3,3.091730356,1.000000119,0.993581772,0.013802525
73,10,4,3.098273516,1,0.99663794,0.0159621
73,10,5,1.057442188,1,0.997325659,0.026586624
73,10,6,1.487116456,1,0.997554541,0.0055759
73,10,7,3.026416063,1,0.996836066,0.024995152
73,10,8,2.352214575,1,0.997652948,0.00978428
73,10,9,1.359628916,1,0.997523308,0.059423365
73,10,10,1.659753084,1,0.997568488,0.006049301
73,10,11,2.203258276,1,0.997273982,0.039110705
73,11,0,4.772208214,1.000001907,0.877349436,0.027494194
73,11,1,2.555868387,1,0.905359626,0.013850613
73,11,2,2.842364073,1,0.904999971,0.011449145
73,11,3,1.968121409,1,0.904075682,0.021815976
73,11,4,3.936684132,1.000000119,0.910397589,0.016256649
73,11,5,2.33758378,1,0.904767931,0.009856485
73,11,6,1.958696604,1,0.903516769,0.005871327
73,11,7,2.685133934,1,0.906035006,0.020850657
73,11,8,3.85122776,1.000021338,0.109352715,0.099527754
73,11,9,1.881593108,1,0.903501868,0.005952671
73,11,10,3.150840521,1.000000119,0.910970151,0.041195232
73,11,11,3.049901485,1.000000238,0.909363806,0.032167766
74,0,0,4.394622326,1.000017762,0.786952198,0.017485714
74,0,1,0.631637335,1.000030756,0.80351454,0.801304579
74,0,2,4.522284985,1.000013471,0.794730544,0.048701506
74,0,3,0.464110076,1.000029325,0.779510677,0.814390659
74,0,4,1.247733116,1.000028014,0.788192034,0.574319959
74,0,5,1.757599115,1.00002265,0.752938032,0.50436604
74,0,6,4.240417004,1.000021815,0.709833384,0.029753475
74,0,7,1.893993378,1.000027418,0.747023404,0.175091565
74,0,8,4.216750622,1.000024319,0.792966485,0.059832297
74,0,9,4.625254631,1.000017762,0.841578484,0.022758322
74,0,10,4.243313789,1.000024796,0.873580873,0.143315151
74,0,11,5.375008106,1.000013828,0.72069937,0.007339926
74,1,0,2.362281799,1.000027418,0.702546179,0.111305892
74,1,1,2.694329977,1.000022054,0.690369666,0.096482299
74,1,2,4.727862358,1.000017285,0.653412104,0.027244832
74,1,3,4.252414227,1.000001073,0.684081316,0.035875224
74,1,4,3.746112585,1.000010252,0.808406472,0.069551498
74,1,5,4.481002331,1.000015855,0.826646626,0.080420725
74,1,6,4.511931419,1.000008941,0.809653699,0.033725891
74,1,7,4.887928963,1.000011206,0.828279734,0.020757439
74,1,8,5.283437729,1.000003934,0.787169695,0.009795983
74,1,9,5.338687897,1.000006795,0.764560759,0.007146188
74,1,10,4.413493633,1.000014067,0.592681468,0.04149067
74,1,11,1.979756594,1.000027061,0.762180269,0.601666868
74,2,0,2.525963306,1.000001431,0.875321805,0.107185721
74,2,1,4.639356613,1.000000834,0.85519582,0.01023722
74,2,2,1.146311283,1.000005126,0.87497592,0.136982739
74,2,3,1.90570271,1.000004888,0.851229072,0.134163171
74,2,4,1.728513956,1.000000119,0.853951693,0.097572066
74,2,5,1.750734925,1.000005603,0.85647583,0.144229889
74,2,6,2.836332321,1.000009418,0.754498899,0.080984712
74,2,7,2.69814682,1,0.827236414,0.033286542
74,2,8,1.876004457,1.000002503,0.881921589,0.116431534
74,2,9,1.777240872,1.000004053,0.854022563,0.1329844
74,2,10,3.118862152,1.000028849,0.489047319,0.123391666
74,2,11,3.077132225,1.000000238,0.867478728,0.103806913
74,3,0,3.161129475,1.000000119,0.991207659,0.067401454
74,3,1,1.969645143,1.000000238,0.991522372,0.0651628
74,3,2,1.44585669,1.000000358,0.985465407,0.115976386
74,3,3,1.028420091,1,0.991911709,0.071239747
74,3,4,4.01040411,1,0.992733002,0.011515984
74,3,5,2.761830568,1,0.993500531,0.036125608
74,3,6,1.730186224,1.000000477,0.983909369,0.156659305
74,3,7,1.447921634,1.000000358,0.988902092,0.124974802
74,3,8,1.511548877,1.000000477,0.985427141,0.133831292
74,3,9,1.643192172,1,0.992990553,0.079445861
74,3,10,1.856956363,1,0.992218554,0.160518289
74,3,11,1.791660309,1.000000119,0.989650548,0.109695025
74,4,0,1.287420869,1.000000119,0.915454924,0.060091849
74,4,1,1.62259531,1,0.917864263,0.068505779
74,4,2,2.31267333,1,0.914131701,0.015753735
74,4,3,1.662486792,1.000000119,0.916783333,0.078937553
74,4,4,3.546606064,1,0.917246282,0.041661959
74,4,5,1.492963195,1,0.915320814,0.06461221
74,4,6,2.145654678,1,0.916825354,0.05116662
74,4,7,1.908637524,1.000000596,0.918809116,0.481904
74,4,8,3.799223661,1,0.918150187,0.016689699
74,4,9,1.926167011,1,0.916100323,0.037259895
74,4,10,3.407739162,1,0.915434062,0.013480836
74,4,11,0.010012167,1.000030279,0.148120105,0.003820091
74,5,0,2.223471642,1,0.99643743,0.012780186
74,5,1,0.48400417,1,0.9957003,0.005206128
74,5,2,1.441790581,1,0.996231794,0.022984957
74,5,3,2.34548378,1.000000119,0.993189812,0.039156482
74,5,4,1.496760726,1,0.996217489,0.055019759
74,5,5,2.433728456,1,0.996115744,0.015177163
74,5,6,0.697143674,1,0.99584347,0.026539095
74,5,7,0.948176563,1,0.995886266,0.035041839
74,5,8,1.187397242,1,0.996077538,0.030881675
74,5,9,3.378050089,1,0.996737063,0.009298846
74,5,10,3.966435671,1.000000596,0.971191943,0.029199129
74,5,11,2.859163523,1,0.996498168,0.117050819
74,6,0,1.878234029,1.000000119,0.994517088,0.039838988
74,6,1,0.95006907,1,0.997886419,0.028063331
74,6,2,3.643391609,1,0.99779737,0.01453107
74,6,3,1.731735587,1,0.998210967,0.020488666
74,6,4,3.482895374,1,0.995582759,0.018913116
74,6,5,1.81908536,1,0.998318315,0.070304662
74,6,6,3.303079605,1,0.998236597,0.079718322
74,6,7,2.405396461,1,0.997225761,0.047013704
74,6,8,1.325356245,1,0.998160124,0.030399663
74,6,9,1.387729049,1,0.997963488,0.007235261
74,6,10,3.405801058,1,0.997766495,0.011231631
74,6,11,1.645374656,1,0.997960031,0.054196712
74,7,0,1.057388425,1,0.99873203,0.025524285
74,7,1,3.254896641,1.000000119,0.996354878,0.015149004
74,7,2,1.105901957,1,0.998969495,0.005345861
74,7,3,1.54924345,1,0.999109089,0.04826716
74,7,4,0.996546209,1,0.998958826,0.015948612
74,7,5,2.563699722,1,0.998377621,0.019823827
74,7,6,3.471833467,1,0.998888254,0.012007116
74,7,7,2.302604198,1,0.999037504,0.018961385
74,7,8,1.270749569,1,0.998899817,0.030611336
74,7,9,1.570480943,1,0.998979032,0.033311043
74,7,10,1.731589079,1,0.998972476,0.008336233
74,7,11,2.278719664,1,0.999019265,0.008348487
74,8,0,3.290151119,1,0.997197926,0.02533357
74,8,1,1.750683665,1,0.997192383,0.011237405
74,8,2,4.273118973,1.000000358,0.981440902,0.012078867
74,8,3,2.518847466,1,0.997400105,0.021462725
74,8,4,1.165910959,1,0.997119844,0.051491581
74,8,5,1.881615996,1,0.99721247,0.040901661
74,8,6,2.319801331,1,0.996878803,0.020288814
74,8,7,1.279254198,1,0.997036934,0.05374188
74,8,8,2.577039003,1,0.996505558,0.030006025
74,8,9,2.567183971,1,0.997438431,0.0324983
74,8,10,2.461783648,1,0.997619629,0.065575153
74,8,11,1.793941975,1,0.99705714,0.014683302
74,9,0,2.520470858,1,0.997883618,0.02201505
74,9,1,2.402121782,1,0.998320401,0.010978562
74,9,2,2.681444883,1,0.99798429,0.014321094
74,9,3,1.564763904,1,0.998274982,0.043626685
74,9,4,2.258846045,1,0.998881757,0.011953878
74,9,5,2.52124095,1,0.998945951,0.033836827
74,9,6,2.136514902,1,0.99873358,0.005435219
74,9,7,1.925607562,1,0.998729289,0.017777674
74,9,8,2.560310841,1,0.997978032,0.007817341
74,9,9,2.315112829,1,0.99836725,0.007182011
74,9,10,1.155531526,1,0.998610675,0.036912944
74,9,11,2.571675301,1,0.997710764,0.006298535
74,10,0,2.530154467,1,0.995548308,0.008178316
74,10,1,2.286816597,1,0.99543786,0.009410989
74,10,2,2.709314585,1.000000119,0.99389261,0.011283142
74,10,3,3.329537153,1.000000238,0.984070539,0.013336739
74,10,4,3.355981112,1.000000119,0.992782176,0.020793436
74,10,5,1.081277013,1,0.994843304,0.028499225
74,10,6,2.047012091,1,0.995252848,0.006167911
74,10,7,3.345365286,1.000000119,0.991020024,0.023324668
74,10,8,2.551972389,1,0.99502337,0.010459571
74,10,9,1.341674685,1,0.995293617,0.075113468
74,10,10,1.936746597,1,0.995680749,0.006362925
74,10,11,2.653211594,1.000000119,0.994730949,0.032678902
74,11,0,4.85436964,1.000002027,0.866447985,0.02489846
74,11,1,2.917798758,1,0.904433429,0.013660434
74,11,2,2.337628126,1,0.902291119,0.00638096
74,11,3,2.171665907,1,0.902844787,0.024767252
74,11,4,3.863705873,1.000000119,0.906909585,0.014523635
74,11,5,2.671282768,1,0.903904676,0.010075525
74,11,6,2.164729118,1,0.901665926,0.006220452
74,11,7,3.101887226,1,0.905098915,0.018776154
74,11,8,3.882943153,1.000021338,0.114155553,0.092686452
74,11,9,2.402415276,1,0.902461946,0.006687671
74,11,10,3.170855522,1,0.909551799,0.046353109
74,11,11,3.093423605,1.000000119,0.907682598,0.03636115
75,0,0,4.3625741,1.000015974,0.800690055,0.022841038
75,0,1,0.550675869,1.000029445,0.803914785,0.826832354
75,0,2,4.537031651,1.000011921,0.798929214,0.044036593
75,0,3,0.456596285,1.000028253,0.78501761,0.832333863
75,0,4,1.28173244,1.000026345,0.78708452,0.557842851
75,0,5,1.606802106,1.000022411,0.765799105,0.550293744
75,0,6,4.189620972,1.000020266,0.72592473,0.033485174
75,0,7,1.880052567,1.000025988,0.756537378,0.166120693
75,0,8,4.185631275,1.000021577,0.795051575,0.06237318
75,0,9,4.597923756,1.000016212,0.843175352,0.022723801
75,0,10,4.178079605,1.000023484,0.877589464,0.15394567
75,0,11,5.283052444,1.000012636,0.729378283,0.008308031
75,1,0,2.339677095,1.000024319,0.713399172,0.103411026
75,1,1,2.704394579,1.000019908,0.694311559,0.093281806
75,1,2,4.670528412,1.000015855,0.629103422,0.02840896
75,1,3,4.172960758,1.000000834,0.688636005,0.037099961
75,1,4,3.752664566,1.00000906,0.807869315,0.069111429
75,1,5,4.400496006,1.000010014,0.825868785,0.092373088
75,1,6,4.372557163,1.000009418,0.810613215,0.039297447
75,1,7,4.839797974,1.000011444,0.830277383,0.0208815
75,1,8,5.204079628,1.000003815,0.792022526,0.010339357
75,1,9,5.242874146,1.00000596,0.772314608,0.007665399
75,1,10,4.379341125,1.000011921,0.572673082,0.041806374
75,1,11,1.721265316,1.000024915,0.757420897,0.650632739
75,2,0,2.514476538,1.000001311,0.871449113,0.103304476
75,2,1,4.687990665,1.000000834,0.862161577,0.01179422
75,2,2,1.106573462,1.000008106,0.863870025,0.117753863
75,2,3,1.892904997,1.000007629,0.828279912,0.128851905
75,2,4,1.689182639,1.000000238,0.853748381,0.08751709
75,2,5,1.80748117,1.000005722,0.858886003,0.12780495
75,2,6,2.773242474,1.000006795,0.768126309,0.079541303
75,2,7,2.800499439,1,0.823737204,0.033816583
75,2,8,1.832357526,1.000002742,0.881054342,0.105039552
75,2,9,1.776219487,1.000005126,0.846121013,0.119959094
75,2,10,3.135016203,1.000026822,0.533420503,0.123526476
75,2,11,3.01643157,1.000000238,0.861267626,0.102510877
75,3,0,2.758042574,1,0.99179858,0.060272582
75,3,1,1.99315989,1,0.991966248,0.05713487
75,3,2,1.435565472,1.000000477,0.982416868,0.11645893
75,3,3,0.995654643,1,0.991723955,0.062208124
75,3,4,3.680840731,1,0.992658019,0.010932658
75,3,5,2.743658781,1.000000119,0.993520379,0.036760282
75,3,6,1.711257577,1.000000477,0.978603184,0.151194319
75,3,7,1.468614578,1.000000238,0.989929199,0.116143569
75,3,8,1.55988276,1.000000358,0.986372352,0.115788758
75,3,9,1.608453512,1,0.993035913,0.071522348
75,3,10,1.813734651,1,0.992050946,0.158691093
75,3,11,1.785748959,1.000000238,0.990399599,0.107515194
75,4,0,1.22462368,1,0.916588843,0.064643174
75,4,1,1.623533607,1,0.918207943,0.062062405
75,4,2,2.388533831,1,0.91550827,0.015825205
75,4,3,1.612242579,1,0.917207956,0.069842972
75,4,4,3.139384985,1,0.91709727,0.045089357
75,4,5,1.441935182,1,0.915696502,0.063909769
75,4,6,2.100632668,1,0.917188287,0.043793295
75,4,7,1.834391236,1.000000596,0.918967664,0.486607224
75,4,8,3.343374014,1,0.917400002,0.015316951
75,4,9,1.902543426,1,0.917534053,0.036632389
75,4,10,3.321717024,1,0.916314662,0.014224422
75,4,11,0.012266597,1.000027537,0.148788437,0.004477971
75,5,0,1.809227467,1,0.995592475,0.012573473
75,5,1,0.357148737,1,0.995008409,0.004084244
75,5,2,1.395453572,1,0.99551177,0.021267617
75,5,3,2.307444334,1.000000119,0.992018104,0.035162359
75,5,4,1.490972996,1,0.995558023,0.052176148
75,5,5,2.07198143,1,0.995540798,0.012681914
75,5,6,0.670942605,1,0.995188177,0.024884401
75,5,7,1.013301373,1,0.995366096,0.043936972
75,5,8,1.121680379,1,0.995386541,0.030299811
75,5,9,2.961932659,1,0.996050596,0.008676994
75,5,10,3.63777566,1.000000715,0.963167727,0.041768137
75,5,11,2.846409082,1,0.995760739,0.119122826
75,6,0,1.874004602,1,0.995661974,0.039772835
75,6,1,0.735678017,1,0.997760534,0.022731828
75,6,2,3.721066713,1.000000119,0.997096241,0.013700559
75,6,3,1.736811876,1,0.998283029,0.017981309
75,6,4,3.495596409,1,0.994793653,0.019423103
75,6,5,1.840856075,1,0.998407006,0.066763408
75,6,6,3.023968697,1,0.998440206,0.085377999
75,6,7,2.382166386,1,0.99736762,0.041051675
75,6,8,1.35127604,1,0.998246968,0.030874271
75,6,9,0.882389188,1,0.997787833,0.005448926
75,6,10,3.19705987,1,0.998074174,0.010240101
75,6,11,1.610084295,1,0.998047769,0.047832903
75,7,0,1.119900584,1,0.998902082,0.028241344
75,7,1,2.725052834,1,0.997530162,0.012684077
75,7,2,0.767570615,1,0.998979151,0.004401518
75,7,3,1.66200161,1,0.999182701,0.051024754
75,7,4,0.950983226,1,0.99904865,0.014438086
75,7,5,2.73997736,1,0.997553766,0.02306596
75,7,6,3.372304678,1,0.998674572,0.012390519
75,7,7,1.628863096,1,0.999150336,0.009712336
75,7,8,1.361080527,1,0.99884361,0.033295654
75,7,9,1.565261245,1,0.99902463,0.033392407
75,7,10,1.177748084,1,0.999036074,0.006422787
75,7,11,2.085801601,1,0.99913305,0.007329161
75,8,0,3.324512005,1,0.997529209,0.025750134
75,8,1,1.262908578,1,0.997338057,0.008346485
75,8,2,4.226002693,1.000000358,0.987581491,0.011151593
75,8,3,2.344280005,1,0.997741103,0.017868945
75,8,4,1.221279144,1,0.997582436,0.047751591
75,8,5,2.000490189,1,0.996771872,0.039950419
75,8,6,1.727121592,1,0.997634709,0.014835984
75,8,7,1.228114367,1,0.997368038,0.049372513
75,8,8,2.515386581,1,0.996142328,0.02951532
75,8,9,2.521868229,1,0.997831285,0.027407132
75,8,10,2.463792801,1,0.998037755,0.063825607
75,8,11,2.134946585,1,0.997067392,0.014523656
75,9,0,2.48673439,1.000000119,0.994793117,0.023309434
75,9,1,2.107319117,1,0.99817884,0.013452657
75,9,2,2.541860342,1,0.996500432,0.013616356
75,9,3,1.678642035,1,0.997457325,0.048730727
75,9,4,1.81547606,1,0.998570859,0.011005786
75,9,5,2.344739914,1,0.998670042,0.031903002
75,9,6,1.532387018,1,0.998506367,0.004841192
75,9,7,1.972511172,1,0.998524666,0.018920654
75,9,8,2.343416691,1,0.998480439,0.008068462
75,9,9,1.777851462,1,0.998612225,0.00682725
75,9,10,1.104278207,1,0.998334646,0.034694247
75,9,11,2.580302,1,0.997505546,0.006458562
75,10,0,2.071091175,1,0.996611834,0.007195551
75,10,1,1.862929583,1,0.997557819,0.008770729
75,10,2,2.503822803,1,0.997125983,0.009047771
75,10,3,2.969881058,1.000000119,0.994420946,0.010658974
75,10,4,3.175655842,1,0.996121347,0.021928979
75,10,5,0.988983452,1,0.99756819,0.024637647
75,10,6,2.15562439,1,0.997554243,0.009208774
75,10,7,2.978708744,1,0.997079432,0.028217699
75,10,8,2.360154867,1,0.997758806,0.011765465
75,10,9,1.327775836,1,0.997836351,0.059449397
75,10,10,1.79176724,1,0.99782598,0.00654634
75,10,11,2.282701969,1,0.997501194,0.035501435
75,11,0,4.63314724,1.000001192,0.891457617,0.02826988
75,11,1,2.382434368,1,0.90754056,0.010861603
75,11,2,2.289910316,1.000000119,0.906302691,0.008667159
75,11,3,2.40693593,1,0.908913612,0.029888129
75,11,4,3.930213213,1.000000119,0.911759138,0.01681068
75,11,5,2.354961157,1,0.90742296,0.011662595
75,11,6,1.853653193,1,0.906428397,0.005959083
75,11,7,2.849723577,1,0.90912056,0.017200155
75,11,8,3.637553215,1.00001967,0.095457666,0.095843725
75,11,9,2.056428432,1,0.906975389,0.007695175
75,11,10,2.890250206,1,0.912170172,0.04484465
75,11,11,2.859549761,1,0.911383212,0.033307206
76,0,0,4.396029949,1.000018358,0.795899212,0.018038411
76,0,1,0.673615277,1.000029445,0.808318317,0.786506414
76,0,2,4.55919838,1.000014782,0.80940032,0.044180535
76,0,3,0.48281461,1.000029683,0.792439699,0.823674619
76,0,4,1.27499032,1.000027418,0.791383207,0.564715683
76,0,5,1.699764609,1.00002265,0.764191985,0.535734296
76,0,6,4.238621712,1.000021458,0.718714654,0.031067949
76,0,7,1.912148833,1.00002718,0.74203372,0.173090085
76,0,8,4.226136208,1.000023842,0.79824996,0.056546815
76,0,9,4.636124134,1.000017047,0.846469164,0.021856004
76,0,10,4.248485088,1.000023603,0.879650354,0.142930612
76,0,11,5.34972477,1.000014782,0.724072397,0.007854655
76,1,0,2.431591034,1.000026941,0.706649363,0.115734994
76,1,1,2.683550835,1.000021696,0.680878043,0.096555419
76,1,2,4.725394726,1.000016451,0.645359933,0.026962971
76,1,3,4.253727913,1.000001311,0.681172371,0.035976861
76,1,4,3.758314371,1.00001049,0.807024717,0.068922542
76,1,5,4.521164894,1.000014544,0.831000745,0.079529174
76,1,6,4.475706577,1.000008106,0.802317202,0.035633888
76,1,7,4.865905762,1.000010252,0.828744709,0.020461557
76,1,8,5.273824692,1.000004768,0.794916391,0.009992913
76,1,9,5.303020477,1.000007868,0.754009843,0.007308386
76,1,10,4.40513134,1.000012994,0.594334245,0.041394733
76,1,11,2.032049417,1.000026226,0.759355962,0.591862857
76,2,0,2.451660395,1.000001073,0.870664537,0.106261
76,2,1,4.498709202,1.000000596,0.851937652,0.010654568
76,2,2,1.150709271,1.000004292,0.877641141,0.134750292
76,2,3,1.92692256,1.000005126,0.855814576,0.139611468
76,2,4,1.70022583,1.000000119,0.849912703,0.096959896
76,2,5,1.722589493,1.000005722,0.845851302,0.142343849
76,2,6,2.744888783,1.000008225,0.740209401,0.08410874
76,2,7,2.691712141,1,0.824700594,0.033058643
76,2,8,1.824672937,1.000002384,0.881313264,0.114947751
76,2,9,1.693478942,1.000006437,0.834398329,0.125234529
76,2,10,3.084656954,1.000028014,0.504269958,0.124233067
76,2,11,3.035211802,1.000000238,0.864463747,0.104052216
76,3,0,3.059019566,1,0.992954314,0.068702661
76,3,1,1.921289921,1.000000119,0.992363691,0.062667362
76,3,2,1.426184297,1.000000358,0.988205135,0.135304913
76,3,3,0.979955852,1,0.992660105,0.067704901
76,3,4,3.921693325,1,0.993470013,0.009800149
76,3,5,2.624507189,1,0.994047165,0.03671192
76,3,6,1.670301914,1.000000358,0.9818573,0.162447497
76,3,7,1.400511503,1.000000238,0.990260482,0.118253484
76,3,8,1.460911632,1.000000477,0.985874355,0.12839812
76,3,9,1.565482378,1,0.993709326,0.082423776
76,3,10,1.816383004,1,0.993005395,0.160902187
76,3,11,1.785858393,1.000000358,0.992576838,0.113280602
76,4,0,1.196045041,1,0.916072488,0.069977522
76,4,1,1.553063393,1,0.917847574,0.071314536
76,4,2,2.347269535,1,0.915354967,0.015924841
76,4,3,1.518478274,1,0.917034864,0.075525396
76,4,4,3.397969484,1,0.917470872,0.039834283
76,4,5,1.399651885,1,0.915066659,0.063495815
76,4,6,2.115482092,1,0.917339683,0.050785482
76,4,7,1.875949621,1.000000596,0.918766439,0.49061951
76,4,8,3.469091177,1,0.917482436,0.015027879
76,4,9,1.864003778,1,0.916851282,0.037320387
76,4,10,3.248703718,1,0.915759504,0.013055691
76,4,11,0.008494518,1.000029683,0.143324509,0.003544152
76,5,0,2.351621866,1,0.997033656,0.009892003
76,5,1,0.518936753,1,0.996361017,0.003676652
76,5,2,1.408447862,1,0.996807277,0.02442386
76,5,3,2.326469421,1.000000238,0.993221343,0.03700532
76,5,4,1.483675599,1,0.996815145,0.058819398
76,5,5,2.351994753,1,0.996831954,0.012114902
76,5,6,0.715716779,1,0.996491611,0.028546048
76,5,7,0.951690912,1,0.996522188,0.036678512
76,5,8,1.21958518,1,0.996740103,0.027301284
76,5,9,3.154120922,1,0.997290194,0.008839908
76,5,10,3.744222164,1.000000596,0.977840006,0.04228941
76,5,11,2.972006798,1,0.996980727,0.106324188
76,6,0,1.833779573,1,0.996585608,0.04217438
76,6,1,0.926141322,1,0.998145282,0.027341297
76,6,2,3.675658941,1,0.997450292,0.013109799
76,6,3,1.67739892,1,0.998414993,0.020029753
76,6,4,3.422029257,1,0.996569395,0.020026239
76,6,5,1.811447382,1,0.998577356,0.064364143
76,6,6,3.36925149,1,0.998321891,0.072443321
76,6,7,2.314960957,1,0.997545063,0.045110699
76,6,8,1.331481218,1,0.998402417,0.031135119
76,6,9,1.179846764,1,0.998123944,0.005183596
76,6,10,3.370605707,1,0.99805069,0.010129169
76,6,11,1.636104822,1,0.998056591,0.049357884
76,7,0,1.049880505,1,0.999134779,0.024690291
76,7,1,2.877055168,1,0.99824959,0.013818
76,7,2,0.915164351,1,0.999144375,0.003796569
76,7,3,1.602142453,1,0.999291778,0.051684164
76,7,4,0.939759254,1,0.999198496,0.014108317
76,7,5,2.616282463,1,0.998035848,0.02027522
76,7,6,3.334893465,1,0.999060094,0.012307248
76,7,7,2.062935114,1,0.999247611,0.016116884
76,7,8,1.265979767,1,0.998990059,0.036386911
76,7,9,1.622684717,1,0.999098837,0.034068495
76,7,10,1.310372949,1,0.999183714,0.005494454
76,7,11,2.291365623,1,0.999275625,0.006259728
76,8,0,3.241699219,1,0.995853066,0.025492068
76,8,1,1.613067627,1,0.995915771,0.010847136
76,8,2,4.474822044,1.000000596,0.970342577,0.012389557
76,8,3,2.377720833,1,0.996199667,0.019612515
76,8,4,1.19485724,1,0.995914221,0.049647104
76,8,5,1.917355776,1,0.995857656,0.039655212
76,8,6,2.239326715,1,0.995978117,0.01644244
76,8,7,1.213385344,1,0.995966315,0.053336054
76,8,8,2.47157836,1,0.993936002,0.034618028
76,8,9,2.405305624,1,0.996312499,0.032646153
76,8,10,2.494641781,1,0.996451616,0.064964101
76,8,11,1.709792137,1,0.99588275,0.014035245
76,9,0,2.356158733,1,0.998084247,0.026952084
76,9,1,2.185693264,1,0.998028517,0.010626213
76,9,2,2.765842915,1.000000238,0.992793143,0.019134922
76,9,3,1.665274024,1,0.997466147,0.0504562
76,9,4,2.082966328,1,0.998485327,0.011988247
76,9,5,2.620140791,1,0.998545408,0.029756483
76,9,6,1.73882401,1,0.998418868,0.004404821
76,9,7,1.923347235,1,0.998379767,0.020509465
76,9,8,2.236117363,1,0.998543739,0.007492951
76,9,9,1.905045748,1,0.998371184,0.005840478
76,9,10,1.234849215,1,0.998293638,0.047954489
76,9,11,2.781116247,1,0.995670915,0.00655911
76,10,0,2.333299875,1,0.996720374,0.008000615
76,10,1,2.074930668,1,0.99706918,0.008649379
76,10,2,2.462907553,1,0.997483313,0.008216104
76,10,3,3.012575865,1,0.99525553,0.011105418
76,10,4,3.511416197,1.000000119,0.992470562,0.021547407
76,10,5,1.072938561,1,0.99691242,0.030265534
76,10,6,2.123482704,1,0.996766329,0.007242649
76,10,7,3.250056982,1.000000119,0.993523955,0.02414556
76,10,8,2.444498062,1,0.996778488,0.010376225
76,10,9,1.264557123,1,0.997220397,0.077677608
76,10,10,1.683014154,1,0.997247159,0.006077788
76,10,11,2.25804019,1,0.997209132,0.03783476
76,11,0,4.745595932,1.000001907,0.829359412,0.023501996
76,11,1,2.90614748,1,0.902334988,0.012628374
76,11,2,2.187477112,1,0.900042713,0.007448815
76,11,3,2.40517807,1,0.902167141,0.029398631
76,11,4,3.821208954,1,0.906747282,0.014681772
76,11,5,2.356342793,1,0.900801122,0.008445763
76,11,6,1.717454314,1,0.898827195,0.005596106
76,11,7,2.964974403,1,0.902411222,0.016192902
76,11,8,3.877954006,1.000018597,0.097322747,0.080048956
76,11,9,2.287154436,1,0.90046525,0.006309572
76,11,10,3.058618307,1,0.905880392,0.042690031
76,11,11,2.986162186,1.000000119,0.905466497,0.041327693
77,0,0,4.36449194,1.000017524,0.804820478,0.023788488
77,0,1,0.516374826,1.000030279,0.805963755,0.83829385
77,0,2,4.549972057,1.000012398,0.795490682,0.040187076
77,0,3,0.433632612,1.000030279,0.788587213,0.839113832
77,0,4,1.222062707,1.000026464,0.776778996,0.568089008
77,0,5,1.519517899,1.000024796,0.768983841,0.58100462
77,0,6,4.243051052,1.000021219,0.733648658,0.034194682
77,0,7,1.905527592,1.000026822,0.750052392,0.169023991
77,0,8,4.216067791,1.000022173,0.796087205,0.059801899
77,0,9,4.599894047,1.000016451,0.844703853,0.022009151
77,0,10,4.181044579,1.000023246,0.877820611,0.155622944
77,0,11,5.326273918,1.000014305,0.727421165,0.008456632
77,1,0,2.353171825,1.000026226,0.720403314,0.106508151
77,1,1,2.69896698,1.000020742,0.700519204,0.093305424
77,1,2,4.711738586,1.000017166,0.640432179,0.027865354
77,1,3,4.215793133,1.000000954,0.678659797,0.036290709
77,1,4,3.752988815,1.000009418,0.808007419,0.068979144
77,1,5,4.367558956,1.000012636,0.831451774,0.094795227
77,1,6,4.376671791,1.000011325,0.813511789,0.037073798
77,1,7,4.853836536,1.000014067,0.828029096,0.020729592
77,1,8,5.2479949,1.000004053,0.790363729,0.010330666
77,1,9,5.280925274,1.000006199,0.764701128,0.007681931
77,1,10,4.395602703,1.000012875,0.59188354,0.041740775
77,1,11,1.706735849,1.000026822,0.763081729,0.65609026
77,2,0,2.494716167,1.000001311,0.877695322,0.110114433
77,2,1,4.672604084,1.000000834,0.86346209,0.011331715
77,2,2,1.119406581,1.000003219,0.891752422,0.126377925
77,2,3,1.9243505,1.000007272,0.848454297,0.133319095
77,2,4,1.671210289,1.000000238,0.858568728,0.085424952
77,2,5,1.795835972,1.000005126,0.864064276,0.132402554
77,2,6,2.766484022,1.000007629,0.769459486,0.081189148
77,2,7,2.742574453,1,0.830645382,0.033526592
77,2,8,1.781034708,1.000002742,0.879597604,0.104808994
77,2,9,1.75100255,1.000004172,0.856660068,0.123492986
77,2,10,3.114281893,1.000027776,0.514706314,0.125805467
77,2,11,3.047209501,1.000000238,0.869793832,0.104995571
77,3,0,2.77556324,1,0.992818236,0.063939914
77,3,1,1.985093355,1.000000119,0.992811978,0.060299262
77,3,2,1.403544188,1.000000358,0.986012399,0.119253471
77,3,3,0.960607708,1,0.992648542,0.061096877
77,3,4,3.620178461,1,0.993427515,0.010228756
77,3,5,2.791102886,1,0.994427085,0.03774434
77,3,6,1.694577694,1.000000358,0.983481467,0.160924882
77,3,7,1.475088239,1.000000238,0.99184227,0.118164554
77,3,8,1.554964066,1.000000238,0.986306429,0.115757376
77,3,9,1.609428525,1,0.993914545,0.07221093
77,3,10,1.807265401,1,0.993023336,0.161702156
77,3,11,1.784327865,1.000000119,0.990415394,0.10445451
77,4,0,1.204364657,1,0.916271567,0.059901148
77,4,1,1.622766614,1,0.917983115,0.065320112
77,4,2,2.361450434,1,0.915234625,0.016769527
77,4,3,1.534173131,1.000000119,0.916422248,0.069972977
77,4,4,3.156565189,1,0.916692376,0.043722838
77,4,5,1.404252887,1,0.915171027,0.065363541
77,4,6,2.065058947,1,0.916849494,0.045208272
77,4,7,1.892971039,1.000000477,0.919000685,0.476266593
77,4,8,3.539707184,1,0.917964995,0.015475349
77,4,9,1.892377257,1,0.917468011,0.038620874
77,4,10,3.359264612,1,0.915958583,0.014142131
77,4,11,0.013355063,1.000030041,0.146355197,0.00444037
77,5,0,1.917520046,1,0.995766461,0.01010303
77,5,1,0.334642231,1,0.995147526,0.00415113
77,5,2,1.382756472,1,0.995762765,0.023275446
77,5,3,2.3289783,1.000000119,0.991750002,0.038032778
77,5,4,1.513794422,1,0.995680392,0.05709229
77,5,5,2.161259413,1,0.995846033,0.012402972
77,5,6,0.67697227,1,0.995379984,0.027119765
77,5,7,1.053753138,1,0.995494068,0.045632571
77,5,8,1.16414237,1,0.995617867,0.028426621
77,5,9,2.999034643,1,0.996233881,0.007662755
77,5,10,3.725563526,1.000000715,0.966172576,0.039703246
77,5,11,2.908468485,1,0.995982945,0.114370458
77,6,0,1.783827662,1.000000119,0.996028721,0.040543944
77,6,1,0.696897507,1,0.998040795,0.024340712
77,6,2,3.657308817,1,0.997512877,0.014573621
77,6,3,1.684491634,1,0.998522699,0.019008424
77,6,4,3.36370492,1.000000119,0.995736718,0.01924257
77,6,5,1.767914534,1,0.998614252,0.066015162
77,6,6,3.03254962,1,0.998565257,0.076669835
77,6,7,2.279245377,1,0.997764051,0.045383114
77,6,8,1.230828166,1,0.998445451,0.029767452
77,6,9,0.885855675,1,0.998051465,0.0054232
77,6,10,3.436866045,1,0.998146296,0.009617352
77,6,11,1.578867078,1,0.997937918,0.046757847
77,7,0,1.044133663,1,0.999049127,0.027386647
77,7,1,2.719747782,1,0.998511136,0.014117955
77,7,2,0.629459441,1,0.999041796,0.003825064
77,7,3,1.610428333,1,0.999285698,0.049453691
77,7,4,0.920704961,1,0.999177694,0.016436752
77,7,5,2.680684328,1,0.997341692,0.025136527
77,7,6,3.366398096,1,0.998680174,0.011234507
77,7,7,1.524995327,1,0.999243677,0.008403132
77,7,8,1.385344505,1,0.998916209,0.03594641
77,7,9,1.56435883,1,0.999163806,0.035516754
77,7,10,1.093484998,1,0.999125302,0.006761951
77,7,11,2.270656586,1,0.999117494,0.0070275
77,8,0,3.292178869,1,0.996938765,0.024397435
77,8,1,1.11999023,1,0.99639684,0.007653028
77,8,2,4.490841389,1.000000477,0.976146877,0.012060697
77,8,3,2.412770748,1,0.996909916,0.019243404
77,8,4,1.19093585,1,0.996681929,0.051356934
77,8,5,1.931513309,1,0.99629879,0.042360529
77,8,6,1.856149077,1,0.996869147,0.01475417
77,8,7,1.19870615,1,0.996555567,0.050948735
77,8,8,2.460259199,1,0.995939314,0.032630369
77,8,9,2.551577568,1,0.996967137,0.031357728
77,8,10,2.354199886,1,0.99718076,0.060910325
77,8,11,1.928100348,1,0.996661603,0.015172667
77,9,0,2.502224922,1,0.996032178,0.028101623
77,9,1,2.124275446,1,0.998014688,0.011643146
77,9,2,2.446168661,1,0.998016119,0.016174844
77,9,3,1.639021993,1,0.997553885,0.050771229
77,9,4,2.01147747,1,0.998295009,0.012907972
77,9,5,2.385032177,1,0.998390913,0.032434165
77,9,6,1.788020849,1,0.998247564,0.005025013
77,9,7,2.042437553,1,0.998245478,0.021534592
77,9,8,2.431126595,1,0.997776389,0.008813323
77,9,9,1.896257877,1,0.998331249,0.006897571
77,9,10,1.165500998,1,0.998076975,0.040517885
77,9,11,2.816334486,1,0.991205215,0.005965951
77,10,0,2.438863277,1.000000119,0.994425237,0.01071198
77,10,1,2.156908274,1,0.996100783,0.009164348
77,10,2,2.741634369,1.000000119,0.995535851,0.00820072
77,10,3,3.208709478,1,0.994328141,0.01115879
77,10,4,3.303787947,1,0.995046794,0.024069877
77,10,5,1.025915265,1,0.996650517,0.026937705
77,10,6,2.35618782,1,0.996748984,0.010408038
77,10,7,3.033985615,1,0.996439755,0.025916846
77,10,8,2.472564697,1,0.996959627,0.011282303
77,10,9,1.392082572,1,0.996991575,0.06426248
77,10,10,2.002083778,1,0.997199237,0.007057322
77,10,11,2.487337351,1,0.997003138,0.04358485
77,11,0,4.826817989,1.000002265,0.861068547,0.027349999
77,11,1,2.783406019,1,0.902850866,0.011807073
77,11,2,2.864639044,1.000000119,0.900815547,0.00864624
77,11,3,2.636261463,1,0.904435098,0.033650536
77,11,4,4.145760059,1.000000238,0.907869339,0.017136665
77,11,5,2.535284996,1,0.901471496,0.011791572
77,11,6,2.252492905,1,0.901569307,0.006492081
77,11,7,3.119339943,1.000000119,0.903625131,0.015389657
77,11,8,3.739891291,1.000020385,0.113928445,0.103299871
77,11,9,2.267893314,1,0.901238441,0.008030832
77,11,10,3.082248211,1,0.907949686,0.044636965
77,11,11,2.960785151,1,0.907212019,0.036892369
78,0,0,4.254046917,1.000016689,0.762551129,0.019868335
78,0,1,0.667045772,1.000028849,0.800255775,0.78111732
78,0,2,4.553173542,1.000012517,0.794731379,0.042024698
78,0,3,0.478757262,1.000027776,0.784680605,0.828389466
78,0,4,1.349000216,1.000025988,0.788476765,0.548678815
78,0,5,1.741919398,1.000021219,0.752109706,0.495735168
78,0,6,4.157527447,1.000020742,0.700463831,0.034139868
78,0,7,1.924961686,1.000026107,0.752917528,0.171945333
78,0,8,4.194215298,1.000022769,0.781506777,0.062660113
78,0,9,4.592186928,1.000017285,0.841990113,0.024725314
78,0,10,4.179486752,1.00002408,0.872745335,0.146999314
78,0,11,5.299655914,1.000013471,0.728020668,0.008155022
78,1,0,2.400650501,1.000025988,0.714169264,0.121635616
78,1,1,2.708041906,1.000021815,0.703295887,0.097286381
78,1,2,4.677209377,1.000016212,0.638455927,0.028696558
78,1,3,4.171300411,1.000001073,0.670123637,0.038074508
78,1,4,3.733899355,1.000009537,0.801349998,0.071077019
78,1,5,4.364198208,1.00001359,0.827688396,0.100734346
78,1,6,4.498006344,1.000010252,0.796552241,0.031389568
78,1,7,4.891699314,1.000012159,0.819095373,0.020059275
78,1,8,5.225255489,1.000004292,0.789593935,0.01046578
78,1,9,5.234991074,1.000004888,0.757607043,0.007482568
78,1,10,4.364513397,1.000012517,0.586027205,0.042930484
78,1,11,1.98309648,1.000024915,0.750958025,0.580845714
78,2,0,2.449762344,1.000001431,0.875047922,0.11738158
78,2,1,4.34437561,1.000000596,0.850356638,0.011843343
78,2,2,1.143243074,1.000006795,0.873245418,0.126746729
78,2,3,1.880462885,1.000006199,0.850891173,0.136034608
78,2,4,1.721055388,1.000000119,0.8543818,0.094029918
78,2,5,1.750789642,1.000005126,0.856410086,0.140356824
78,2,6,2.830791712,1.000008345,0.778392732,0.084268883
78,2,7,2.728968859,1,0.825746357,0.034252465
78,2,8,1.781376362,1.000002384,0.879009485,0.112961605
78,2,9,1.725596309,1.00000596,0.84595412,0.136985585
78,2,10,3.082980633,1.000027061,0.530047357,0.126620665
78,2,11,2.964738369,1.000000119,0.864314973,0.107503675
78,3,0,2.957544088,1,0.992877603,0.087802798
78,3,1,1.964982152,1,0.992877603,0.064397134
78,3,2,1.408964515,1.000000596,0.985873401,0.126224786
78,3,3,0.994609296,1,0.99226892,0.072442517
78,3,4,3.915745974,1,0.993475974,0.015695123
78,3,5,2.676665783,1,0.994013727,0.035617732
78,3,6,1.673663139,1.000000477,0.984585941,0.170915768
78,3,7,1.428249002,1.000000358,0.989009857,0.126137912
78,3,8,1.508083344,1.000000358,0.985817015,0.131618395
78,3,9,1.582677841,1,0.993258119,0.082325839
78,3,10,1.79238987,1,0.992480695,0.157439634
78,3,11,1.764601946,1.000000119,0.993027627,0.106133707
78,4,0,1.227659345,1,0.916739225,0.068991832
78,4,1,1.619637132,1.000000119,0.91918391,0.069384769
78,4,2,2.431298971,1,0.915327489,0.017829446
78,4,3,1.57997036,1.000000119,0.917356551,0.074672297
78,4,4,3.293142319,1,0.917478621,0.0488501
78,4,5,1.381615639,1,0.915261626,0.061756808
78,4,6,2.139120579,1,0.91792053,0.05330722
78,4,7,1.803044438,1.000000596,0.91897583,0.497439086
78,4,8,3.439853668,1,0.917730331,0.018716007
78,4,9,1.932853937,1,0.917562544,0.037224978
78,4,10,3.126563311,1,0.915418684,0.013471422
78,4,11,0.008055218,1.000027657,0.151330128,0.003653362
78,5,0,2.057361126,1,0.996327043,0.013454936
78,5,1,0.437544972,1,0.995553017,0.004503116
78,5,2,1.403614998,1,0.996091604,0.022135654
78,5,3,2.339381456,1.000000119,0.992233992,0.041643389
78,5,4,1.504979849,1,0.99623549,0.060149696
78,5,5,2.308818579,1,0.996030748,0.016322371
78,5,6,0.657371342,1,0.995661497,0.024770856
78,5,7,0.953346193,1,0.995810449,0.036833901
78,5,8,1.186208606,1,0.995966911,0.028135756
78,5,9,3.262226105,1,0.996665239,0.012294598
78,5,10,3.857412338,1.000000596,0.970939696,0.038902588
78,5,11,2.793296337,1,0.996466577,0.117550984
78,6,0,1.765614271,1.000000119,0.996552229,0.041247781
78,6,1,0.819295645,1,0.99795413,0.026339419
78,6,2,3.66485405,1,0.997563779,0.014436147
78,6,3,1.854218721,1,0.998515069,0.02194698
78,6,4,3.431627274,1.000000119,0.995749712,0.019988913
78,6,5,1.90905726,1,0.998620749,0.074136004
78,6,6,3.195673466,1,0.998484969,0.078911878
78,6,7,2.401570559,1,0.997515142,0.043603919
78,6,8,1.304503798,1,0.998427987,0.030208461
78,6,9,1.181451082,1,0.998076677,0.005961092
78,6,10,3.171487808,1,0.998188019,0.011324235
78,6,11,1.650496602,1,0.998049021,0.052497841
78,7,0,0.962480545,1,0.998682737,0.025651624
78,7,1,3.294224739,1.000000119,0.994757712,0.018081931
78,7,2,0.96110177,1,0.998668611,0.005309572
78,7,3,1.728050232,1,0.998917043,0.056397043
78,7,4,1.010254502,1,0.998718202,0.017800774
78,7,5,2.624389172,1,0.997970939,0.024889123
78,7,6,3.5924263,1,0.998322904,0.013537716
78,7,7,2.01493597,1,0.998916864,0.017372441
78,7,8,1.298993826,1,0.99848026,0.03116999
78,7,9,1.661903381,1,0.998640299,0.03888882
78,7,10,1.709074259,1,0.998781562,0.008069173
78,7,11,2.186194181,1,0.998825014,0.006959265
78,8,0,3.3644979,1,0.996708512,0.029331613
78,8,1,1.830490828,1,0.996666908,0.012154884
78,8,2,4.257411003,1.000000358,0.982778907,0.012859121
78,8,3,2.785378456,1,0.996932805,0.024346452
78,8,4,1.205432653,1,0.996608734,0.04826783
78,8,5,1.961559892,1,0.996271491,0.042871114
78,8,6,2.190268755,1,0.996994376,0.019384513
78,8,7,1.142800212,1,0.996585667,0.052824225
78,8,8,2.843466997,1.000000119,0.992566109,0.035599083
78,8,9,2.62838912,1,0.997133315,0.030952573
78,8,10,2.566163301,1,0.997288942,0.068842947
78,8,11,1.989203215,1,0.996594191,0.01441184
78,9,0,2.850803614,1,0.995168924,0.023209853
78,9,1,2.631891727,1,0.997261107,0.012632965
78,9,2,2.714416265,1,0.997283041,0.0130077
78,9,3,1.613815069,1,0.997325897,0.046506807
78,9,4,2.519758224,1,0.99793452,0.013311105
78,9,5,2.486546993,1,0.997929811,0.033365496
78,9,6,2.244452,1,0.997005045,0.006048188
78,9,7,1.939613104,1,0.997727931,0.018825082
78,9,8,2.238722324,1,0.997905135,0.007501723
78,9,9,2.492924213,1,0.99311924,0.008191903
78,9,10,1.1727525,1,0.997561395,0.041672565
78,9,11,2.688170433,1,0.994774222,0.005988082
78,10,0,2.483898878,1.000000119,0.993481576,0.006821136
78,10,1,2.702738285,1.000000119,0.991094232,0.009279768
78,10,2,3.14264679,1.000000238,0.987784803,0.009925214
78,10,3,3.081550121,1.000000119,0.989924014,0.010758816
78,10,4,3.394705534,1.000000119,0.990168512,0.021610936
78,10,5,1.10751915,1,0.993387938,0.028304394
78,10,6,2.447962284,1,0.994208097,0.007537642
78,10,7,3.382786989,1.000000119,0.991223276,0.017532399
78,10,8,2.9106071,1,0.993405402,0.012211341
78,10,9,1.35553515,1,0.99391228,0.076935858
78,10,10,2.465107918,1,0.994631231,0.00734443
78,10,11,2.687255859,1.000000119,0.992940843,0.025597252
78,11,0,4.852088928,1.000002623,0.851851225,0.024602942
78,11,1,3.200868607,1,0.902117968,0.013075098
78,11,2,2.801546812,1,0.898332834,0.008630897
78,11,3,2.460856676,1,0.900718927,0.027528388
78,11,4,4.109460354,1.000000358,0.904965043,0.015533858
78,11,5,3.187586308,1.000000119,0.902189612,0.013022573
78,11,6,2.757807016,1,0.899703979,0.008248542
78,11,7,3.176349878,1,0.902038336,0.017010141
78,11,8,3.844558716,1.000020862,0.12878117,0.100774921
78,11,9,2.918418884,1,0.900596619,0.008021418
78,11,10,3.315798044,1.000000119,0.907140791,0.037599172
78,11,11,3.221158028,1.000000119,0.906156361,0.03110766
79,0,0,4.359228611,1.000016212,0.772685647,0.02052894
79,0,1,0.716018915,1.000030279,0.801892996,0.775094092
79,0,2,4.476887226,1.00001359,0.787282526,0.04463321
79,0,3,0.524512529,1.000029206,0.783543408,0.812077761
79,0,4,1.331864119,1.000027776,0.788752377,0.55226922
79,0,5,1.920879483,1.000021338,0.735894024,0.475227416
79,0,6,4.14595747,1.000021815,0.694889605,0.032272127
79,0,7,1.924407244,1.00002718,0.747730494,0.181863323
79,0,8,4.187316895,1.000023603,0.786587477,0.06300389
79,0,9,4.601080418,1.000016689,0.837800086,0.023930579
79,0,10,4.214438915,1.000024438,0.870576084,0.141870886
79,0,11,5.334060669,1.000014305,0.724090219,0.008020459
79,1,0,2.342264891,1.000026703,0.697593749,0.113245636
79,1,1,2.678302765,1.000021935,0.690645754,0.100001812
79,1,2,4.695899963,1.000017524,0.639350891,0.027885128
79,1,3,4.193705559,1.000000954,0.674324214,0.03695314
79,1,4,3.737704277,1.00000906,0.801660776,0.070311114
79,1,5,4.418910503,1.000013351,0.820828438,0.086111158
79,1,6,4.341674805,1.000010133,0.785036266,0.034598064
79,1,7,4.851714611,1.000013351,0.815311193,0.021043375
79,1,8,5.247897625,1.000004292,0.782953501,0.009888409
79,1,9,5.285396576,1.000004888,0.755906045,0.007450317
79,1,10,4.376424313,1.000012398,0.582616985,0.04218157
79,1,11,2.013345957,1.000026584,0.754455984,0.58809185
79,2,0,2.53459096,1.00000155,0.872109413,0.109532528
79,2,1,4.628927231,1.000001192,0.851392031,0.0114452
79,2,2,1.136352658,1.000006199,0.867093801,0.127736017
79,2,3,1.904031634,1.000006795,0.832680285,0.138811946
79,2,4,1.79654932,1.000000238,0.854324877,0.098979197
79,2,5,1.811094284,1.000004649,0.864412665,0.144815713
79,2,6,2.815490484,1.00000751,0.76587522,0.081817754
79,2,7,2.772833824,1,0.825622499,0.033923764
79,2,8,1.895000577,1.000002742,0.881106436,0.112838477
79,2,9,1.764217377,1.000004888,0.850823939,0.136310712
79,2,10,3.123689651,1.000027537,0.513171196,0.122530133
79,2,11,3.066943169,1.000000238,0.864620447,0.103039853
79,3,0,3.072145939,1,0.991609216,0.066682339
79,3,1,2.00741601,1.000000119,0.991388917,0.06753727
79,3,2,1.410815239,1.000000596,0.979611635,0.117904395
79,3,3,1.063444257,1,0.991374433,0.069754854
79,3,4,3.91189599,1,0.992102623,0.012986793
79,3,5,2.843329191,1,0.992968976,0.036680169
79,3,6,1.724037051,1.000000477,0.9834795,0.159027249
79,3,7,1.477977514,1.000000238,0.988882422,0.122057289
79,3,8,1.529249191,1.000000358,0.984400928,0.133018464
79,3,9,1.681025863,1,0.992596209,0.082526729
79,3,10,1.858396649,1,0.991566062,0.166194886
79,3,11,1.802008748,1.000000119,0.990386009,0.108020522
79,4,0,1.320741057,1,0.916536748,0.065509886
79,4,1,1.655004144,1,0.91836071,0.06961295
79,4,2,2.383069754,1,0.914714873,0.016652619
79,4,3,1.642196894,1.000000119,0.916495383,0.087553695
79,4,4,3.322009802,1,0.91755867,0.047313217
79,4,5,1.465061903,1,0.915137529,0.058721405
79,4,6,2.168488026,1,0.917321622,0.052846972
79,4,7,1.893095136,1.000000596,0.919482231,0.479951203
79,4,8,3.555846691,1,0.917711198,0.016880333
79,4,9,2.010674,1,0.917376757,0.039524194
79,4,10,3.504760981,1,0.916067064,0.013981449
79,4,11,0.010751026,1.000029445,0.149988994,0.004301195
79,5,0,1.959173799,1,0.99600786,0.01274921
79,5,1,0.486734986,1,0.995342255,0.004530139
79,5,2,1.506254673,1,0.995930076,0.023260724
79,5,3,2.381961823,1.000000119,0.992566526,0.039916668
79,5,4,1.533078074,1,0.995829046,0.056414973
79,5,5,2.344267845,1,0.995832682,0.01449958
79,5,6,0.67026341,1,0.995353639,0.024880618
79,5,7,1.024567723,1,0.995596111,0.037207592
79,5,8,1.145037413,1,0.995621681,0.032223817
79,5,9,3.257434607,1,0.996363878,0.008999422
79,5,10,3.870321274,1.000000834,0.96797365,0.029917581
79,5,11,2.899116755,1,0.99614197,0.122624122
79,6,0,1.914375424,1.000000119,0.994957864,0.039785769
79,6,1,0.828219295,1,0.997624755,0.024520846
79,6,2,3.683344603,1,0.997435629,0.014205144
79,6,3,1.790673494,1,0.998167098,0.019560544
79,6,4,3.698736429,1.000000119,0.99444145,0.02089658
79,6,5,1.792664886,1,0.998226881,0.065836996
79,6,6,3.203793526,1,0.99827522,0.080931641
79,6,7,2.453187943,1,0.997445881,0.044097964
79,6,8,1.374959111,1,0.998180151,0.033048481
79,6,9,1.214893937,1,0.997792423,0.007432078
79,6,10,3.233003855,1,0.99792695,0.010513159
79,6,11,1.725822568,1,0.997916818,0.055134874
79,7,0,1.073170662,1,0.998899817,0.026753886
79,7,1,3.035605907,1,0.996780038,0.013779716
79,7,2,0.999429524,1,0.998901546,0.004072798
79,7,3,1.594054222,1,0.999088049,0.050218198
79,7,4,0.997940361,1,0.998922586,0.01643876
79,7,5,2.812674522,1.000000119,0.997808397,0.023902597
79,7,6,3.455498457,1,0.998690248,0.012310461
79,7,7,1.790807962,1,0.99903971,0.013420993
79,7,8,1.453727841,1,0.998489439,0.034352794
79,7,9,1.631278992,1,0.998906136,0.03318283
79,7,10,1.501954556,1,0.998972297,0.006870403
79,7,11,2.087798834,1,0.999016821,0.006417103
79,8,0,3.283861637,1,0.99594599,0.022519747
79,8,1,1.582925081,1,0.995554686,0.008386771
79,8,2,4.448852539,1.000000715,0.965965271,0.012391225
79,8,3,2.495356083,1,0.996043146,0.020201953
79,8,4,1.245253921,1,0.995619357,0.042390931
79,8,5,2.069307804,1,0.995369017,0.044653337
79,8,6,2.140962124,1,0.995857179,0.016943684
79,8,7,1.294490695,1,0.995564044,0.055697277
79,8,8,2.608636379,1,0.995321631,0.029231666
79,8,9,2.478965759,1,0.995980263,0.028815821
79,8,10,2.5580194,1,0.996186435,0.069659643
79,8,11,1.994345784,1,0.995697618,0.013263316
79,9,0,2.826236248,1.000000238,0.992038906,0.021940725
79,9,1,2.428394556,1,0.996741235,0.009870037
79,9,2,2.945311546,1.000000119,0.995197356,0.011458995
79,9,3,1.737706065,1,0.99640882,0.048057251
79,9,4,2.398109436,1,0.997602522,0.012043061
79,9,5,2.583626509,1,0.997616708,0.032516625
79,9,6,1.939970732,1,0.997410715,0.00471319
79,9,7,2.123867512,1,0.997304142,0.018333036
79,9,8,3.018846273,1,0.994951844,0.008390526
79,9,9,2.358721495,1,0.99624747,0.006642723
79,9,10,1.218508363,1,0.996967494,0.036295678
79,9,11,2.692855835,1,0.99597162,0.006028826
79,10,0,2.583527327,1.000000119,0.991329432,0.007119135
79,10,1,2.429063797,1,0.993269742,0.008543538
79,10,2,2.631495237,1.000000119,0.990092337,0.009050469
79,10,3,3.337293625,1.000000358,0.983748436,0.01242632
79,10,4,3.425235033,1.000000119,0.991959512,0.020433776
79,10,5,1.18664515,1,0.993502259,0.028598994
79,10,6,2.376571655,1,0.993734896,0.007884981
79,10,7,3.278840065,1.000000238,0.989499986,0.027083457
79,10,8,2.647816181,1,0.993821859,0.010104017
79,10,9,1.374971747,1,0.993982315,0.063619629
79,10,10,2.124019861,1,0.993926644,0.0055582
79,10,11,2.251884222,1,0.994403481,0.026523579
79,11,0,4.899077892,1.000003815,0.83870101,0.025694994
79,11,1,3.150202274,1,0.899800241,0.014027304
79,11,2,2.749557734,1.000000238,0.89538914,0.00672271
79,11,3,2.212934017,1,0.896650314,0.024260964
79,11,4,3.95141077,1.000000358,0.899962842,0.013181169
79,11,5,2.580030918,1,0.897108793,0.009041416
79,11,6,2.488396645,1,0.896702945,0.005667405
79,11,7,3.207063675,1,0.899307311,0.019570066
79,11,8,3.848102331,1.000021577,0.127180666,0.093214609
79,11,9,2.340138912,1,0.896553934,0.005995524
79,11,10,3.108000994,1,0.90396589,0.042260729
79,11,11,3.270689487,1.000000238,0.897786736,0.033055194
80,0,0,4.432189465,1.000017762,0.81228441,0.018308969
80,0,1,0.574012697,1.000029802,0.808592439,0.819137752
80,0,2,4.501741886,1.000013471,0.780055761,0.042374071
80,0,3,0.449423999,1.000030518,0.790204763,0.841365218
80,0,4,1.256857276,1.000027776,0.79227519,0.57674861
80,0,5,1.608935714,1.00002265,0.760105848,0.541493654
80,0,6,4.199772835,1.000020027,0.717971385,0.032299358
80,0,7,1.901942611,1.000026941,0.74568975,0.171857417
80,0,8,4.247153282,1.000022769,0.78219229,0.056776371
80,0,9,4.615674496,1.000016928,0.842426479,0.022264065
80,0,10,4.210403442,1.000024199,0.876068056,0.150100425
80,0,11,5.317546368,1.000014544,0.732118547,0.008374965
80,1,0,2.382790804,1.000026345,0.699462712,0.106806412
80,1,1,2.712344646,1.000020981,0.698369384,0.09156388
80,1,2,4.713508129,1.000016689,0.641565263,0.027921911
80,1,3,4.216297626,1.000000954,0.677968025,0.03583708
80,1,4,3.765576124,1.000009179,0.804208338,0.067842051
80,1,5,4.434544086,1.000013232,0.824237823,0.090922669
80,1,6,4.468306541,1.000009656,0.818825901,0.035688229
80,1,7,4.897740841,1.000011086,0.834197938,0.02119101
80,1,8,5.248606682,1.000004411,0.797655523,0.010568916
80,1,9,5.262527466,1.000005722,0.766090631,0.007895052
80,1,10,4.402339935,1.000012398,0.592765987,0.041145727
80,1,11,1.840544462,1.000026703,0.758894324,0.627757549
80,2,0,2.522624731,1.000001907,0.876000404,0.108785085
80,2,1,4.466702461,1.000000358,0.859374583,0.010036633
80,2,2,1.163449764,1.000004888,0.880567729,0.136975884
80,2,3,1.936043262,1.000006795,0.839826941,0.131004974
80,2,4,1.685760975,1.000000238,0.858452439,0.090873696
80,2,5,1.822713017,1.000005484,0.861901879,0.13348563
80,2,6,2.802550077,1.000007033,0.763821065,0.079696864
80,2,7,2.772834778,1,0.832597136,0.033603702
80,2,8,1.867154598,1.000002503,0.882299244,0.108091496
80,2,9,1.754018784,1.000005484,0.848622143,0.124751285
80,2,10,3.133526087,1.000027776,0.509708762,0.122873396
80,2,11,3.049376011,1.000000119,0.87008518,0.103423528
80,3,0,2.794490337,1,0.991888821,0.052946974
80,3,1,1.955082297,1,0.991686046,0.057869188
80,3,2,1.414776921,1.000000596,0.981860161,0.111168303
80,3,3,0.956942916,1,0.991945446,0.062487159
80,3,4,3.639166594,1,0.992321074,0.010481365
80,3,5,2.599441528,1,0.993176818,0.031394128
80,3,6,1.734048009,1.000000477,0.980802894,0.155118674
80,3,7,1.442643285,1.000000119,0.989826143,0.118556134
80,3,8,1.550299168,1.000000238,0.985089302,0.126017883
80,3,9,1.553686738,1,0.992814481,0.07145223
80,3,10,1.82819736,1,0.992216647,0.161712229
80,3,11,1.752050042,1.000000119,0.99072516,0.106730841
80,4,0,1.214480758,1.000000119,0.916312158,0.055579241
80,4,1,1.649796367,1,0.918735087,0.063050628
80,4,2,2.272202253,1,0.915188253,0.014752248
80,4,3,1.601412058,1,0.917648315,0.065755405
80,4,4,3.226596117,1,0.917396486,0.043359522
80,4,5,1.478040218,1,0.916149497,0.061595228
80,4,6,2.110213041,1,0.917421758,0.044552166
80,4,7,1.919412613,1.000000477,0.920415282,0.459980875
80,4,8,3.305520535,1,0.917274237,0.014965015
80,4,9,1.880328059,1,0.917225599,0.038014594
80,4,10,3.317434788,1,0.916267574,0.013192879
80,4,11,0.011698614,1.00003016,0.144693896,0.004444341
80,5,0,1.836067557,1,0.997063458,0.011273631
80,5,1,0.409147233,1,0.9966681,0.005035516
80,5,2,1.43170774,1,0.997049749,0.022064863
80,5,3,2.306933641,1,0.993724644,0.035524871
80,5,4,1.525665641,1,0.996927321,0.051398654
80,5,5,1.95704484,1,0.997145653,0.010601091
80,5,6,0.691301525,1,0.996839523,0.026886744
80,5,7,0.978750169,1,0.996917307,0.037186131
80,5,8,1.098463416,1,0.996998549,0.02887582
80,5,9,2.834783077,1,0.99746263,0.007710191
80,5,10,3.616368294,1.000000358,0.979445875,0.031976242
80,5,11,2.894521475,1,0.997210085,0.114217304
80,6,0,1.824260354,1,0.996261418,0.040529858
80,6,1,0.767044544,1,0.998223662,0.024052113
80,6,2,3.592290163,1,0.997767627,0.013631747
80,6,3,1.627422094,1,0.99863112,0.016116507
80,6,4,3.274647713,1,0.996736526,0.015685443
80,6,5,1.711752415,1,0.998702049,0.06207094
80,6,6,3.006500721,1,0.998711646,0.081376128
80,6,7,2.274002075,1,0.997762084,0.043524399
80,6,8,1.29604876,1,0.998529196,0.032775883
80,6,9,0.873128414,1,0.998211503,0.00546693
80,6,10,3.194257498,1,0.998318672,0.010767289
80,6,11,1.56286788,1,0.998293281,0.04985017
80,7,0,1.072071791,1,0.999104917,0.028636822
80,7,1,2.386812687,1,0.999052227,0.010913203
80,7,2,0.70737642,1,0.999287426,0.004212564
80,7,3,1.507411361,1,0.999478102,0.051180758
80,7,4,0.932560682,1,0.999396145,0.015151069
80,7,5,2.563604116,1,0.998235285,0.023866871
80,7,6,3.0772295,1,0.999149144,0.011264709
80,7,7,1.533256054,1,0.999435365,0.009285603
80,7,8,1.363070965,1,0.999117255,0.036451887
80,7,9,1.443013549,1,0.999352396,0.031734519
80,7,10,0.966938317,1,0.999300539,0.007288246
80,7,11,2.021723032,1,0.999374211,0.008388629
80,8,0,3.199843407,1,0.997843325,0.023383651
80,8,1,1.119982362,1,0.9975788,0.009525973
80,8,2,4.227806568,1.000000358,0.985740423,0.011123187
80,8,3,1.993211389,1,0.9979738,0.016724017
80,8,4,1.183244586,1,0.997739375,0.056601908
80,8,5,1.951921821,1,0.997192562,0.039840791
80,8,6,1.869848132,1,0.997927248,0.016780024
80,8,7,1.215535998,1,0.997522891,0.055455383
80,8,8,2.276894808,1,0.997365713,0.029133454
80,8,9,2.227520943,1,0.997998774,0.027738506
80,8,10,2.259182692,1,0.998125851,0.060339365
80,8,11,1.780934453,1,0.997341692,0.012484952
80,9,0,2.534949303,1,0.994384587,0.021964254
80,9,1,2.03031826,1,0.997999549,0.01003743
80,9,2,2.236034155,1,0.998212278,0.012932927
80,9,3,1.587165833,1,0.99776268,0.044496663
80,9,4,1.833755612,1,0.998372674,0.01068553
80,9,5,2.31369257,1,0.998440802,0.030768622
80,9,6,1.505274057,1,0.998382151,0.004572437
80,9,7,1.995122075,1,0.99827981,0.020219654
80,9,8,2.462187529,1,0.994444489,0.008689202
80,9,9,1.644852042,1,0.998451769,0.005463335
80,9,10,1.1676507,1,0.998120904,0.042289842
80,9,11,2.560650826,1,0.996318996,0.009264593
80,10,0,2.546228409,1.000000119,0.990415215,0.009187814
80,10,1,1.769499779,1,0.997084677,0.006679386
80,10,2,2.375641584,1,0.996818006,0.009191304
80,10,3,3.04868412,1.000000238,0.993911326,0.011385339
80,10,4,3.320063353,1,0.99468255,0.021107016
80,10,5,1.064340472,1,0.996809363,0.027837787
80,10,6,1.855534196,1,0.997133613,0.007087187
80,10,7,2.970310211,1,0.995895624,0.026266564
80,10,8,2.373307228,1,0.996938944,0.013299715
80,10,9,1.355786085,1,0.997037172,0.069832981
80,10,10,1.874161243,1,0.997475564,0.007144731
80,10,11,1.935863376,1,0.99705565,0.032502688
80,11,0,4.631478786,1.000001073,0.893943787,0.025755793
80,11,1,2.804484606,1,0.90927428,0.016339038
80,11,2,2.551580429,1,0.907090724,0.008623266
80,11,3,2.095852137,1,0.907102585,0.02446566
80,11,4,3.95362854,1.000000119,0.912406027,0.0173364
80,11,5,2.204366922,1,0.906986177,0.009915696
80,11,6,1.98339498,1,0.906698167,0.00619308
80,11,7,2.637785673,1,0.908319414,0.016985044
80,11,8,3.60800457,1.000020385,0.096043132,0.104441732
80,11,9,1.902314425,1,0.906476617,0.006818964
80,11,10,2.830338955,1,0.911499023,0.038986981
80,11,11,2.881766558,1.000000119,0.91075778,0.038268827
81,0,0,4.377463818,1.00001514,0.778217316,0.020166246
81,0,1,0.60994643,1.000030279,0.805160582,0.804771781
81,0,2,4.547796249,1.000015497,0.802553535,0.044263478
81,0,3,0.49543193,1.000030041,0.789882243,0.821847796
81,0,4,1.317250013,1.000028491,0.795614421,0.5526914
81,0,5,1.74972415,1.000022888,0.756228089,0.528038979
81,0,6,4.173146248,1.000020981,0.701727867,0.033070371
81,0,7,1.863265753,1.000028014,0.754796982,0.167066947
81,0,8,4.225780487,1.000023723,0.783775926,0.060371261
81,0,9,4.619557858,1.000018716,0.846170068,0.023428604
81,0,10,4.210649967,1.000024557,0.875271261,0.149160579
81,0,11,5.372000217,1.00001359,0.724602699,0.007584071
81,1,0,2.366274834,1.000027657,0.708619833,0.105256945
81,1,1,2.702666044,1.000020981,0.70020467,0.091895215
81,1,2,4.728934288,1.000017285,0.656428695,0.027287081
81,1,3,4.229333878,1.000001192,0.680373728,0.036008764
81,1,4,3.747118235,1.000009775,0.812584937,0.068939202
81,1,5,4.514236927,1.000013232,0.83512491,0.086117506
81,1,6,4.411931038,1.000009894,0.81073755,0.036190841
81,1,7,4.907110691,1.000013232,0.834262609,0.021085298
81,1,8,5.295409203,1.000004053,0.79185015,0.00974414
81,1,9,5.342154026,1.000006199,0.770833611,0.00724943
81,1,10,4.413514137,1.000012994,0.599478126,0.041771457
81,1,11,1.850002289,1.000026941,0.762507856,0.625800788
81,2,0,2.528093576,1.000001431,0.876080751,0.102942094
81,2,1,4.721838474,1.000000954,0.86308074,0.011667185
81,2,2,1.136195898,1.000006795,0.87203449,0.122273386
81,2,3,1.921172738,1.000007272,0.83414346,0.131147861
81,2,4,1.711688757,1.000000238,0.860330641,0.088843733
81,2,5,1.800290346,1.000005126,0.861615717,0.133754864
81,2,6,2.797520876,1.000007153,0.775711596,0.078761794
81,2,7,2.671334505,1,0.826876462,0.032906987
81,2,8,1.877436042,1.000002742,0.882609427,0.106602453
81,2,9,1.765331388,1.000004292,0.853378534,0.117589705
81,2,10,3.124368191,1.00002718,0.529037178,0.121629953
81,2,11,3.091940403,1.000000358,0.869514406,0.102946296
81,3,0,2.95890379,1,0.992821276,0.05767367
81,3,1,2.020216703,1.000000119,0.992563426,0.059068806
81,3,2,1.438727736,1.000000477,0.983785033,0.104942925
81,3,3,1.00594604,1,0.992768228,0.061446875
81,3,4,3.744619608,1,0.993409157,0.010351305
81,3,5,2.801379919,1,0.994126678,0.034154903
81,3,6,1.739827394,1.000000358,0.983818769,0.145330235
81,3,7,1.480256796,1.000000238,0.990908444,0.108096063
81,3,8,1.559905052,1.000000238,0.987459898,0.115732916
81,3,9,1.659892917,1,0.993779242,0.072250426
81,3,10,1.816845059,1,0.992816865,0.152885437
81,3,11,1.810914159,1.000000238,0.990584791,0.095401578
81,4,0,1.294121265,1,0.916611612,0.056397848
81,4,1,1.639502048,1,0.918551087,0.06106225
81,4,2,2.386892796,1,0.915472925,0.016242966
81,4,3,1.600375652,1,0.917224109,0.063110471
81,4,4,3.239028454,1,0.917354584,0.043936793
81,4,5,1.463951945,1,0.91584909,0.058801677
81,4,6,2.101401329,1,0.917275429,0.042562447
81,4,7,1.851152658,1.000000477,0.921138585,0.476751596
81,4,8,3.670265198,1,0.918559313,0.014745988
81,4,9,1.936403275,1,0.917373717,0.034639191
81,4,10,3.436243534,1,0.916593969,0.013838897
81,4,11,0.011043283,1.000030518,0.141090348,0.003490075
81,5,0,2.021912813,1,0.995969594,0.012488084
81,5,1,0.387001932,1,0.995351255,0.004221888
81,5,2,1.48419559,1,0.995945692,0.019625342
81,5,3,2.37923646,1.000000119,0.992580056,0.035906177
81,5,4,1.538407683,1,0.995927632,0.048251826
81,5,5,2.287485123,1,0.996032715,0.011370853
81,5,6,0.693537176,1,0.995552301,0.025818657
81,5,7,1.063665032,1,0.995755792,0.037816484
81,5,8,1.183327913,1,0.995760024,0.024357006
81,5,9,3.122810125,1,0.996403277,0.008238398
81,5,10,3.754283428,1.000000715,0.966537535,0.035786659
81,5,11,2.866304636,1,0.996142387,0.114855662
81,6,0,1.861730456,1.000000119,0.996128023,0.035630118
81,6,1,0.826365352,1,0.998001456,0.020455156
81,6,2,3.569699049,1,0.997944117,0.013331335
81,6,3,1.700645447,1,0.998400331,0.016786542
81,6,4,3.697329283,1.000000119,0.994332314,0.020788362
81,6,5,1.738761783,1,0.99845928,0.058892719
81,6,6,2.960379601,1,0.998583555,0.077230729
81,6,7,2.390333652,1,0.997479975,0.041697565
81,6,8,1.284169674,1,0.998358667,0.026747489
81,6,9,0.887045801,1,0.997941434,0.005035355
81,6,10,3.315608025,1,0.998115599,0.010009435
81,6,11,1.60688591,1,0.997965574,0.043947175
81,7,0,1.107128978,1,0.998878717,0.027740531
81,7,1,2.78020072,1,0.997960806,0.012974515
81,7,2,0.759273529,1,0.998951852,0.004292335
81,7,3,1.603785038,1,0.999215543,0.047719527
81,7,4,0.926647902,1,0.999057531,0.013454208
81,7,5,2.889174223,1.000000119,0.99665451,0.023704028
81,7,6,3.270830154,1,0.999033928,0.010419686
81,7,7,1.878906369,1,0.999139965,0.012902012
81,7,8,1.429690361,1,0.998744428,0.034378614
81,7,9,1.499564648,1,0.999096155,0.030498121
81,7,10,1.213323116,1,0.999053776,0.007018792
81,7,11,2.165829659,1,0.999106646,0.007540648
81,8,0,3.415625572,1,0.996559083,0.024079207
81,8,1,1.512241602,1,0.996197939,0.009588448
81,8,2,4.496787548,1.000000596,0.973495126,0.012085564
81,8,3,2.319863558,1,0.996598065,0.02037771
81,8,4,1.244642496,1,0.996296346,0.042874854
81,8,5,2.012777805,1,0.996136725,0.036907542
81,8,6,2.255954504,1,0.996590793,0.017409673
81,8,7,1.300188184,1,0.995944381,0.050048925
81,8,8,2.552157402,1,0.995384157,0.0276288
81,8,9,2.569314957,1,0.996665537,0.031294093
81,8,10,2.414618254,1,0.996833801,0.065172233
81,8,11,2.100228548,1,0.996054709,0.016019437
81,9,0,2.407075644,1,0.996967912,0.023405179
81,9,1,2.15626812,1,0.997989237,0.011290357
81,9,2,2.60934329,1,0.997127771,0.018235652
81,9,3,1.713765144,1,0.997209728,0.043424036
81,9,4,1.937874198,1,0.998354316,0.011256353
81,9,5,2.302590609,1,0.99839133,0.030249326
81,9,6,1.465882301,1,0.998293161,0.005280067
81,9,7,2.015010357,1,0.998237252,0.018362144
81,9,8,2.553939104,1,0.997539699,0.008914758
81,9,9,1.816018105,1,0.998337924,0.006797576
81,9,10,1.199249506,1,0.998094797,0.035750777
81,9,11,2.750895023,1.000000119,0.991102636,0.006568186
81,10,0,2.305608511,1,0.996540606,0.00910296
81,10,1,1.891177177,1,0.997162879,0.009502398
81,10,2,2.343059301,1,0.996045709,0.009029314
81,10,3,3.240532637,1.000000119,0.994224012,0.011431208
81,10,4,3.338771105,1,0.995693743,0.021479806
81,10,5,1.063507199,1,0.996995926,0.024016438
81,10,6,2.434709311,1,0.99492532,0.010985806
81,10,7,3.170753717,1,0.996320903,0.029223677
81,10,8,2.315678358,1,0.99728781,0.01021416
81,10,9,1.405457735,1,0.997230768,0.063670322
81,10,10,1.757555246,1,0.997620046,0.0069831
81,10,11,2.237074137,1,0.996857107,0.039060682
81,11,0,4.728101254,1.000001192,0.892262876,0.025571469
81,11,1,3.016514301,1,0.907425284,0.015894195
81,11,2,2.319549322,1.000000119,0.901613772,0.00729798
81,11,3,2.396366358,1,0.90749383,0.027130336
81,11,4,3.912205219,1.000000119,0.911456466,0.014760032
81,11,5,2.397624731,1,0.906875551,0.011375873
81,11,6,1.777212143,1,0.905022979,0.005464268
81,11,7,2.823884487,1,0.907769799,0.015738111
81,11,8,3.782686949,1.000023365,0.101374909,0.098724134
81,11,9,1.955640554,1,0.90559423,0.007315153
81,11,10,3.147463799,1.000000119,0.912242174,0.047873694
81,11,11,2.831808329,1.000000119,0.910622656,0.035762906
